:100000000010002019210000A15F0000A55F000082
:1000100007930200A95F0000B15F00000793020090
:100020000793020007930200079302000793020060
:10003000B55F00007C5203000793020007930200A3
:1000400007930200BDE3020007930200079302003A
:10005000E1750100CDE30200C9E30200ED7D01007E
:10006000C1E30200192600001527000007930200D3
:100070000793020007930200079302000793020010
:100080000793020007930200312700000793020044
:1000900007930200079302000793020007930200F0
:1000A00007930200079302000793020007930200E0
:1000B000217E0100C5E30200319F0100D5710000DF
:1000C0005D7E010007930200FD9D01000793020081
:1000D00007930200079302000793020007930200B0
:1000E00007930200079302000793020007930200A0
:1000F000079302000793020007930200000000002C
:100100002DE9F04F9BB098464FF0410A0DF11F03C7
:1001100009AE0393CDF808A0019603890093837973
:100120009DF898B004460F469146418882884078F1
:100130000FF084F8054650B10090A38862883C49CE
:1001400000200FF08DFB28461BB0BDE8F08F9DF816
:100150001F002BF0DFFB38B12846A38862883549A1
:100160000FF07EFB8D25EEE79DF81F0052463146CD
:100170002BF0A5FB0346002852D0249A1AB1BDF8F3
:10018000942090424CD89DF81FA0AAF14100002273
:1001900001280892D9B224D801395FFA81FE264994
:1001A000B446724516DB08910421BBF1000F1BD148
:1001B00008AE22480593182202FB07049FED1A7B24
:1001C00020460A460830314684ED027B30F09FFF1E
:1001D000059B12E01CF8010F4840194901324143C8
:1001E000DFE7BBF1000F06D00097234652463046AA
:1001F0000DF03EF9A7E70829DBD9B9F1000F01D0CE
:1002000089F800A0B8F1000F01D0A8F80030249AB6
:10021000002A98D024981A4609A930F078FF92E76E
:10022000012590E7AFF3008000000000000000000F
:10023000729C0300A39C0300C59D1C81D81E002056
:1002400093010001000000002DE9F04F93B0CDE9CB
:100250000A329DED1C7BDDE91E530E9353EC172BE8
:10026000CDE90801104619468DED067B209E28F049
:10027000C1FA80B1DDE90601C94B4FF0FF3228F029
:10028000E1FA40B9DDE906014FF0FF326FF4801367
:1002900028F0BAFA80B10E9B2096CDE91E539DED51
:1002A000067BDDE90A32DDE908018DED1C7B13B028
:1002B000BDE8F04F00F08CB9DDE906010022002313
:1002C00028F0A2FA002800F03681DDE906A303F148
:1002D000004BCBF30A5016F48063A0F2FF3008BF46
:1002E00006250F9327F0B4FF9DA3D3E9002328F040
:1002F00019F89DA3D3E9002327F05EFECBF3130486
:10030000894644F07F518046A64B0022504641F476
:10031000401127F04FFE96A3D3E9002328F002F8FE
:1003200002460B464046494627F046FE28F094FA1E
:10033000044627F08DFF90A3D3E900238046894629
:1003400027F0F0FF984B002227F036FE28F084FAC1
:100350008BA3D3E9002307464946404627F0E2FF36
:1003600080463846894627F073FF87A3D3E90023E8
:1003700027F0D8FF02460B464046494627F01AFEB2
:1003800002460B46CDE90C2327F0CCFFDDE90C2318
:10039000804689461046194627F00EFE834BCDE96C
:1003A000100100224046494628F0E6F8804B002222
:1003B00027F002FE02460B464046494628F0DCF88C
:1003C0007C4B002227F0F8FD02460B46404649468A
:1003D00028F0D2F8DDE90C238046894600204FF052
:1003E000804127F0E7FD02460B464046494627F08C
:1003F000E3FD02460B46DDE9100128F0BDF807F2E7
:10040000FF376D4B002227F0D7FD00223B0527F078
:1004100089FF52465B468046894628F013FA002839
:1004200040F08C80CDE90C8904F16303C72B34BF05
:100430000427052731051ED555A3D3E900235046CF
:10044000594628F0F5F9002800F0828052A3D3E93C
:1004500000235046594628F0D7F9002878D0A54205
:10046000C8BF2C1B4FF00007CCBF04F1FF3500259F
:1004700046F480663C460E9B9F4234BFA3EB0708C0
:100480004FF0000816F0020903D0002F18BF4FF0FC
:1004900000083CB150465946DDE90C2328F06CF8C1
:1004A00082468B46DDE906010022002328F0ACF9E4
:1004B00010B10BF100439B4626F40063CDE90383A2
:1004C000CDE900ABDDE90A32DDE90801029500F073
:1004D0007FF802465FB316F0200F00F10105DDE959
:1004E00009130CBF65204520089EB04705230593DE
:1004F00000220A23002CCDE9023207F1FF374FEA30
:10050000D473B8BF644201932A46DDE908010A9B0F
:10051000049700942CF062FF0246B9F1000F06D058
:100520000B9BC41A0B9B1A190E9BA34246D810466C
:1005300013B0BDE8F08FDDE906ABCAE61C4B002224
:100540004046494628F018F8013CCDE90C016BE71C
:10055000002D90D00F9B002B8DD0013D8BE700BF6D
:10056000FB799F501344D33FB3C8608B288AC63FA2
:1005700061436F63A787D23F71A379094F930A4004
:100580001655B5BBB16B0240EF39FAFE422EE63F7D
:100590002D431CEBE2361A3F0000000080842E4100
:1005A000FFFFEF7F0000F83F0000E03F00002C401D
:1005B00000002440000018400000F03FDDE909136E
:1005C000089D2020A8470134ACE700BF00000000D0
:1005D0002DE9F04F97B0DDE920ABCDE90501CDE97C
:1005E0000723504652465B465946DDE92257249E72
:1005F00028F000F970B90323CDE922762193B44B9A
:100600002093DDE90501DDE9072317B0BDE8F04FD0
:100610002CF004BE4FF0FF326FF480135046594661
:1006200028F0F2F828B104232193CDE92276A94BD2
:10063000E6E7A94B4FF0FF325046594628F002F941
:1006400068B1A64A06F00403002B08BF0322A44B9E
:100650001CBF13460422CDE922762192D0E798A34D
:10066000D3E900235046594628F0ECF838B996A350
:10067000D3E900235046594628F0C6F868B1DDE9B1
:100680000723DDE90501CDE92376CDE920AB2295ED
:1006900017B0BDE8F04FFFF7D7BD0022002350464A
:1006A000594628F0B1F8002800F09A805B4652467F
:1006B0000020002127F07EFC012382468B4609930F
:1006C00016F4806400F08E80092D40F28E800EAB0F
:1006D000A5F10902002430210134202C03F8011B6C
:1006E000A5EB040901D09442F6D15946504628F0B2
:1006F000B3F87C4B03EBC90393ED007B05468DED0E
:100700000A7B27F0A5FD02460B465046594627F0C6
:1007100051FCDDE90A2327F005FE02460B46CDE930
:100720000C2328F0C1F8804627F082FD02460B46D4
:10073000DDE90C0127F03EFC02460B46CDE90C2317
:10074000694B002228F07EF8002851D008F10108FA
:10075000404627F06DFD02460B46DDE90A0128F010
:100760005DF810B101354FF00008B9F1000F50D11C
:10077000284627F06DFD02460B465046594627F0A5
:1007800019FC594B00228046894628F03DF830B1CB
:10079000554B00224046494628F054F810B1E8076E
:1007A00000D501350EAB1A190A21202C0AD095FB71
:1007B000F1F001FB1055303502F8015B01340546BC
:1007C0000028F2D106F00302012A5FD1002F5DD08C
:1007D000099A12B916F00C0F00D0013F302244E004
:1007E00009906DE74FF006097FE7A94600247CE7F2
:1007F000DDE90C013C4B002228F006F80028B4D1BA
:10080000B8F1000F02D018F0010FAED008F10108C6
:10081000ABE70EAB23440A21202C0DD0B8FBF1F03E
:1008200001FB10823032B8F1090F03F8012B09F1F6
:10083000FF3904F1010411D8A1440EAA3021202C63
:10084000B0D0A14504F101030AD11C4609F15803B7
:100850000DEB03092E2309F8203CA3E78046DBE7D4
:10086000A1541C46EBE71A550134A7420ED9202C9F
:10087000F9D1CDE90034CDE90276DDE90723DDE9E0
:1008800005012CF0CBFC17B0BDE8F08F202CF0D088
:10089000099A3AB104F158026A442D2102F8201C49
:1008A0000134E6E7710704D504F158026A442B21AC
:1008B000F4E73207DDD504F158026A442021EDE760
:1008C0000000000065CDCD410000000065CDCDC128
:1008D0001FB3030023B30300FFFFEF7F16B3030032
:1008E0001BB3030028B303000000E03F000000003A
:1008F00070B58EB02C22002103A830F0E2FB6423F7
:100900004FF00232CDE9052308930B238DF83430E4
:10091000514B1B880121D8078DF8101000F19680EB
:10092000084619F017FB4D4B4D494E484E4C0A22D4
:100930001A704FF42873ADF8123018F025FF2060BC
:1009400020B94A4840F2522105F028FA20680521D2
:100950002DF023FB20B1454840F2622105F01EFA3C
:10096000206801F0B7FB424B206819682DF0BEFBF0
:100970001AF0D2F90C25684309901AF0CDF96843B2
:1009800007900DEB0501206813F018FF20B13748E0
:1009900040F2772105F002FA3649206800222DF056
:1009A0002BFC20B1314840F2792105F0F7F9324EA5
:1009B000324D96F9000040F203532B807F284FF010
:1009C0000503AB7001D119F023FC3378EB701AF0FA
:1009D000A3F900EB80008000A8801AF09DF90023A5
:1009E000C000E880AB604FF0FF3019A3D3E90023CB
:1009F0004FF0FF3119F06AFC214920682DF0A8FF63
:100A0000206802A92DF0D7FB20B1184840F2B2218E
:100A100005F0C4F9042220680DEB02012DF054FB0F
:100A2000042804D0114840F2B52105F0B7F901A916
:100A300001202EF0D0F805F0F7FA01201AF0FCFBA7
:100A400028F0C9FE1AF022FC19F008FB0EB070BDA8
:100A50000A0020FF420300009C4D0020E7500020C8
:100A60007D9F010078120020D8460020C2D50300E7
:100A7000EC100020F55000206B150020CC46002023
:100A80001DA101000348044B834202D0034B03B174
:100A9000184770475C1E00205C1E0020000000000C
:100AA0000548064B1B1AD90F01EBA301491002D0D0
:100AB000034B03B1184770475C1E00205C1E0020EA
:100AC0000000000010B5064C237843B9FFF7DAFFA9
:100AD000044B13B10448AFF300800123237010BD11
:100AE000084E00200000000058D9030008B5054B4F
:100AF0001BB105490548AFF30080BDE80840FFF78A
:100B0000CFBF00BF000000006821002058D90300BB
:100B1000A3F5803A704700BF174B002B08BF134B5B
:100B20009D46FFF7F5FF00218B460F461348144AF8
:100B3000121A30F0C6FA0E4B002B00D098470D4B1E
:100B4000002B00D098470020002104000D000D4824
:100B5000002802D00C48AFF3008028F00BFA2000E8
:100B6000290028F08EFA28F037F800BF00000800AE
:100B70000000000000000000001000205C1E0020AB
:100B8000345100200000000000000000054A00234E
:100B90001370054A1380054A1380054A1370054AED
:100BA000137070470A4E0020C2490020C04900203F
:100BB000701E0020601E0020024B01221A70024BA2
:100BC000187070470A4E0020094E0020094A00287C
:100BD000B2F900300CBF6FF01F0120210B446FF001
:100BE000FD018B42B8BF0B46FE2BA8BFFE2313802E
:100BF000704700BFC249002010B5044C0123237088
:100C0000607004F0E3FDC4E9020110BD701E002015
:100C100070B5134C237813B30023237004F0D6FD72
:100C2000D4E90232C01A61EB02053221A0FB0106B1
:100C300000234FF47A7201FB056127F055FE6378BB
:100C400003B94042074AB2F9003018446FF0FD037F
:100C50009842B8BF1846FE28A8BFFE20108070BD7D
:100C6000701E0020C24900200A4A0028B2F9003054
:100C70000CBF6FF01D011E210B446FF4AD718B4250
:100C8000B8BF0B4640F25B118B42A8BF0B461380E6
:100C9000704700BFC049002010B5044C01232370E9
:100CA000607004F093FDC4E9020110BD601E0020D5
:100CB00070B5144C237823B30023237004F086FD11
:100CC000D4E90232C01A61EB02051421A0FB01062F
:100CD00000234FF47A7201FB056127F005FE63786B
:100CE00003B94042084AB2F9003018446FF4AD73BA
:100CF0009842B8BF184640F25B139842A8BF184606
:100D0000108070BD601E0020C049002070B5134ED9
:100D1000134D3378134C2BB92B88228813431BB205
:100D20003BB970BD104B1B78A3B100F0BBFF00B9FD
:100D30003070B5F9000018B101F0CCF800B9288086
:100D4000B4F900000028ECD001F0EEF80028E8D15A
:100D50002080E6E700F0BEFFE9E700BF0A4E002072
:100D6000C2490020C0490020094E002008B5064BAA
:100D700000221A7009F00CF8BDE80840034847F259
:100D80003052FF2129F0EBBC0B4E0020A0210020A7
:100D900038B505460C4600F053FA324B1B780BB9B8
:100DA00028F089F9012D0FD003D9AB1E012B16D9DC
:100DB00038BD002CFCD121460122052000F044FD65
:100DC000BDE8384000F06EBF002CF1D12146022270
:100DD000052000F039FDBDE8384000F07BBF022D52
:100DE0000DBF012500250220012014BF0423032389
:100DF000052CDDD8DFE804F0030C29151F2F002295
:100E0000114600F021FD2846BDE8384000F07ABFC9
:100E10000022012100F018FD2846BDE8384000F00E
:100E200095BF00221846114600F00EFD2846BDE889
:100E3000384000F0C7BF18460022012100F004FD31
:100E40002846BDE8384000F0EFBF00F0D5FCBDE813
:100E5000384000F09DBF00F0CFFCBDE8384001F005
:100E600015B800BF0C4E002008B5012000F01EFC94
:100E700038B1044B1B7823B9BDE80840012000F0CD
:100E8000E1BE08BD0C4E002010B5002000F00EFCA5
:100E9000B8B10C4B1A78A2B90124214606201C7067
:100EA00000F0D2FC2FF062FC2AF0C3FC18B9BDE8B8
:100EB0001040FFF75BBF044B1C702EF0A7FD00280D
:100EC000F5D110BD0C4E00200B4E002068B929B1A1
:100ED0000C4843F69822FF2129F041BC0A4B1B78AD
:100EE00073B90848FF2129F04BBC012808D121B172
:100EF000064842F21072FF21EEE70448FF21F2E7B4
:100F0000704700BFC02100200C4E0020802100202F
:100F1000084A08B513785BB100231370064A0748E6
:100F20001370FF2129F02CFCBDE8084000F064BCE0
:100F300008BD00BF0C4E00200B4E0020A021002059
:100F400008B5054B1B782BB108F0CAFDBDE8084079
:100F5000FFF7DEBF08BD00BF0C4E00201FB52024E8
:100F600001220F238DF80E3000940DF10E030021A5
:100F700010462AF001FF07238DF80E3000940DF182
:100F80000E030222002101202AF0F6FE0B49062260
:100F90004FF4804028F05CF809490822062028F028
:100FA00057F82123009301200DF10E030222214660
:100FB000ADF80E002AF0E0FE04B010BDA011030051
:100FC000A711030037B500F08FFB1A481A4DFF2414
:100FD00000F060FB194800F063FB00F033FD28F0DF
:100FE00082F82346164A17480094002107F09AFC1D
:100FF0002346154A15480094002107F093FC234628
:10100000134A14480094002107F08CFC124A009403
:1010100023462846002107F085FC2146284629F072
:10102000A7FB00F0B9F8FFF7B1FD03B0BDE8304011
:1010300000F0E0BD910D0000E0210020CD0E000089
:10104000890E0000C0210020410F0000A0210020D7
:10105000690E0000802100205D0F0000902808B577
:1010600005D1FFF755FFBDE80840FFF74FBE9128B7
:1010700006D1044B1B781BB1BDE80840FFF776BED4
:1010800008BD00BF0B4E002070B586B028F009FAED
:1010900001210446084605F049FA20463B4C28F059
:1010A00004FA4FF4C0614FF69B73CDE90313204659
:1010B000002303A9059328F099F90123A360344B79
:1010C000E268D20355D5A46C28F0EBF9002105465F
:1010D000012005F02BFA284628F0E7F900231A46EC
:1010E0000221052002F0E6FD002C40DB40F6A6635D
:1010F0005C43210B40F61B43C4F30F349C4242D89F
:1011000040F6FC039C423CD92248012330F823607E
:10111000B44200EB830531D35A1EAB7830F822403D
:1011200000EB8200A41B80788DB2C01AAD1B620850
:1011300005FB0022B2FBF4F21344DBB2202464224C
:101140005B003231B1FBF2F18DF80B1001218DF80B
:101150000C3022460DF10B03084600942AF00CFED9
:101160000121009403AB212208462AF005FE06B0B7
:1011700070BD013BA4D14FF0FF34A5E70133092B2B
:10118000C4D10023DAE76423D8E700BF0020004081
:10119000A0860100B01103001FB5FF231F4A009372
:1011A0001F48002107F0BEFB1E4B00200021C3E9B1
:1011B00000011D4B1D48002401211C7001F09AFC08
:1011C0001B4AD2F8403423F00403C2F84034022111
:1011D00023462246052002F06DFD224623460B21C0
:1011E000012002F067FD0121124801F083FC4FF459
:1011F000F81320460293ADF80C4001F0D9FB2146CC
:101200008DF80A000C4801F061FB02A98DF80B0073
:101210000A4801F07DFB04B010BD00BF891000003A
:1012200000220020801E00200D4E002000350A0004
:1012300000A0004000B2040040420F000020004027
:1012400070B51348FF2129F0A2FA00BB114D04F03C
:10125000BDFA2A78104B4AB1D3E900420F4E041B65
:1012600061EB0202B44272F1000210D30122C3E921
:1012700000012A70022104220520002302F01AFD39
:10128000BDE8704002480A22FF2129F068BA70BD0B
:10129000002200200D4E0020801E002080EE36002F
:1012A000024B1B6803B11847704700BF242200207F
:1012B000194B984210B51FD003F1640290421DD023
:1012C00003F1C80290421BD003F5967398421FD1D8
:1012D0000320124C642202FB004494F8631003299B
:1012E00010D0042915D0012912D1022384F86330CB
:1012F000BDE81040FFF7D4BF0020EAE70120E8E78F
:101300000220E6E70021FFF7CBFF002384F86330DB
:1013100010BD0523EAE700BF682200204822002014
:10132000184B984270B518D003F16402904216D061
:1013300003F1C802904214D003F5967398421FD16E
:101340000320114D642606FB0053044693F86310F6
:10135000022908D1FFF7A4FF07E00020F1E70120F0
:10136000EFE70220EDE70529F4D0744304F12000F3
:101370002844FF21254429F003FA062385F8633029
:1013800070BD00BF882200204822002070B50F4C9D
:10139000642606FB0043054693F86310022902D138
:1013A000FFF77EFF01E00529FAD006FB054006FBAA
:1013B0000544FF21203029F0E3F994F86330062B2F
:1013C0001CBF072384F8633070BD00BF4822002093
:1013D0002DE9F84F7B4DA8420DD005F164039842EA
:1013E0006FD005F1C80398426DD005F59673984209
:1013F00065D1032400E00024734904EB4403C818BA
:10140000CE5C1C21302313FB061303F104734178D7
:1014100003F5204301EBC3039B00D3F800C0642312
:1014200003FB0452BCFA8CF192F8626049098E42C7
:1014300045D014FB03F690F8028082F8621006F1A2
:101440004000284403FB04F7BCF1000F5AD12F449D
:1014500044F62062FF2129F082F997F86330A3B3A4
:10146000032B41D00024594E594F4FF06408A14638
:10147000307896F801A017F8013B08FB00515FFA9D
:1014800084FB91F86210002900F0908008FB0A515B
:1014900091F86210002900F089806BB9012107F8EA
:1014A000011CFFF773FF5046FFF770FF494B1B68A5
:1014B00013B10121584698470236002C74D0BDE87C
:1014C000F88F012498E7022496E7012387F8633018
:1014D000B8F1000FC6D006F120004FF4C872FF210A
:1014E000284429F03CF9BDE720362E44FF21304640
:1014F00029F046F9042387F863304FF4C872FF21BE
:101500003046EEE7FF2129F03BF9EB1993F8633001
:10151000013B062BA6D801A252F823F03915000092
:101520007115000065140000871500009715000074
:101530009B1500009B150000B8F1000F09D1414632
:101540002046FFF7ADFE642303FB045383F863805A
:1015500088E720362E44FF21304629F011F9642314
:1015600003FB0453032283F863204FF49672C6E70B
:1015700002212046FFF794FE642303FB045300225C
:1015800083F863206EE706F12000FF21284429F04C
:10159000F7F80321EDE70521EBE7642303FB04548F
:1015A000002384F863305DE7012461E7002B83D0DA
:1015B000084B07F8019C1B68002B3FF47DAF00210E
:1015C00078E700BF48220020D8110300D41103009F
:1015D0000E4E0020202200202DE9F041124C002563
:1015E00027466426A84606FB057393F861207AB166
:1015F00083F8618093F8603094F86220B3FA83F343
:101600005B099A420BD01422FF21204629F0A7F84B
:101610000135042D04F16404E5D1BDE8F081FF211A
:10162000204629F0ADF8F3E7482200200F2810B437
:1016300025D8144B195C032921D801EB4103124A28
:10164000D45CD0181C22302313FB042303F1047351
:1016500042785DF8044B03F5204302EBC3039B0083
:1016600064201A68094B00FB0133D2B283F8602072
:1016700007480122FF2183F8612029F079B85DF83D
:10168000044B7047104E0020D81103004822002060
:1016900028220020014B1860704700BF2422002040
:1016A000014B1860704700BF20220020012810B5B0
:1016B000034613D80A490B4A11F81000642404FBAE
:1016C000002090F8620030B101EB43014B7804FB3D
:1016D000032292F8620000F0010010BD0020FCE738
:1016E000D411030048220020304B2DE9F74F00248D
:1016F0001C602F4B2F481C60012101F0FBF91022C8
:10170000FF212D482D4D2E4EDFF8C8A0DFF8C890E0
:101710002FF0D7FC2B492C4807F088F9AB466423FF
:1017200003FB04B300274FF0FF0885F862703946C9
:1017300083F86170284685F863704346CDF80080D1
:10174000524607F0EFF84346394605F12000CDF840
:1017500000804A4607F0E6F84346394605F1400066
:101760001A4ACDF8008007F0DDF8777896F8008007
:10177000032201233946404602F09CFA0E4B1449DD
:10178000DC55384600F0B4FF0123CDE900333A467A
:1017900039464046013402F049FA042C05F164054B
:1017A00006F10306BBD103B0BDE8F08F2422002070
:1017B0002022002000350A00104E00204822002080
:1017C000D8110300D91500002822002021130000A1
:1017D0002D160000D1130000B1120000054B0022AD
:1017E0005A6258661A6B42F001021A6301225A606B
:1017F000704700BF0080014070B50F480F4EFF21B9
:1018000028F0BEFF0E4B02225A601A6B002422F011
:1018100001021A635C620B4B1C70337853B127F0E2
:1018200040FE21460546012004F080FE284627F0B0
:101830003CFE347070BD00BFDC230020214E002030
:1018400000800140234E00202DE9F8430E46154646
:10185000044618B9BDE8F843FFF7CEBF07283ED8C5
:10186000DFF8F48098F80030062B33D1062836D103
:10187000DFF8E89099F8003063B927F012FE0121F3
:101880000746084604F052FE384627F00EFE0123B4
:1018900089F800302948FF2128F072FF284B88F88A
:1018A0000040062C1E7036D0072C3ED0052C1ED0D2
:1018B000631E012B234A244B13D9322111800022AD
:1018C0001A80032C1ABF214B18680020FFF786FFEF
:1018D00014221AE0072BCBD1831F012BC8D9BDE8F6
:1018E000F8831421118000221A80012CEAE7012DCF
:1018F000174B38BF01256D001D80164B01221A7051
:10190000124B1868FFF76AFF6422BDE8F8430B48E2
:10191000FF2128F024BF01221A700E4B1A700B4BC6
:101920001868FFF75BFFC822EFE701221A70054B2A
:1019300064221A80044B00201880C7E7DC230020B3
:10194000224E0020C8490020C6490020D82300208C
:10195000C4490020204E0020234E0020214E0020AC
:101960002F4B1A78531E062B59D8DFE803F00404D6
:101970000404233945002B492B480B880088013388
:101980009BB283420B8006D3284B1B780BB9FFF721
:1019900033BF00230B8002F0FD02012A0B8800D028
:1019A000C31A234A12685343224AB3FBF0F3D366A7
:1019B000142211E0204A1388013B9BB21380002BB4
:1019C000E5D01E4A137883F0010313700BB1184B56
:1019D0001B68184AD36664221948FF2128F0BFBE4D
:1019E000164A137883F0010313700BB1104B1B6878
:1019F000104AD366C822EFE70A490B4A0B881288BF
:101A000001339BB293420B8024BF00230B800B88D1
:101A1000B3EB520F4FEA520028BFD31AC1E7704709
:101A2000234E0020C6490020C8490020224E002035
:101A3000D823002000800140C4490020204E00200F
:101A4000DC23002070B52B4B2B4A2C482C4E002455
:101A50001C702C4B8AB01C70FF230093214606F0AB
:101A600061FF2948012101F045F8012304222046A5
:101A7000052102F01FF901212448254C01F03AF814
:101A8000224801F08BF9B0F57A4F34BF02204FF4B1
:101A9000FA434FF00F0228BFB0FBF3F00021306093
:101AA00006A82FF00EFB042306A9204600258DF87A
:101AB0001A3027F033FE0323CDE9035503AA8DF82E
:101AC000123029460123204605958DF8163027F05F
:101AD00059FE3368013BE3616566636B23F01F03C6
:101AE00043F005036363236B23F0010323630AB010
:101AF00070BD00BF234E002061190000DC230020D0
:101B0000D8230020214E002000350A0000020400E6
:101B1000008001400B4B1A7810B5044682B10022B8
:101B200009481A70FF2128F02BFE0848FF2128F0F1
:101B300027FEFFF761FE1CB1BDE8104009F00EBDA5
:101B400010BD00BF254E00202024002000240020CE
:101B500008B5104B1B78E3B127F09BFA0E4B1A68BF
:101B600082420E4A0AD0186000231370BDE8084074
:101B70000B484EF66022FF2128F0F1BD13780133A7
:101B8000DBB2022B1370F1D9BDE808400120FFF74A
:101B9000C1BF08BD254E0020FC230020244E00209C
:101BA000202400201FB5114B1B78EBB1002301242A
:101BB0008DF80F3000940DF10F03062219212046F5
:101BC0002AF019F99DF80F302BB9204604B0BDE872
:101BD0001040FFF79FBF064847F23052FF2104B084
:101BE000BDE8104028F0BBBD04B010BD254E00205C
:101BF0000024002013B5FF2423460B4A0B48009411
:101C0000002106F08FFE2346094A0A48009400216D
:101C100006F088FE084A00231370084A1360084A39
:101C2000137002B010BD00BF511B00002024002023
:101C3000A51B000000240020254E0020FC230020CE
:101C4000244E002010B529F0F4FD02281FD103F026
:101C5000BDFD09F017F80E4B01241C7027F019FA8E
:101C60000C4B18600C4B0022214607201A70FFF71E
:101C7000EBFD0A484EF66022FF2128F070FDBDE81A
:101C80001040074847F23052FF2128F068BD10BDD0
:101C9000254E0020FC230020244E0020202400207C
:101CA0000024002010B527F017FA70B10122084B6C
:101CB000062110460DF08EFC27F0FEF9044610B107
:101CC0000120FEF779FF204610BD9124F8E700BF00
:101CD0000E56030010B527F0FFF970B1084B002233
:101CE000062101200DF076FC27F0E6F9044610B13C
:101CF0000020FEF761FF204610BD9124F8E700BFE9
:101D00000E56030030B587B0054627F0E5F9C0B19F
:101D100000230120CDE903332023CDE9013085EAFA
:101D2000000300930222084B08210DF053FC27F01A
:101D3000C3F9044610B12846FEF748FF204607B015
:101D400030BD9124F7E700BFE411030030B585B042
:101D5000054627F0C1F9B8B10023CDE9023332239B
:101D60000122019385F0010300930821074B1046DF
:101D70000DF030FC27F0A0F9044610B12846FEF71C
:101D80003BFF204605B030BD9124F7E7EA11030080
:101D900013B527F0A1F980B10023CDE90033032268
:101DA000074B082101200DF015FC27F085F90446AA
:101DB000FEF72EFF204602B010BD9124F8E700BFC9
:101DC000EC11030030B589B030B927F085F904462D
:101DD00030BB012491251DE027F07EF90446002840
:101DE000F8D0002403230022CDE905224FF4FA7134
:101DF0009922CDE9032101201E22CDE90120009383
:101E00004C22084B4FF440710DF0E4FB27F054F9DD
:101E1000054610B12046FEF727FF284609B030BD21
:101E20000123E0E7EF11030030B587B030B927F0A8
:101E300053F9044628BB012491251CE027F04CF9F6
:101E400004460028F8D0002403230022CDE9042210
:101E50004FF4FA719922CDE902211422CDE9003222
:101E60004FF44071084B4B2201200DF0B3FB27F0DB
:101E700023F9054610B12046FEF70EFF284607B0AD
:101E800030BD0123E1E700BFF711030010B586B0B4
:101E900027F022F9C8B199224FF4FA71CDE9022155
:101EA00000231422CDE90032CDE904334B22084B44
:101EB0004FF4407101200DF08DFB27F0FDF8044632
:101EC000FEF7F6FE204606B010BD9124F8E700BFED
:101ED000F711030010B5044686B000B327F0FCF8F4
:101EE000E0B1A3B2002CDCBF5B429BB20022FE2B10
:101EF00028BFFE239442CCBF002401240120CDE959
:101F0000032201930290074B0094022208210DF056
:101F100061FB06B0BDE8104027F0CEB8912006B0B6
:101F200010BD00BFE411030010B5044688B020B313
:101F300027F0D2F800B3002CA3B24FF00001D8BFB5
:101F40005B42CDE905114FF4FA704FF09901CDE9EC
:101F50000310DABF9BB2032201220120CDE9013038
:101F60000092074B4C224FF440710DF033FB08B048
:101F7000BDE8104027F0A0B8912008B010BD00BF08
:101F8000EF11030030B50A4C0A4B22680A4D1A6063
:101F900085B00A4B2B600A4B019303F0DFFB2B68E3
:101FA000029001A92068039327F00EFE05B030BD12
:101FB000A41000209C3100209831002098100020AF
:101FC00016520300014B186827F012BEA41000201F
:101FD00038B5084D03F0C2FB2B680446D3F8B002B5
:101FE00003F0B0FB286827F016FE2046BDE8384015
:101FF00003F0A8BBA410002038B501F02FF90E485B
:102000000E4D012100F076FD0122012411461046FB
:1020100001F046F8224621462046C5F8804001F0EE
:102020003FF82046C5F884402246214601F038F8A2
:10203000C5F88840002038BD30253E0000400E40E5
:102040001E4B07B501225A641A6842F480721A6066
:1020500001A801F0C1FF9DF80530012B03D89DF8C0
:102060000430022B0DD9164B4FF41872C3F88C2292
:10207000144AC3F89022144AC3F8F022134AC3F852
:10208000F822134AD2F8A43143F4F843C2F8A43139
:1020900003F03AFB03F0EAFA03F0FEFAFFF7ACFFB5
:1020A00028F01DF900F0FCF803F0AEFB00F04EFB49
:1020B00003B05DF804EB04F005BA00BF00000E4069
:1020C00000400E409A6F0500180100040084320899
:1020D00000300E4008B512F09FFB024B00221A7030
:1020E00008BD00BF264E00200A46014927F06EB801
:1020F000755203000A46014927F068B8725203007E
:102100000A46014927F062B86F5203000A460149A6
:1021100027F05CB86C52030008B500F083F8124B4E
:1021200012498B4212D3124B124900208B4218D312
:10213000FEF7F2FC186850F82240586840F8224038
:10214000013298688242F5D30C33EAE70022F8E7BF
:102150001C6844F8220001325C68A242F8D30833BC
:10216000E4E70022F8E700BF60D903006CD9030060
:102170006CD903006CD903000048704700F0490295
:10218000104AD2F8943003F00703023B032B13D814
:10219000DFE803F00C14020E0B4B1B68D2F80001B1
:1021A000C0F304200130B3FBF0F07047074BF4E7B5
:1021B000074B1B685B08F1E7054BEEE74FF4004364
:1021C000ECE700BF00400E40B0100020B41000202B
:1021D000A810002008B5FFF7D3FF054BD3F808314E
:1021E000C3F308230133B0FBF3F0024B186008BDC2
:1021F00000400E40AC100020014B1868704700BF33
:10220000B4100020054B1860054BD3F8943003F050
:102210000703022B01D1FFF7DDBF7047B410002088
:1022200000400E40044B054A9A60D3F8882042F4DF
:102230007002C3F88820704700ED00E00000000045
:10224000014B1868704700BFB0100020114A916A16
:1022500001F1704303F5F813B3F5006F0CD2D2F817
:102260002838A3F17E62A2F58432B2F5605F03D212
:102270000968094A914203D00023037083607047C4
:102280001968064A9142F7D1012202709A684260A9
:102290009B69F3E70000E10FAD1007B007B0CD5E1A
:1022A0000F4BD3F82838A3F17E62A2F58432B2F541
:1022B000605F10B511D219680A4A91420DD10A4CDB
:1022C000227812F0FD0F01D0002010BDDB69984785
:1022D0000028FAD101232370F6E74FF48170F4E768
:1022E0000000E10F07B0CD5E274E00204FF00053F5
:1022F0000B4A1A600B4A01239360136823F4E063CE
:1023000043F480631360BFF34F8F0749074BCA68DC
:1023100002F4E0621343CB60BFF34F8F00BFFDE7D1
:1023200002020FF000500E4000ED00E00400FA053C
:102330000A4BD3F82828A2F17E63A3F58433B3F5C2
:10234000605F09D2126BA2F17E63A3F58433B3F50B
:10235000605F01D253681847704700BF0000E10F6B
:102360000B4BD3F82828A2F17E63A3F58433B3F591
:10237000605F09D2126BA2F17E63A3F58433B3F5DB
:10238000605F01D2936818474FF48170704700BFB7
:102390000000E10F0E4B07B5D3F828280190A2F1F9
:1023A0007E63A3F58433B3F5605F0ED2126BA2F1A6
:1023B0007E63A3F58433B3F5605F06D29369012190
:1023C00001A8984703B05DF804FB4FF48170F9E76A
:1023D0000000E10F0B4BD3F82828A2F17E63A3F590
:1023E0008433B3F5605F09D2126BA2F17E63A3F56B
:1023F0008433B3F5605F01D2936918474FF481705D
:10240000704700BF0000E10F0B4BD3F82828A2F162
:102410007E63A3F58433B3F5605F09D2126BA2F13A
:102420007E63A3F58433B3F5605F01D2D3691847A7
:102430004FF48170704700BF0000E10F0A4B10B4E9
:10244000D3F82848A4F17E63A3F58433B3F5605F25
:1024500005D2236B1BB15B6A5DF8044B18474FF440
:1024600001705DF8044B70470000E10F0B4BD3F88F
:102470002828A2F17E63A3F58433B3F5605F09D207
:10248000126BA2F17E63A3F58433B3F5605F01D2D2
:10249000936A18474FF40170704700BF0000E10FC6
:1024A00070B5144E1546D6F82828A2F17E63A3F520
:1024B0008433B3F5605FE0B00C4617D2126BA2F123
:1024C0007E63A3F58433B3F5605F0FD2536A694628
:1024D0004FF4C072984738B9D6F828381B6B2A4693
:1024E000DB6A21466846984760B070BD4FF40170C2
:1024F000FAE700BF0000E10F0A4BD3F82828A2F149
:102500007E63A3F58433B3F5605F09D2126BA2F149
:102510007E63A3F58433B3F5605F01D2136B184774
:10252000012070470000E10F0D4B10B4D3F828488C
:10253000A4F17E63A3F58433B3F5605F0BD2246B03
:10254000A4F17E63A3F58433B3F5605F03D2636BBC
:102550005DF8044B184740F201105DF8044B7047DA
:102560000000E10F0D4B10B4D3F82848A4F17E63AE
:10257000A3F58433B3F5605F0BD2246BA4F17E63C3
:10258000A3F58433B3F5605F03D2A36B5DF8044B0E
:10259000184740F201105DF8044B70470000E10F4E
:1025A0000B4BD3F82828A2F17E63A3F58433B3F54F
:1025B000605F09D2126BA2F17E63A3F58433B3F599
:1025C000605F01D2D36B184740F20110704700BF23
:1025D0000000E10F70B5D0B1C9B10E4E431E0139F4
:1025E00013F8014F325D02F00302012A11F8012FA6
:1025F000B55C05F00305204608BF04F12000012D5D
:1026000008BF2032801A01D1002CE9D170BD012011
:10261000FCE700BF57D803002DE9F041DFF86480E4
:10262000D8F86070D8F86C301F4000D5FEE7134C26
:1026300001260025374218D02368C8F86860A3B186
:10264000A16862680131A16028469847637B012B2D
:102650000BD150B90A4B03EB45131A7B60F34102CF
:102660001A731A7F60F341021A770135082D4FEA79
:10267000460604F11004DDD1BDE8F081FC270020FE
:10268000FC26002000200E4070B50C4E04460125AB
:1026900004B970BD94FAA4F0B0FA80F006EB001211
:1026A00005FA00F324EA03045368002BF0D0117BF1
:1026B00011B191689847EBE79847E9E77C2800203B
:1026C00008B5122000F060FE28B1084B4FF48022BC
:1026D000C3F880211A600A2000F056FE28B1034B8F
:1026E0004FF48062C3F880211A6008BD00E100E069
:1026F00038B505460C4626F0DFFE054B03EB051307
:1027000000225C601A73BDE8384026F0DBBE00BFD3
:102710007C280020054BD3F82804D3F81C24104053
:1027200000F05530C3F82404FFF7AEBF00A000400E
:10273000054BD3F82804D3F81C24104000F0AA302D
:10274000C3F82404FFF7A0BF00A00040024B1968A3
:10275000024B186811F0C8B9B8100020D81000203A
:1027600070B59400224605460E4626F0D5FF431C60
:102770000AD058B92246314628462EF078FC002867
:10278000034808BF002070BD0248FCE70248FAE792
:1027900010E000F021E000F024E000F010B5044665
:1027A00001F05AFB431C10D088B901F033FC20F033
:1027B000030023462044984201D1002010BD53F865
:1027C000042B0132F7D00348F8E70348F6E7034843
:1027D000F4E700BF0EE000F021E000F024E000F09C
:1027E00008B526F05EFE014B186008BD6C31002074
:1027F000014B186826F059BE6C3100202F4B002A7F
:1028000030B52F4C426B18BF1C462E4B0CBF002519
:102810001025984232D1062907D8062907D8DFE8C3
:1028200001F00817402E06063600812939D0002312
:102830001FE0254BD3F81012D3F81002D3F8103252
:1028400001F4FE4100F00F00014303F0F0030FE03C
:102850001D49D1F81032D1F81002D1F810121B0C1A
:10286000090C01F0F00103F4FE430B43C0F30341F4
:102870000B432240AB401343124A536330BD12490D
:10288000D1F81432D1F81402D1F81412E7E70E4946
:10289000D1F81832D1F8181203F00F0301F0F0014B
:1028A000E6E7094BD3F81412D3F81402D3F8143224
:1028B00001F4FE4100F00F000143C6E7FFFF008076
:1028C0000080FFFF002000400080E00F0E4BB0F5BD
:1028D000FA4F38BF4FF4FA40984210B5044628BF6B
:1028E0001C4619B9094800F059FA0146631E0B4409
:1028F000A342B3FBF4F028BF00F1FF307F2828BFCC
:102900007F20C0B210BD00BF0024F400404105008C
:1029100070B5CD7804460E46002D36D129461F48A5
:10292000FFF7D4FF05460A23A3603278737843EAA1
:102930000263B278120402F4FE0213432D023279CC
:1029400005F4FE452B430AB143F0100322685207F9
:1029500048BF43F004032360757926F0A2FD236885
:102960005D4005F0C0055D40256026F09EFD2368B2
:102970001B0611D50A4800F011FA0A4B9C420BD1F4
:10298000BDE87040084800F009BA03681906CAD4C7
:10299000064800F003FAC6E770BD00BF0024F4004B
:1029A000B80032000020004000B2040040410500A1
:1029B00008B528B9074800F0F1F9012838BF01200F
:1029C00000F57420044B00F23F20B0FBF3F0013817
:1029D000C0B208BD4041050040420F000C4B984278
:1029E00005D90C4B984210D80122012301E00022A6
:1029F000134609490B640949D1F8003123F080736B
:102A000043EA0263C1F8003170470222EDE700BFDC
:102A10000048E8010090D0030000C84300400E4089
:102A20000F4B5B680F4B30B500221C46C9B21D79B5
:102A30008D4202D11D6885420DD20132052A03F173
:102A40000803F4D10321064A536823F0407343EA94
:102A50000163536030BD04EBC2046179F3E700BF4A
:102A600000000E40F052030038B5074C41F67133B8
:102A7000256C2364FFF780FBADB20021FFF7D0FF88
:102A80000DB10023236438BD00000E40044BDB6B06
:102A90005B0604D4034AD2F8C830002BFBD1704740
:102AA00000300E400000C64308B5FFF7EFFF024BB1
:102AB0005868C0F3014008BD00300E40044BD3F805
:102AC0004421D20703D4D3F840211042FBD17047F0
:102AD00000400E4038B5064C256C41F67133236436
:102AE000ADB2FFF79DFF0DB10023236438BD00BFD9
:102AF00000000E4038B5C0F30323013B092B11D869
:102B0000DFE803F0052710102B221D101511154DBD
:102B1000C0F3043405F1424505F5801504EBC5000A
:102B20008000016038BD104DC0F30434F2E70F4D52
:102B3000C0F304344FF48030FFF7C0FFEAE7C0F37E
:102B400004340B4D1020F7E7C0F30434094D012085
:102B5000F2E7094DC0F30434DCE7084DC0F3043458
:102B6000D8E700BF00400E4050410E40F0400E40FC
:102B7000E8400E40E0400E40C0400E40B0400E40E5
:102B8000C0F30313013B092B2AD8DFE803F0050B40
:102B90000F1929291F23374B274BD3F80001C0F306
:102BA00004207047244BD3F81401F8E7224BD3F8E4
:102BB0000031C3F3006301330120984001387047AE
:102BC0001D4BD3F80C01C0F3082070471A4BD3F803
:102BD0000801F8E7194B984204D0194B984207D0E6
:102BE00000207047144BD3F8203103F00F03E3E7C4
:102BF000114BD3F82031C3F30113DDE7114B984299
:102C00000CD003F5B01303F580539842E8D10A4B7A
:102C1000D3F82831C3F301230433CDE7064BD3F8AF
:102C20002831E8E7084B9842DAD1034BD3F830015A
:102C300000F00300704700BF00400E408006160001
:102C400080162E0090171A00A009140000F00F0043
:102C50000138072852D8DFE800F004152251313935
:102C600051412C4BD3F8943003F00703023B052B62
:102C700006D8DFE803F04B29410305450B207047D8
:102C800005207047234BD3F8803003F00703013B46
:102C9000042B17D8DFE803F01830163638001D4B28
:102CA000D3F8843003F00703013B042B0AD8DFE894
:102CB00003F00B2303292B0006207047154BD3F894
:102CC0008830E2E70120704703207047114B1B6FEB
:102CD00013F0010F0CBF0720092070470D4BD3F8EC
:102CE0005C3103F03003202B10D0302B10D0102B90
:102CF0000CBF07200120704702207047002070475A
:102D00000C2070470A2070470D2070470420704740
:102D10000820704700400E4008B50146FFF796FFB7
:102D20001A4B994212D01A4B994213D0194B99421F
:102D300004D1194BD3F8800000F0070001380428B3
:102D400022D8DFE800F00B0F17130B00124BD3F85B
:102D50008400F1E7104BD3F88800EDE7BDE80840A8
:102D600026F0D2BABDE80840FFF76ABABDE80840CD
:102D700026F0CDBAFFF704FA074BD3F80031C3F3BE
:102D800000630133D84008BD0020FCE703002000A9
:102D90000500240002001E0000400E4000F47813DD
:102DA000B3F5B01F10B5044674D025D8B3F5402F45
:102DB0005ED010D8B3F5802F49D005D83BB1B3F51C
:102DC000003F4FD0002010BDB3F5202FFAD1BDE851
:102DD0001040FFF7D5B9B3F5801F00F08480B3F53C
:102DE000A01F4DD0B3F5602FECD14A48FFF72EFF5E
:102DF000072878D00928E9E7B3F5381F53D013D84E
:102E0000B3F5001F58D00AD8B3F5D01F56D0B3F58C
:102E1000F01FD7D14048BDE81040FFF77DBFB3F5A4
:102E2000101FCFD13D48F6E7B3F5481F4DD0B3F59D
:102E3000781F65D0B3F5401FC4D13948FFF76CFF48
:102E4000384BD3F82831C3F30123043320E0FFF7D4
:102E500097F9344BD3F80C31C3F308230133B0FB9B
:102E6000F3F0B0E7FFF78CF92E4BD3F80831F3E716
:102E7000FFF786F92B4BD3F81431C3F30423EDE7A6
:102E80002648FFF749FF274BD3F8303103F00303FF
:102E9000D84098E72048FFF73FFF224BD3F8203176
:102EA00003F00F03F4E71C48FFF736FF1D4BD3F880
:102EB0002031C3F30113EBE71948ACE71848FFF7DB
:102EC0002BFF184BD3F82831F3E71748FFF7BEFE66
:102ED000072808D0082809D004287FF473AFBDE87C
:102EE0001040FFF789B9114B18686CE7FFF748F9F4
:102EF0000C4BD3F80031C3F3042303FB000062E75B
:102F0000FFF73EF90146204626F0C6FAB1FBF0F085
:102F100059E700BF06000E0002001E000500240055
:102F20000300200000400E40B8003200DC100020FA
:102F300010B5FFF799FD094B07225A67FFF720F9F3
:102F4000FFF74CFDFFF746F90446FFF7ADFD0146DC
:102F50002046BDE81040FFF7BDBD00BF00400E4059
:102F6000014B1880704700BFE414002010B50428FE
:102F700013D8DFE800F047032F132100294AC1F3DB
:102F80000801D2F86838002BFBD1274A136A23F4D2
:102F9000FF7323F001030B43136210BD214A01F0BC
:102FA0007F01D2F86038002BFBD11F4A136923F050
:102FB0007F030B431361F0E71A4A01F07F01D2F857
:102FC0006438002BFBD1184A936923F07F030B432D
:102FD0009361E2E7144AD2F89030536A23F0300349
:102FE00043F010035362146B104BC1F3C310033052
:102FF0000F2803EA040328BF0F200B4343EA0073A2
:103000001363CAE74F29074A28BF4F21D2F8743803
:10301000002BFBD1044A936B23F07F030B43936394
:10302000BBE700BF0020C84300400E4000F8FF0F80
:10303000104A536A13F0300F18D0202913D03029CA
:1030400014D000290C4B08BF4FF44003D2F8901065
:1030500033EA0101FAD15B0246BFD2F8A000C0F307
:103060008020012070474FF40003EFE74FF4400346
:10307000ECE700BF00400E40FFF3E17F02280AD1D9
:1030800029B1064B4FF48060C3F8A800596612B10D
:103090000220FFF7CDBF0120704700BF00400E4067
:1030A000F7B507460C461546072800F28680DFE88C
:1030B00000F029303C413684840401A800F08CFFE4
:1030C0009DF80530012B03D89DF80430022B18D948
:1030D000002C74D14FF400410E240F2347480122E5
:1030E0000166A240D0F890101142FBD1002D64D0AF
:1030F0000122424902FA03F3D1F890201A42FBD18F
:103100005BE0FEE7002960D14FF400710824092339
:10311000E4E700295ED1802106240723DEE70029A9
:103120005CD1202104240523D8E741B908210224D9
:103130000323D3E7002955D102210123CEE72F4AEB
:10314000536A13F0300F51D12D4BDB6B536ADB0701
:1031500041BF536A23F0300343F010035362042647
:1031600002230321254A1666264A13449B00186849
:103170000028FCD00DB311448D002B68002BFCD02F
:10318000022F1AD1CCB11D4C616A11F0010131D06E
:10319000012220213846FFF771FFD4F89C700122EC
:1031A00000210220FFF77CFFC7F30A010220FFF78E
:1031B000DDFE26662B68002BFCD003B0F0BD4FF47B
:1031C00080460E230F210024CCE74FF4807608239D
:1031D0000921F8E7402606230721F4E710260423F7
:1031E0000521F0E7012600233146ECE704260223FF
:1031F0000321E8E73846FFF71BFFCEE700400E400B
:1032000000300E408004F21010B50246B8B9012219
:103210001146FFF745FFFFF727FC0F4B04225A67C3
:10322000FEF7AEFFFFF7DAFBFEF7D4FF0446FFF729
:103230003BFC01462046BDE81040FFF74BBC01288F
:1032400007D10146FFF72CFFFFF70EFC024B0322CC
:10325000E5E7FFF709FCE3E700400E4038B5FEF76D
:10326000CBFF0021044600F0ADFA1248FFF7B6FB91
:10327000012211460220FFF713FFFFF7F5FB0CB107
:10328000FFF704FC0C4B02225A67FEF779FFFFF7A9
:10329000A5FBFEF79FFF0546FFF706FC0146284603
:1032A000FFF718FC2CB920460121BDE8384000F09A
:1032B00089BA38BD0148E80100400E40012210B52E
:1032C00011460320FFF7ECFEFFF7CEFB084B05226B
:1032D0005A67FEF755FFFFF781FBFEF77BFF0446B9
:1032E000FFF7E2FB01462046BDE81040FFF7F2BBC6
:1032F00000400E4010B504461120FFF7A7FC002146
:1033000001220220FFF7CCFE184A217C536A23F0E9
:103310000103022908BF43F001035362144B2178D3
:10332000C3F8A014637AA18843EAC123D362136B64
:10333000A07A217A03F07F630343E08843EAC02345
:1033400043EAC11303310F2928BF0F2143EA017358
:103350001363A37B617B1B0143EA0133E17B0B43D6
:10336000217B43EA0143536310BD00BF00400E4080
:103370000000C843034B5868C0F30800003818BF6A
:103380000120704700ED00E04209054B53F8223060
:1033900000F01F0023FA00F0C04300F00100704766
:1033A00000E100E0034BD86B80F04000C0F38010D8
:1033B000704700BF00300E4042EA0322B2F5007FA2
:1033C00010B5194C29D00AD8B2F5807F22D040F22E
:1033D00001139A4215D062B9D4F81C320BE0B2F551
:1033E000407F1DD040F201339A4210D0D4F82832E9
:1033F00001E0D4F82432C3F30722DBB203600A6091
:1034000010BDD4F824321A0EC3F30743F6E7D4F8FC
:103410002832F8E7D4F81C32F5E7D4F82032EAE78E
:10342000D4F82032EFE700BF0081E00F08B5FFF7C6
:10343000B9FF20B1024AD2F8C830002BFBD108BD39
:103440000000C64308B5FFF7ADFF80B1FFF7EEFF00
:10345000074B19685A68C1F30121C2F30142914236
:103460001A688CBF42F0100222F010021A6008BDE8
:1034700000300E40064B1B68DB0608D5054B1B6968
:10348000C3F30443082B02BF034B044A1A6070477E
:1034900000300E4000400E40A8100020C0EA21017C
:1034A00070B5FFF77FFF38B12D4B1A781023C2F1AA
:1034B000020293402B4A13612B492C4DD1F88041D5
:1034C00045F60E03C1F880312B6823F0AA03DB0513
:1034D000DB0D0B66FFF7AAFF224B1B68D80604F032
:1034E000010415D5D1F84031DA01FBD4204B1B681B
:1034F0000B61204B1B78052B0AD11F4B1E68FFF771
:1035000095FF184B59683046C1F30141FFF7E2FAC5
:10351000184B1B78023B0A2B0AD8DFE803F006158C
:10352000170909090909091A1D000020FFF76CFE97
:103530002B68DB075EBF0C4B02221A661CB10A4BDC
:103540000022C3F8802170BD0120EFE7FFF786FE5F
:10355000EEE7FFF7B3FEEBE7FFF7EAFCE8E700BFB3
:10356000284E002000300E4000400E4074310020F4
:1035700070310020294E0020A810002010B50B4CFF
:103580000B4BD4F890201A601120FFF75FFB094B1A
:103590001870FFF74BFF084B084A5B68C3F3014301
:1035A0001370074B22691A6010BD00BF00400E4027
:1035B00074310020294E002000300E40284E00209B
:1035C00070310020064942780B6823F4407343EAC7
:1035D0000223022A0B6004BF024B5B6A704700BFE4
:1035E00000300E4000400E4038B5054608B1FFF7E8
:1035F000C5FFFFF727FF1A4A136943F0040313615D
:1036000026F074F826F073F8164B174AC3F82424F2
:1036100003F559231B68DB0614D525F042FF2DF076
:10362000ABFD25F042FF26F063F8104C03F0B8F92B
:1036300055B1FFF735FFD4F84C3123F00043C4F8FF
:103640004C3138BD30BFEEE7FFF714FFD4F84C31F2
:1036500023F00043C4F84C31BDE83840FEF7BABD52
:1036600000ED00E000A000400000FFFF00300E4031
:1036700038B5054608B1FFF781FFFFF7E3FE1F4BA2
:103680001F4CD3F8802145F60E01D207C3F88011F4
:1036900048BF00224FF42071196648BFC3F880214B
:1036A000184A136943F004031361174B174AC3F810
:1036B000242426F01BF82368DB0611D525F0F1FE43
:1036C0002DF05AFD25F0F1FE03F06AF955B1FFF730
:1036D000E7FED4F84C3123F00043C4F84C3138BD38
:1036E00030BFF1E7FFF7C6FED4F84C3123F00043BA
:1036F000C4F84C31BDE83840FEF76CBD00400E40C8
:1037000000300E4000ED00E000A000400000FFFF90
:103710000E4A0379916921F03F010B43017843EA96
:103720008103417843EA4103817843EAC103C178C8
:10373000012908BF43F0010393611368417923F421
:10374000403343EA01431360704700BF00300E402E
:103750002DE9F04104460D46FFF724FE60B3DFF883
:103760006080FFF763FED8F80430C3F301439C4246
:1037700022D0124BD3F80031FEF702FD022C07468F
:103780004FF0100609D12146FFF7A4F9C8F81060E0
:1037900095B1BDE8F041FFF749BEC4F102039E4078
:1037A000C8F810600DB1FFF741FE2CB9214638462C
:1037B000BDE8F041FFF78EB9BDE8F08100400E4052
:1037C00000300E4038B505460C46FFF7EBFDB8B1AA
:1037D00045B90C4BD3F80051FEF7D2FCC5F30425D4
:1037E00005FB0005084B1B7821463BB1074B9D426A
:1037F00004D80220BDE83840FFF7AABF0020F9E74F
:1038000038BD00BF00400E402A4E0020002D31017F
:10381000034B02781A7001210020FFF7D3BF00BFCD
:103820002A4E0020174B4AF6E85210B5596B5A63DE
:103830009A6FD407FCD41B6C13F0030306D0124A12
:1038400001249842C2F8B44A05D110BD18B90E4BF4
:10385000C3F8B40AF9E70B4B9A6FD207FCD41A6C81
:1038600022F0030202431A649A6F12F00102FBD1A4
:103870000038054C18BF01200129C4F8B40A08BF5C
:103880005A63E2E700300E400000C6432DE9F04FD6
:1038900000238BB0CDE90433CDE90633CDE90833FD
:1038A000A0F5E163B3F5966F05460191934603D900
:1038B00000200BB0BDE8F08F624BDFF88C81D3F8AD
:1038C0001842B0F5E16F15BF4FEA146AC4F3072A36
:1038D000C4F30744E4B20694CDF824A0D8F84C60B1
:1038E000C6F301768CBF01220022334607A904A843
:1038F00015BF4FF4E1674FF496674FF496694FF4A4
:1039000016790392FFF758FDD8F8E030039AC3F315
:10391000012308A905A80293FFF74EFDA5EB070CAC
:10392000AAEB04020CFB02F2B2FBF9F21444544578
:10393000079F0498089A0599BAD8A2EB010E0CFBD0
:103940000EFEBEFBF9FE11EB0E012CBF4FF0010E77
:103950004FF0000E8A42ABD3BEF1000FA8D13A1A45
:103960000CFB02F2B2FBF9F280182CBF01220022FC
:1039700087429DD3002A9BD1029BBBF1000F0FD041
:10398000D8F85C20B5F5E16722F4FE4218BF0127A4
:1039900022F0020242EA470242EA0422C8F85C200E
:1039A000019A0AB9012084E7264A022ED2F8302271
:1039B0003ED0032E3FD0012E14BFD2B2C2F3072255
:1039C000120312F4702F7FF473AF1F4EF46E24F4C1
:1039D00070442243F2661B4A022BD2F830222CD0CC
:1039E000032B2DD0012B14BFD2B2C2F30722120336
:1039F00012F4702F7FF45CAF134CD4F8E03023F452
:103A000070431343C4F8E030636E884238BF084601
:103A100023F4FF73E72823F0010328BFE720B5F55F
:103A2000E16F18BF43F0010343EA40036366B9E75F
:103A3000C2F30742C4E7120EC2E7C2F30742D6E759
:103A4000120ED4E70081E00F00300E402F4B1A6FAA
:103A5000D96C11F0010F02F0060242D0002A40D0CA
:103A600013284FD9143813288CBF10230823274953
:103A7000013BCA6C180322F47F4240EA032313433C
:103A8000CB64234BCA6C1B88C2F303222833013258
:103A900002EB820003EB5303B3FBF0F3C86C013B72
:103AA000072B28BF072320F0EE6040EA036343F4AE
:103AB0008013CB64174BB3F90030002B10DB283395
:103AC000500800EB420203EB5303B3FBF2F30A6D21
:103AD000072B28BF072322F0700242EA03130B656D
:103AE0007047D96C01F00101114304D1092809D9AB
:103AF0000A380928B8E7DB6C13F00103B7D01AB90C
:103B00002728B1E70423B2E70023B0E700300E40D6
:103B1000CE490020CA490020064A074BD3F8803915
:103B2000136F23F0070303431367044B1888FFF751
:103B30008DBF00BF00300E400000C643CC490020BE
:103B40002DE9F041C288B0F808808588B0F90C6092
:103B500047784A2A04464FD9B2F5FA7F4ED340F649
:103B6000C3139A428CBF4FF040524FF00052284985
:103B7000CB6C23F0405323F00103002EA8BF43F089
:103B800001031343CB64D1F8E03043F44073C1F830
:103B9000E030204B1D80CB6E43F08073CB661E4B14
:103BA000D3F8800900B10420FFF7B6FF1B4BA3F840
:103BB00000801B4B28461E80FFF748FFA37B03B302
:103BC000012B22D0012260881146FFF75FFE0546D7
:103BD00078B10F4AD36B43F48063D3633846FFF761
:103BE00021FEA37AA3F12002534253410A4AC2F8AC
:103BF00094372846BDE8F0810022B8E74FF08052A4
:103C0000B5E7034B074A9A65DCE7014B064AFAE73A
:103C100000300E40CC4900200000C643CE490020B1
:103C2000CA49002077402057372110B7072AF8B536
:103C300001F0030614461F464FF00F011FD89500F0
:103C400000FA05F2A940154825F057FD0321144854
:103C500006FA05F2A94025F050FD12499DF81830EA
:103C6000114A214489000F60C1F880300123A3402C
:103C7000C2F824349DF81C30C1F80033F8BDA2F11D
:103C80000805AD0000FA05F2A940084825F035FD09
:103C90000321074806FA05F2A940DCE700A400402A
:103CA00008A400408020851000A0004004A400402B
:103CB0000CA4004000EB4000F8B50D461F4604017F
:103CC00016463AB1154801238B402044C7B100F194
:103CD000C0600360072D4FF00F0114D8AB001048EF
:103CE00006FA03F29940204425F007FD3EB90B4A3D
:103CF0000123AB40224477B102F1C0621360F8BDEA
:103D000000F18060E5E7A5F108039B00054806FA8D
:103D100003F29940E7E702F18062EFE70CA0004070
:103D200004A0004008A00040054B5A685B68054BA2
:103D300041F671321A649A6822F001029A60704763
:103D400000300E4000000E40034B9A6822F0010242
:103D50009A6000221A64704700000E40094A0A4B1C
:103D6000D969C90705D512B96FF002007047013A49
:103D7000F6E7002AF8D001221861DA60D86940F32A
:103D8000800070478096980000000E4070B509B919
:103D9000002070BD0E4A0023082550F8234094618E
:103DA0000C4CD5600133D669F60705D514B96FF010
:103DB0000200EEE7013CF6E7002CF8D0D469A40736
:103DC00002D49942E9D1E3E76FF00100E1E700BFD7
:103DD00000000E40809698002DE9F8431C4B0D46DC
:103DE00041F671311E6C19641A4980464868496869
:103DF000996841F00101B6B2996097084FF0000947
:103E0000B94501D3002005E008EB89042046FFF7FF
:103E1000A5FF48B10E4B9A6822F001029A600EB1DC
:103E200000221A64BDE8F883C4F30A01C1F50061F9
:103E30008908A7EB0903994228BF19462846FFF7CE
:103E4000A5FF0028E6D1894405EB8105D8E700BF2E
:103E500000000E4000300E40234B41F671311A6CC9
:103E600010B5196421494C684968996841F001010D
:103E7000996001211861D960D9694C0792B209D5BE
:103E8000996821F0010199600AB100221A644FF08B
:103E9000FF3010BD0221D9601549D869C00700D58F
:103EA00069B9D86910F002000BD0996821F00101BE
:103EB00099600AB100221A646FF00100E9E7013944
:103EC000EBE741B9986820F00100986002B11964ED
:103ED0006FF00200DDE7996821F0010199600AB9ED
:103EE0000020D6E71864FBE700000E4000300E40CB
:103EF00080969800014B01229A60704700500E4056
:103F0000134B1449F0B500225D68134E1046D6F8E5
:103F1000E8714C680B687F070BD4B3F5006F06D0CF
:103F200012D8B3F5007F02D0B3F5806F01D144F40D
:103F300080742B4202D02C4208BF18430132092A58
:103F400001F10801E3D1F0BDB3F5803FEEE700BF1A
:103F500000500E40185303000040E00F8B784A7861
:103F60009B0143EA82030A781343CA7843EA0213A7
:103F70000A7943EAC2234A7943EA02338A79043050
:103F800043EA42430001014A1350704700200440B5
:103F9000014B1860704700BF00008442437882786C
:103FA0009B0043EA021302781343C27843EA4213A8
:103FB000027943EA0223427943EA0233827943EAEF
:103FC000C233C27943EA0243027A43EA4243014AD6
:103FD00013607047002004400D4AD2F8E430D2F854
:103FE000E0109B0003F03C03C1F381110B4383708D
:103FF000D2F8E03003F03F034370D2F8E830D2F853
:10400000EC2003F0F003C2F3031213430370704774
:1040100000FF0FE0044BD3F8E4301B0E0A3303F02B
:104020001F030120984070470081E00F38B5044617
:104030002AF06DF80FCC044D0FC594E80F0085E809
:104040000F00002038BD00BF7831002047F6FF7315
:104050009A42F0B572D0062972D83A4B5B5C022BBB
:104060006ED8394D05EBC304DF00A17815F8333065
:10407000012938BF0121012B13D1E0780025401A16
:10408000A84202D80844C0B2F0BD431BA0EB5303C2
:10409000666836F913609642CCBF03F1FF301D46C7
:1040A000EEE760680028EFD0B0F90040944204DBEE
:1040B000B0F902409442B8BF14468388FF2B04BF76
:1040C000B0F90620B0F908C03D440FBF0126002614
:1040D000C8224FF0280C131B93FBFCF333446E787B
:1040E0001BB29E4201DD002B01DA731E1BB20133AD
:1040F0009BB24FF47A7C071D5D1E2DB24FEAC50EB0
:1041000000EBC5059E42EA88AD6814FB025222EA24
:10411000E27202F15C02B2FBFCF205DD37F83350CB
:10412000954203F10103E7D200EB0E039888904219
:1041300028BF1046884238BF0846A4E7FF20A3E7FF
:104140000020A1E760530300783100200629F0B574
:1041500061D8324B595C02295DD8314B13F83100DC
:10416000012816D103EBC1039C78D8785B68012C39
:10417000214638BF0121904294BFC1EB0001C1EB41
:104180000201CAB2001B8242C8BF002233F91200EA
:10419000F0BD002A3DD003EBC103596800293AD095
:1041A0009878904202D3B1F90200F1E7DC78B1F9D6
:1041B00000009442ECD95C788B88A3F1FF06013CA7
:1041C000734201F10405E4B2734101F10C07DEB260
:1041D000B44216D805EBC3034FF47A75B3F9024025
:1041E0005B686A43D21A04EBD47302EB630292FB5E
:1041F000F4F29042CCDBB1F902009042C8DC10B27C
:10420000C6E737F833C0944503F10106E2D33346DD
:10421000DDE70448BCE70448BAE700BF6053030089
:10422000783100200CFEFFFF0080FFFF08B5044836
:10423000FFF7FCFEBDE80840012029F08DBF00BF5C
:10424000685303007FB51422002101A82CF039FF28
:10425000044B029301A94FF0FF3029F0B9FF07B0DA
:104260005DF804FB006A1800024B03480122C3F802
:10427000002670470010C84300000F40094B9842C9
:104280000ED003F58063984209D10122064B03EB5F
:10429000C2035A68054B13449B0000221A60704702
:1042A0000022F3E700000F40205403008005F210C5
:1042B00010B504462369DB07FCD404F1800025F027
:1042C00048F9014B236510BD510545012DE9F04327
:1042D000064689B0174698460C4600294DD1FFF78F
:1042E000C3FF01460446304625F086FA4FF0010927
:1042F00096F86C5006F15C01C5F10F06C5F10E038E
:10430000F6B22A460DF1010001358DF800302CF08F
:10431000FEFE324600210DEB05002CF0D2FEC6F168
:10432000100001233246002168448DF80F302CF034
:10433000C8FE25F0B6F804F1800605466946304609
:1043400025F007F90E4B23652369DB07FCD404A98C
:10435000304625F01BF9284625F0A7F8424604A967
:1043600038462CF0D4FEB9F1000F02D02046FFF7FA
:1043700085FF002009B0BDE8F0834FF00009B7E7E2
:10438000055101002DE9F04F89B00546DDF8489050
:1043900016461F460C4639BBFFF766FF014604462A
:1043A000284625F029FA4FF0010B6B6C33446B64FF
:1043B00025F077F88246D6B9504625F076F8BBF15D
:1043C000000F0ED025F06DF805F14C01064604F102
:1043D000840025F0DBF8304625F067F82046FFF72B
:1043E0004DFF09B0BDE8F08F4FF0000BDDE72B79F2
:1043F000102EB04628BF4FF01008012B0DD110220F
:10440000002168462CF05DFE3946424668462CF095
:104410007EFE69462046FFF74BFF394604F18C00CB
:1044200025F097F8124B2365012363652369DB07A9
:10443000FCD404A904F1800025F0A8F804A94246A0
:1044400048462CF064FE297961B9102268462CF0A8
:1044500038FE4946424668462CF059FE69462046D9
:10446000FFF726FFC1444744A6EB0806A3E700BFB9
:104470004805590370B5048804F4E043B3F5005FC0
:1044800005461ED1C4F30223042B1AD181F0AA637E
:1044900083F4807333F47E13204821F47E1618D001
:1044A00081F0AA6383F4007333F47E1311D0864243
:1044B00030D1B4F5105F0CBF6FF086006FF085004F
:1044C00070BDB4F5105F25D1144B21F47E119942D3
:1044D000F1E786424FEA1143C1F305411AD1B4F521
:1044E000105F17D104390C2911D813F001000ED137
:1044F000073A062A0BD86B88C02B0BD0B3F5807F08
:10450000DED0802B0CBF00206FF08600D8E76FF064
:104510008600D5E76FF08500D2E700BF00014005B7
:104520002DE9F04FA7B0DDE93475DDF8D880DDF86E
:10453000EC90089206461C468A4629B96FF086021E
:10454000104627B0BDE8F08F0028F7D0309B002B35
:10455000F4D0329B13B9339B002BEFD1002F7DD1C8
:10456000002DEBD1389B002BE8D0B9F1000FE5D03E
:104570003A9B002BE2D0399B002BDFD0338803F429
:10458000E042B2F5005F74D1C3F30222042A70D175
:1045900084F0AA6383F4807333F47E1306D084F02E
:1045A000AA6383F4007333F47E136BD1C4F3054321
:1045B000319AC9F80030214630460993FFF75AFF77
:1045C00002460028BCD17288089BB3EBD20F4FEA99
:1045D000D20BB3D3379B9D425FD83A9A099B934243
:1045E0005BD8474508D27B19984505D239462A46FB
:1045F00040462CF04CFD4746702200210AA82CF0C2
:1046000060FD5A4651460DF12D00CDF850B02CF00A
:104610007EFD234B24F47E149C423BD13388B3F5BA
:10462000105F37D1D9F800300693399B0397CDE955
:104630000483339B0293329B0193319B00932A4660
:10464000309B01210AA825F0F2F90246E0B9389B17
:104650001D6070210AA825F0E2F971E7002D81D0D4
:10466000B8F1000F3FF46AAF379B002B7FF47AAFAD
:1046700064E742F20402934204D184F0052383F4F8
:10468000801390E7002393E7389900230B60C9F863
:104690000030DEE76FF08502DBE76FF089024FE75D
:1046A000000140052DE9F04FABB0DDE938A4DDE9AC
:1046B0003B658946099298460746002800F0A2808B
:1046C000002900F09F80349B002B00F09B80369BDC
:1046D0001BB9379B002B40F09580BAF1000F02D137
:1046E000002C40F08F801DB93D9B002B40F08A804C
:1046F0003E9B002B00F086803A9B002B00F08280CE
:10470000359A41463846FFF7B5FE0246002866D185
:104710007A88099BB3EBD20F4FEAD20B72D33D9B41
:104720009C4272D8AA4509D20AEB0402954205D2EE
:104730005146224628462CF0AAFCAA4670220021A7
:104740000EA82CF0BEFC5A4649460DF13D00CDF8AE
:1047500060B02CF0DCFC2E4A28F47E180021904535
:10476000CDE90A11CDE90C1149D13A88B2F5105FB3
:1047700045D1379B0293369B01930AAF359B00933B
:104780002246CDE90457349B0696CDF80CA00EA81E
:1047900025F04DF90246C8B93A9B384603EB060CA2
:1047A00090469C451FD11EB13146384625F037F959
:1047B000B8F1000F20D03E9A002313601CB12146AF
:1047C000284625F02CF96FF0940204E01EB1314622
:1047D000384625F024F970210EA825F020F910465E
:1047E0002BB0BDE8F08F10F8011B13F801EB81EA44
:1047F0000E0148EA0108D4E73E9B1C60EBE76FF02E
:104800008502E8E76FF08602E9E76FF08902E6E7E4
:10481000000140052DE9F04F8FB09846DDF86CA0FF
:10482000049093460023B8F1000F16D0D8F800404A
:104830001029CDE90633CDE908330CBF0823102336
:10484000029300255D450AD3B8F1000F01D0C8F8E6
:10485000004000200FB0BDE8F08F4446E8E75CB1AF
:10486000199B1A9A1B5D525D013453400AF80530BA
:1048700004F00F040135E5E7FFF7F6FC4FF4404381
:1048800044600360064624F00CFE029A0499074631
:10489000304624F0B0FE06F18403184618990193BF
:1048A00024F057FE3846ABEB050724F0FEFD27F059
:1048B0000F0706F1A0032F440593AAF11009BD428A
:1048C00034D11A9B3B440AAD03F1100C18685968A7
:1048D0002A4603C2083363451546F7D10F2F0ED978
:1048E0000AEB070306AD103B0DF1280C2A4603CA5C
:1048F000624518605960154603F10803F6D106F1C8
:10490000800357440AEB0B0903934F4536D124F03B
:10491000C8FD18990546019824F038FE284624F071
:10492000C4FD3046FFF7AAFC5D468BE724F0B9FDD5
:10493000224B039033653369DA07FCD41A9B059840
:10494000591924F006FE0F2D0ED90DF1180C09EBA4
:1049500005020DF1280E634603CB734510605160CC
:104960009C4602F10802F6D106A906F1800024F067
:104970000DFE039824F099FD1035A0E774B924F0DA
:1049800090FD0E4B336505463369DB07FCD4039875
:10499000199924F0FBFD284624F087FD04F1380323
:1049A0000DEB0302199B12F8102C1B5D01345340D0
:1049B00007F8013B04F00F04A7E700BF4805030117
:1049C0002DE9F74FDDF848A0DDE90E74DDE9106848
:1049D00083461D46894621B96FF0860003B0BDE8C5
:1049E000F08F002AF8D00FB9002CF5D116B9B8F124
:1049F000000FF1D1BAF1000FEED02E4B9D4215D031
:104A00000BD82D4B25F4807199420FD003F58063AC
:104A10009D420BD06FF08500E0E7284B9D4205D00A
:104A200025F40071A3F580739942F2E7BBF80030DA
:104A3000B3F5105FEED1BBF80230B2EBD30FE9D380
:104A4000802B02D0B3F5807FE4D124B3B7420AD2E1
:104A50003B199E4207D24445BED8394622463046CD
:104A60002CF015FB3746164BBBF802B09D424FEABF
:104A7000DB0BCFD14445AFD814F00F05ACD173197F
:104A8000009301227B195946484625F009F830B9B0
:104A90001035AC42F3D8CAF8004000209EE74246E9
:104AA000002130462CF00DFB0023CAF800306FF0D7
:104AB000920093E70010C004004040040012C004BC
:104AC000004440042DE9F04F91B0DDE91A4ADDE9D8
:104AD0001C56DDF8789007469B46884629B96FF04A
:104AE0008608404611B0BDE8F08F002AF7D014B90F
:104AF000BAF1000FF3D10DB9002EF0D1B9F1000FCA
:104B0000EDD0574B9B4515D00BD8564B2BF48071ED
:104B100099420FD003F580639B450BD06FF0850859
:104B2000DFE7514B9B4505D02BF40071A3F5807353
:104B30009942F2E73B88B3F5105FEFD17B88B2EB87
:104B4000D30FEBD3802B02D0B3F5807FE6D1BAF13F
:104B5000000F04D1C9F800A04FF00008C1E7AC4233
:104B60000BD204EB0A039D4207D2B245B7D82146C7
:104B7000524628462CF08BFA2C46394B7F889B45B1
:104B80004FEAD70758D003F540739B4521D0374BE8
:104B90009B45C3D1B245A2D81AF00F0B9FD1404616
:104BA0003B4608AA394624F0B5FF8046002898D134
:104BB00005EB0B030093002204EB0B03394608A816
:104BC00024F06EFF804670BB0BF1100BDA45EFD876
:104BD000C0E7AAF10D0AB2453FD801238DF8103085
:104BE0000DF11102234604F10C0153F8040B42F8B5
:104BF000040B8B42F9D11B7813704FF48073ADF81E
:104C00001E300D3404ABCDE900334046CDE90245FA
:104C1000002352463946FFF7FDFDC9F800A0804643
:104C200000283FF45EAF3246002128462CF049FAB6
:104C30000023C9F8003054E7AAF1100AB2453FF644
:104C40004EAF04AA04F1100C20686168134603C338
:104C5000083464451A46F7D1D4E76FF0890840E775
:104C60000010C004004040040012C004004440048E
:104C700010B54FF42F72044600212CF022FA802345
:104C8000C4F88C30054BC4F88430012384F8883094
:104C900004F19C00BDE8104024F03CBB30540300FC
:104CA00010B5D0F8A0400A4684B925F03EF9044674
:104CB00010B90024204610BD2D2896BF064B074989
:104CC00053F82010064825F077FAF3E7D0F8A4103F
:104CD0001046A047EDE700BFDC5403003A54030040
:104CE00013B00300F8B590F88060044616B10026B2
:104CF0003046F8BD24F04AFF0028F8D1012384F89B
:104D0000803094F8883033B1D4F88410194884F88E
:104D1000886025F051FA4FF0FF37D4F8B402421CF6
:104D20001CD0C4F8B47210F0FF0520D0204624F047
:104D30002AFF2946204600F0AFFB0028EDD0204690
:104D400024F02FFF94F888306BB1D4F88410094810
:104D500025F032FA002384F8883004E025F011FAB7
:104D6000431CE0D10126002384F88030C0E70126EF
:104D7000D3E700BFE3710300F8B50B78302B04468E
:104D80000D46164604D14B7803F0DF03582B11D0A3
:104D9000284F6A1E12F8011F002935D128460A2221
:104DA00024F0D8F8202C03460D4632D1B1FA81F018
:104DB00040091BE04A1C1F4912F8013F93B92846DD
:104DC0002CF0B3F91C4B2340032BA0F1020012D1AD
:104DD0000134A41084420AD1A87837288CBF00205F
:104DE000012003E0CB5C13F04400E5D1F8BDCCBF5B
:104DF00001200020FAE7002CB8BF0334B0EBA40F69
:104E0000D4BF01200020F1E77B5C13F00400C1D186
:104E1000ECE726B1084302D0013B61F10005012215
:104E2000A240013A1A40002D08BF9A420CBF01204F
:104E30000020DBE757D8030003000080F0B50378BB
:104E40007B2B014617D10D4F06460224002216F88F
:104E5000015F7D2D05D10B5D6BB9D24302F00100DE
:104E600008E07B5D13F0440002D001320134EEE72C
:104E7000202DFBD0F0BD0020FCE700BF57D8030079
:104E800070B506460D462CF050F90446304625F024
:104E900093F9044EAC4200D370BD304625F08CF936
:104EA0000134F7E7106C03002DE9F84F04460221A6
:104EB0006048FFF7E5FF1E212068FFF7E1FF636808
:104EC000586825F079F95C4825F076F967683B7BEE
:104ED000FD2B12D8D7F80880DFF85891DFF8B4A17D
:104EE000DFF870B140462CF020F90C3706464FF041
:104EF000FF3417F8013BFF2B01D1BDE8F88F212BC0
:104F000014D8212B14D8DFE803F0178C8884807C18
:104F100078741313131313131313706C6864605CA9
:104F200058541313131313131313504CFE2B34D074
:104F300006B10134414D02E006B10134404D022179
:104F40004846FFF79DFF1E214846FFF799FF504650
:104F500025F032F9594628462CF0CFF83949002877
:104F600018BF2946384825F027F93B78202B02D175
:104F70002B2025F015F9354825F01EF94EB118F80B
:104F800004301F2B05D018F804001F2801D0B442AC
:104F90004BDB294825F010F9ABE706B101342C4D65
:104FA000CDE706B101342B4DC9E7002EA1D0013465
:104FB0009FE706B10134284DC1E706B10134274D02
:104FC000BDE706B10134264DB9E706B10134254DE0
:104FD000B5E706B10134244DB1E706B10134234DE4
:104FE000ADE706B10134224DA9E706B10134214DE8
:104FF000A5E706B10134204DA1E706B101341F4DEC
:105000009DE706B101341E4D99E706B101341D4DEF
:1050100095E706B101341C4D91E706B101341B4DF3
:105020008DE706B101341A4D89E725F0B9F801344E
:10503000A9E700BF0E560300185A0300A15503004C
:105040009B550300F2550300E3710300F455030080
:105050007B130300A9550300B2550300B9550300A3
:10506000C4550300CE550300D8550300C3550300B3
:10507000CD550300D7550300E0550300E455030068
:10508000EC550300955503009C550300EB550300B8
:1050900094550300417903002DE9F04F9BB005467C
:1050A0008B46009204932CF040F8249F049B0590BB
:1050B00000241C600AAA3C6009A9284625F09DF836
:1050C000064658B90A982CF030F8049B1860D5F8B9
:1050D0009C3003933446B146039B1BB920461BB05A
:1050E000BDE8F08F039B9B680193002B69D02E4491
:1050F00016F8013B202B12D000260C23019A734393
:1051000002EB030AD3580293002B55D0DDF824801C
:10511000C84551DB9AF808302BB1721C35E03B686A
:1051200001333B60E4E73B68D5F894200299D21A3A
:10513000049B1A601AAB03EB890353F8403C0693B7
:1051400018462BF0C6FF07900028E6D102982BF0F6
:10515000ECFFDAF80410079AD7F800A00346087BA2
:10516000FE2816D108F1FF38C8452ED00B680698E6
:10517000029201932BF0D9FF0AF10103029A034432
:10518000E95C21B13B6009F101091646B5E701333D
:10519000F6E7D5F89420A2EB0A029A42BDDC584605
:1051A00006932BF0C2FF069B03447B2B1DD91F4A9D
:1051B0000099584624F0D5F8059A2B462A449A427D
:1051C0002AD1039B1B68039386E7D5F89420A2EBB2
:1051D0000A029A42E3DDD1F8008058F80C2B82B91C
:1051E000059B3B60049B1A60E6E7029A00995846CB
:1051F00024F0B7F80E4A00995846013424F0B1F86B
:105200008BE70099584624F0ACF8094A00995846B3
:1052100024F0A7F80134E0E713F8011B0029CED1F0
:105220004FF0200103F8011CC9E700BFF755030048
:10523000106C03002DE9F04786B0DDE90EA80024CC
:105240001C60064689468AF800401168154888F8AF
:10525000004017461D468DF81740FDF7BBF918B9F9
:105260002B6801332B600124D6F89C60002036B9EE
:1052700014B1012388F8003006B0BDE8F087B068AB
:1052800068B14B46CDE902A8CDE900750DF11702D2
:10529000002124F0E9FD9DF81730002BE8D1366895
:1052A000E5E700BFFC5503002DE9F0430026ADF50E
:1052B000457D04467C22314605A802AF04962BF0BA
:1052C00000FF009703AB802204A92046FFF7E4FE0D
:1052D00001283ED104A82BF028FF03993B68A0EBDE
:1052E00001080B44234428EAE878054604A8014451
:1052F000424618462BF00BFF00F80860D4F8906087
:10530000039B3968D4F890201944B14212DCD4F8D8
:105310009410E81A0244C4F89020014404AAC4F886
:105320009410D41825182B1B002B0DDC0DF5457D92
:10533000BDE8F083A05C24F033FFD4F89030013353
:10534000C4F890300136DBE714F8010B24F028FF95
:10535000E9E7EBDD24AD8022314628462BF0B1FE93
:1053600044AB4FF40072314618462BF0AAFE0DF103
:10537000100903464A464FF00108314612F8016B06
:10538000002E49D104A843F828102BF0CEFE294660
:10539000334619F8016B0DF5887C5CF8042B8242CA
:1053A00043D10133984501F8016BF2DAD4F89060EB
:1053B000039BB34242DC364A3648234604A924F014
:1053C000FBFE28462BF0B1FE039B3F6806461F44B8
:1053D000F61AE0191D4426EAE67204F19803174410
:1053E000984204EB07014ED204F1900399424AD946
:1053F0006A1E81190B1A002B39DD12F8013F00F8E3
:10540000013BD4F890300133C4F89030D4F8943094
:105410000133C4F89430EDE7202E01F1010104BFFF
:1054200043F8281008F10108A8E70DF1100E7244A6
:10543000D25CB242B1D00022EA54B7E7D4F890303F
:10544000E05C24F0ADFED4F890300133C4F8903025
:105450000136ADE7D4F890200132C4F89020D4F89A
:1054600094200132C4F89420013B002BF2DC00238D
:10547000E3552E44731B002B7FF758AF15F8010B33
:1054800024F08EFEF6E729462BF041FE3346ECE78A
:1054900030540300015603002DE9F843D0E92456A7
:1054A00004460F46002294F89830012B07D10A2FAA
:1054B00007D1002384F898300020BDE8F88300F27B
:1054C0009F801B2F01D10223F4E70D2F0DD1012363
:1054D00084F898300D2024F063FE0A2024F060FE4A
:1054E0000023C4E924330120E7E74FF00008082F28
:1054F00084F8988034D1454530DDB5420FD1384627
:1055000024F04EFE013D202024F04AFE384624F0CF
:1055100047FE04F80580013EC4E92456CCE7FBDAD7
:1055200005F1FF39384624F03BFE04EB0903A6EBF6
:105530000902611918462BF0AAFD04F806800146FD
:10554000484824F039FE013E35464D4501DC4D46C4
:10555000E2E7082024F024FE013DF6E7ACD0DBE7CB
:105560007F2F1CD1002EA7DDB542A5DA6319691C77
:105570002144721B18462BF08AFD04F80680014670
:10558000394824F019FE0820013E24F009FEB542F6
:10559000F9D1D4F89430013BC4F894308CE70A2F49
:1055A00098D0092F03D12046FFF77EFE84E7D4F878
:1055B0008C30013BB3427FF77FAFB54204EB050867
:1055C00005F101090CDB88F80070D4F89430C4F8B8
:1055D00090900133C4F89430384624F0E1FD6BE735
:1055E000721B414604EB09002BF051FD404624F0AC
:1055F000E3FD0820013E24F0D3FDB542F9DDE2E7EA
:10560000022B06D15B2F01D1032353E784F89820A6
:1056100049E7032B7FF450AF413F84F89820032FD4
:105620003FF64AAFDFE807F002070A1601212046DD
:1056300024F067FD40E74FF0FF31F8E7B542BFF6D1
:105640003BAF605D24F0ACFDD4F890300133C4F87A
:10565000903031E7002D7FF72FAF013DC4F8905017
:105660000820BAE70A560300EB6C03007FB5094B2C
:105670006A4603F11006154618685968144603C4B3
:105680000833B3422246F7D12846FEF759FA0020E4
:1056900004B070BD1056030070B5184B86B001AA57
:1056A00003F11006154618685968144603C40833F8
:1056B000B3422246F7D11B882380114BD3F8B42084
:1056C000120316D5A3F500434FF6FF721B889342D1
:1056D00008BF4FF4B4730B48ADF80A30FCF792FDE5
:1056E0002846FDF707FE3220FDF73AFC002006B001
:1056F00070BDD3F8B830C3F30803ECE720560300BD
:105700000081E00F00F0490210B50C480C4C6FF01E
:105710000403A02113F0800F03F1010207D12344F9
:105720002F2A83F800131346F4D1002010BD03F094
:105730000F03043B034419761346EBE700ED00E04A
:1057400000E100E010B5044623F0ABFE024B1C6004
:1057500023F0ABFE002010BDA031002010B523F0D7
:10576000A0FE034B1C6823F0A0FE204610BD00BF26
:10577000A031002038B50C461546014610B9FFF798
:10578000EDFF01462B46224603480CF069FF002836
:10579000D4BF3720002038BD63A3020013B5002317
:1057A00001241A461946009418460DF025F80023E6
:1057B0001A461946184600940DF050F80248FFF7B3
:1057C000C1FF002002B010BDE010002007B501F0BD
:1057D0000DFB6A4601F070FB18B10448522100F03D
:1057E000DDFADDE9000103B05DF804FB3256030089
:1057F00008B501F02FFA18B102487A2100F0CEFA6C
:10580000002008BD3256030008B500F025FA0D4A05
:10581000536A43F4E0235362EFF308830A4A043BDC
:105820004FF0CD31934209D2084B01221A61FFF7A4
:10583000DFFFBDE808400648FEF7F8BB43F804194F
:10584000F0E700BF00ED00E00000002000300E4057
:105850006853030007B504220DEB0201002028F075
:1058600033FC042804D0054840F2671100F096FA92
:10587000019800F0D9FB03B05DF804FB3256030039
:1058800010B50A0A41400748C9B2082301F00104D3
:10589000490804B14140013B13F0FF03F6D181EA0E
:1058A000020010BD2083B8ED2DE9F843134C144ECF
:1058B000DFF85480134FDFF85490002523780BB99C
:1058C000BDE8F88356F8043B22464146002024F008
:1058D00051FD227823460134002AFAD15B7853B176
:1058E00005F00303032B0CBF39464946002024F082
:1058F00041FD0135E2E73946F8E700BFAE5B030042
:1059000000100020175A0300945603004FA0030014
:105910006B4B1B8840F6052293422DE9F0410ED8CF
:10592000B3F5206F0DD840F20252934218D040F2E6
:105930000172934220D040F2015293420AD0BDE856
:10594000F081A3F602235F4C032B1ED8DFE803F09F
:10595000376396B25C490020BDE8F04124F00ABDEF
:105960005A49002024F006FD564B1A6C5849BDE8F0
:10597000F041002024F0FEBC524A5649BDE8F041F7
:10598000D2E92423002024F0F5BC5349002024F060
:10599000F1FC94F868309E0703D55049002024F0AC
:1059A000E9FC94F86B305D0603D54D49002024F0E6
:1059B000E1FC94F96B30002BC1DA4A49CBE74A4944
:1059C000002024F0D7FC94F86430980704D0226CAF
:1059D0003F49002024F0CEFC94F96430002B04DA17
:1059E000226F4249002024F0C5FC414FDFF80C81B2
:1059F00000250126626E06FA05F3134207D057F818
:105A0000252013781BB14146002024F0B3FC01355A
:105A1000082DEFD193E73749002024F0ABFC2C4947
:105A2000226C002024F0A6FC94F86530590703D5B9
:105A30003149002024F09EFC94F96530002B04DAF3
:105A4000226F2A49002024F095FC294E2B4F08256F
:105A5000636EEB40DA0707D556F8252013781BB1A3
:105A60003946002024F086FC0135102DF0D194F841
:105A7000640000287FF463AF21496DE721491C4E83
:105A80001E4F002024F076FC226C1149002024F0E7
:105A900071FC1025636EEB40DB0707D556F8252017
:105AA00013781BB13946002024F064FC01351A2D0F
:105AB000F0D144E71449002024F05CFC226C55E747
:105AC000D0490020001000209E560300DC56030041
:105AD0000D57030028570300445703005D57030088
:105AE00098570300CC570300095803002F580300B0
:105AF000CC620300565803006E5803004D58030053
:105B0000B5580300E6580300005903002DE9F04F93
:105B1000424CD4E90D32D4E9121B580748BF002685
:105B2000D4F83CA05DBFD4F850803D4EDFF81C9106
:105B3000DFF81C915ABF8B469246B04613F0080F0F
:105B4000384B394A394918BF1A46B6EB080718BF0F
:105B50007D0885B01BBF642303FB0B553D46B5FB99
:105B6000F7F54B4618BFADB2CDE9016ACDF800801C
:105B70000020BFB224F0FEFBCDE900972C492B4654
:105B80001FFA8BF2002024F0F5FBB24501D8C24584
:105B900004D228494A46002024F0ECFBD4E917033C
:105BA000184338D02449254FDFF8A880002024F07E
:105BB000E1FB00250126E26D06FA05F3134207D04A
:105BC00057F8252013781BB14146002024F0D2FB62
:105BD0000135202DEFD11A4FDFF8788000250126FE
:105BE000226E06FA05F3134207D057F825201378E2
:105BF0001BB14146002024F0BDFB01350E2DEFD135
:105C00001049002024F0B6FB0E49002005B0BDE885
:105C1000F04F24F0AFBB0C49F4E700BF00100020A8
:105C200000100020275903002E59030036590300A5
:105C300068590300A2590300C1590300146203000C
:105C400094620300185A0300F1590300225903001B
:105C5000BB9D0300E271030010B5FEF751F9044645
:105C6000FEF748F9E30721D401221046114600FA55
:105C700001F3234002F101021AD0214B33F8113015
:105C80002049062B19D040F20722934212D14FF03F
:105C900000524FF20F00548884420BD11088984272
:105CA00008D14CF23C335380088010BD0021E4E75A
:105CB000112ADBD1134A138012E04FF000534FF248
:105CC0000F025888904218D11B88B3F5406F28BF47
:105CD0004FF4C0630B804FF000534CF23C325A80BB
:105CE000084B1A8840F201739A4201BF064A074BDB
:105CF000D2E90001C3E90001D7E74FF4C063E9E747
:105D00008C5B0300D049002090100020A4310020BB
:105D1000014B1888704700BFD0490020014B1888FC
:105D2000000A7047D0490020044B05481B881A0A16
:105D3000B3F5406F38BF00EB82007047D0490020B8
:105D40005C5B0300044B1888044B020AC0B253F892
:105D5000223003EB80007047D04900202C5B030009
:105D600010B5044623F0A4FB4FF000534FF20F028E
:105D70001C805A80BFF35F8FBFF34F8F0549064BDE
:105D8000CA6802F4E0621343CB60BFF34F8F00BFD9
:105D9000FDE700BF00ED00E00400FA0538B5044659
:105DA0000D4628F0AAFE08492B462246002024F082
:105DB000E1FA24F045FB23F07BFB29462046BDE8B1
:105DC000384024F023BB00BF075A03006B4A6C4BDA
:105DD0002DE9F04155685D65516A996569496A4CDC
:105DE000D1F80002D865D1F804121966916A596693
:105DF000D16A9966116BD966516B1967D26B586B72
:105E00005A67D3E90E1210F0040F18BF11465F4A0B
:105E10001A6500209142D8645DD301F12000A042B0
:105E200059D888691864C5F30805CE695E64062DE3
:105E300055D1574DA84252D3564DA8424FD205884E
:105E40004DF6426085424AD11868C3F89000586800
:105E5000C3F8940040F20170A242154605D22E68A4
:105E6000B6F1CD3F02F10402F6D00022C3E91E22B2
:105E7000C3E92022C3E92222641BDFF814C1424D8A
:105E8000DFF810E19C648D422CD8D3E91EC7D3E91A
:105E90002065D3E922414FF0000E013AD2B2FF2A29
:105EA0003BD1BEF1000F05D0C3E91EC7C3E9206591
:105EB000C3E92241B3F85430C3F30803DA1E0F2AB2
:105EC00052D8DFE802F03458414451515151514EFB
:105ED0005151515151380021C3E910112B494FF450
:105EE0002060B9E755F8044D6445CCD37445CAD257
:105EF000E607C8D5284F002657F8048FA045C2D022
:105F00000136062EF8D132B1013AD2B202F11E06A4
:105F100043F82640B7E70522F8E7E0464FF0010EC8
:105F2000BC4637462E4625460C464146B5E740F668
:105F30000120BDE8F081194BDB6913F0020F40F23C
:105F4000025318BF1846F4E740F60320F1E740F289
:105F5000017240F60423B0F5206F14BF10461846B6
:105F6000E7E740F60520E4E7013B40F607223D2B3A
:105F700098BF1046DDE740F60220DAE700ED00E0CA
:105F80000010002000E100E00010002000000020D0
:105F9000FC00000060110300741000200020054088
:105FA00000F00CB800F00AB800F008B800F006B82D
:105FB00000F004B800F002B800F000B872B61EF0AD
:105FC000080F09D01EF0040F0DD0DFF850E0AEE846
:105FD000FF1F6FF002000CE0DFF840E0AEE8FF1FAB
:105FE0006FF00E0005E0DFF834E0AEE8FF1F6FF061
:105FF00006006946EFF309828EE8070086460848E6
:10600000084C854501D3A54501D384F30888FFF7E3
:10601000DDFE84F30888FFF7A3FE000000100020D7
:10602000400000200010002083B24BF6EF62002BEE
:1060300008BF1346044A000C13804FF6CE2308BF56
:106040001846024B18807047E8140020E614002020
:106050000B4BB3F900201888002AB8BF80F062000B
:1060600042001A80074AB2F9001013880029BCBF09
:1060700083F4805383F00B0359001180584070471C
:10608000E8140020E614002008B501F001F960B121
:106090000A4B0344072B0DD8072B0BD8DFE803F07E
:1060A0000C060A080A0A0A04C12008BDC320FCE73E
:1060B000C420FAE7C520F8E7C220F6E7FF1FFF0F6C
:1060C000F0B551B1002807DA2D23B0F1004F13705D
:1060D00000D04042012100E0002100250E4F2C4657
:1060E00057F8046B002301E0801B6346864203F1EE
:1060F000010CF9D913F0FF0300D125B14D1C303349
:106100005354E9B201250134E4B2092CE8D130300E
:106110005054481CC0B2F0BD3C6303002DE9F04F61
:10612000002495B021468046164603A844220294D6
:106130009A462AF0C6FFA146274602AC254631788A
:1061400059B9641BE4B2224629460020C047002802
:1061500040F08F803819C0B28CE0252918D0B9F1F1
:10616000000F19D104F8011B12AB9C42C0F0D38080
:10617000641BE4B2294622460020C047014600289D
:1061800077D13C4448222846E7B22AF09AFFC1E082
:10619000B9F1000F00D101363278622A47D021D8F8
:1061A000252A3ED004D8002ACBD04FF00009DBE7E7
:1061B000392A15D82F2AF8D9717801F0DF0158292A
:1061C00040F0D880322A06F1010940F0C080204614
:1061D0003AF8041B042224F03BF904464E46E4E757
:1061E000582A15E0632A6BD0A2F1640C5FFA8CFC8C
:1061F000BCF1140FD9D8614B012101FA0CF010EA5F
:10620000030940F08A8010F4104060D1BCF1140FF3
:10621000CBD120461AF8041B022224F019F90446B7
:10622000C3E7214601F8022B62700C46BDE7DAF89D
:1062300000300193DAF8043000934FF000090DF1BB
:10624000480B009B994502D10AF1080AADE7019B72
:10625000204613F80910022224F0FAF858450446A3
:1062600012D3441BE4B2294622460020C04701460F
:1062700018B1002015B0BDE8F08F482228462AF05A
:1062800020FF3C44E7B22C46009B5A1E4A4584BF7F
:10629000202204F8012B5C450FD3641BE4B229468D
:1062A00022460020C04701460028E2D14822284665
:1062B0002AF007FF3C44E7B22C4609F10109C0E788
:1062C000534653F8042B04F8012B9A466DE7641BE0
:1062D000E4B22246294648465AF804BBC047002883
:1062E000C7D13C44482249462846E4B22AF0E9FE98
:1062F0005FFA89F34F461BF8030009F101090028F2
:10630000F6D1FFB23A465946C0470028B1D13C44C5
:10631000E7B281462C46013611E76C2ADAF8000014
:106320000AF104090FD17378752B01D0642B04D1C5
:10633000B3F1750118BF012101362246FFF7C0FEF7
:10634000CA46044431E7752A08BF0021F5E7342A1C
:1063500010D15646042256F804AB20464FEA1A41A3
:1063600024F076F81FFA8AF1042224F071F8B2467C
:10637000044633E74FF00109F6E600BF01010200D1
:1063800008B5054813460A460021FFF7C7FEB0FAD4
:1063900080F0400908BD00BF45A40200054B1A78F3
:1063A0002AB95B78002B0CBF032002207047012024
:1063B000704700BF344E00200329F8B598BF134B37
:1063C000054698BF5C5C0E4688BF0024032805D8AC
:1063D000DFE800F002080B0E44F002040C4B1F68CB
:1063E0004FB9F8BD44F00804F8E744F02004F5E79D
:1063F00044F08004F2E77B681A68144203D05B68BB
:106400003146284698473F68EAE700BF60630300CB
:10641000D831002038B5104D2B78ABB10F4C237814
:106420001BB124F036F800232370002024F032F84A
:106430000B4C50B100F0D2FA002320782B700121D0
:10644000FFF7BAFF0123237038BD064B01221A70F3
:10645000054B22781A70F7E7304E00202E4E0020B0
:10646000364E0020314E0020324E002010B523F071
:1064700018F8064B1B7804461BB1BDE8104023F00A
:1064800014B8FFF7C7FF2046F7E700BF2D4E0020E6
:10649000094A137830B101331370084B1B78012B74
:1064A00003D87047013B13707047054B1B780BB93D
:1064B000FFF7B0BF704700BF344E0020364E0020BB
:1064C000314E002070B5144E22F0EBFF33780546B4
:1064D000ABB900F0BFFB044620B1284622F0E5FF2F
:1064E000204670BDAFF300800C4822F013FF00F08F
:1064F0008FFE0B4B1C6000F093FC0A4B186000F001
:10650000EFF923F0C9FF084B1860012328463370C8
:10651000002422F0CAFFE3E7374E0020D8310020E4
:10652000AC310020D4310020B03100202DE9F843F7
:10653000284A0138135C39B1274F397801330129D2
:10654000135404D8BDE8F883013B1354FAE7FFF76E
:1065500025FF0128044635D8DFF8888022F0A1FF06
:1065600098F80030054613B31C4E33781BB901224E
:1065700032701B4A1370DFF8709099F8003023B125
:1065800023F087FF002389F80030284622F08DFF92
:10659000012023F07FFF22F084FF337805461BB1F2
:1065A00000F01CFA00233370002388F800302846DE
:1065B00022F07BFF38788442C4D02146FFF7FCFEEE
:1065C0003C70BFE70329F5D10228F3D100F052FA5D
:1065D000F0E700BF344E0020364E00202D4E002044
:1065E000314E0020304E00202E4E002038B522F0D3
:1065F00058FF094B1B78012B054604D822F055FFA4
:106600000024204638BD054B1C6800F025FA0444E0
:10661000284622F04AFFF4E7364E0020AC31002035
:1066200038B54160044622F03CFF21460546044847
:1066300022F073FE2846BDE8384022F036BF00BF86
:10664000D8310020054B1B68584300F57420044BDB
:1066500000F23F20B0FBF3F0704700BFD4310020C0
:1066600040420F002DE9FF47EFF3108772B6AFF3FA
:10667000008022F06AFD002871D0714EDFF8E481BD
:10668000337823B10020FFF703FF00233370FFF7B7
:1066900085FE0446002869D0841EE4B2012C6CD922
:1066A000FFF77CFE0128674CDFF8BC91054600F23D
:1066B0008E802078A84205D099F80030002B00F099
:1066C000B2802570207800F0B1F999F8003013B14C
:1066D0005D4B1B782370AFF3008007B962B6EFF310
:1066E000108772B6594B1A7852B100221A70564B65
:1066F00020781B78984203D101212170FFF75CFEBE
:10670000534800F0E1FA22F034FD05460028B7D1E5
:10671000DFF8588198F80030A3B189F80000DFF85D
:10672000409199F800301BB123F0B3FE89F8005076
:10673000002023F0AFFE002879D000F04FF90023AD
:1067400088F80030337823B10020FFF7A1FE002342
:10675000337020780021FFF72FFE00232370AFF362
:10676000008007B962B604B0BDE8F0873378002B2B
:1067700096D0FFF78DFE347092E703A9002000F059
:10678000F1FA044600288BD1D8F80030039A9A42D7
:1067900005D80120FFF77CFE0123337080E72D4BE5
:1067A0001D6800F059F9039B05449D42F1D200F0A9
:1067B00077F982000399264842F0020292B2CDE9AD
:1067C00000422346244A491B23F06AFE68E7DFF8AB
:1067D0009CA09AF80030CBB923F058FE207885426F
:1067E00003D099F80030D3B125709AF80030002B0F
:1067F0007FF468AF194B1B7823B923F049FE184B7F
:1068000001221A7001238AF800305BE72078854264
:106810003FF458AF99F80030002B7FF452AF29466F
:10682000FFF7CAFDE0E72946FFF7C6FD49E701206B
:1068300000F0FCF807B962B6EFF3108772B677E79D
:106840002F4E0020364E0020324E00202B4E0020CE
:10685000B4310020AC3100206D640000334E0020C4
:106860002E4E0020B0310020314E0020304E00204E
:1068700010B522F016FE054B00221C781A7022F08B
:1068800014FE00F0E5FB2043C0B210BD2C4E0020EA
:1068900073B5114E3378834204460ED000230F4D5A
:1068A000ADF8043058B101A8FCF78CFE1E20FFF7AC
:1068B000C9FE2B681B1A2B60347002B070BD022316
:1068C00001A88DF80530FCF77DFE1E20FFF7BAFE0B
:1068D0002B680344EFE700BF22150020E0310020C1
:1068E00073B5284C002501A8636A636A8DF80450CB
:1068F000FCF78EFF2846FFF7CBFFD4F8903003F06B
:106900000403AB42204B14BF01222A461A70D4F86C
:1069100090301E4CC3F30033237005D04FF4167033
:10692000FFF790FE1A4B186023781A4DEBB1112037
:10693000FCF734FA1349D1F80031C3F3042303FB05
:10694000000292B14C6C144EC4F30B44002301348A
:106950001946501E04EB8404E4FB060121F0C4FF39
:10696000FFF770FE2B6803442B606420FFF76AFE7C
:106970002B6803442B60034BD3F89020074B1A601D
:1069800002B070BD00400E403A4E0020384E00204C
:10699000E8310020E031002040420F00DC310020CF
:1069A00008B50B4B1B7893B1022000F003FC70B1CB
:1069B00000F008FA58B1002201210220FCF770FB18
:1069C00023F0B1FD034B1860034B01221A7008BD80
:1069D0003A4E0020E4310020394E002038B50E4CEC
:1069E0000E4D23782BB92B781BB123F09CFD0C4B5B
:1069F000186022F080FE2B786BB10A4AD2F89030F2
:106A00001B07FBD523F08FFD054B1B68C01A064BF7
:106A100018600023237038BD394E00203A4E002004
:106A2000E431002000400E40E831002002280AD066
:106A300003280BD001280CD1064A136923F0040364
:106A4000136130BF70470020FCF7CEBD0020FCF77B
:106A50000FBE704700ED00E0044B1B680BB103EB69
:106A6000D303034A10681844704700BFE831002080
:106A7000E0310020084B45F60E02D3F88011C3F830
:106A80008021064A126802F4A0721A66CA0744BF3F
:106A90000022C3F88021704700400E40DC31002006
:106AA000014B1878704700BF3A4E002038B500F00F
:106AB0001FFB094C094B1A6823680025C31A2AB129
:106AC00023B15169994203D3C91A5161206038BD7D
:106AD00055615B1A9268F2E7F0310020F431002032
:106AE000C38870B504460D463BB9FFF77FFD85426C
:106AF000064602D223F0BEFC35460E4965610B689E
:106B00008BB90C60A3600DE0AD1A9A6865611846F8
:106B10006AB113465A69AA42F6D930B18460521B51
:106B2000A3605A6170BD0020F4E70C60F7E79C6039
:106B3000A260F7E7F431002038B5134D2B685B698C
:106B400093B1124A146802201C4400F005FB204651
:106B500000F0D4FA0E492A6800230B70D088800711
:106B600009D501230B7038BD022000F0F5FA022090
:106B700000F018FBEEE79268002AF4D05069034455
:106B8000012BEBD9EFE700BFF4310020F0310020FA
:106B90003C4E002070B516469DF814200271049AF0
:106BA0000260C0E903360022BDF818308260044656
:106BB0000D46C380EEB900F09BFA2844A0619DB158
:106BC0002E4622F06EFC0546FFF770FF3146204648
:106BD000FFF786FF104B1B68A34201D1FFF7ACFF04
:106BE000284622F062FC02E0E36865617BB9002080
:106BF00070BD00F07DFA3044A061002DE0D1E36863
:106C00006561002BDDD0216820469847D9E72168CF
:106C100020469847EBE700BFF43100200C490B6891
:106C200000227BB183420AD183687AB19360836882
:106C30001BB15A6941690A445A61002070471A46DB
:106C40009B68EEE70028EFD0022070470B60EEE76C
:106C5000F431002070B5154E22F02EFC3478054634
:106C6000FCB9134B1C60134B1C60134B1C8000F0D1
:106C7000FBF9012000F070FA00F0C4FA0F4B024655
:106C8000186020B9284622F01DFC232070BD234641
:106C90000B4840F2E73121F027FE0A4B1860012330
:106CA0003370284622F00EFC0020EFE73D4E002016
:106CB000F4310020F0310020D2490020F8310020CA
:106CC00018FCFFFFEC31002070B5044640B322F001
:106CD000E8FB144E0546FFF7E9FE3068A04209D0F4
:106CE0002046FFF79BFF0446B0B1284622F0DDFBAB
:106CF000204670BDFFF792FF04460028F5D13368A7
:106D00003BB9022000F036FA284622F0CEFB0024E0
:106D1000EEE7FFF711FFF7E73368002BF4D1F0E758
:106D20002224E5E7F431002038B50C460546A8B129
:106D3000A1B100230B7022F0BFFB094B1B6801219E
:106D400033B922F0BFFB002038BD9D4204D1217031
:106D50002278002AF9D0F4E79B68F1E72220F3E7D4
:106D6000F4310020F8B506460F4622F0A5FB134B80
:106D70001B680446002523B9204622F0A3FB1B20F4
:106D800011E05A691544DA88B2420DD10C4E00F078
:106D9000AFF93368C01AA8420AD3002320463B60EB
:106DA00022F090FB0020F8BDFF2EEFD09B68E2E7B9
:106DB00000F09EF933682B441B1AEFE7F4310020F2
:106DC000F031002008B5074B187848B123F0ABFB31
:106DD000054B1B689B69C01A02288CBF002001204C
:106DE00008BD00BF3C4E0020F431002070B522F0F9
:106DF00063FB064600F07CF9084B1D880446012021
:106E0000ADB200F0D7F918B100F072F901350446BF
:106E1000304622F057FB2046294670BDD24900205B
:106E2000014B1868704700BFF8310020F8B50C4BD3
:106E30001B68834205460E460FD30A4B00241F6889
:106E400040F2E73021464FF47A720023E5FB070158
:106E500021F04AFD30602046F8BD2120FCE700BF4C
:106E6000EC310020F8310020014B1868704700BF5A
:106E7000EC3100200F4B1A6810B59AB1531E4FF435
:106E80007A711342A0FB01010ED1B2FA82F2C2F173
:106E90001F04531CE040D24301FA03F3184321FAC4
:106EA00002F20243104610BD002321F01DFD0246F0
:106EB000F8E700BFF831002038B5154B8342154B79
:106EC0008B41144621D3144B1A68F2B14FF47A75F2
:106ED000A0FB050305FB0131531E134211D1B2FA89
:106EE00082F2C2F11F05531C01FA03F3D243E840BA
:106EF00021FA02F218431043E940C4E900010020DE
:106F000038BD002321F0F0FCF7E72120F8E700BFAF
:106F1000EFA7C64B37894100F8310020C2072DE9A1
:106F2000F84304460BD5474A138801339BB21380BC
:106F3000FFF7BCFD444B1B680BB1FFF7FDFDA3073A
:106F40007DD522F0B9FA0546FFF7B0FD4FF00008F5
:106F50003D4F46463C680CB163698BB13B4B002208
:106F6000012E1A7003D118F0020F18BF1E70002CEA
:106F700061D0FFF7E1FD2846BDE8F84322F0A2BA50
:106F800023465A693AB91A792179914288BF1C4639
:106F90009B68002BF5D1284622F094FA2569DDB1D3
:106FA00000F0A6F8A269A0EB02084FEAE873A84532
:106FB00073F1000311DB23691344A361E368B4F8A0
:106FC0000680013613B121682046984722F074FAF2
:106FD0000546FFF76BFDBDE7A84622F06DFA814636
:106FE0002046FFF71BFE484622F06CFA2369002B6F
:106FF000E4D0A38BB5EB080533B1E28B13449BB20D
:10700000B3F57A7F0FD2E38322F056FA2946804601
:107010002046FFF765FDA36922691344A36140463A
:1070200022F050FACAE7A3F57A73E383A369013B20
:10703000013DA361E8E7022000F09CF89BE7BDE872
:10704000F88300BFD2490020F43100203B4E0020DD
:1070500010B522F031FA034B1C7822F033FA2046A7
:1070600010BD00BF3B4E002010B51D4B86B0186808
:10707000596803AA03C2197AD3F809001170019064
:10708000B3F80D201748DB7BADF8082001218DF8FF
:107090000A300024FBF72EFD03A88DF80C408DF874
:1070A0001040FCF77BFF01A901208DF80440FCF79C
:1070B00055FF0D4A536A23F4FF6323F0070353621D
:1070C00040F2FF73136201209460FCF761FF074BED
:1070D0004FF00042C3F880211A6006B010BD00BF17
:1070E00064630300A00914000020044000E100E0F4
:1070F000014B9868704700BF0020044010B504465B
:1071000022F0CFF9124A9368516D9269520704D464
:10711000CA1A032A01D899420DD1E21A022A98BF4D
:10712000DC1C0B4BB4F1FF3F38BF013C5C655A6A75
:1071300042F004025A6222F0B8F9064A137833B1D9
:1071400003490B6D43F002030B650023137010BD60
:1071500000200440231500208207054A00F00103A7
:10716000516A48BF43F004030B435362704700BFAA
:1071700000200440820700F0010309D5074A0121DD
:10718000117007490A6D22F0030243F004030A65F7
:1071900003494A6A22EA03034B6270472315002021
:1071A00000200440830742BF014B0422DA6170478C
:1071B00000200440064B01289B6904D0022805D119
:1071C000C3F38000704703F0010070470020704750
:1071D0000020044010B522F06FF9094A9369044673
:1071E000590703F0010003F0070348BF40F0020015
:1071F0001362FFF793FE2046BDE8104022F062B90B
:10720000002004400148FBF7C9BD00BFA0091400DD
:107210000A4BD3F8883003F00703013B012B10B56C
:107220000BD822F03EF9012104460220FFF77EF937
:107230002046BDE8104022F038B910BD00400E4095
:1072400020282DE9F341054604D82C46204602B0FB
:10725000BDE8F0810B4E0C4FDFF830800024002396
:10726000CDF8008038681A46194626F0ECFC8442B6
:10727000EBD2212CE9D056F8043BAB42E6D00134E6
:10728000EDE700BF64660300D8100020FFFF0F0089
:107290002DE9F04F644E654D3168286889B00CF0D7
:1072A00023FC0446002827D033689A69D3E90001FB
:1072B0001268904733689B6904A89B6898473368B5
:1072C0009B690220DB689847002432680598536860
:1072D000B3FBF0F3E7B2BB42916904F101044DD86E
:1072E000CB680020984733689B695B689847316892
:1072F00028680CF0F9FB0446DFF84C914C4FDFF89E
:107300004C81DFF84CA10026F4B94A4B28689B5DFC
:10731000002B00F08380D7F800B002AB03AA5946D7
:107320000CF024FE504507D070B9039B012B0BD005
:10733000286859460CF05EFED9F8003028681A68B3
:1073400059460CF043FD04460136212E09F104098B
:1073500007F1040708F10108D6D1374AB4FA84F3DB
:107360005B0913702B681B7C23B134484FF48B717D
:10737000FEF714FD204609B0BDE8F08F12680B69D6
:1073800007FB00209847A0E73B6803AA194402AB1B
:1073900001910CF0EBFD5045019903462ED0286871
:1073A0002BB30BF1010B009B28685FFA8BF199421C
:1073B000EAD3234B9B5D002BC6D0DDF800B02868D4
:1073C0005FFA8BF37E2BBFD8396802AB594403AA0E
:1073D00000910CF0CBFD5045B6D0009928680CF018
:1073E00009FE0BF1010B04460028E8D0ACE7039B33
:1073F0007BB998F80020029B9A42D2D098F80030CE
:10740000D9F8002028680CF049FC0028C9D00446AF
:10741000CFE701910CF0EEFD0199EFE7094B9B5D81
:107420000093A346BFE700BFB8100020D81000208B
:1074300064660300416603003E4E0020E8660300D8
:1074400020660300DE65030074630300FF6503002C
:107450000BE000F0F8B50D4616461F46FFF7F0FEAC
:10746000202804461CD8174B1B780BB3164B186802
:10747000164B53F82410164B1B5D3BB132460CF0F3
:10748000F1FC0446A0B123F072F812E07F2D08BF92
:1074900000253B46324651FA85F10CF049FCF0E7F5
:1074A000FF2808D981B23B46EAB2304622F0BDFF40
:1074B00000242046F8BD07484FF4A671FEF76EFC85
:1074C000F6E700BF3E4E0020D8100020646603009F
:1074D00041660300E8660300F8B50D4616461F46F0
:1074E000FFF7AEFE202804461CD8164B1B7803B3CA
:1074F000154B1868154B53F82410154B1B5D3BB109
:1075000032680CF063FC044698B123F030F811E0C7
:107510007F2D08BF00253B46324651FA85F10CF01D
:10752000BDFBF0E7FF2807D93A46314680B222F08A
:1075300085FF00242046F8BD06484FF4C371FEF7CE
:107540002DFCF6E73E4E0020D810002064660300B4
:1075500041660300E866030010B5FFF771FE0A4BB1
:107560001B7813B90024204610BD084B53F8201097
:10757000074B002218680CF0B3FC04460028F1D039
:1075800022F0F5FFEFE700BF3E4E002064660300E7
:10759000D810002073B516461D46002B73D04BF251
:1075A0003463984210D1082D28BF082537492A4650
:1075B000304629F0ACFD36492A46304629F057FDC1
:1075C00030B3002002B070BDC9B27F2980B208BFBD
:1075D0000021984218D17F2241F202016846082317
:1075E00022F023FF2A490822684629F040FD30B9DD
:1075F00008237F2241F2F011684622F016FF6B4605
:1076000003CB30607160DCE741F2F01398421ED189
:10761000204B701ED3F8F010D3F8F4202C1F2B460B
:10762000013B9C4200F8011F4FEA11210CD1002CB4
:10763000C7D00423D9B20729F2544FEA1222C0D08E
:1076400001339D42F6D1BCE7002BE9D1B9E700F444
:107650007043B3F5805F0AD1C0F30B0404F17E647C
:107660002A4605FB0141304629F051FDA9E700F407
:107670006043B3F5005FA4D1C0F30B0404F17E6452
:1076800004F58044ECE721209CE700BF0200E00FF6
:10769000B86703000081E00F2DE9F8431646C207E2
:1076A00004460F4604D52A4840F2D311FEF776FB74
:1076B000F30704D526484FF4EA71FEF76FFB04F494
:1076C0007043B3F5805F24D1C4F30B04214A04F165
:1076D0007E64731E2344934215D82546DFF87090CC
:1076E00005EB0608A84529D156B17208394620464F
:1076F00022F055FF20B116484FF40271FEF74EFB01
:107700000020BDE8F883124840F2D911FEF746FB8D
:10771000E3E704F46043B3F5005F06D1C4F30B0460
:1077200004F17E6404F58044D7E709484FF4F07112
:10773000FEF734FB6FF00F050024CFE715F8013B8F
:10774000FF2BCFD04FF4F5714846FEF727FBC9E772
:107750004D670300FF07E00F014B187824F0A9BC28
:107760003F4E0020024A0021022001F019BC00BF58
:10777000CA67030010B586B0044618220021684687
:1077800029F09FFC684624F016FCD4E9022052F848
:10779000203002EB80021B788DF80B30516891F994
:1077A00000108DF80A1091680988ADF8081061681A
:1077B000091A032907DDD268127803F01F0343EA90
:1077C00042138DF80B30684606F09EFD034A0346CF
:1077D0000021022001F0E4FB06B010BDE6670300C3
:1077E00007B528F013F9054B0090054A0021022047
:1077F00001F0D6FB03B05DF804FB00BF8F1203005D
:10780000F367030007B5D0E9023253F8221003EB07
:10781000820308785B681968094B002908BF19467C
:10782000003818BF0120A22217F0A6FA054B0090DD
:10783000054A0121042001F0B3FB03B05DF804FB0D
:1078400000F8FF079B150300FE67030013B5D0E99E
:10785000023203EB820153F82230D1E90114187887
:1078600022780968003818BF012028F045F8044B39
:107870000090044A0121042001F092FB02B010BDE7
:10788000086803001D68030008B50D4A01230021A4
:1078900024F00BFE0A4824F0B0FB0020094907F051
:1078A000F9FF002024F037FC10B1054807F05AFF1B
:1078B000BDE80840044A0121042001F071BB00BF6B
:1078C000BE4F0020256803000E56030010B523F0BC
:1078D000F2FF034630B1BDE81040064A0121042002
:1078E00001F05EBBBDE81040034A0121042001F015
:1078F00057BB00BF336803004468030010B524F091
:107900007EFBBDE810400346024A0121022001F03F
:1079100047BB00BF4F68030010B524F042FBBDE831
:1079200010400346024A0121022001F039BB00BF8A
:107930006568030037B5D0E9023253F822301D786C
:10794000012404FA05F10023FE224FF6FF701EF019
:107950007DFE044A00902B462146042001F020FBC6
:1079600003B030BD79680300D0E9023253F8223009
:107970001B7823B1034A0121022001F011BB024A06
:1079800013707047986803003F4E002007B56846A3
:1079900006F0C0FF23F049FF094A034601210220F7
:1079A00001F0FEFA684607F0DDFE23F040FF054ACD
:1079B00003460121022001F0F3FA03B05DF804FB55
:1079C000AE680300C868030037B5D0E902454068D7
:1079D00054F8253004EB8504401B032819786368AC
:1079E000C8BFE0681A78A368C8BF007893F9003070
:1079F000D8BF00200090012027F083FC38B9094A45
:107A00000121022003B0BDE8304001F0C9BA064BA5
:107A100001900093054A064B0121022001F0C0FAB3
:107A200003B030BDD9680300E1680300F5680300C6
:107A3000718F030007B5012027F065FC48B900905D
:107A4000094B0A4A0121022001F0AAFA03B05DF8AD
:107A500004FB054B01900093054A064B01210220CF
:107A600001F09EFAF2E700BFE16803000C69030031
:107A7000F56803002F16030008B5D0E9023253F869
:107A80002230187818F08EFB30B9044ABDE808405F
:107A90000121042001F084BA014AF7E721690300BB
:107AA0003D69030008B5D0E9023253F82230188846
:107AB00018F072FB30B9044ABDE8084001210420E7
:107AC00001F06EBA014AF7E75C6903008C690300B4
:107AD00073B5037813F0050F04460ED04588062DC4
:107AE00017D18368184A5B681B78019383880093D9
:107AF0000121164B042001F053FA2378012B20D0EA
:107B0000124B134A0121042002B0BDE8704001F07D
:107B100047BA35B983880F4A0121042001F040FAA1
:107B2000EBE7012DE9D186680B49002007F0B2FE92
:107B3000304607F017FE094A2946042001F030FAC2
:107B4000DBE702B070BD00BFC2690300B969030082
:107B5000146A0300DF690300FC6903000E5603008A
:107B60002DE9F04F374DDFF8F8900FCD8FB009AC0D
:107B70000FC42B68344A23600121022001F010FA5F
:107B80000026344623F095FEF5B2A8420BD823F028
:107B900090FE2E4A009023460121022001F000FAB7
:107BA0000FB0BDE8F08F05A9284628F0D0FD0346A8
:107BB000002841D19DF81430032B39D904238DF8C6
:107BC0001430234A2B460021022001F0E9F99DF8E8
:107BD00014300EAA02EB8303002153F8143C4A46EA
:107BE000022001F0DDF928469DF821A09DF815B08E
:107BF0009DF81870BDF816801DF068FECDE900B73D
:107C0000CDE90280134A02205346002101F0C8F951
:107C100001340020E4B224F07EFA18B10DF119000D
:107C200007F0A0FD0C4A0021022001F0B9F901E0A3
:107C3000002BC6D10136A5E7084A0021022001F039
:107C4000AFF9F7E7A46B0300266A03009D6A0300FF
:107C5000536A0300586A0300185A03007F6A03003E
:107C6000E3710300C3688268013BDBB2022052F873
:107C700023301B78652B064B0BBF064A00220121DF
:107C80001A701ABF0121044A197001F089B900BFA6
:107C900047150020B46A0300C26A0300D0E902322B
:107CA00053F822301A88014B1A807047EA140020DA
:107CB00007B5D0E9023103EB810253F82130526855
:107CC00019880548054B128800930088012308F0A5
:107CD00061FA03B05DF804FBEA140020D17A0000D9
:107CE000C3688268013BDBB252F823305B78A3F1B2
:107CF000660253425341014A137070474A150020EF
:107D000030B5D0E9023253F8223089B01D78012312
:107D1000194602AA044624F0C8FB0123009310234D
:107D20000DEB03022046022124F0A0FB04AA02A9C5
:107D3000284624F0FBFF00284FF0000014BFB324B6
:107D4000002424F0E8F918B10548214606F0BEFAEF
:107D5000044A0121042001F023F909B030BD00BF1D
:107D6000D16A03000E56030070B58EB000261223B0
:107D700009AA02210096054624F078FB05AA0146CF
:107D800009A806F0DDF8044698B1BD2805D1154ACA
:107D90000121042001F004F909E0022801D1124A6E
:107DA000F6E70346114A0121042001F0F9F80EB06C
:107DB00070BD0123194603AA284624F076FB22460B
:107DC00005A903A824F0CAFF0028304618BF1824CC
:107DD00024F0A1F918B10648214606F077FA054AC1
:107DE000D6E700BFDE6A0300016B03003C6B0300B3
:107DF0005B6B03000E560300D0E90232F0B553F876
:107E0000221003EB820387B09B680E781F7805462B
:107E1000384624F060F9044608BBD5E90221012365
:107E200019448DF8083052F8210002EB81020088D5
:107E30008DF809709268ADF80A0012788DF80C2060
:107E400004210DF10D02284624F02FFB02A9304633
:107E50008DF815401DF088FD044624F030F9044AE1
:107E6000009433460121042001F09AF807B0F0BDD8
:107E7000706B03002DE9F041284A294E294FDFF8A5
:107E8000B4808EB00121022001F08AF805AB01AA6E
:107E900009A9002025F096F8002504461CB12846C3
:107EA0000EB0BDE8F08102202B463246214601F09B
:107EB00077F8204624F02FF910B10AA807F052FCF9
:107EC0009DF830303A460021022001F069F8079B06
:107ED00042460021022001F063F8BDF82030124A2A
:107EE0000021022001F05CF8BDF814300F4A002197
:107EF000022001F055F8013501A824F007F9EDB290
:107F00000B4A0121022001F04BF805AB01AA09A997
:107F1000284625F057F80446C0E700BFB86B0300B9
:107F2000FE6B0300066C0300D26803001B6C0300A9
:107F30000E560300126C03002DE9F04F064699B06F
:107F4000C0B923F0B4FC07460EA824F061FC404AF7
:107F5000DFF80481DFF80491DFF804A10121022099
:107F600001F01EF800252C46BC4205D3284619B066
:107F7000BDE8F08F0127E7E713A824F049FC002EA5
:107F80004BD04FF0020B06A913A88DF84CB024F08B
:107F9000A6FE0446002859D102A913A824F07DFFAB
:107FA0009DF859302B4A43F00103214658468DF87D
:107FB000593000F0F5FFFE249DF859300AA943F02E
:107FC000010313A88DF8593024F067FF002024F036
:107FD000A2F810B114A807F0C5FB0C9B4246002183
:107FE000022000F0DDFFBDF8282012F4007F14BF4E
:107FF00041234C2312F0100F0CBF6E227922009205
:1080000000214A46022000F0CBFF06A824F07EF8AB
:108010000135EDB20134E4B2A6E70AAB06AA13A912
:10802000204624F05DFF0028F4D102A913A824F013
:1080300034FF9DF8593043F001038DF85930524612
:1080400023463146022000F0ABFFB5E7FE24E1E70E
:10805000256C03005A6C0300126C0300616C030072
:10806000FE6B030030B599B00EA824F0D1FB0124BB
:1080700013A88DF838401AF043FCC0B9BDF84C1075
:1080800011EA040513D1454A2146022000F088FF79
:10809000434A2946022000F083FF404A214602203D
:1080A00000F07EFF3D4A2146022000F079FF06A93C
:1080B0000EA824F014FE20B11022FF2106A829F0FA
:1080C00000F804A824F0BAFD059B364A009301216C
:1080D000354B022000F064FF9DF81230334A0093C4
:1080E0000121314B022000F05BFF2F4B304A002171
:1080F000022000F055FF06A824F008F813A824F089
:1081000087FB02230AA913A88DF84C3024F0C5FE82
:1081100000283FD10B9B0093264A274B01210220C8
:1081200000F03EFF244B254A0121022000F038FFD9
:108130000120FFF701FF204B214A0121022000F01E
:108140002FFF0020FFF7F8FE044623F0B0FB234684
:1081500000901C4A0121022000F022FF1A4B184A0D
:108160000121022000F01CFFFFF784FE1749184A86
:1081700002280346174828BF0A460849009228BF2C
:108180000146CDE90131144A0121022000F008FF27
:1081900019B030BD4FF0FF33BDE700BF0E560300EE
:1081A000746C0300B26C0300AA6C0300C26C030081
:1081B000D36C0300D86C0300CD9D0300E86C030072
:1081C000EF6C0300F86C03000C6D0300706C03008F
:1081D0000D840300A28203001A6D0300D0E902326D
:1081E00010B553F822301C78201E18BF012017F05C
:1081F00013FB054A054B0649002C18BF1A46002000
:10820000BDE8104007F02CBB476D0300426D030032
:10821000506D0300D0E9023253F8223003491A8826
:10822000034B00201A8007F01BBB00BF916D0300B9
:1082300006150020D0E9023253F8221008780449CC
:1082400003EB820308705B681A78024B1A70704760
:10825000D64F0020D54F002037B5044614F0CCFF90
:10826000014638B10D4A0E49002003B0BDE8304048
:1082700007F0F6BAE368A2680A48013BDBB252F89D
:108280002330094A1D78012300936C2D08BF024654
:108290001023204624F0EAF803B030BDDF6D030060
:1082A000E76D0300341500202415002007B50523D1
:1082B0000093054A054B0121022000F071FE03B036
:1082C0005DF804EBFFF7CEBE046E0300FD6D030006
:1082D00013B5044624F0F0FE38B1CDE90040044B5C
:1082E000044A0121022000F05BFE02B010BD00BF75
:1082F000DF6D03001B6E030038B51C4615460123D5
:10830000224624F0D2F828B92146284615F0A8F8CC
:10831000044610B90024204638BD034A0121042038
:1083200000F03EFEF7E700BF326E03002DE9F04398
:1083300015461F46D0E902230C4652F8231002EBE3
:1083400083020E88936893F80080D3688BB0B3F8EB
:108350000090324606AB0121FFF7CEFFF0B90DF1D8
:10836000200CF4B12A8801234021CDE90471CDE924
:1083700002C2CDE9009306AA43462221304624F0EA
:10838000CBF80B4B0B4A00930B4B0190002C08BF12
:1083900013460121094A042000F002FE0BB0BDE89B
:1083A000F08328686968624603C203232246DBE73C
:1083B0008F6E0300766E0300706E03007E6E030006
:1083C00007B501236A46002124F06FF80349684687
:1083D00007F05CFF03B05DF804FB00BFD17A00003A
:1083E000D0E9023253F822300149188807F020BF43
:1083F000D17A0000D0E9023210B503EB820153F8C4
:1084000022304968188809784FF48A5224F074F8A9
:10841000BDE810400346024A0121042000F0C0BD1F
:10842000996E0300D0E9023253F8223010B5188853
:108430004FF48A52022124F051F8BDE8104003465F
:10844000024A0121042000F0ABBD00BFB26E030060
:10845000D0E902322DE9F04353F8221003EB8203F6
:108460000E885A6817789A68DB6892F80090B3F81B
:1084700000808BB006AB324604210446FFF73CFF78
:1084800028BB08AD01232A460521204624F00DF81B
:1084900038B904200F4A012100F082FD284606F079
:1084A00039FA4FF48A53CDE904930023CDE90253FE
:1084B0000323CDE9008306AA3B462121304624F060
:1084C0002BF8054A03460121042000F069FD0BB09A
:1084D000BDE8F083C96E0300F86E030038B5D0E93B
:1084E000024303F18043023B0F4954F82300022268
:1084F0009D0028F0BCFD60B90C4B0D491A78042A88
:108500000BD82C44A068008821F8120001321A70A0
:1085100038BD084B08491A78F1E7BDE83840074AEA
:108520000121042000F03CBD24590300414E0020ED
:10853000DE490020404E0020D44900200A6F03008D
:1085400008B5C3688068084903F18043023B0222F2
:1085500050F8230028F08BFD10B9044B187008BDAB
:10856000034B00221A70FAE724590300414E002001
:10857000404E002037B5D0E9023153F8212015785C
:108580004268521A012A4FEA810410DD2344294629
:108590005B681C78204623F00AFFD0B1164A00958C
:1085A00023460121042000F0FBFC03B030BD6C0920
:1085B00044F0180405F01F052946204623F0F7FE75
:1085C0000028EBD10121A9400023FE2241EAC46129
:1085D00005E00121A940002CF4D12346FE224FF6EC
:1085E000FF701EF033F8054A03460121042003B052
:1085F000BDE8304000F0D4BC206F0300406F0300A2
:1086000070B5D0E9021551F8253001EB850104461B
:1086100018884B681A788B68052A1B8802D85E1E5A
:10862000072E0BD90D4A0121042000F0B9FCBDE84A
:1086300070400B4A0121042000F0B2BC6468641B46
:10864000032CCABFC968074909681DF0FFFFBDE8D0
:10865000704002460449002007F01CB95E6F030019
:108660007E6F030000F8FF079B6F030008B5D0E999
:10867000023253F8220003EB8203FF225968038879
:1086800009684FF6FF701DF0E1FFBDE808400246A3
:108690000149002007F0FEB8AC6F030008B5D0E92F
:1086A000023253F8223005211888402223F016FFA9
:1086B000BDE8084002460249002007F0EBB800BFC1
:1086C000CB6F030008B5D0E9023203EB82014868A2
:1086D00053F82210027809884023312023F051FFFB
:1086E000BDE8084002460249002007F0D3B800BFA9
:1086F000EA6F030008B5D0E9023203EB8201486853
:1087000053F82210027809884023332023F039FFE0
:10871000BDE8084002460249002007F0BBB800BF90
:10872000027003001FB5D0E9023253F8221003EBA8
:1087300082030C889B680C491A7808684968003ADB
:1087400018BF012202AB03C3D20102A94023204675
:1087500023F026FF054B0090054A0121042000F07C
:108760001FFC04B010BD00BF9D7003008F6E03009E
:108770001E70030007B5D0E9023253F822300321FE
:108780001888402223F0AAFE044B0090044A0121DD
:10879000042000F005FC03B05DF804FB8F6E0300BD
:1087A0002B700300C36837B50533826852F8233055
:1087B00004211D786A460123044623F076FE38B969
:1087C0000420074A012100F0EBFB684606F0A2F8FE
:1087D0002B466A4600212046FFF7A8FD03B030BDB6
:1087E0004370030007B5D0E9023203EB8201486809
:1087F00053F82210027809884023322023F0C1FE6A
:10880000044B0090044A0121042000F0C9FB03B08E
:108810005DF804FB8F6E0300747003001FB5D0E990
:10882000023203EB820153F8223049681888098824
:108830000A4A4FF48A530293094B0193094B009360
:10884000094B12781B7821F03DFF084A03460121AD
:10885000042005B05DF804EB00F0A2BB414E0020FF
:10886000D4490020DE490020404E002087700300DC
:10887000836970B513F00106044603F0020509D1BF
:10888000EDB9C3695BB314F05FFBE3692046BDE853
:10889000704018471DB11B489B21FDF77FFAA06966
:1088A000C0F3810023F005FCE3691BB91548A3213F
:1088B000FDF774FA204614F047FB4DB916E0C3F3F8
:1088C000072023F008FCE369B3B1204614F03CFB19
:1088D000E369607E9847BDE8704023F0F0BB09482B
:1088E000A321FDF75BFA204614F02EFBE369204636
:1088F0009847002EEFD170BD0248A321FDF74EFA34
:10890000E3E700BFA570030008B514F0B7FC28B179
:10891000BDE8084002483F21FDF740BA08BD00BF4E
:10892000A57003002DE9F84FFF2B9DF82870DFF8A4
:1089300068B0DFF868A00446884691461D464FF0AF
:10894000000612D1C0E900BAC0E90662066186607D
:10895000C160FF2F07D0A36943F0020323F47F43D4
:1089600043EA0723A361BDE8F88FFF2F03D009482E
:10897000BE21FDF713FAAD0045F00105EDB2C4E9E3
:1089800000BA2661A660C4F81C90C4F80C80A561EA
:10899000DFE700BFA5700300FC31002071880000F4
:1089A00010B5064C0460064CC2610023C0E90143C7
:1089B00003610123C160836110BD00BFFC31002051
:1089C00071880000826938B502F00203D2070446BC
:1089D0000D4620D553B9FF2921D1A36913F00C0FFF
:1089E00017D01148FC21FDF7D9F912E00E48ED210E
:1089F000FDF7D4F9FF2DF0D0284623F016F8FF2814
:108A0000054603D10848F521FDF7C8F92DB204EB5E
:108A10004514204638BDFF29FBD0002BECD102487D
:108A2000F221FDF7BBF9E7E7A57003000023054A33
:108A30000361C0E906310260C360034A034B426030
:108A400083607047FC31002071880000DDCD01009B
:108A5000014826F01BBC00BFFC310020014826F075
:108A600021BC00BFFC31002013B5164826F0E3FB03
:108A7000F8F7A8FA20F0B9FB20F0D8FB20F0DFFBD4
:108A8000FDF746F90446FDF75DF90F4A00902346CD
:108A90000121042000F084FAFDF740F9012383400E
:108AA00040F2A17213420BD00020FDF72FF80020F6
:108AB000FCF72EFF002002B0BDE81040FCF7F4BE2A
:108AC00002B010BDFC31002017710300022808B568
:108AD00003D121F072FC014B186008BD2C3200203C
:108AE00008B50CF007F8074B0120187021F06AFE5A
:108AF000022021F067FEBDE8084003490348FDF766
:108B00008FBD00BF444E0020F01000203032002006
:108B1000014B1870704700BF424E002038B50E4B15
:108B20001C786CB9204638BD22F083FE04280FD093
:108B300022F07FFE054623F0C2FA052D0AD0F1E7A8
:108B4000002023F0B6FA28B922F073FE0228EBD1F8
:108B500023F0B5FA0024E5E7434E002008B5074BA3
:108B60001B780BB1002008BDFFF7D8FF0028F9D112
:108B700005F0F2FD023818BF0120F4E7424E002054
:108B800070B514F0E3FB0446FFF7E8FF14F0070F9D
:108B9000204D0CD158B114F0D9FB10BB4FF0FF346D
:108BA000FFF756FF844228BF0446042C1DD82B78BB
:108BB00023B9012021F006FE01232B7021F010FEC5
:108BC000044628B32B781BB91348F921FDF7E6F8C2
:108BD00014F024FB0446FFF73BFF844228BF044601
:108BE00016E014F01BFB0446DAE7204621F0FAFDFC
:108BF0000028DCD02B785BB120F053FC0021064626
:108C00000120FDF793FC304620F04FFC00232B7031
:108C1000204670BD444E0020377103001FB5FFF79A
:108C2000AFFF0446FEF720F9A04228BF204688B1D6
:108C300003A9FEF7FBF8034638B9CDE90000064A60
:108C40000399064821F02CFC18B105489221FDF744
:108C5000A5F8012004B010BDC3A702000C3200200B
:108C6000377103000D4B0E4A1B7870B50D4D0E4C3D
:108C70000121002B0CBF2B462346022000F090F967
:108C80000A4B0B4A1B780121002B0CBF2B462346B5
:108C90000220BDE8704000F083B900BF434E0020C1
:108CA000A87103001297030031970300424E002081
:108CB000C771030010B5D0E9023253F822301B7897
:108CC000002B14BF012400244FF0020014BF054AFA
:108CD000054A012100F064F92046BDE81040FFF785
:108CE00017BF00BFE671030003720300D0E9023230
:108CF00053F82230034A1B78003B18BF012313703E
:108D0000704700BF434E002010B50B4C0B490020AC
:108D100006F0A6FD23681B68587922F0B0FE236890
:108D20001B68587921F0B2FF04F0DEFC002023F02C
:108D300089FA012010BD00BFE43500202272030033
:108D40002DE9F3410C4E0D4DDFF838800C4F002417
:108D500056F8043B0BB9D8F8003035F8022B0092D6
:108D6000394622460020013406F07AFD292CEFD145
:108D700002B0BDE8F08100BFFC100020BE4A002018
:108D800045720300F810002007B5D0E9023253F80D
:108D900022301A78282A0DD8084B53F822300BB904
:108DA000074B1B68074931F8121000910020064953
:108DB00006F056FD03B05DF804FB00BFFC10002078
:108DC000F8100020BE4A00204572030038B5D0E9F3
:108DD000023253F8221003EB82030C785B680549DA
:108DE0001D88002006F03CFD29462046BDE838409D
:108DF00000F0BAB8507203002DE9F3410C4E0D4D4E
:108E0000DFF838800C4F002456F8043B0BB9D8F833
:108E1000003035F8022B00923946224600200134FA
:108E200006F01EFD292CEFD102B0BDE8F08100BF95
:108E3000FC1000206C4A002045720300F81000204E
:108E40002DE9F34102AB03E906000446904614F015
:108E500061F90546204614F06DF9384F9DF8006021
:108E6000374BFDB1202C98F8002033F8141037F858
:108E7000140008D9814253D34FF6FF7291421DD19D
:108E800002B0BDE8F081012A32D802EB42122D482F
:108E900022444FF6FF7530F81210A94202D001317A
:108EA00020F8121033F8141037F81400814237D329
:108EB0004FF6FF7291424FF0010502D0013123F8C5
:108EC000141004F0FD02092A2CD19A8AB98A32447E
:108ED0008A42B4BF9A82998233F814308342CFD346
:108EE000002DCDD1204602B0BDE8F04121F0DEBE1C
:108EF000022AD7D1134A32F814104FF6FF7081427C
:108F000004F121001CBF013122F8141032F81010B6
:108F10004FF6FF75A9421CBF013122F81010C1E7BE
:108F20000025CBE71D2CD7D15A8F91198142BDBFA7
:108F300002F1FF32B6185E875887CDE76C4A0020F1
:108F4000BE4A0020E849002002485222002128F0B1
:108F5000B8B800BFBE4A002002485222FF2128F0C4
:108F6000B0B800BF6C4A0020014B23F810107047C6
:108F70006C4A002008280ED84FF48B73C340DB07DF
:108F800009D5064A136819B10343136000207047DE
:108F900023EA0003F9E72120704700BFA411002055
:108FA0000CB4082813B50C4611D84FF48B73C3408A
:108FB000DB070CD5084B1B68184208D005A904989C
:108FC000019109F03FFB14B1044824F0A2FA02B069
:108FD000BDE8104002B07047A411002038750300AE
:108FE000034610B5D3E9023253F822301C78084604
:108FF000211E18BF0121FFF7BDFF014650B9094AE4
:10900000094B0220002C08BF1346BDE81040074A58
:10901000FFF7C6BFBDE81040054A00210220FFF758
:10902000BFBF00BF427503003A7503004B750300D4
:1090300061750300024A03480021FFF7B1BC00BF7D
:10904000C9900000383200200148FF2121F09FBB69
:1090500038320020034B04480022FF211A7021F00F
:109060008FBB00BF454E00203832002013B5114C95
:109070002378032B14D80093002318460E4A0F4977
:1090800006F0EEFB23780E48002B42F210724FF0F0
:10909000FF0108BF002202B0BDE8104021F05FBB15
:1090A00000220849104606F0DBFB02B0BDE8104084
:1090B000FFF7D0BF454E0020727503008475030092
:1090C000383200208E750300F0B52A4D2B788FB012
:1090D00023B309A823F09CFB022309A88DF82430B0
:1090E00023F06CFD244B01AA064603F110079446B9
:1090F00018685968144603C40833BB422246F7D1A6
:109100001E4B05AA03F1100E17461868596814463D
:1091100003C4083373452246F7D1CEB1012409A810
:109120001BF016FD28B9BDF8243013F0020F18BF4C
:1091300001242B781249002B08BF0021A0222046D1
:1091400015F01AFE90B92B7801332B700FB0F0BDDB
:10915000614609A823F099FD0028DFD1394609A806
:1091600023F093FD04460028D9D0D7E7FFF77EFF10
:10917000ECE700BF454E0020B0750300C07503004A
:1091800000F8FF0710B53349334C002006F068FBA8
:1091900032490822002006F063FB314B314A19782E
:1091A000314B0020002918BF1A46304906F058FB01
:1091B000002022F07EFF2368002B47D01B78022B73
:1091C00044D900222A4B2B49104606F049FB21F0D6
:1091D000BDFD29490246002006F042FB00F0CAF816
:1091E00026490246002006F03BFB23681B78032B30
:1091F0002CD900F0D1F82249224C0246002006F07A
:109200002FFB00F0DDF820490246002006F028FB85
:1092100000F0DEF81D490246002006F021FB00F0B8
:10922000A3F81B490246002006F01AFB00F0D6F80E
:10923000184954F82020002006F012FB00F024F911
:10924000154954F82020002006F00AFBBDE8104024
:1092500022F035BFD075030020350020EC750300E7
:10926000464E002012970300319703000F7603004B
:109270002B760300397603004576030068760300F9
:109280008B760300A8110020AE760300D176030090
:10929000F77603001D7703004077030008B5D0E997
:1092A000023253F82230187840B10020074906F006
:1092B000D7FABDE80840802000F034B8044906F031
:1092C000CFFABDE80840802000F046B8637703007D
:1092D00080770300D0E9023253F82230034A1B782A
:1092E000003B18BF01231370704700BF464E00209B
:1092F0000A4B18220021C3E900121A7B0AB9084A56
:109300009A601A7C12B94FF47A72DA8140F6B83258
:109310005A8200229A829A75704700BF5832002004
:1093200040771B000A4B1B6810B57BB11B78032BE1
:1093300002D8B0F5007F09D1064C236803432360AF
:109340006368184202D021F033F8A08210BD00BF3C
:109350002035002058320020024A136823EA000317
:109360001360704758320020014B1868704700BFE7
:1093700058320020024B9868FA23B0FBF3F0704794
:1093800058320020034BFA225043012298601A738E
:10939000704700BF58320020024BD889FA23B0FB37
:1093A000F3F0704758320020C0EB4012034B00EB43
:1093B000820040000122D8811A7470475832002080
:1093C000024B588AFA23B0FBF3F070475832002062
:1093D000014B5868704700BF583200202DE9F84310
:1093E000114B124F9D7D124E00244FF00C0839880E
:1093F000E3B28B4202D32846BDE8F88308FB03F3AF
:1094000006EB0309F05C22F05CFE50B9D9F80800C5
:10941000FF2121F0BCF920B199F805309D4238BFF9
:109420001D460134E3E700BF58320020EE1400204F
:1094300008120020124B1B6810B5124CEBB11B78C0
:10944000032B02D823689B0517D520F0B1FFA38A10
:10945000C01A638A80B283423EBFD4E9003293438C
:1094600023601BF03FFB08B1E08910BD2368002B8F
:10947000FAD1FFF7B3FF0128F6D0A068F5E700BFE7
:109480002035002058320020014B987D704700BFE6
:109490005832002038B504460D4622F00EFE244B0B
:1094A0001B7813B1204621F04CFC402C26D006D866
:1094B0007CB1312C17D0BDE8384022F000BE872C9B
:1094C00003D07334E4B2012CF5D80220FFF744FF37
:1094D000F1E74FF40070FFF73FFF0220FFF722FF94
:1094E000144B1C71E7E74FF40070FFF735FF0220C3
:1094F000FFF732FF0F4B00221A71DCE722F063FD09
:109500000028D8D10B4C2379022001332371FFF7B7
:1095100023FF4FF40070FFF705FF2379AB42CAD356
:1095200021F010FC0028C6D121F0E5FBC3E700BF05
:10953000464E00207032002010B522F07AF9022841
:109540000AD117F0CFFC034630B10022BDE810402D
:109550000249104606F084B910BD00BFC47703006D
:10956000024A03480021FFF71BBA00BF39950000EB
:109570007832002038B5002022F09BFD124B1B688A
:1095800093B11B78022B0FD922F053F9022816D180
:109590000E4C2568FFF74EFFA842206008D02268D5
:1095A0000B48FF2121F0DBF8BDE8384022F087BDF1
:1095B0000748FF2121F0EBF80028F5D1EFE7044838
:1095C000FF2121F0DDF8EFE7203500207032002088
:1095D000783200202DE9F0410E4E0F4FDFF83C802D
:1095E000002405F0DFF9E5B2A84201D8BDE8F0811A
:1095F000284605F055FB054622F0FEFD2A460028C8
:109600000CBF33463B464146002006F029F90134A1
:10961000E7E700BFDB770300D6770300E1770300BD
:1096200030B585B002230025CDE9013500914023F6
:109630002A46032122F0C3FB044620B10246034917
:10964000284606F00DF9204605B030BD027803002B
:109650001FB5212301930DF10E03ADF80E100093F9
:1096600000224023032122F077FB044620B102466A
:109670000349002006F0F4F8204604B010BD00BFF6
:109680002078030073B50321044622F0F2F9FF2885
:1096900005461DD00DF106012046FFF7C1FF134E10
:1096A000C0B916F8253053B9012306F8253006EB6A
:1096B0008503BDF806105980204621F051FBBDF806
:1096C00006303BB14FF47A720321204621F09FFF10
:1096D00002B070BD0023204606F8253021F041FB82
:1096E0000321204621F0AAFFF2E700BF104B002023
:1096F00013B501A9F8F7FEFC0446C8B9BDF804206B
:109700000C4906F0ADF80C4BBDF804101B681B6843
:109710005879FFF79DFF22F095FD034610B901200F
:1097200002B010BD054A0649204606F099F8F6E752
:109730000020F5E73E780300E4350020F414030030
:10974000597803001FB51749002006F089F8164B19
:109750001B681B680DF10E015879FFF761FF044685
:1097600010B9BDF80E3063B9204622F06BFD0346F8
:1097700020B10E4A0E49002006F072F8012004B014
:1097800010BD0246009303210A4B092005F022FF79
:1097900022F055FD03460028F0D0074A0449204630
:1097A000EAE700BF84780300E4350020F4140300E6
:1097B000597803009678030098780300034B1B68E0
:1097C0001878012808BF0220704700BF203500200C
:1097D000D0E9023253F822301A78024B1A7000F0A6
:1097E000D7BA00BF474E002070B5D0E902456B1EC6
:1097F000DBB21D4954F82300032227F038FC54F84B
:10980000253004EB8504197863681A78A2F10B03FC
:109810000F2B05D91549BDE87040002006F020B88F
:1098200001290FD1124C9140236840B90B43114AD2
:109830002360BDE870401049002006F011B823EA0B
:109840000103F4E702290CD10C49012303FA02F2C7
:109850000B6818B913430A4A0B60EAE723EA0203CC
:10986000F9E70A460749D6E7F41203009E78030099
:10987000B4110020B4780300BC780300B0110020BC
:10988000CE780300D878030007B5D0E9023103EBA6
:10989000810253F821300B491B785268012B0A4B87
:1098A000126808BF0B464FF000001A600092074A8A
:1098B000074B084918BF1346074A05F0D1FF03B00C
:1098C0005DF804FBB4110020B0110020F378030010
:1098D000EB780300FD780300F67D030038B5254AD8
:1098E000254B264C2649274D002005F0B9FF264977
:1098F000002005F0B5FF22682449002005F0CAFFCA
:109900002068234C05F086FF2146002005F0A8FFC3
:109910002A682049002005F0BDFF286805F07AFF7D
:109920002146002005F09CFF1B4B1C491A781C4B5C
:10993000002053F8223005F093FF00F027F9194971
:109940000246002005F08CFF174B18491A780020BA
:1099500005F086FF164B17491A78002005F080FFA6
:1099600021F067FFBDE8384002461349002005F0AA
:1099700077BF00BFF67D030016790300B411002005
:109980001D790300B011002025790300337903000D
:109990004376030043790300634E002053790300AC
:1099A000B811002064790300594E00207879030033
:1099B000584E00208A7903009C79030007B500F017
:1099C0008FF8054B0090054A0549002005F048FF37
:1099D00003B05DF804FB00BFE3990300F67D0300CC
:1099E000B07903000149002005F03ABFBD790300BA
:1099F000014812F001BE00BF144B0020F8B50C4F17
:109A00000C4E0D4D0D4A0E490446002005F028FF6E
:109A10003B782978327820461FF02DFB00233B70DD
:109A200033702B70BDE8F8400648FF2120F0A8BE37
:109A3000634E0020584E0020594E0020F67D030052
:109A40005C7A03009832002037B51948FF2120F0D6
:109A500097FE184B1B7813F0200013D004F0D4F9B4
:109A600025F0D4FF0020144B144A154905F0F8FEE8
:109A70000120FFF7C3FF4FF4806003B0BDE8304022
:109A8000FFF76ABC13F0100404D003B0BDE8304007
:109A900004F0C2B90121B42004F0D8FC094B0090B5
:109AA0000546064A0849204605F0DAFE2846E0E762
:109AB00098320020634E0020737A0300F67D030085
:109AC0009C7A0300A37A0300BC7A0300024A03488D
:109AD0000021FEF765BF00BF499A000098320020C0
:109AE00008B5054B1B7823B19420FFF787FF0020B2
:109AF00008BD7020FCE700BF634E002037B51E4C48
:109B00002378DB0605462FD500901C4B1C4A1D49C7
:109B1000002005F0A5FE1E2D10D0652D0ED0032DC2
:109B200024D12378184843F0200341F28832FF21E2
:109B3000237003B0BDE8304020F011BE237823F03D
:109B400020032370FCF784FA4FF4FA63B0FBF3F2BE
:109B500002FB1300C21892B20B48FF2120F0FFFD58
:109B6000237823F01003237003B030BD25F04EFF9F
:109B7000AE20FFF743FFF3E7634E0020C97A0300EE
:109B8000F67D0300BC7A030098320020014B187A5E
:109B9000704700BFB832002070B5424E3378DD1FE9
:109BA000012B8EB0EDB258D0042B56D0032B41F6CA
:109BB000041255D0991F4B424B415B0013433A4866
:109BC000ADF80C3021F0F8F848B9384B364A03F1BB
:109BD000100153F8040B42F8040B8B42F9D133788F
:109BE000032B3FD0062B3DD0314B0DF10E0203F17C
:109BF000100153F8040B42F8040B8B42F9D103A86F
:109C00001BF0AAF8B728044610D1012D36D8294AEE
:109C10002949002005F024FEBDF80C3003A823F4E8
:109C20000053ADF80C301BF097F804467CBB302095
:109C30001AF06CFF044650BB21F0F6FA012D26D82D
:109C40001E4A1068516801AB03C322461C4901A893
:109C500023F084F8F0B1182419E043F60412A9E7C0
:109C60000223ABE7104A0DF10E0302F1100152F886
:109C7000040B43F8040B8A42F9D1C0E73378012B77
:109C800001D0042B03D10F49002005F0E9FD204647
:109C90000EB070BD0449224601A823F05FF80028E9
:109CA000D9D1F4E7634E0020484E00208E7B03009C
:109CB0009F7B0300F67D0300ED7A0300B07B030079
:109CC000E67D0300407B030030B5044687B02520C5
:109CD00015F034FE1C220021144827F0F2F9144B31
:109CE0001878FFF76BFD022814BF012304230A2014
:109CF0008DF8083025F016FB04238DF8103002A8EB
:109D00000C4B0593039404F00FF80B4B0B4A1968A6
:109D10000B4B0094A14218BF13460546094A0A4955
:109D2000002005F09DFD284607B030BDB832002068
:109D3000634E0020CD9F0000B4110020F378030093
:109D4000EB780300F67D0300B97B030008B50E49EC
:109D50000A78531CDBB2072B0B7001D0092B04D1FE
:109D60009420FFF74BFE942008BD02F0FB02032A6B
:109D700007D1064B18680028F2D0FFF7A5FF3D2059
:109D8000F2E70020F0E700BF634E0020B011002092
:109D900073B51C4C1C4E23683268134330D01B4BE8
:109DA0001B6833B31A4D2B781BBB21F042FDD8B989
:109DB0004FF48060FFF7B6FA24688CB101232B7052
:109DC00004F022F82046FFF77FFF0446114B124AA9
:109DD00012490094002005F043FD204602B070BDFA
:109DE000042334682B70EBE70121B42004F02EFB30
:109DF000EBE7094A0A49002005F032FD7024E5E747
:109E00007024EAE7B4110020B011002020350020B2
:109E1000634E0020007C0300F67D0300B079030050
:109E2000E67B03002DE9F341374C3849227AA388B9
:109E3000002005F015FD2268207A22FA00F010F0CB
:109E4000010002D1324905F00BFD324D287838B1BE
:109E500031493248082227F00AF9003818BF01209A
:109E60002F4E2D4F06F10E0807E0082239464046D6
:109E700027F0FDF8003818BF0120227A2368D3406C
:109E8000DB0700D560B1304615F024FD00282DD148
:109E90002B78002BE9D1227A2368D340DA07F2D558
:109EA000237A0093A3881F4A1F49002005F0D8FC9D
:109EB0001E4B1878FFF782FC01230A22184915F07F
:109EC0008DF81B4A137801331370044610B902B0A1
:109ED000BDE8F081134A17492346002005F0C0FC75
:109EE000204602B0BDE8F041FFF788BD12490020CE
:109EF00005F0B6FCFFF72AFF0028E8D102B0BDE864
:109F0000F04100F01BB800BFB8320020067C03000F
:109F1000367C0300624E00205A4E0020CA320020D8
:109F2000BC320020F67D0300027D0300634E00205A
:109F3000584E0020A57C0300CC7C030070B51B4C60
:109F40001B4B22781B4953F822301B4A1A4D1B4EDB
:109F5000002005F085FCFFF71FFE034683B9237838
:109F6000032B19D8D3B1164B16481B6840F8043B95
:109F700015F08EFCA0B1BDE870400120FFF73EBD9A
:109F80002A463146002005F06BFCFFF7DFFE58B98A
:109F9000FFF702FE0346E1E7072BE4D00A4BE3E7B5
:109FA000BDE87040FFF73EBF70BD00BF634E0020AC
:109FB000B8110020217D0300F67D03002E7D0300F3
:109FC000B4110020B8320020B011002070B51A4C36
:109FD000237883B3838913F4407F2CD0056835B18F
:109FE0002A461649BDE87040002005F039BC15F03E
:109FF0009FFC134E134A307003461349284605F060
:10A000002FFC33781BB1BDE87040FFF797BF237872
:10A01000062B06D8032B06D9BDE87040AB20FFF70E
:10A02000EDBC082BF8D004232370084BBDE870402A
:10A030001868FFF749BE70BD634E0020577D0300CE
:10A04000594E0020F67D0300827D0300B0110020F0
:10A0500030B5434D434A4449034687B00446002087
:10A0600005F0FEFB2B782BBB01A822F0D1FB0223CD
:10A0700001A88DF8043022F0A1FDB0B93B4901A838
:10A0800022F003FE88B1902C0FD1FBF7E1FF47F2DD
:10A090003153B0FBF3F202FB130000F51C501030FB
:10A0A00080B203F0B9FE07B030BD912CFBD103F0B4
:10A0B000EDFEF8E7902C2AD12A4A2D49002005F020
:10A0C000CFFB2B78032B11D0062B0FD0294B1B78FD
:10A0D000DA070BD401A81AF03BFD18B9BDF804301B
:10A0E0009B0703D42B7843F010032B70FBF7B0FFD2
:10A0F0004FF4FA63B0FBF3F202FB1300C2181E48E0
:10A1000092B2FF2107B0BDE8304020F028BB13F029
:10A110007BF804460028C6D12B78013B072B19D8C1
:10A12000104A164905F09CFB154815F0D3FB60B1A9
:10A130001449204605F094FBFFF708FE0028B2D131
:10A1400007B0BDE83040FFF7F9BE07B0BDE83040CA
:10A15000FFF768BEAE2007B0BDE83040FFF74EBC49
:10A16000634E0020F67D0300A67D0300E67D03001C
:10A17000BB7D0300474E002098320020CE7D0300B7
:10A18000BC320020CC7C030010B588B00024012331
:10A1900001A88DF80430CDE90244F8F757F89DF88E
:10A1A00004201149204605F05BFB039A0F49204625
:10A1B00005F056FB029A0E49204605F051FB0D4969
:10A1C00010230DEB03007F22098820F021F90A49B2
:10A1D000204605F05FFB04A821F098FF07492046C0
:10A1E00005F03EFB08B010BDBE7F0300DB7F03001F
:10A1F000F97F0300C2670300178003000E560300B7
:10A2000008B520F0DDFD0349002005F029FB012001
:10A2100008BD00BF3480030008B5044A044900208B
:10A2200005F01EFBBDE8084000F02CBD718F030057
:10A230004880030008B5044A0449002005F010FBDB
:10A24000BDE8084001F08AB9678003004880030038
:10A250001FB5D0E9023253F822301C7868462146F7
:10A2600001F0FEFB684601F0A1FC28B90449224632
:10A2700005F0F6FA04B010BD684601F063FAF9E79C
:10A280006D8003000149002005F0EABA89800300CF
:10A290007FB50DF1060102A801F036FA264900202B
:10A2A00005F0DEFABDF808202449002005F0D8FAB0
:10A2B000BDF80A202249002005F0D2FA039A21496C
:10A2C000002005F0CDFA2049002005F0E3FABDF8A2
:10A2D00006204FF6FF739A4229D01C49002005F052
:10A2E000BFFA1B4A1B49002005F0BAFA184A1A495E
:10A2F000002005F0B5FA00221046184905F0B0FA22
:10A30000174A1849002005F0ABFA17490A22002025
:10A3100005F0A6FA15490A22002005F0A1FA144911
:10A320000A22002005F09CFA07B05DF804FB1149F1
:10A33000002005F095FAD4E798800300B080030070
:10A34000C8800300E0800300F8800300E4AC030051
:10A35000005C26050E8103002C8103004A81030066
:10A36000C02709006881030086810300A4810300DF
:10A37000C28103000B81030008B50020034905F0EA
:10A380006FFABDE80840012001F0B8B9E081030090
:10A3900008B50020034905F063FABDE80840002035
:10A3A00001F0ACB9F981030030B5104B104D1B5CC6
:10A3B00085B004468DF80F302B78834206D00D4BC4
:10A3C0000D4953F82020002005F04AFA30232C7064
:10A3D0000A4801930DF10F030093062280231921EF
:10A3E000007821F0B9FC05B030BD00BF528F0300EA
:10A3F0006B4E002048900300118203004515002099
:10A400001FB523230193039003AB06480093012259
:10A4100080231921007821F09FFC039805B05DF896
:10A4200004FB00BF4515002010B5064C208821F024
:10A43000EDFD608821F0EAFD6068BDE8104021F084
:10A44000F4BD00BFD83200207FB523238DF8133030
:10A450000DF11303029304230193064805AB009307
:10A46000012280231921007821F0A9FC059807B06A
:10A470005DF804FB4515002073B5164D164E2B787C
:10A480000446CBB120F0BFFC012815D0346040F663
:10A49000B244124B1B78072B17D02D78C5B920F08A
:10A4A000B2FC031E18BF01230D4800952246192156
:10A4B000007821F096F803E000233360002CE8D107
:10A4C000201E18BF012002B070BD02250123EBE75A
:10A4D0000025FBE7684E0020D43200206B4E0020A0
:10A4E0004515002008B50448FFF7C6FFBDE8084041
:10A4F0000220FFF759BF00BF005C2605814237B537
:10A500000346154608D2009100200F4A0F4905F076
:10A51000A7F9002003B030BD0C1A22460C490020D8
:10A5200005F09EF940F6BB5322460020094905F08C
:10A5300097F94FF47A735C43074B9C4294BF2C60AD
:10A540002B600120E6E700BF9F7303002482030015
:10A550005F8203007A82030080EE36002DE9F04727
:10A56000DFF84491044699F8000090460F4621F028
:10A570005CFA99F80020064628B1BDE8F0473E494C
:10A58000002005F06DB93D4B3D4D18803D4BDFF887
:10A590001CA15B882B8001202A7105F09FF806F032
:10A5A0002BF905F09BF8204605F098F80123042CC0
:10A5B0008AF800300BD8022C45D89C4216D023468E
:10A5C000314A3249BDE8F047002005F049B9062C70
:10A5D000F5D12F49304605F043F9384605F07EF8AD
:10A5E000FFF722FF97B18AF800600FE0294F388803
:10A5F0004FF6FF76801B18BF012005F06FF8FFF7BC
:10A6000013FF3888B04201D021F000FD19236B8080
:10A6100099F800302B71204B1B786B71EB8843F05D
:10A620004003EB801D4B0020198821F09FFC03465E
:10A6300020B11B492246002005F012F94046BDE832
:10A64000F047FFF719BF304605F048F8FFF7ECFE7A
:10A65000FFF7FAFE21F0E9FC124B1B78002B0CBF30
:10A660003F20202005F03AF8042CCFD14FF4806031
:10A6700021F0CCFC3220C7E7A48203002E4B00203F
:10A68000324B0020043500209F730300F08203004A
:10A69000D3820300184B002044150020EC14002046
:10A6A00007830300674E002045150020684E0020F8
:10A6B00038B5054605200C46FFF776FE194B1A887B
:10A6C0004FF6FD739A4207D11749002005F0C8F8EC
:10A6D000BDE83840FFF706BF64B1144A1378013370
:10A6E000DBB2092B13700CD911490A22002005F0A6
:10A6F000B7F8EDE7012D11D0BDE838400D48FFF760
:10A70000BBBE012DF8D10C490C4800F0FDFFBDE89F
:10A710003840084A00210120FFF720BF034B1C707E
:10A72000F1E700BFEC1400203D8303006A4E0020D7
:10A7300068830300005C2605184B0020D8320020F7
:10A7400008B50649002005F08BF8054800F0FAFF2F
:10A750000021BDE808400846FFF7AABFAC8303000C
:10A76000D832002010B504460820FFF71DFE0D4B1F
:10A770003CB91C70BDE810400B4A00210620FFF7D1
:10A78000EDBE1B78092BF5D908490A22002005F0F7
:10A7900067F80749002005F063F8BDE81040FFF7AF
:10A7A000CFBF00BF6A4E0020C0270900BD83030051
:10A7B000FE83030073B51D4D2C7834B11C49002075
:10A7C00002B0BDE8704005F04BB80220194EFFF70B
:10A7D000EBFD194B3078FF221A7021F026F938B1C1
:10A7E00032781649204602B0BDE8704005F038B80E
:10A7F000134B144900934988012319224FF6FD7029
:10A8000005F0C8FC70B11049204605F029F80F4B3F
:10A810000F481C700F4B00221A7002B0BDE8704048
:10A82000FFF72ABE01240C492C70EEE7694E002088
:10A830000F8403004515002044150020A482030066
:10A840003DAB00000435002050840300684E00201A
:10A85000005C26056A4E00207684030038B5144D4E
:10A860002B78052B044622D9124900F061FF64B908
:10A8700070B9114904F0F4FF95212B78052B0ED007
:10A880000E4A0620FFF76AFE09E00D4B195D21B95B
:10A89000BDE838400020FFF765BF032CEDD1094B20
:10A8A000002119700846BDE83840FFF701BF38BDE8
:10A8B0006B4E0020D832002098840300C027090086
:10A8C000488F0300684E002030B5044689B0072049
:10A8D000FFF76AFD052C0AD12A4B00221A7003A942
:10A8E00004AA02A801F000FB30B1022443E09CB9A5
:10A8F000244B01221A700224224D287878B1421E7E
:10A9000050422149504100F043FF022304462B707E
:10A91000022C0DD10A200EE0022CE6D1EBE7631FDA
:10A920005A4219495A41052020F074FA0446EFE7CB
:10A93000032C04D10020FFF79FFD09B030BD062C89
:10A9400006D11249002004F08BFF01232B70E1E7B0
:10A9500029780F4A0F4B0094002908BF1A462CB1E2
:10A960000D4B0E49002004F07BFFBEE70C4B0B495A
:10A97000204604F075FF204609B0BDE83040FFF7DF
:10A980006DBF00BF664E0020D8320020C584030092
:10A99000BE840300B4840300439E030000850300CB
:10A9A0001985030013B51F4C0620FFF7FDFC227824
:10A9B000092A09D91C49002004F052FF042002B0E2
:10A9C000BDE81040FFF74ABF184B1B7843B94FF45E
:10A9D000FA620320002102B0BDE81040FFF7BEBDBF
:10A9E00000201FF02EFD20F00EFA40B9FFF72CFDDD
:10A9F0000F4B196820F0FEF902460420EAE701A88F
:10AA000020F0FFF9FF2809D123784FF4FA600133D1
:10AA1000237002B0BDE81040FFF72EBD0198FFF78C
:10AA2000EFFCD4E76A4E002020850300674E00202B
:10AA3000E8320020F0B5F02389B0CDE900033448B6
:10AA4000344E0078344F354D80230022192121F0F7
:10AA500083F93349002004F003FF3246394603A846
:10AA600001F042FA032804461CD1039A2D49002024
:10AA700004F0F6FE0398FFF7C3FC062639680020B1
:10AA800000F0E0FE2E7001F0CBFB274B04460022C5
:10AA900030461A70FFF788FC84BB09B0BDE8F0406F
:10AAA000FFF780BF28BB7268204904F0D9FE214619
:10AAB00004A800F029FE059B726893420BD0204643
:10AAC0001B4904F0CDFE072305202B7009B0BDE81B
:10AAD000F040FFF7F9BE17491A46204604F0C0FEC1
:10AAE0000523002101202B7009B0BDE8F040FFF7DD
:10AAF000DFBD1149002004F0B3FEF1E7042C05D0BE
:10AB0000042009B0BDE8F040FFF7A8BE09B0F0BDD1
:10AB100045150020D8320020E83200206B4E00207E
:10AB200058850300898503006A4E0020C385030011
:10AB3000FB8503004D86030088860300F7B50446B5
:10AB4000384D23788768012B4FF00000287004D01F
:10AB5000354B3649187004F083FE26785EBB344BC3
:10AB60001B78FF2B04D103B0BDE8F040FFF7BABC5F
:10AB7000304B1B78032B11D82F4C0320FFF714FC0C
:10AB80002088694612F06CFC002843D02B492088AD
:10AB900005F04EFB20B12E70FFF7A4FC03B0F0BD12
:10ABA000214B274901241C7004F05AFE0320FFF7B3
:10ABB000FBFB2C70F2E7012E25D13B78002BEDD06A
:10ABC0001B4D2B78FF2BE9D1A68820F02EFE864264
:10ABD00006D11C49002003B0BDE8F04004F040BE9F
:10ABE000194BA2881B783BB132B11849002003B041
:10ABF000BDE8F04004F034BE7B6815491B782B702B
:10AC00000D4B1A80F2E7032E08D1A168082268468E
:10AC100026F03DFA6846FFF70DFFBFE700232B70D3
:10AC2000A1E700BF684E0020694E0020A386030004
:10AC3000441500206B4E0020EC1400203DAB0000BA
:10AC400076840300C3860300654E0020E986030076
:10AC5000138703007FB5094B1A78FF2A0AD11870B1
:10AC600001F088F8064B00220DF1060102A81A80B7
:10AC700000F04AFD07B05DF804FB00BF4515002059
:10AC8000164B0020034B1B78022B01D8FFF792BD17
:10AC9000704700BF6B4E002070B5284C284E20F046
:10ACA000ADF82578BDB12749002004F0D9FD264A2A
:10ACB000137801331370002323703378062B0AD1E5
:10ACC000224B1868B0F5FA6FBDE8704038BF4FF4FA
:10ACD000FA60FFF7D1BB3378013B082B2CD8DFE8B3
:10ACE00003F005090D2B13191D222700BDE8704044
:10ACF000FFF7C8BFBDE87040FFF75CBD00232370BD
:10AD0000BDE87040FFF7EEBB29460120BDE870406A
:10AD1000FFF7CEBCBDE87040FFF744BEBDE8704011
:10AD20000220FFF7D1BDBDE870400120FFF71ABD3A
:10AD3000BDE87040FFF704BD70BD00BF684E002045
:10AD40006B4E00202F8703006A4E0020D432002073
:10AD500010B90520FFF782BD034B1B78062B01D1EC
:10AD6000FFF79ABF704700BF6B4E00202DE9F047F8
:10AD70008E6833188CB09A78092A05460C4608D993
:10AD8000A149002004F06CFD852420460CB0BDE8EC
:10AD9000F08750B98B899D49895C8B4205D200911F
:10ADA0009B4904F05DFD8024EFE79A4BE7881B8800
:10ADB0009F422BD098490978012927D932B1974968
:10ADC0003A46002004F04CFD7E24DEE7944B1A70D6
:10ADD000914B25791B78052B03D0012B30D8FFF739
:10ADE00051FF002D4FD0A768A489FE783D7900213E
:10ADF00008A800F089FC032E63D98A4B8A4A8B4944
:10AE00000096002004F02CFD0024BEE7844B0021B6
:10AE10001970072A00F27E8301A353F822F000BFC5
:10AE2000D1AD000077AF000077AF000067B1000040
:10AE300067B1000067B10000F9B30000F9B300008A
:10AE4000022B19D120F0F1FC8742BDD0784A794914
:10AE5000002004F005FDFFF7ADFC002DD4D12946FC
:10AE6000204621F0F2F903460028CDD0724A7349FA
:10AE7000002004F0F5FCC7E7714A7249002004F095
:10AE8000EFFC012481E72946204621F0DEF9034644
:10AE900070B1694A6949284604F0E2FC614A6A498E
:10AEA000002004F0DDFC00210120FFF701FCABE7EE
:10AEB000A3681B78DA06F1D464492A4604F0D0FC72
:10AEC000ECE76B1E632B04D9564B574A604900953B
:10AED00097E7604AE3B2945D9C4209D0CDE9013422
:10AEE000514A504B5C490096002004F0B9FC8BE7B6
:10AEF00056B3A4B222460521384621F0C4F8BDF865
:10AF00002030834203D0474B544A5549B0E7012EC5
:10AF10001AD022460721384621F0B5F8BDF8223074
:10AF2000834203D03F4B4D4A4E49A1E7032E0BD13C
:10AF300022460921384621F0A3F8099B984203D103
:10AF4000384B464A484993E7642DACD0FBF780F86C
:10AF50006423C0B2B0FBF3F203FB12030133DBB294
:10AF6000AB42A0D9CDE900533C4A2E4B3F490020CB
:10AF700004F076FC48E7284B1B78052B01D03C4AAF
:10AF80007BE7EB1CDBB2277BF45C44B1384A3949E0
:10AF90002346002004F064FC00210C460BE00F2F38
:10AFA0000DD81023344900932046314A3B4604F023
:10AFB00057FC802401210020FFF77AFBE5E60435E9
:10AFC000EDB22B4A2D49204604F04AFC7A1B711938
:10AFD000D2B204A81FF037FF05443046284E3A4647
:10AFE000E9B221F04DF83368049A264F9A4238604E
:10AFF00001D100284AD124491D4A002004F030FC28
:10B0000085240121D7E700BF4C8703004791030047
:10B0100062870300EC1400206B4E00208F87030032
:10B02000684E002087880300B1880300B9880300B8
:10B03000D1870300DE870300F414030003880300B4
:10B0400029880300368803009C8803005388030086
:10B05000D18803004E8F0300EF880300358D030075
:10B06000278903005189030079890300A08903001F
:10B07000D0890300EA890300178A03002E8A03009F
:10B08000D8320020E8320020578A030001F0E0F9AE
:10B090003D68A8420AD201F0DBF9A24903462A46DC
:10B0A000204604F0DDFB8924012184E7059D7368B7
:10B0B0009D4205D19C4A9D49204604F0D1FB6BE797
:10B0C0009B4A12785AB19D4209D22046994904F010
:10B0D000C7FB994A96210620FFF740FA5CE72A460B
:10B0E0009649002004F0BCFB3968002000F0AAFB60
:10B0F00000207560FFF784F9914B002706201F8020
:10B10000FFF752F98F4B1F7000F0E6FE0546F8B9C5
:10B110008D4A11884FF6FF73994214BF13463B4680
:10B1200008A87288318800F047FE08A800F03EFDAC
:10B1300058B108A800F012FF38B18449284604F03D
:10B140008FFB0420FFF78AFB1FE6FFF72BFC1CE6B2
:10B15000042805D17E4B1921187820F06CFA14E6EA
:10B160007C493846EBE77C4B1B78062B01D07B4AA9
:10B1700083E6DFF8CCA194F80C90BAF80080EB1CC1
:10B18000DBB22EB97649304604F06AFB8724FCE531
:10B19000F75C2C1D972FE4B23CD1B9F10A0F7FF672
:10B1A00002AE1FFA89F721463A46304620F068FF82
:10B1B00005F1080104463A46C9B2304620F060FF66
:10B1C00008AA01462046FFF799F908B9654B08938C
:10B1D000B9F10C0F12D905F10C013A46C9B230464B
:10B1E000DDF8208020F04FFF5F4904460246002032
:10B1F00004F036FBAAF8004044440894089C5B49DC
:10B200002246002004F02CFB2046FFF735F91FF002
:10B2100000FEF9E5952F01D0982F07D15449002061
:10B2200004F01EFB0320FFF719FBEDE5812F12D17F
:10B23000504C23786BB11FF0DFFD50B14E49002018
:10B2400004F00EFB002323701FF0E3FDFFF7AAFBC1
:10B25000DAE54A49E3E737B1404A49493B4600202D
:10B2600004F0FEFA92E7B9F1100F7FF69CAD3119A8
:10B270004A4608A81FF0E7FD0444E4B221464A46C6
:10B28000304620F0FDFE231DDBB2053416F803A086
:10B29000E4B2A9EB04035345054605DA00932F4AAF
:10B2A0003849534638467CE5DFF8C89099F80030B5
:10B2B00043B9FFF7C9F88542034607D0274A324908
:10B2C00000959EE51FF09FFD0128F2D12F48102226
:10B2D00008A925F0CCFE10B9BAF13F0F05D91F4AD5
:10B2E0002B49002004F0BCFA50E7164B187099F86F
:10B2F00000304BB11FF080FD30B128461FF07FFDBC
:10B30000042807463FF480AD3219514628461FF005
:10B3100055FE002840D01F49002004F0A1FA042067
:10B3200081E700BF768A0300D0890300AC8A03005E
:10B33000644E0020E18A0300C0270900228B03002D
:10B34000164B00206A4E0020184B0020438B030050
:10B3500045150020628B03006B4E0020888B030094
:10B360009D8B0300E0930400D88B0300038C030043
:10B37000228C0300674E00203E8C03007D8C03006E
:10B38000AC8C0300C88C0300048D0300D83200206D
:10B390003E8D0300718D030099F80030554463B170
:10B3A0001FF02AFD48B1FF2FB9D0012F3FF42CAD7B
:10B3B000032F16D11FF02BFD05462846FFF720F876
:10B3C00005210446024654481FF064FD534B1B6898
:10B3D0009C420AD320461FF0ECFD0520FFF774FACB
:10B3E00012E51FF012FD8046E7E74046FFF744F8FC
:10B3F00000287FF409AD29E7494B1B7803F0FD03D2
:10B40000082B01D0474A38E5A48935B1F27822B13A
:10B410004549002004F024FA04E7E4B22246F11C76
:10B4200008A81FF010FD414BBDF82020198891425B
:10B4300005460DD04FF6FF718A4209D0394A3C4B80
:10B440003C49002004F026FABDF820203A4948E79C
:10B45000BDF82220598891420CD04FF6FF718A42E4
:10B4600008D0304A354B3349002004F013FABDF8B8
:10B470002220EBE7099A5B689A420AD0013208D091
:10B48000284A2C492E4B002004F004FA099A2D4931
:10B4900027E7A4B2E91C2246C9B2304620F0F0FDED
:10B4A000E91DC9B207462246304620F0E9FD431C9B
:10B4B000014606D10820FEF777FF2348FEF7DCFFA0
:10B4C000A2E404AA3846FFF719F8A8B91E4B049362
:10B4D0001E4B19781E4B002218781DF0E9FD049CC4
:10B4E0002046FEF7C9FF1B492246002004F0B8F9A8
:10B4F0000920FEF759FF87E4049A40F6B7339A42D1
:10B50000E6D8154940F6B832002004F0A9F940F613
:10B51000B833DCE7812438E4948D0300E83200205E
:10B520006B4E00209D8D0300B28D0300D8320020A9
:10B5300041890300D78D0300E4AC03006B8903004D
:10B54000F28D03000198030080EE360044150020C0
:10B55000451500202A8E0300FF8D030008B5042046
:10B56000FFF77CF90020FEF71FFF064A0023137047
:10B57000054A1370054B19211878BDE8084020F0E2
:10B580005AB800BF684E0020694E002045150020C3
:10B5900010B5164B164C1A78164B174953F8222043
:10B5A000002004F05DF92178144B154A0020002991
:10B5B00018BF1A46134904F053F923782BB1124BE4
:10B5C00012491A68002004F04BF9FEF73DFF0446CB
:10B5D000FEF73AFF0E4B19681FF04FFC2246034658
:10B5E000BDE810400B49002004F03AB96B4E002032
:10B5F000684E002048900300468E030031970300F8
:10B6000012970300538E0300D43200206D8E030086
:10B61000E8320020868E030038B50146044600203B
:10B62000FFF7A4FB054698B1E37C0A4A0A490020CB
:10B6300004F016F92379042B0AD02946204620F07D
:10B6400004FE034620B1054A0549002004F008F92C
:10B65000012038BD9F730300AD8E0300F414030076
:10B660000388030010B51346094A127882420DD1AF
:10B6700063B1084A146800200A46074904F0F0F84C
:10B6800021460120BDE81040FFF770BB10BD00BF90
:10B6900045150020E4350020CD8E030010B50D4B7C
:10B6A0001C782CB1BDE810400B49002004F0D8B83C
:10B6B0006420FEF7A5FE094B4FF6F0716FF00F0204
:10B6C000C3E90012032022462146BDE81040FEF7E0
:10B6D00045BF00BF6B4E0020028F0300D832002010
:10B6E000014B1870704700BF674E0020024A0021CE
:10B6F0000620FEF733BF00BFC0270900014B1870BA
:10B70000704700BF644E002038B50E2204460D4637
:10B710000230002125F0D5FC41F202032380034BC7
:10B72000636015B14FF6FF732B8038BD04070F011E
:10B7300008B518B10249002004F092F8012008BDB4
:10B740007490030037B5002101AB6A4605461FF02F
:10B75000FEFB044630B100220B49104604F080F88D
:10B7600003B030BD094904F07BF801201EF03DFE16
:10B7700000F0D8FE431C02D006F0F2FBF0E72146B1
:10B780002846FEF73DFDEBE785900300CC900300D3
:10B7900038B5054600F0C6FE044620F0FDFB4DB16D
:10B7A00000200E4904F05CF8631C14BF2046002002
:10B7B00006F098FB1FF03CFB0228044605D0012848
:10B7C00005D10749002004F04BF8204638BD054953
:10B7D000002004F045F80024F7E700BFE9900300DB
:10B7E000039103001C910300114B2DE9F041074622
:10B7F0000D4618680F49DFF8488009680E4E101A88
:10B800001FF03BFB98F800403070FF2C034604D03B
:10B81000A8420AD32C44A04207DB08493A4600203C
:10B8200004F01EF8337888F800303078BDE8F081F5
:10B83000F0320020EC3200206C4E002035910300E5
:10B840004615002050EA010208D0064BFF221A706C
:10B85000054B1860054B091A1960704711461046D0
:10B86000FFF7C2BF46150020F0320020EC32002066
:10B870002DE9F04FAFB006AD284600F0CBFA634F8C
:10B88000DFF8D0910026284600F090F9044648B928
:10B8900000F08CFA5E490246204603F0E1FF2FB02B
:10B8A000BDE8F08FF2B23946002003F0D9FF16A9A7
:10B8B000284600F0CDFA044620B15649002003F096
:10B8C000CFFF8FE0BDF85820534903F0C9FFBDF802
:10B8D0005A204946204603F0C3FFBDF85C204F497B
:10B8E000204603F0BDFFBDF85E204D49204603F021
:10B8F000B7FFBDF860204B49204603F0B1FF199A0D
:10B900004949204603F0ACFFBDF86820474920466E
:10B9100003F0A6FF46490DF16A02204603F0A0FF9E
:10B920004449239A204603F09BFFBDF85C30D907B9
:10B9300005D59DF890204049204603F091FFBDF8C1
:10B940005C309A0714D53D49002003F0A3FFBDF8F1
:10B950005830B3F5807F4FD1002020F0DCFB18B1C8
:10B960000DF1910003F0FEFE3549002003F078FF51
:10B97000BDF85C305B070BD5BDF8B2203149002023
:10B9800003F06EFFBDF8B4202F49002003F068FFDC
:10B990000DF1160306220AA928461FF09DFA044657
:10B9A00090BBBDF816202949DFF8ACA0DFF8ACB099
:10B9B00003F056FF0DF12808BDF81610A2B291420F
:10B9C00010D9B8F800205146002003F049FF013497
:10B9D000D8F804205946002003F042FF062C08F155
:10B9E0000808E9D16C46204600F028FA94E80F00D8
:10B9F000013685E80F0046E7012320220DF1910171
:10BA0000002003F0A1FEAFE7114957E75191030071
:10BA1000119303005A9103007E910300B19103003A
:10BA2000C9910300E1910300F99103001192030011
:10BA3000299203003E920300599203007092030082
:10BA40000E560300839203009B920300B3920300FF
:10BA5000E492030096910300C4920300D392030082
:10BA60002DE9F04188B004AD04462846884600F030
:10BA7000D1F900276E46474507D195E80F0084E8C5
:10BA80000F00204608B0BDE8F081304600F0D6F93E
:10BA900096E80F0085E80F00284600F087F8013788
:10BAA0000028E8D1014B0FCBE9E700BF94A00300C9
:10BAB0001FB5D0E9023253F8223068461978FFF7F3
:10BAC000CFFF684600F04AFA48B1042809D1074A76
:10BAD0000749002003F0C4FE05B05DF804FB054AE9
:10BAE000F6E70549002003F0BBFEF5E743840300B9
:10BAF0002C9303007D970300438B0300D0E90232AF
:10BB000010B503EB820153F82230496898B00C68F5
:10BB1000197804A8FFF7A4FF03AB0093402208ABF9
:10BB2000214604A800F0B0F9024628B10E490020D1
:10BB300003F096FE18B010BD039808A900F00704A2
:10BB40000122C0F3C70003F035FE039908A8091BC2
:10BB50000144064801230088224603F0F5FD04480D
:10BB600003F01EFEE6E700BF3C9303003E4B0020BF
:10BB70000E5603000C4BF0B504460D460FCB84E87F
:10BB80000F00AB88EF882E89EA6827809B0744BFA7
:10BB9000D5F83900D5F83D10668044BF04F108039C
:10BBA00003C362602046F0BD6493030008B50449F6
:10BBB000102225F05CFA003818BF012008BD00BF34
:10BBC00094A003002DE9F0419AB005460C4602AA64
:10BBD000602100201FF058FA18B95D4903F040FEBB
:10BBE00019E060220021284625F06BFA5949042209
:10BBF00002A825F03CFA90B16CB19DF80B3001938E
:10BC00009DF80A3000939DF808209DF809305249AC
:10BC1000002003F025FE01201AB0BDE8F081BDF838
:10BC20000C202A80B2F5807F03D04C4903F018FE27
:10BC3000F1E7BDF81420BDF80E102A81DDF81620BA
:10BC40006980EA600499BDF81A202A82696085F843
:10BC5000320007AC05F112020FAE234603CBB3420C
:10BC6000106051601C4602F10802F6D13C4A0F9B5D
:10BC700013606B633B4B10221846002125F021FA1C
:10BC8000EA880280AB882A894280EA6842600BB960
:10BC90000020C1E713F0010713D13C469A0727D5CE
:10BCA00028881FF0FDF8064677B9AB882644F4B221
:10BCB0005E0701D50434E4B2602C3ED92A49002045
:10BCC0008CE70024274632E002AB03EB040802466F
:10BCD000414605F1390025F01AFA2448324641461A
:10BCE00025F015FAAB885807D2D52644F4B203E004
:10BCF00059071FD5002FDDD004F168036B440434CD
:10BD000033F8602C33F85E3CA5F85A20A5F85C3077
:10BD1000E4B2002FBCD1AB88DA074FF00107BDD5E4
:10BD200004F168026A4412F8602C85F83820013466
:10BD3000E4B2B3E7002FBFD0AAE702AA2146382019
:10BD40001FF0A2F908B90A4948E73824E3E700BF21
:10BD500074930300C9940300A2930300D0930300DB
:10BD6000F4320020F8320020EA9303000033002070
:10BD70003A94030030B50B4C257899B06DB900F0BA
:10BD8000B7FB68B129466846FFF71CFF064BB0FABF
:10BD900080F04009187001232370002019B030BDD5
:10BDA0000120FBE76D4E00206E4E0020014B1878FD
:10BDB000704700BF6E4E002070B51E46134B044600
:10BDC0001888884298B01D4602D15B88934206D0FD
:10BDD0000F4B0FCB84E80F00204618B070BD96B112
:10BDE00000216846FFF7EEFE0028F1D1BDF80430CF
:10BDF0005B0708D53388BDF85A209A42E8D8BDF8C9
:10BE00005C209A42E4D395E80F00E3E7F832002083
:10BE100094A00300064B1B7810B504462BB9054BC4
:10BE20000FCB84E80F00204610BD034BF8E700BF9E
:10BE30006E4E002094A00300F8320020034B10B592
:10BE400004460FCB84E80F00204610BD94A00300E9
:10BE50000B4B1B7810B5044608467BB10021FFF759
:10BE6000B1FE48B907481022214625F000F90038F4
:10BE700018BF0120C0B210BD0120FBE70120FAE786
:10BE80006E4E0020F83200202DE9F0410E4690461B
:10BE90000E4910221F4625F0EAF8044670B90C4BF3
:10BEA0001D68AD1B454528BF45463A4629463046E4
:10BEB0001FF0EAF828B9074903F0D2FC0120BDE8D9
:10BEC000F081069B20461D60F9E700BFF832002094
:10BED000F43200203A940300024B00221A7000F062
:10BEE00065B900BF6E4E00202DE9F0419CB00F46B1
:10BEF0001646804600F076F91649054602460020AF
:10BF000003F0AEFC382D20D9012104A8FFF75AFE1A
:10BF10000446D0B9119B3B606F4604A93846FFF731
:10BF200029FE97E80F0086E80F00119BAB429FBFE8
:10BF3000094AC8F800300121117084BFC8F80050C8
:10BF4000032420461CB0BDE8F081034B00221A7088
:10BF50000124F6E7689403006E4E002070B5084D8A
:10BF60002B78002653B100F021F90446102200215D
:10BF700004482E7025F0A5F8204670BD3446F5E73C
:10BF80006E4E0020F832002008B50749002003F06B
:10BF900067FC064B06491A78002003F061FCBDE8F7
:10BFA000084000F0D7BA00BF869403006E4E002010
:10BFB000B094030008B521F0E6F88288044892089E
:10BFC000012A38BF0122FF211EF0C9FB012008BD54
:10BFD0001033002038B5134690B1284A0120107064
:10BFE000274A1160274A002013600A46264903F0B9
:10BFF00037FC02F0D5FB254B1870022002F0D6FB6F
:10C0000021F0DCF8E8B91D4D1D4C2B782BB921F03F
:10C01000BAF822688368134423601A4B24681B68AB
:10C020009C4229D221F0AFF88168204605F040FDFE
:10C0300000242C70024650B921F0C0F8FFF7BAFF77
:10C0400003E0FFF7B7FF0028DDD0012038BD10491D
:10C05000204603F005FC0D4B187802F0A7FB0D49B4
:10C06000002003F0FDFB00F095F908B900F0B2F9EB
:10C070002046FEF76DFEE8E70124ECE7704E002055
:10C080000C33002008330020CD9403006F4E0020B5
:10C09000F79403001595030038B500F04FFA0446F5
:10C0A00000F046FA241A21F06EF8054618B91C482B
:10C0B000B121F9F773FE6B8803F00303032B03D060
:10C0C0001748B221F9F76AFE00F032FA05461EF071
:10C0D00080FF01238340013B2B4203D01048B42151
:10C0E000F9F75CFE1EF075FF01238340013B2342FC
:10C0F00003D00B48B521F9F751FE05F0CDFA0546FE
:10C100001EF067FFC4404FF48063B3FBF5F3A34216
:10C1100005D2BDE838400248BA21F9F73FBE38BD24
:10C120002B95030008B50548FF211EF029FB0022CE
:10C13000BDE8084011461046FFF74CBF1033002001
:10C14000F7B504460E4600F089F8054621F01BF8C5
:10C1500083682B449C4220D31EF03BFF2C44C440F8
:10C16000013C114F3B68DEB1A34219D101340023D9
:10C17000ADF8043000F0E8F9054605F08DFA103509
:10C1800004FB005405F088FA01A90246204605F098
:10C19000D5FA1EF02EFF386004E04FF0FF34E0E7E0
:10C1A000A342E4DB03B0F0BDDC1100200B4B4FF0E9
:10C1B000FF3210B51A600A4B00221A7000F0B8F96D
:10C1C000044600F0BBF9214602460120FFF702FFBA
:10C1D00000280CBF0120042010BD00BFDC1100208E
:10C1E000714E002038B500F0D5F808B9002038BDF0
:10C1F000094D0A4C2B7823B91EF0FBFE0123206069
:10C200002B7024681EF0E5FE01348440EED000F06F
:10C2100025F82044EBE700BF714E0020DC11002020
:10C2200070B50D4C2368002B01DA012070BD00F0C1
:10C230007FF9054620F0A7FF246886681EF0C9FE36
:10C24000013404FA00F129448A190120FFF7C2FEE3
:10C250000028EAD00420E9E7DC110020024B18682E
:10C260000C301EF0F6BE00BFE011002007B5FF2322
:10C27000044A054800930021FCF754FB03B05DF825
:10C2800004FB00BF25C10000103300200E4B70B529
:10C290001C680368054604F582641C440E46FFF7DB
:10C2A000DDFF2B68834208D232681A44824208D9E3
:10C2B000C31A336001202C6070BD044A1268134415
:10C2C0001C1A0020F7E700BFE0110020EC1100204D
:10C2D0002DE9F04F87B0B3F5803F019088461F46A7
:10C2E00003D3002007B0BDE8F08F03A904A8CDE96F
:10C2F0000332FFF7CBFFDFF898B0441C8246E4B26C
:10C300004FF00009DDE90356019BAAB2B3B11099C1
:10C31000304620F03FFF0028E3D1022C19D1109ABB
:10C32000DBF800302A441092049309F101037D1BCD
:10C330009C4203954FF00109E4D80AE0414630469B
:10C3400005F0FCF90028CCD1BAF1000F03D1022C82
:10C3500019D00120C6E7B9F1000FF8D105F09CF91A
:10C360002E44B6FBF0F303FB10600028EFD005F07D
:10C3700093F905A902463046CDF8149005F0DEF990
:10C380000028E4D0ADE7024BA8441B68CCE700BF0F
:10C39000EC1100207FB50D4A106851686B4603C34D
:10C3A000906818600A4B0C220DEB0201186820F00F
:10C3B000F1FE0C220DEB0201684624F058FEB0FAA3
:10C3C00080F0400907B05DF804FB00BFB19803009E
:10C3D000E01100201FB5084A1068516801AB03C383
:10C3E00090681860054B0C22186801A905F0A6F9A1
:10C3F00005B05DF804FB00BFB1980300E011002018
:10C40000F7B5044615460E4681B9072A03D800241D
:10C41000204603B0F0BD0D4B80791968E3790630F2
:10C4200000EB03200C3180B21EF01DFE00272146D8
:10C4300000972B4632463846FFF74AFF044600284D
:10C44000E5D039467019FFF77BFEE1E7E0110020E7
:10C45000024B1868A0F50060704700BFF011002083
:10C4600010B58AB0684605F02BFD10F0FF0027D10B
:10C47000009BFBB1174C01A9206005F09DFC10F05A
:10C48000FF001DD12268009B9A4204D312484FF44A
:10C49000DD71F9F783FC114A019B1360029A104980
:10C4A00013440B600F490A600F4AA3F50063136041
:10C4B000009B63B9084840F2CF11F9F76FFC06E022
:10C4C000044A0A4912680346002003F0C9F90AB079
:10C4D00010BD00BFE4110020B9950300EC1100204D
:10C4E000E8110020F0110020E01100203C9603002C
:10C4F00008B5FFF7B5FF20F046FE50B120F043FE2F
:10C50000064BC2681B689A4203D20548B321F9F76B
:10C5100045FCFFF7C1FD012008BD00BFF011002060
:10C52000B9950300014B1868704700BFE411002063
:10C53000014B1868704700BFEC110020014B1868D0
:10C54000704700BFE8110020014B1868704700BF1A
:10C55000E011002010B5FFF745FE294904460020F0
:10C5600003F07EF92749002003F07AF926490020DC
:10C5700003F076F92549002003F072F9244B254990
:10C580001A68002003F06CF922462349234C00204E
:10C5900003F066F9FFF762FE21490246002003F02E
:10C5A0005FF9204B20491A68002003F059F91F4B0E
:10C5B0001F491A68002003F053F922681D49002022
:10C5C00003F04EF91C494FF48062002003F048F953
:10C5D00022681A491032002003F042F922681849F3
:10C5E0000C32002003F03CF92268164902F5826201
:10C5F000002003F035F9BDE8104004F085BF00BF0E
:10C60000B9960300F69603001597030035970300CB
:10C61000E4110020609703007F970300E0110020E1
:10C62000A1970300EC110020C3970300E81100203C
:10C63000E597030007980300299803004B9803002F
:10C640006D9803008F98030037B515469DF81820A4
:10C6500000920A4620211FF0C0FB044630B1009032
:10C66000044A05492B46002003F0FAF8204603B09F
:10C6700030BD00BF29590300BD9803001FB5042336
:10C6800000930B4A03AB00210446FFF7DDFF48B9D6
:10C69000039B3BB1FA2207485A4321461EF05FF83C
:10C6A00004B010BD034821461EF06AF8F8E700BF49
:10C6B000D09803003433002030B589B01FF0BBF8A8
:10C6C000694624F044F8044600BB114D15F82400D7
:10C6D00004A924F03CF8B0B9BDF80020BDF8103032
:10C6E0009A4210D19DF804209DF814309A420AD144
:10C6F00008220DF115010DF1050024F0B8FC10B968
:10C70000E0B209B030BD0134042CDFD1FF20F8E7DE
:10C710001A4B00202DE9F043374B384EDFF8F080FC
:10C7200000241C70FF2385B0054688F80040337054
:10C73000337133723373A146E7B26946384624F049
:10C7400006F818B99DF80030012B03D00F2C43D008
:10C750000134F1E79DF80130AB42F7D1BDF802306A
:10C76000202BF3D1264B1B784BB1394628461EF0BF
:10C770009FFC20B92349224603F072F8E6E7202106
:10C78000214B0022092002F025FFA1B202201FF058
:10C79000EDFB0028DAD106EB890306F829705880F2
:10C7A00009F10109394628465FFA89F91EF080FC33
:10C7B00010B1012388F800300F2C0DD0B9F1040F0F
:10C7C00004F10104B8D1114B01224FF4FA5128466B
:10C7D0001A701EF093FC09E0B9F1000FF3D10B4B76
:10C7E0002021284683F800901EF028FF284605B037
:10C7F000BDE8F043FFF742BF734E00201A4B002004
:10C80000764E0020E29803000E560300754E00207D
:10C81000744E00201FB5042300930E4A03AB012180
:10C820000446FFF711FF10B90398FCF7ABFD022196
:10C83000094A00910DF10A032046FFF705FF18B9D8
:10C84000BDF80A00FCF7B0FD2046FFF717FF04B063
:10C8500010BD00BF2499030037990300F8B5224E9C
:10C860003378012B044636D1204B1B78B3B1204BD3
:10C870001F789FB91F4D20492A780132D2B2032375
:10C8800038462A7002F0ECFF2B78022B06D91B49A0
:10C89000384602F0E5FF1EF00AFC2F700023184A0C
:10C8A0001D461178FF2903D051888D4238BF0D46AF
:10C8B0000133042B02F10402F3D165B1022333707A
:10C8C0001DF07BFD0F4BFA21186069432046BDE83F
:10C8D000F8401EF013BC0023337020462021BDE831
:10C8E000F8401EF0ABBE00BF754E0020744E002015
:10C8F000734E0020724E00204B990300799903007B
:10C900001A4B00203033002007B501230093044A5E
:10C910000448FF230021FCF705F803B05DF804FB91
:10C9200015C700003433002070B586B004460846B1
:10C930001A460A9906280AD8DFE800F0041A4709BF
:10C9400052656A0004A824F0E2FB049D0DB90020A2
:10C950000CE004230093394A05AB01212046FFF780
:10C9600073FE18B9059B9D42F1D2872006B070BDB9
:10C9700003A8042624F0CBFB314A009604AB002127
:10C980002046039DFFF760FE0028EFD1049B9D42E7
:10C99000EBD802212B4A00910DF10A032046FFF744
:10C9A00053FE0028E2D1BDF80A309D42DDD3264A6D
:10C9B000009605AB05212046FFF746FE0028D5D19D
:10C9C000059B9D4238BF8720D0E704A824F09FFB39
:10C9D000BDF81050194A04230093012105AB08E06B
:10C9E00004A824F094FB0423049D154A009300211D
:10C9F00005AB2046FFF728FE0028B7D1059B9D42D6
:10CA000088BF8720B2E704A824F081FB049DE1E7FA
:10CA100005A824F07CFB022300930C4A059D04AB7F
:10CA200003212046FFF710FE00289FD1BDF81030EB
:10CA3000ADB2AB4288BF872098E700BF24990300BE
:10CA4000D098030037990300AE990300C5990300FD
:10CA500001291FB507D0022912D071B905B05DF8C0
:10CA600004EBFFF70BBE042300930B4A03ABFFF765
:10CA7000EBFD10B90398FCF785FC05B05DF804FBED
:10CA8000064A009103ABFFF7DFFD0028F5D1BDF8A2
:10CA90000C00FCF789FCF0E72499030037990300A8
:10CAA0002DE9F041FFF708FE21490546002002F07C
:10CAB000D7FE032D3AD81F4B1B78022B36D11E4BC5
:10CAC0001E4C1B681B68FF275E7904F825701DF05B
:10CAD00074FC1B4B1A6823460024A0EB020C214671
:10CAE0004FF0FA0E1D78FF2D05D05D880EFB05F87E
:10CAF000C4450FD91F700134042C03F10403F1D194
:10CB000061B93046FFF7AAFE00201FF09BFB012011
:10CB1000BDE8F081A94238BF2946ECE7121AFA2392
:10CB200003FB012130461EF0E9FAEDE70120ECE7B6
:10CB3000D7990300754E0020E43500201A4B0020E1
:10CB4000303300202DE9FF410446FFF7B5FD03A96E
:10CB500005462046F5F7C8FA0446002865D1BDF819
:10CB60000E309DF80C20324902F07AFE032D54D885
:10CB7000304B93F80080B8F1010F4ED12E4B2F4E61
:10CB80001B6816F825101B685F7938461EF090FA6E
:10CB900098B12B4B83F80080DFF8B88098F800201C
:10CBA00042B12849284B2046012A08BF0B46274995
:10CBB00002F056FE002388F800309DF80C3043B395
:10CBC000BDF80E30ABB106EB8506BDF80E307380B4
:10CBD00000241A4B00221978FF2901D05988E9B1A5
:10CBE0000132042A03F10403F5D13846FFF736FE7B
:10CBF00014E002230093164A0DF10E030321384678
:10CC0000FFF722FD04460028DDD0FF2306F825307B
:10CC1000DFE7FF2306F82530DAE7012420461FF07E
:10CC200011FB012004B0BDE8F0810020FAE700BF4D
:10CC3000E8990300754E0020E43500201A4B0020CF
:10CC4000734E00200E560300A2820300089A0300D0
:10CC5000C5990300724E002030B5134B1B6885B098
:10CC60001B6803A95C79F5F751FA0546D0B9039A18
:10CC70000E4902F0F5FD23230093204603AB012269
:10CC800020211FF079F8044630B10090084B094A82
:10CC90000949284602F0E4FD20461FF0D3FA01209E
:10CCA00005B030BD0020FBE7E43500204C9A0300BE
:10CCB000249903006A9A0300BD98030030B5144B11
:10CCC0001B6885B01B6803A95C79F5F719FA05465E
:10CCD000D8B9BDF80C200F4902F0C2FD2123009302
:10CCE000204603AB022220211FF046F8044630B153
:10CCF0000090094B094A0A49284602F0B1FD204636
:10CD00001FF0A0FA012005B030BD0020FBE700BFF6
:10CD1000E43500206F9A0300379903006A9A0300F4
:10CD2000BD980300902802BF014B00221A70704783
:10CD3000724E0020034A03460120C3E9032000226B
:10CD40001A7070470100FEFF2DE9F041264E274F73
:10CD5000DFF8A88088B0002400F038FAA5B2854238
:10CD600002D308B0BDE8F08103A928461EF0FCF903
:10CD7000A2B23146002002F08DFD9DF80D2012B3C5
:10CD80009DF81210BDF81030402914BF6E21792192
:10CD9000CDE900310020BDF80E30394602F07AFDB1
:10CDA000BDF814201AB11249002002F073FD9DF85D
:10CDB0000C00BDF8182070B9079B00930D49BDF811
:10CDC0001A3002F067FD0C49002002F049FD0134E1
:10CDD0001DF036FBC0E7BDF81C30009341469DF8BE
:10CDE0001A300020EDE700BF8E9A0300929A0300EC
:10CDF000B19A0300B99A03000E560300DD9A0300AE
:10CE000010B500F021FBBDE810400346024A03497B
:10CE1000002002F025BD00BFF8120300C8980300EF
:10CE2000D0E9023253F8223010B5188800F0FCFA2D
:10CE3000BDE810400346024A0249002002F010BD3E
:10CE400045170300C898030010B5D0E9023286B038
:10CE500000248DF8044053F8221003EB8203097874
:10CE60008DF805105A681288ADF806209A68128865
:10CE7000ADF80820DA681278ADF80C40A24214BF71
:10CE8000402280228DF80A201A691288ADF81020FD
:10CE90005A699B691288ADF812201B68059301A896
:10CEA00000F048FC034A04490346204602F0D8FC3F
:10CEB00006B010BDF4120300C898030038B5074D42
:10CEC00000241DF07AFA45F8240006342A2CF8D103
:10CED000BDE838400249002002F0C2BCD81E002044
:10CEE000019B030030B5214987B0002002F0B8FC57
:10CEF0001F49002002F0B4FC1E49002002F0B0FCE3
:10CF00001DF05BFA00240546A0B201A901341EF011
:10CF10002BF9072CF8D11DF050FA1749421B0020BD
:10CF200002F09EFC1549002002F09AFC1DF045FA23
:10CF30000446012000F00CF91DF03FFA0E49021BD7
:10CF4000002002F08DFC0E49002002F089FC1DF04B
:10CF500034FA044600F016F81DF02FFA0649021BB9
:10CF6000002007B0BDE8304002F07ABC2D9B0300E2
:10CF70005C9B03008C9B0300A99B0300B89B0300F0
:10CF8000D29B03002DE9F0411F4F86B00024FF26FD
:10CF900007F1140800F01AF9A5B2A84208D8002732
:10CFA00026FA07F3DB071ED4DFB106B0BDE8F08137
:10CFB00001A928461EF0D8F8F20706D5394601A87F
:10CFC0001EF0EFF808B106F0FE0673087E2B06D0BF
:10CFD000414601A81EF0E5F808B106F0FD0601344F
:10CFE000D8E70127DCE7084C142303FB07440FCCE8
:10CFF00001AD0FC523682B6001A800F0C1F94FF601
:10D00000FF739842D0D1D0E7F49B0300D0B14378AE
:10D01000012B20D14288012A1DD18388202B12D1D7
:10D020008379402B17D10289AAB90346002103F85E
:10D030000C1B0A49142000FB0212D2E9030183E809
:10D04000030001207047212B05D18379402B02D1A9
:10D050000389002BE9D0FFF76DBE00BFF49B0300EE
:10D0600010B50C4603F05CFB08B9032C12D11EF07E
:10D07000E0FB04280ED01EF0DCFB05280AD0064891
:10D0800002F0D2FAB42801D11EF06DFFBDE81040C5
:10D0900002F0DABA10BD00BF53B102002DE9F04F23
:10D0A000DFF8A8B0274C87B000274FF0FF36BBF859
:10D0B0000030B8B2834209D8731C3BD022483246B4
:10D0C000FF2107B0BDE8F04F1DF049BB01A91EF0DC
:10D0D0004BF89DF8050001F089FDF8B19DF804803A
:10D0E000B8F1000F1AD1BDF810A0BDF812901DF0D4
:10D0F00064F91821BBB24B430246E018E158007CAA
:10D10000A2EB010C4FF47A7350B103FB0AF36345B1
:10D110000ED30B44981A864228BF06460137C6E74D
:10D120004D466B43FAD06345F5D31944881AF2E7AC
:10D130004046F0E70448FF2107B0BDE8F04F1DF07E
:10D140001FBB00BFD81E0020543300202A4B0020F4
:10D150002DE9F041014688B020B1022809D008B07D
:10D16000BDE8F081FF23154A15480093FBF7DAFB71
:10D17000F5E70024134E27464FF00108A5B22846D4
:10D1800003A98DF80D701DF0EFFF9DF80D0068B13B
:10D1900001F02CFD20B19DF80C300BB986F8108001
:10D1A0000134072C06F11806E8D12546064B1D80F0
:10D1B00008B0BDE8F041FFF771BF00BF15D5000012
:10D1C00054330020D81E00202A4B0020014B188821
:10D1D000704700BF2A4B00202DE9F04F624A077DBF
:10D1E000624989B00446002002F054FB00201EF082
:10D1F00092FF20B12368218A588803F0DDFA0020CD
:10D200005B49DFF8789102F02BFB637D002B2368EC
:10D210005988574B0093228A4FF009030DBF08200D
:10D2200000204FF080084FF0400802F0ADF9A289CD
:10D23000BB1C93420CDB1FF002F8034620B14D4AA1
:10D240004D49002002F00CFB012009B0BDE8F08F31
:10D25000A068791C89B2C55D1EF015FF0337012D4A
:10D260000646BFB213D8236859885879238A009399
:10D27000324643461EF08CFB824600283ED1862073
:10D2800002F02CFA284602F029FA304668E08520A0
:10D29000F6E703A91DF068FF9DF80C30AB4223D1DF
:10D2A00023689DF80D105A7991421DD1BDF80E10DA
:10D2B0005A88914218D1BDF81020B24214D19DF87D
:10D2C0001220424510D1BDF81410228A91420BD190
:10D2D000002D38D0BDF81810E288914204D19DF895
:10D2E0001A201B799A422ED00BF1010BB9F80030AD
:10D2F0005FFA8BF08342CCD88B20C1E74FF0000B54
:10D30000F4E79AF8020002F0E9F9BDF818001EF0FF
:10D310007DFEBDF81A001EF079FE9AF8020003F0B7
:10D3200051FC002883D19AF8020001F0F9FA079E17
:10D330000546002D3FF47BAFF0B2013D02F0CEF97F
:10D34000360AEDB2F5E7002002F0C8F9284602F0EF
:10D35000C5F930461EF05AFE012DD2D1BDF81C0091
:10D360001EF054FE63E700BF1C9C0300ED8D03001C
:10D370000E560300299C0300469C03002A4B002004
:10D3800038B5084D2C88062C014607D820461DF0DC
:10D39000F5FE2B8801332B80204638BD4FF6FF74F5
:10D3A000FAE700BF2A4B00202DE9F0431C4F91B053
:10D3B000694680461DF0D8FE388800238DF801307C
:10D3C000431E98B28045388009D1694640461DF019
:10D3D000D5FE68461DF0BBFE11B0BDE8F08305A97F
:10D3E0001DF0C2FE0F4C3E884FF0180909FB06469F
:10D3F0000FCE0AAD0FC596E803000AAE85E803001C
:10D4000005A940461DF0BAFE0FCE09FB08440FC423
:10D4100095E8030084E8030038886946D7E700BF31
:10D420002A4B0020D81E002008B5064B1B888342DB
:10D4300005D9FFF7B9FFFFF731FE002008BDB12085
:10D44000FCE700BF2A4B002038B5074D2C882CB9CB
:10D450000648FF211DF094F9204638BD601E80B2B9
:10D46000FFF7A2FFF2E700BF2A4B00205433002051
:10D470002DE9F347264F9DF82890CDE900129A46F2
:10D48000182303FB09731446D3E902231EF0AAFFF5
:10D49000064620460D4603F095FB04F0FD03382BAD
:10D4A00080460FD10094DAF8100032462B46002156
:10D4B0001DF09AFEB8F1010F1BD135431ED102B009
:10D4C000BDE8F087392CDAF810300BD107EE906AFE
:10D4D00007EE103AF4EEC77AF1EE10FAACBF012075
:10D4E0000020E7E79E4275F100032CBF01200020D9
:10D4F000E0E7B8F1000FE2D10028E0D0182303FBE9
:10D50000097701233B7402B0BDE8F047FFF7C6BDC1
:10D51000D81E00202DE9F04FA3B00025DFF8C491FC
:10D5200004952E46A8462C466A4B1B88A8B2834217
:10D5300009D81CB161882079FFF792FDFFF7AEFD95
:10D5400023B0BDE8F08F0CA91DF00EFEAFB21CF0A9
:10D5500034FF18237B43834609EB030A9DF831000F
:10D5600059F80330059301F041FB002800F0AF802B
:10D570009DF83020002A40F0AA80059BABEB030009
:10D58000BDF83C304FF47A725343834200F29F80DF
:10D590009AF8103043B9BDF83E30002B00F0978068
:10D5A0005343834200F2938041230022CDE90132AC
:10D5B00011AB00930DF11D020DF11E03E9B20CA891
:10D5C000F2F79EFD002878D1BDF81EB00BF10302E2
:10D5D000D2B21CB3404B9DF831101B881344227902
:10D5E000914215D1BDF832106288914210D19DF858
:10D5F0003620B8EBD21F0BD1BDF8382004998A42EF
:10D6000006D1B3424DDD3549002002F029F901E091
:10D61000B342F8DC61882079FFF722FD02F03AF886
:10D6200004469DF936002E4B0093C043C00F0A23D9
:10D63000BDF83820BDF832109DF83680C00001F0EA
:10D64000A3FF9DF8313023714FF48A53E380BDF876
:10D65000383004934FEAD8184FF0000AFF2608A983
:10D660005FFA8AF023F073F8B0B99DF821109DF8A5
:10D670003120914210D1BDF82210BDF832209142E4
:10D680000AD19DF82D109DF8200022461EF0E0FDE5
:10D69000B04228BF3046C6B20AF1010ABAF1100FF3
:10D6A000DDD1BDF834001EF0B1FC9DF81D0002F084
:10D6B00015F8594611A802F025F818235F4309EB25
:10D6C000070300221A741CF078FE49F807000135A0
:10D6D0002AE700BF2A4B00202E4B0020FD9C0300B0
:10D6E0000E560300D81E002070B5114D8AB00024DC
:10D6F00001262B88A0B2834204D80AB0BDE870404E
:10D70000FFF7CCBC05A91DF02FFD9DF8150001F019
:10D710006DFA50B19DF814303BB9CDE90136009354
:10D720001A46E1B205A8F2F7EBFC0134E1E700BFCD
:10D730002A4B00202DE9F043DFF858810389B8F81F
:10D7400000908BB0044600938379828841884078AA
:10D750001EF01EF9002800F09580E78927B1A38903
:10D76000BB4200F291800027B8F80030BDB2AB4256
:10D7700014D84D460126E2894FF6FF739A4226D10E
:10D7800046B9B8F80030AB4202D92846FFF70CFE84
:10D79000FFF784FC00200BB0BDE8F08305A9284604
:10D7A0001DF0E2FC9DF814307BB92268059B5340C4
:10D7B000FF2B0AD86368069E5E4036F07F4604D190
:10D7C000BDF81C2023899A42D5D00137CCE7E26806
:10D7D0009A422BD0002E53D1D4E90323CDE908235C
:10D7E00005A81DF0B4FC0028D5D1B8F80030AB4234
:10D7F00004BF6B1CA8F800301CF0DFFD1823244A7E
:10D800006B43D418D0500023CDE9013300931A465E
:10D81000E9B205A8F2F774FC18B100220023C4E9AC
:10D82000022305A928461DF0A9FCB1E7234605AA55
:10D8300004F1100C18685968174603C7083363458C
:10D840003A46F7D11868386005A8FFF7DFFB0028D3
:10D85000C0D0062D1AD800238DF8143063788DF8C7
:10D8600015306388ADF81630A388ADF81830A37969
:10D870008DF81A302389ADF81C300028B0D1ABE701
:10D880000020E6E7862086E7872084E7892082E774
:10D89000D81E00202A4B00202DE9F04FA24A057D1A
:10D8A000A2498DB00446002001F0F4FF00201EF0D4
:10D8B00032FC20B12368218A588802F07DFF0020C5
:10D8C0009B49DFF888B201F0CBFF637D002B14BFCA
:10D8D00080234023029323685988954B0093228A22
:10D8E0004FF007030CBF0820002001F04DFE4FF061
:10D8F000000AA28905F10308904506DBBAF1000F82
:10D900001FD1504601F0EAFE1BE0A068691C89B2F5
:10D91000475D1EF0B8FB8749064603463A4600209D
:10D920001FFA88F801F09CFFC7B1012F00F0A98011
:10D93000852001F0D3FE384601F0D0FE30461EF0BF
:10D9400065FB1EF07CFC034620B17B4A7B4900202E
:10D9500001F086FF01200DB0BDE8F08FA068A2891C
:10D9600010F80880291D89B21EF08DFBA91DA2891F
:10D97000049089B2A0681EF086FB049B059000907D
:10D980006F493846424601F06BFF08354046ADB25C
:10D9900003F018F9002835D1404600F0C1FFA289F4
:10D9A000034681462946A0681EF05EFB6549039048
:10D9B000384601F06FFFA1684A4629443B46384685
:10D9C00001F0C2FE5A49384601F04AFFA9441FFA45
:10D9D00089F5236859885879238A00933246029B37
:10D9E0001DF0D6FF80B1837843450DD08D2001F026
:10D9F00075FE002001F072FE30461EF007FB4FF06E
:10DA0000010A76E70397E4E7A8F148085FFA88F887
:10DA1000B8F1090F07D840F2113323FA08F3DB07F6
:10DA200001D58C20E3E700238DF81C3023685A7958
:10DA30008DF81D205B88ADF81E30029B8DF82230DA
:10DA4000238AADF82430049BADF82830059BADF84F
:10DA50002A3007A8039BADF820600B93FFF76AFEFE
:10DA6000814600283FF445AF484601F037FE38466E
:10DA700001F034FE30461EF0C9FAB9F1850FBED16F
:10DA80005FE7A289A06841461EF0FDFA2E490246D2
:10DA90008146002001F0E4FE0535BBF80020ADB260
:10DAA0000023BBF800101FFA83F8414506D8062A68
:10DAB0004ED9892001F012FE01209BE707A94046BC
:10DAC000CDE903231DF050FB9DF81C100129DDE971
:10DAD000032326D1D4F800E09DF81DC09EF8050070
:10DAE00084451ED1BDF81EC0BEF80200844518D181
:10DAF000BDF82000B04214D19DF82200029988425E
:10DB00000FD1BDF824C0208A84450AD1BDF828C0B1
:10DB1000E088844505D19DF82A009EF804108842CB
:10DB20002FD00133BDE700BF289D0300ED8D03001A
:10DB30000E560300309D0300819D0300469C0300A8
:10DB40004A9D0300679D0300729D03002A4B00203D
:10DB500001238DF81C30236859798DF81D105988E0
:10DB6000ADF81E1002998DF82210218AADF824100C
:10DB7000E188ADF82060ADF828101B798DF82A30C7
:10DB8000904607A8ADF82C901DF0E1FA81460028D8
:10DB90007FF46AAFBBF80030434508BF08F10103CA
:10DBA00007A9404608BFABF800301DF0E7FAA0E631
:10DBB0002DE9F04F89B09A46BDF848B09DF84C6009
:10DBC000149C244B07468846914600251A88A8B223
:10DBD000824235D903A91DF0C7FA9DF80C201D4BD0
:10DBE000B2BB9DF80D10B94232D1BDF80E104145BF
:10DBF0002ED1BDF8101049452AD19DF8121051457B
:10DC000026D1BDF81410594522D13046029200F0B9
:10DC100087FEA6F14103012B01460AD820461EF0DB
:10DC200038FA0D4B0D4A204484420CD1029302ACC9
:10DC30000421EDB2009503AB32462046FFF718FCF5
:10DC400009B0BDE8F08F14F8011F4B405343EBE7D8
:10DC50000135BBE72A4B0020C59D1C8193010001C3
:10DC60001FB50F4C2478C4B142EA03229DF8183046
:10DC70008DF8051042EA43220A4BADF80C201A78C1
:10DC8000094B8DF8061003EB0213079900908DF8ED
:10DC90000400DB6802916846984704B010BD00BFDD
:10DCA000774E0020794E00207433002073B51A4D52
:10DCB0001A48FF211CF064FD2B7853B3184C194E01
:10DCC0002378180106EB0313305C1A7A59680FF0B9
:10DCD00041FE4D281DD0E0B1227801230021CDE97D
:10DCE00000311201C0B2B25CFFF7BAFF23780B48D3
:10DCF00001330A22DBB2B3FBF2F102FB11332370D2
:10DD00002B78FF21013B2B7002B0BDE870401CF066
:10DD10002FBD02B070BD00BF774E0020143400202C
:10DD2000794E002074330020F8B5104F3E780A2E4B
:10DD30001AD00FC8DFF840C00D4D9CF8004005EB2D
:10DD40000415013485E80F00E4B20A230948B4FB46
:10DD5000F3F2013603FB1244FF218CF800403E70C1
:10DD60001CF006FD0020F8BD0120FCE7774E0020E6
:10DD70007433002014340020784E0020024A0348F7
:10DD80000021FAF70DBE00BFADDC00001434002006
:10DD900037B5134D00232A78CDE900330C46120124
:10DDA000104901238A5C01462046FFF759FFA4B9B8
:10DDB0000D490A788AB12B7801330A20DBB2013A87
:10DDC000B3FBF0F400FB143308480A70FF212B70FA
:10DDD00003B0BDE830401CF0CBBC03B030BD00BF89
:10DDE000794E002074330020774E00201434002038
:10DDF00008B5032016F0D8F810B9024B01221A70AA
:10DE000008BD00BF7A4E0020024B002218781A701D
:10DE1000704700BF7A4E00200246FF2101481CF0E7
:10DE20009EBC00BF34340020114B37B51D78BDB9FE
:10DE3000FF2110481CF0A4FCFFF7DAFF0E4B009006
:10DE400004460E4A0E49284601F00AFD44B10D4B26
:10DE50001B78DB0604D521F0D9FD20461CF0AEFF6F
:10DE6000094B186803B0BDE83040FFF7D5BF00BFCD
:10DE70007A4E002034340020959D0300C39D03009A
:10DE8000BC7A0300634E0020F41100200148FF21FA
:10DE90001CF076BC3434002070B5194E337805463A
:10DEA0000C4663B3174A1849002001F0F3FC032C19
:10DEB00001D0652C1FD11549002001F0EBFC224652
:10DEC0001349002001F0CCFC1249002001F0E2FCD3
:10DED000012329460822002001F036FC00200E49CB
:10DEE00001F0BEFC032C84BF002333702046BDE844
:10DEF0007040FBF703BE012CE1D00849DCE770BDA0
:10DF00007A4E0020C39D030021790300D69D0300B3
:10DF1000D57F0300F49D03000E560300EC9D030023
:10DF2000014B1860704700BFF4110020024A0348FB
:10DF30000021FAF735BD00BF29DE0000343400208F
:10DF40002DE9F743254B01930D461646044650B183
:10DF50004AB101AA042312F8011BA94235D0013BA2
:10DF600013F0FF03F7D1022003B0BDE8F08317F8E8
:10DF7000010F90FAA0F0000E1CF039FA014608EBF0
:10DF800007039945F3DCCAB2C1F30F2392FAA2F258
:10DF900093FAA3F3120E1B0E03EB02236219DB4369
:10DFA00012F8020C99B2DBB298420CD112F8013C83
:10DFB000B3EB112F07D132462146284603B0BDE806
:10DFC000F04322F073B8BD20CEE7671E4FF6FF7115
:10DFD000A5F10209C4F10108D1E700BF080A0E1239
:10DFE000014B1870704700BF7B4E0020024B186831
:10DFF00000B14068704700BFF81100200B4B1B6850
:10E0000070B5044600257BB11E88002107E05A68E0
:10E0100002EB0110013145B9021B554255418AB24C
:10E020009642F4D89B68EEE7184670BDF8110020C0
:10E030002DE9F04F93B01E469DF874300593022EE3
:10E040004FF00003DDF87090DDF880A0ADF81E30D1
:10E0500007468846144640F2B48099F800305A07C3
:10E060002AD5042E40F2AD8099F804B0594B002512
:10E0700033F83520002A00F0AA8001350A2DF7D1A7
:10E08000BAF1000F40F0A180FF25002320798DF820
:10E090001D3008AA0DF11D011DF08BFF78B1BDF8F0
:10E0A0002C309DF81D0023801EF003F88DF81C0015
:10E0B000A0B113B0BDE8F08F99F802B0D6E720798F
:10E0C0001DF0B3FC00287ED120791EF004F88DF8F5
:10E0D0001C000028EDD1404B5B88238062884FF6FE
:10E0E000FF73002F08BF4346CDE90023002123889A
:10E0F000059A584602F056FC18B1E38843F0200315
:10E10000E380059BCDF83C9007A90DA8CDE90DA4AF
:10E11000ADF84080ADF842608DF844708DF8453020
:10E120001DF05AFF10B19DF81C00C2E7484602F0EE
:10E1300085FBA01D02F070FB2246414638461EF0CA
:10E1400087F8B04208D274238DF81C30BAF1000F62
:10E1500032D11DF0B4FFE6E79DF87C300393BDF8A3
:10E16000783002930DF11E03CDE900932246F3B2FD
:10E17000414638461DF07EFA8DF81C00BAF1000FBA
:10E180000FD070B9BDF81E203AB1092D05D8134B38
:10E1900003EBC50143F835A08A801120FBF7C2F8D4
:10E1A000D7E7BA2808D1E388DB06D2D500230120BF
:10E1B0008DF81C30FFF714FF9DF81C30002BC8D1E0
:10E1C000EBE7012075E7A32073E7B42071E7EDB218
:10E1D0005BE700BF58340020043500205434002091
:10E1E0009D2837B504462AD8902812D856D11DF05C
:10E1F0001CFB2B4B00902B4A2B49002001F030FBDD
:10E20000902C29D10EF052FF03B0BDE830401DF034
:10E21000ECBE00F16F03DBB201259D4015F0A905AE
:10E2200028D19D2833D09C2838D11DF044FB1F49AC
:10E230000246284603B0BDE8304001F011BBBC28BF
:10E24000D5D007D85534E4B2042C27D8184B154A3A
:10E25000184914E0BF28C9E7174B184A1849BC2CC5
:10E2600008BF1A46002001F0FBFA1DF0BDFE1DF0AC
:10E27000BCFEC9E79128E9D1094B0A4A114900209F
:10E2800001F0EEFA03B0BDE830401DF0C9BF0E4901
:10E29000284603B0BDE8304001F0E2BA03B030BD1B
:10E2A000039E0300FD6D03000C9E0300539E0300BC
:10E2B000429E03004A9E03000E560300FE9D03008B
:10E2C000199E0300399E0300709E030007B5094A9A
:10E2D0000346108831B9084A084903B05DF804EBD9
:10E2E00001F0D8BA0091064A064901F0D3FA03B00A
:10E2F0005DF804FB3E4B0020FB7203009C7A030098
:10E300009F730300859E03000D4B1B6837B50446C1
:10E310009BB11D7803890093C37A0A4A0A49012DEB
:10E320004FF0000008BF022501F09AFA2146284666
:10E3300003B0BDE8304021F022BB702003B030BDF7
:10E3400020350020FF9E0300AF9E030010B5002083
:10E350001DF0AFFE0D4B1B688BB15A78052A08D80B
:10E360008AB9144610460FF0CFF820460EF002FF8F
:10E3700005E0FF2A07D00649002001F071FABDE848
:10E3800010401DF09CBE05240222EBE72035002042
:10E39000049F030013B5124C00201DF08AFE236871
:10E3A0009BB101A81DF081FA78B923681A789DF80D
:10E3B00004309A4209D0D91E032906D9D11E012959
:10E3C00003D9012A07D1022B05D1032301A8ADF8F7
:10E3D000043010F0E3FE02B0BDE810401DF06FBE47
:10E3E000203500200023044A194601330A2B91806E
:10E3F00042F8081BF9D17047543400207FB50E460F
:10E40000054610F0CDFB0F49044603462A4600207E
:10E4100001F026FA96B10C4B1A889B788DF80E30D5
:10E420000323ADF80C200093002203AB36214FF6F6
:10E43000FC708DF80D501EF066F90446204604B0BD
:10E4400070BD00BF239F0300A4A00300FF2810B5E8
:10E450000C4604D10020044901F002FAFE202146B6
:10E46000BDE81040FFF7CABF3A9F0300F8B51F464A
:10E470000B8806460C461546002B5DD14A88B1F93B
:10E4800002100029B8BF6B782C49002001F0E8F990
:10E490006288132A1DD002F5FF417F3189B2052918
:10E4A0001FD8A2F50042013A052A1AD8DFE802F087
:10E4B000153B19033809224A2249002001F0D0F9FE
:10E4C0000FE0214A1F49002001F0E4F92A791F4991
:10E4D000F3E7B5F801201E49EFE71E49002001F0DF
:10E4E000BFF93B462A46214630461AF003FF70B971
:10E4F0003B462A46214630461AF0FEFE628848F224
:10E5000021039A4203D1697830461DF05BFD638890
:10E51000B3F5004F02D90820FAF71EFF0120F8BD1D
:10E520002A790D49C9E70D4A0649002001F0B2F9E0
:10E53000B5F801200A49C0E70020F0E7759F030005
:10E540009A9F0300A19F0300B29F0300B89F03009E
:10E55000C69F0300DD9F0300F79F030019A003007F
:10E560001EA003002DE9F04F85B08046BDF838703D
:10E570000F9DBDF840B0894614461E46002B2FD093
:10E58000454A4649002001F085F92388002B74D0C4
:10E5900040F20912934272D0414A4249B3F5827F58
:10E5A00018BF0A4601976188009100203E4901F09A
:10E5B00071F9238883B1022F0ED92B783B493C4A4D
:10E5C00013F0010F08BF0A4659074CBF2B79AB78EF
:10E5D0003849002001F05EF93749002001F040F988
:10E5E0003649002331F833205A454AD1344A52F88B
:10E5F00033A0002331F8330058454FEAC30246D117
:10E600002F4900200A4441F83300908046B92388FE
:10E6100033B9B4F90230002B02DB0820FAF782FE8E
:10E620000120FAF799FE9DB12A78D30710D512F090
:10E63000040004D03A46012128461DF024FDCDE90E
:10E64000016000953B462246494640461DF03EFA91
:10E65000BAF1000F06D0CDE900563B4622464946A6
:10E660004046D047CDE900563B4622464946404603
:10E670001CF09AFF05B0BDE8F08F124A92E7124AEB
:10E6800090E701330A2BADD14FF0000AB1E7013317
:10E690000A2BAFD1BAE700BFDF6D030048A003002B
:10E6A00036A003006B72030052A0030041A00300D8
:10E6B00039A0030081A003000E5603005834002047
:10E6C000543400202FA0030033A003000D4BF0B5FD
:10E6D0000D4E1F88054600234FF00C0CDCB2BC42E7
:10E6E00001D30020F0BD0CFB04F43019345DAC42C2
:10E6F00005D144888C4202D104799442F2D001338E
:10E70000ECE700BFEE1400200812002013B501242E
:10E710000B4A0C480094FF230021FAF703F90A4A38
:10E720000A480094FF230021FAF7FCF8084A094838
:10E730000094FF230021FAF7F5F802B010BD00BFE6
:10E7400069AD0200E43400201BAE0200C434002096
:10E750005DC80000A43400202DE9F8430D4B0E4F96
:10E760001E78DFF8388000244FF00C093A88E5B2B3
:10E77000954202D33046BDE8F88309FB0585FF21A9
:10E78000A8681CF00BF818B9AB799E4238BF1E463A
:10E790000134EBE77C4E0020EE140020081200202C
:10E7A000014B1878704700BF7C4E0020014B187059
:10E7B000704700BF7C4E0020F8B506460C461DF0A1
:10E7C000F6FB0546B0B930461DF02FF998B90B4B52
:10E7D0001F7B87B95A8822809A8862809B7923712F
:10E7E0000121304600F062FA39466071304600F08F
:10E7F0005DFAA07101252846F8BD00BF0435002050
:10E8000070B504460E4615461DF00FF910B14FF6CF
:10E81000FF7070BD084B1A7B002AF8D146B901225F
:10E820002946204600F064FA0028F0D00088F0E77E
:10E83000012EECD1F4E700BF0435002013B5FF230F
:10E840000DF1070104468DF807301DF0AEFB18B13D
:10E850009DF8070002B010BD074B03EB04131B7BB0
:10E860000BB1FF20F6E7204600F0A2F80028F8D010
:10E87000204600F015FAEDE70435002010B5F7F753
:10E880004DFA0446F7F750FA224603461049002095
:10E8900000F0E6FF00F04EFFFFF7A4FD00F06CF87B
:10E8A0000221084602F0F4F9FFF750FD094B41F24E
:10E8B00002021A80084A52231380084A4FF400408B
:10E8C000138020F018F9BDE81040002020F05BBD57
:10E8D000A7A003001C150020181500201615002005
:10E8E00038B505461DF083FB80B9284617F014F8AB
:10E8F000044618B1752814BF88248D240449234682
:10E900002A46002000F0ACFF204638BD8D24FBE7EE
:10E91000BDA003000149082222F0B9BBF550002038
:10E92000064A0123D15C814202D1054AD05C70477E
:10E9300002335D2BF6D10020704700BFD2A0030048
:10E94000D3A0030070B50A4B1D780A4B0446002281
:10E95000D0B2854201D8FF2070BD1E78A64204D1F6
:10E960000029F9D05E7BF607F6D401321033EFE7C9
:10E970007D4E002004350020074B01221A70074B02
:10E980001A709A71064A9A604FF482714FF480723D
:10E99000598099809A8170477D4E0020043500206F
:10E9A00038A10300014B1878704700BF7D4E00204E
:10E9B000034B03EB0013587B00F00100704700BFCE
:10E9C000043500202DE9F04F8DB0DFF81C82029352
:10E9D0009DF858300793804B06911B7808EB031382
:10E9E000054616460A934FF000090A9B984501D147
:10E9F000862068E02B780393039A98F80030D8F8C3
:10EA000008A0934240F0E08098F80D30DC0709D56B
:10EA10009AF8043009934FF0000B099A5FFA8BF3D0
:10EA2000934202D308F11008DFE7DAF800701423EC
:10EA300003FB0B77294638461CF07FFF002800F0C7
:10EA4000BE803B890893002308999AB2914202D86C
:10EA50000BF1010BE1E70C225A430B937B68049204
:10EA60009C1821462A46384605931CF07DFF2279E2
:10EA70000B9B002800F09A80069B03B11C60900657
:10EA800024D4564B09EB03080BE01A79910642BFD8
:10EA9000DA7890441FFA88F80C339C42F5D8504B32
:10EAA0009844079B63B3214638461CF03DFFDDE9DF
:10EAB0000413B5F802905B5A0246494603981DF0CC
:10EAC0005CFA38B97E200DB0BDE8F08F454B4FF0B1
:10EAD0000008E2E72379DA0639D44346B0461E46F9
:10EAE000029AA378002A43D1E278A3F141010129D7
:10EAF00040D8013AD2B2414630461DF0D5FB00E085
:10EB00000EB90020DFE7214638461CF00DFFDDE995
:10EB10000413B5F802905B5A0246494603981DF06B
:10EB20002AFA0028CED02379DB06D9D521463846EB
:10EB30001CF0FAFE95F80080E2786D880346CDE976
:10EB400000622946224640461DF027FABBE72146CF
:10EB500038461CF0E9FE95F800806D88169603464D
:10EB60002246294640460DB0BDE8F04F1DF017BAC9
:10EB7000029ABAE7433B012B06D8023A92B24146C9
:10EB800030461DF0A9FBBCE7079BE2781BB9029B4E
:10EB90000BB193421ED341463046B8F1000F02D16B
:10EBA00022F08FFAADE722F072FAAAE712F0300FE6
:10EBB00002BFE2784A441FFA82F9013344E77B89B5
:10EBC0004B441FFA83F943E7BAF806304B441FFA67
:10EBD00083F927E7892076E77D4E00203F4F00200C
:10EBE0007E4E0020F4A103000435002008B500216A
:10EBF000FFF7A8FEFF281BBF044B03EB00130846DA
:10EC0000587B18BF00F0010008BD00BF043500208C
:10EC100070B50C4615461E461CF007FF40B9054866
:10EC200033462A4621468068BDE870401CF0CABEC3
:10EC3000002070BD0435002070B50C4615461E46F8
:10EC40001CF014FF40B9054833462A462146806827
:10EC5000BDE870401CF0B6BE002070BD0435002039
:10EC600070B5002306460C461546FFF7D1FF78B174
:10EC7000094B187858B1094B187886420AD00023FE
:10EC80002A462146FFF7D8FF003818BF012070BD83
:10EC9000FF20FCE70020FAE77D4E0020043500202D
:10ECA000014B0001185C70470435002070B50C461C
:10ECB0001CF0BBFEC0B90D4B9A682AB1157903460A
:10ECC0001426D9B2A94200D370BD116806FB031106
:10ECD000097B34B911F0800F1CBF0130C0B2013381
:10ECE000EFE711F0400FF7E70020EDE704350020D3
:10ECF000F8B50D4616461CF098FE034640B90E4A7C
:10ED00009268177904464FF0140CE1B2B94201D36E
:10ED10000020F8BD10680CFB0400017B46B911F01F
:10ED2000800F03D09D42F4D00133DBB20134ECE715
:10ED300011F0400FF5E700BF043500202DE9F04F3A
:10ED40003F4BDFF8008193F800A089B0064600240D
:10ED5000544506D2FF2E28D030461CF066FE0446ED
:10ED600040B309B0BDE8F08F1B68142202FB0535E3
:10ED70002B89B3F5967F01D91BF062FB00274FF07A
:10ED80000C0B2A89BBB29A421CD809F10109029BDB
:10ED900043445FFA89F59B681A79AA42E4D8FF2EAA
:10EDA000DFD10134E4B25445DBD208EB04131B7B02
:10EDB000002B41D12301029308EB04134FF000090B
:10EDC0000393E4E7BBB268680BFB03FE00EB0E01A4
:10EDD0000A79D30628D4039B93F800C08DF814C099
:10EDE00012F0400FB5F800C030F80E30ADF816C084
:10EDF000284614BF4FF0800C4FF0400CADF81A308D
:10EE00008DF818C01CF090FD5207CB78ADF81C00AF
:10EE10000CD5022B8A6800D91268012300930023C5
:10EE2000194605A8FFF7CEFD0137AAE7022B8CBFD4
:10EE30008A6801F10802F0E70134E4B288E700BF14
:10EE40007D4E00200435002070B50A4A068808234C
:10EE50001488B44208D19578047B2C403F2C03D908
:10EE60000D4201D0506870BD013B02F10802EFD1A4
:10EE70001846F8E7CCA3030070B5084D084E0024EF
:10EE80002B78E0B2834200D870BD06EB0010437BC4
:10EE9000DB0701D51CF09EFE0134F1E77D4E00201A
:10EEA00004350020F0B59646497D00B321B3012911
:10EEB00018BF04210026194F344632464FF6FF7022
:10EEC0003D8875450DD197F803C01CEA010F08D0A5
:10EED000BD789D4205D38AB1A54202D81CF0100F1F
:10EEE00015D10136192E07F10407E9D1F0BD00292B
:10EEF00014BF04210821DDE70221DBE70CF0100C30
:10EF0000BCF1000F1EBF2C4601220020E9E7A542FC
:10EF100001D30028E5D02C460020E2E768A30300D7
:10EF20002DE9F04F0A9FBDF824E09DF82C809DF854
:10EF300030904C7D78B39CB3012C18BF04241A4840
:10EF4000002500F1640C068896421ED190F803B0AB
:10EF50001BEA040F19D08678464516D31BF0100F14
:10EF600091F80FA004D0BAF1000F0ED0B1F810A0A4
:10EF7000BAF1000F09D1A94514D0AE4512D95E559A
:10EF80003E88013501363E80ADB204306045DAD1AD
:10EF90000120BDE8F08F002C14BF04240824CEE724
:10EFA0000224CCE70020F4E768A303002DE9F04F2A
:10EFB000B1F57C4F85B0CDE9023228BF2B4B0190D3
:10EFC0004FF0000428BFB3F800A000940E4638BFED
:10EFD0004FF0010AA1464FF6FF78544503D340464F
:10EFE00005B0BDE8F08FB6F57C4F0CD3204B029AEC
:10EFF000019803EB840331465B88FFF709FE054661
:10F00000F0B1002718E0029A019831461CF02BFD60
:10F01000F5E70C23BCB25C43D5F804B0039B3BF886
:10F02000040098420BEB040105D3009B5BB9284612
:10F030001CF07AFCA0B901372A89BCB2A242E8D8F8
:10F040000134A4B2C9E74845F5D828461CF06CFC49
:10F050000028F0D03BF80410494501D38045EAD997
:10F0600001233BF8049000938046E4E730A10300BD
:10F0700032A103002DE9F04F8FB098469DF8703013
:10F0800005930023BDF860A08DF82C00ADF82E107C
:10F09000ADF8322005460E46174600931A4608A9D9
:10F0A0000BA8199C9DF868B09DF86C9008938DF89A
:10F0B0003080ADF834A0FFF785FC089850B9CDE951
:10F0C0000067594A59492B4600F0CAFB86200FB009
:10F0D000BDE8F08FB9F1000F14D183785B4506D0FD
:10F0E0004846514A524900F0BBFB8D20EFE70379B7
:10F0F00013F0010306D118464B4A4E4900F0B0FB0D
:10F100008820E4E703795B0731D583685A689B68F8
:10F1100009920A9380781DF044F9089A92F80390B6
:10F12000B9F1020F034613D807904A46214609A8B1
:10F130001DF0F3F8079B06904A4621460AA81DF0E9
:10F14000ECF8069B012B01D0013010D18720BEE7DF
:10F1500006904A46099821461DF0DFF80128F5D0AF
:10F16000069B0A984A4621461DF0D7F8ECE7059B16
:10F17000002B51D1089B4FF6FF72987821461CF066
:10F180009EFB00284DD05FFA80F9CDE90294CDE9CD
:10F1900000AB43463A46314628461CF017FF00288C
:10F1A00095D1CDE90294CDE900AB43463A463146CC
:10F1B00028461CF0E9FC002889D101230093059B17
:10F1C000224619460BA8FFF7FDFB00287FF47FAF0E
:10F1D000089B3246294620461CF05BFC43463A46D3
:10F1E00031462846CDE901B4CDF800A0FEF7E0FC99
:10F1F00043463A4631462846CDE90294CDE900AB74
:10F200001CF0E3FECDF800A043463A4631462846BE
:10F210001CF092FC00205AE70749002000F020FB78
:10F22000F8E7012053E700BF88A4030094A403007B
:10F23000BCA40300D0A40300E4A4030070B586B00E
:10F2400000258DF81030BDF828308DF80C00ADF891
:10F250000E10ADF81220ADF814300B9ABDF8303016
:10F26000009502A903A80D9E0295FFF7ABFB04468B
:10F2700030B916B1029B9B783370204606B070BD42
:10F280008928FAD10249284600F0EAFAF5E700BFDA
:10F2900001A503002DE9F04F4FF0000A99B0FFF7E8
:10F2A00081FB5FFA8AF6B04202D819B0BDE8F08F50
:10F2B0005B4B5C49360100209A5D00F0D1FA5A4957
:10F2C000002000F0CDFA00230593554B9DF8144023
:10F2D00033449B681A79A24202D80AF1010ADEE798
:10F2E0001B68142202FB04344FF0000922891FFA24
:10F2F00089F39A4202D8059B0133E5E7D4F804B0BC
:10F300000C231FFA89F803FB08F80BEB08051BF028
:10F3100097F82B794549228813F0400F3BF80830C5
:10F3200000934FF00000424B18BF0B46414900F0DC
:10F33000B1FA294620461CF0F7FA074600283CD1CE
:10F340003D4900F0A7FA2979DFF814C13B48AA78B3
:10F35000EB7811F0010F08BF604611F0020F32D1B7
:10F36000DFF800C111F0100F354918BF6146CDE933
:10F3700000013449002000F08DFA2B793BF8082079
:10F380002188274813F0400F4FF0000B4FF0410346
:10F390000DF11C08CDE9023BCDE900780CBF4023FC
:10F3A0008023805DFFF74AFF86280ED12649002082
:10F3B00000F056FA09F1010998E7024623490020B6
:10F3C00000F068FABFE72249D1E7A8781CF09CFA60
:10F3D000D8B140461CF05DFE421C92B2012341466A
:10F3E000002000F0B1F92088394601F0C7F94FF646
:10F3F000FF73984207D0174B174903EBC003002057
:10F400005A6800F02DFA1549D1E7A8781CF082FA65
:10F4100020B140461CF042FE821CDEE7EA78DDE7C0
:10F420000435002053A503005FA503002BA50300AE
:10F4300030A503009FA50300879B030035A50300AB
:10F440003BA50300B1A50300C9A5030006AA03005C
:10F4500043A50300C8AA03009CAD03000E56030099
:10F4600038A503004BA503002DE9F04F97B00446E3
:10F47000BDF88480BDF880B0B8F1040F0F46154682
:10F480009A4635D9CDE9013B00920B4602463049F8
:10F49000002000F0E5F941260DF113030DF11409E8
:10F4A00003932046CDE900B9029653462A463946D1
:10F4B000FFF7C4FE044638BB9DF813A03246494608
:10F4C00050461CF0FCF9064628469EB1A8F10408F7
:10F4D000B0450FD3DFF888B01CF098FDBBF80030C2
:10F4E000B21CC3F152039A4219DB892000F0F6F8EE
:10F4F000892405E01CF08AFD8924204600F0EEF8FE
:10F50000204617B0BDE8F08F009012492B463A46CE
:10F51000002000F0A5F928461CF078FDEDE7204614
:10F5200000F0DCF8504600F0D9F8BBF800800A483B
:10F53000324649464044B04421F0E9FDABF8008032
:10F54000064900962B463A46204600F089F9D7E74F
:10F55000D5A5030009A603006A4F00202CA60300CE
:10F560002E4B002010B5044C206004480180044953
:10F570000A60044A136010BD1C3500202C4B00208B
:10F58000183500201435002030B587B00AAC0D4680
:10F5900054F8041B0093CDE901141346094905945E
:10F5A00002460948098800681CF033FC074B1B68B9
:10F5B0001880074B1B684FF48A525D80DA8007B0D1
:10F5C00030BD00BF2C4B00201C350020183500201A
:10F5D0001435002008B410B587B009AB0C4653F8B9
:10F5E000041B0092CDE9011302460B490B48059319
:10F5F0000988006800231CF00CFC094B1B6818806C
:10F60000084B1B684FF48A525C80DA8007B0BDE873
:10F61000104001B0704700BF2C4B00201C3500206B
:10F620001835002014350020044A034611680448A8
:10F63000044A0988126800681BF03FBF1835002093
:10F64000143500201C350020044B054A1B68126845
:10F650001988044B18681BF0B9BE00BF183500208C
:10F660001C3500201435002007B5074B1B681B888C
:10F670000192064A12680092054A12681BF0F1FED8
:10F6800003B05DF804FB00BF183500201C350020D6
:10F6900014350020014B1868704700BF1435002056
:10F6A000094B10B500241C701CF0BFF8074B522208
:10F6B00018802146064821F004FD064B1C80064BAD
:10F6C0001C605C609C6010BDC64F0020304B002069
:10F6D0006A4F00202E4B0020324B002007490B8838
:10F6E000512B9FBF064AD054581C80B29DBF088042
:10F6F00000F1FF3080180020704700BF2E4B002023
:10F700006A4F0020F8B5094F3B885C18512C0D4614
:10F710000ADC074E0A46A4B20146F01821F0B7FCF5
:10F720003C80641BA019F8BD0020FCE72E4B002094
:10F730006A4F0020024B034A1A600020704700BF46
:10F740002035002036A1030030B4044D044C002BBA
:10F750000CBF2B46234630BC1CF0C5BC0FA70300D2
:10F7600056A6030000B589B0037806934378059345
:10F7700083780493C37803930379029343790193C5
:10F7800083790093C3790448044900883E2200F03D
:10F7900081F809B05DF804FB3E4B00205AA6030037
:10F7A000024B03490246188800F05AB83E4B00202D
:10F7B000607703002DE9F047DFF84C80DFF84CA0BC
:10F7C000DFF84C9005460E4617460024AC4201D1A6
:10F7D000BDE8F087B8F8000006EBC40153460822E4
:10F7E0001CF081FC0134B8F800003FB9044AA5427E
:10F7F00008BF4A46034900F04DF8E7E74A46F9E7F3
:10F800000E5603005F7703003E4B002056A6030010
:10F81000175A03002DE9F0410E4E044630881CF0C3
:10F820007AFCA8B10C4FDFF834800025E3070AD535
:10F8300018B93088414600F02DF830882A463946FC
:10F8400000F028F8002001351B2D4FEA5404EDD1BB
:10F85000BDE8F0813E4B00207C9703004FA00300E1
:10F860000EB417B505AA044652F8041B01920120F4
:10F87000F6F786FD054A01210220F9F791FB044BBA
:10F880001C8003B0BDE8104003B07047175A030056
:10F890003E4B00200EB417B505AA044652F8041BCF
:10F8A00001920120F6F76CFD034B1C8003B0BDE80C
:10F8B000104003B0704700BF3E4B002013B50368F3
:10F8C0000446587900F02CFF80B923685A88032A2F
:10F8D0000CD0E17C5B79CDE900211449144AFFF793
:10F8E000BFFF012120461CF0B0FC1BE0637D012B13
:10F8F0000AD0637D33B92368228A598858791CF06D
:10F90000A0F848B9C321EDE72368228A59885879BD
:10F910001CF0A0F80028ECD020461CF0FEFB0146AD
:10F920000028DFD1012002B010BD00BF6FA6030088
:10F930002D150300002970B50F49104E1D46104BC0
:10F9400014460CBF6E227922002808BF0B460D49D1
:10F950000020FFF79FFF2544AC4205D1BDE8704071
:10F9600009490020FFF77CBF14F8012B3146002025
:10F97000FFF790FFF0E700BFA3A60300E0A6030097
:10F9800099A60300ACA60300AA8C03002DE9F04F52
:10F99000427D036890F8149090F813B086688589CA
:10F9A0005F88002A8BB014BF802240220446587919
:10F9B0000592C84600F0B4FE98B9BBF1050F05D812
:10F9C0006FF02D0343FA0BF3DB070AD5032F08D0A2
:10F9D000AF490020FFF744FF012120461CF035FC11
:10F9E0007CE0E37B73BB607DAA4AB0FA80F04009FB
:10F9F0001380C000FFF772FEE37B93B3208A1CF0F4
:10FA000005FB8246A07CFFF769FEBBF1160F00F2F2
:10FA1000B281DFE81BF02800B6017D006700EA0133
:10FA20007D00AA01F301B201FC0105020E024D01A5
:10FA30002502B001B001B0013802820238029F02F3
:10FA40004D012502238A002B00F09581607D914BAA
:10FA5000B0FA80F040090022C0001A8040F0040093
:10FA6000C8E79A46CEE78C4A8C49DFF828A23B4685
:10FA70000020FFF7F5FE0120FFF730FE08F1020934
:10FA8000A94529D841462A4630461CF0FCFA23688D
:10FA900080465879BAF80030C3F152039BB2019303
:10FAA000238A00934246059B394619F026FC10B183
:10FAB0001FFA89F8E2E723685879BAF80030C3F1F1
:10FAC00052039BB20193238A00934246059B394619
:10FAD000FFF7CAFC8928EBD11CF0B1FB01200BB069
:10FAE000BDE8F08F0420FFF7F9FDEB1E4FF0000A90
:10FAF0000893089B984550D3BAF1000FECD1E37BF3
:10FB000094F81480002B634B0CBF022204221A804D
:10FB10000420FFF7E3FD00230693994608F1030A4A
:10FB2000554540F2A1802A46414630461CF0ABFACA
:10FB300006EB0803EA1E9B780790B244A2EB08028A
:10FB400092B25146184609931BF0B9FE089000285E
:10FB50007BD02268099B5079079ACDE901A3238ABB
:10FB600000933946059B1CF0CBF8079B4C49824615
:10FB70003A460020FFF78EFEBAF1000F55D1069BE2
:10FB800048490133DBB250460693FFF769FE089BF4
:10FB9000033343441FFA83F8C0E72A464146304600
:10FBA0001CF071FA06EB080308F1030193F80290C8
:10FBB000089B0690A3EB0802314492B24846099193
:10FBC0001BF07DFE079068B3236809995879CDF83A
:10FBD00008900191238A00933946DDE905321CF033
:10FBE000DBF88146C0B14846FFF778FD06981CF067
:10FBF0000DFA069B2A493A460020FFF731FE2A49B2
:10FC00004A460020FFF72CFE0AF1010AB9F1800FE5
:10FC10005FFA8AFA3FF470AF079B033343441FFA3D
:10FC200083F866E74FF08009DDE75046FFF756FDA1
:10FC300007981CF0EBF909F101091B495246002015
:10FC40005FFA89F9FFF70CFEA1E78720FFF746FD71
:10FC500007981CF0DBF909F101091349089887227C
:10FC60005FFA89F9FFF7FCFDBBF1050F3FF436AFF2
:10FC7000B9F1000F7FF430AF069B2BB90B49184642
:10FC8000FFF7EEFD8021A8E64846FFF727FD23E7B2
:10FC9000427503002E4B0020E6A603002FA70300A9
:10FCA000F0A6030053A603000AA7030012A703004F
:10FCB000BBF1150F00974CD00020B54BB54AB649A3
:10FCC000FFF7CEFD0D20FFF709FD2A4649463046D5
:10FCD0001CF0D9F9B144BBF10C0F99F8026005464C
:10FCE0003FD1192E28BF1926E37BBBB1B4F8108091
:10FCF0004FF6FF73984511D12068059B40792A463D
:10FD00003946FFF753F9404508D0BAF1000F05D046
:10FD100020828AF80000000A8AF801009F4B002028
:10FD2000B3F80080FFF7DAFC2368ABF1150C5879C3
:10FD3000DCF1000343EB0C03CDE90163238A00935C
:10FD40002A46059B39461BF068FF954B03F80800CF
:10FD5000C2E60020934B8F4A8F49FFF781FD1620A2
:10FD6000B1E7132E28BF1326BEE72046FDF794FD0A
:10FD700000287FF4B3AE81212FE62046FDF72CFA50
:10FD8000F6E70A2F06EB0908A5EB090A22D1DFF8EE
:10FD900018B29BF80030EBB1E37BDBB9BAF1080F86
:10FDA00018D12A46494630461CF06DF990B998F8AA
:10FDB00002307BB998F80320E22A0BD12A4609F1D8
:10FDC0000401304605931CF05BF91CF011FA059B09
:10FDD0008BF800301FFA8AF24146384619F08FFA44
:10FDE00000287FF47BAE0021F7E5A5EB090292B273
:10FDF00006EB090138461CF005F9F1E7A5EB09020D
:10FE000092B206EB090138461CF0BCF8E8E7A5EB16
:10FE1000090292B206EB090138461CF0E3F8DFE76D
:10FE2000A5EB090292B206EB0901384619F069FA0E
:10FE3000D6E716F80950236809F10109587916F830
:10FE40000960238A0193059B00932A46394633466D
:10FE50001BF020FE3246294638461CF095F83DE658
:10FE600009F1010216F80910AB1AABF11605684248
:10FE70006841003900909BB2324418BF01213846D6
:10FE80001CF084F8ACE716F80950B144BBF1110F2F
:10FE900099F801603BD11220FFF720FC4FF00008D9
:10FEA000E37BB3B1B4F810904FF6FF73994510D1CE
:10FEB0002B463A4621464046FEF7F4FF484508D017
:10FEC000BAF1000F05D020828AF80000000A8AF8F3
:10FED0000100DFF8C890DFF8C8B0B9F800A0CDF88D
:10FEE0000490CAF1510292B20AF1010300925B44FC
:10FEF000CDE902563A4621464046FFF711F8B9F8D7
:10FF000000300BF80A000133A9F80030E4E51420B2
:10FF1000FFF7E4FB4FF00108C2E709F101039D423E
:10FF200034D316F809801E44B8F10008A5EB03038A
:10FF300018BF4FF001089DB22B46324641460020C3
:10FF4000FFF7F8FC0095218A3346424638461CF0FC
:10FF500021F845E709F101039D4217D316F80980FE
:10FF6000ED1AB8F1000818BF4FF001081E44ADB2F9
:10FF70002B46324641460120FFF7DCFC0095218AE2
:10FF80003346424638461CF003F829E70020A6E530
:10FF90000E56030023A703002DA703002E4B0020BD
:10FFA0006A4F00203CA70300BC4F002038B54FF635
:10FFB000FB750446A9429DF81000626098BF43F4A7
:10FFC0000043012121702381A0720A4A0A490223B9
:10FFD0000020FFF745FCE07A084B40F6CA0203EB2D
:10FFE0004010FF211AF0BBFBBDE838400420F9F7B0
:10FFF00099B900BF41A703004CA703006435002056
:020000021000EC
:1000000030B5054685B028B91D4905B0BDE830407A
:10001000FFF726BC0024007B1CF04BF8194A1A4954
:100020002C702046FFF71CFC184BE87AFF2103EBED
:1000300040101AF0A5FB164B204602019A5C22B92B
:1000400001300428F9D1F9F787F9696899B1B5F950
:1000500008302A899B1303F002038DF80430C2F3A1
:100060000E03ADF806304FF6FF73ADF808300023ED
:10007000039301A8884705B0BDE830401CF01FB8C5
:1000800077A7030041A70300A9A703006435002058
:10009000243500200948037873B9094A1946D372F8
:1000A0000133042B1173117051601181917202F1AF
:1000B0001002F4D101230370704700BFBD4F002030
:1000C0002435002008B5FFF7E5FF064900231A0193
:1000D00001EB03108A5C1AB10133042BF7D1002025
:1000E00008BD00BF2435002070B506460D46FFF759
:1000F000D1FF0A48002300EB0514A17AB14205D1D3
:10010000217819B12B4400EB031070BD0133042B8F
:1001100004F11004F1D10020F7E700BF24350020DE
:1001200010B50446FFF7B6FF0E4B9C4212D003F108
:100130002002944210D003F1400294420ED060336A
:100140009C420DD10323084800EB0310BDE810408A
:10015000FFF756BF0023F6E70123F4E70223F2E797
:100160000020F3E7643500202435002070B5074DEA
:10017000074E00242846324600210134F8F710FCCF
:10018000042C05F12005F5D170BD00BF64350020B9
:10019000210101002DE9F34105460C46174698461A
:1001A000FFF790FF064640B91C4A1D49FFF758FB70
:1001B0007024204602B0BDE8F0814FF6FB739D42EB
:1001C0000AD94FF6FD739D4204D0144A1549002008
:1001D000FFF746FB4FF6FD75434621463A46284653
:1001E0001BF0DCFF044600F0B1FD804634B10B4A41
:1001F0000D4923460020FFF733FBDAE73B46204654
:10020000064A0A49FFF72CFB089ACDF8008006231E
:1002100029463046FFF7CAFECBE700BF41A70300DF
:10022000B6A70300E0A7030015A803003CA803003D
:10023000F7B506460F46FFF745FF054638B9104AA1
:100240001049FFF70DFB7024204603B0F0BD0022DB
:1002500040231146304620F08CFB044616F0DAFBB2
:1002600034B1074A084923460020FFF7F9FAEBE7C3
:10027000009001233A4631462846FFF797FEE3E710
:1002800041A70300B6A7030063A8030073B50446A3
:100290000E46FFF717FF054638B9104A1049FFF719
:1002A000DFFA7024204602B070BD002220461146BD
:1002B00020F067FB044616F0ADFB34B1074A09494C
:1002C00023460020FFF7CCFAECE7009023463246A5
:1002D0004FF6FC712846FFF769FEE3E741A70300EC
:1002E000B6A703008FA803002DE9F04388461078D5
:1002F0009FB0002114461D46FFF7F6FE0646002873
:1003000000F001810778002F7ED0B8F80010002996
:1003100040F0F9800389B8F8022043F4004082429B
:1003200040F0F180617800296ED1A2F50042062AE2
:1003300000F2E980DFE812F0A400A400E700E70083
:100340000700BB006C00E388E17AADF82430238914
:10035000ADF8263063798DF828308B1D0D3D14F8EB
:1003600013208DF8141015F001058DF81C2046D1CE
:100370000BA8069004F10C0C80465FFA85FE8E45B2
:100380000CF1020C09D21CF8019C1CF802EC0EEBDB
:10039000092E28F802EB0135EFE75B00013300EB93
:1003A00041000A4403F0FF030890D2B28A420FD002
:1003B0001EA800EB4105E018013190F801C0E05C97
:1003C000023300EB0C2025F84C0CC9B2DBB2EDE790
:1003D000B6F908203389002AB4BF03220122C3F3EF
:1003E0000E038DF80820ADF80A306288ADF80C20B5
:1003F00005AB049302A930461BF0BBFE04E0434A60
:1004000043490020FFF72CFA38461FB0BDE8F083BF
:10041000042D02D83D4A3F49F3E72379B4F802801E
:10042000053DADB29D4202D0384A3B49E9E73B4A1F
:100430003B4B3C49CDF80080002D18BF13460020EF
:10044000324AFFF70DFA05348DF81450B6F908302A
:10045000069485B1002BACBF012303238DF82C300B
:100460003389ADF83080C3F30E03ADF82E3005AB01
:100470000D930BA9BFE7002BACBF06230523EDE7C7
:100480000B2DC7D9D4F80200D4F8061005AA03C270
:1004900013F4004F14BF032204228DF82C20C3F361
:1004A0000E036289ADF83020ADF82E30DFE7042D61
:1004B000B0D96388ADF8303023790533DBB29D4283
:1004C00006D0124A184900950020FFF7C9F99BE7AA
:1004D0000E4A16490020FFF7C3F93389B6F9082000
:1004E000C3F30E03ADF82E3005AB002A0D9304F1D3
:1004F0000503B4BF03220122069323798DF82C2033
:100500008DF81430B5E700277EE700BF41A7030050
:10051000BAA80300E2A80300F6A803000E560300E1
:100520004B6D03001DA9030039A903007AA903003C
:10053000334BB0FBF3F2F0B503FB12004FF46165EF
:10054000B0FBF5F3DCB205FB13033C25B3FBF5F37D
:10055000DBB24B71A0EB0410C3EB0313A0EB8300E1
:100560004FF4FA630B8040F201134B80254E8871E3
:1005700001230C7100201F466425904229D091F878
:1005800002C043B1BCF1020F05D14FF01D0E06E0D1
:100590004FF0010C002306EB0C0414F801ECCC78AE
:1005A000744513BF01340CF1010C0124E4B208BFFF
:1005B00081F802C0CC708C780D2C00F10100DCD1E8
:1005C0000B888F7001339BB29C070B8002D0824254
:1005D000DED1F0BDB3FBF5F405FB1434A4B224B1B5
:1005E0008242F6D001239C46D5E74FF4C874B3FB92
:1005F000F4FC04FB1C339BB2B3FA83F35B09BCE746
:1006000080510100B5A9030010B588B006A90446C1
:10061000FFF78EFF9DF81E3003939DF81D30029367
:100620009DF81C3001930748BDF8183000930494DE
:100630009DF81B309DF81A2003490088FFF710F938
:1006400008B010BD3E4B002093A9030008B5026816
:10065000154B118819805188598051791971117978
:1006600059714FF48A51D980D28812F0200F0CBFF3
:100670000A464FF48B52DA8081690C4A137831B9FB
:100680000B49C088088023F00203137008BD43F0B3
:1006900002031370074B15220131184620F0F7FCB6
:1006A000002200F8012CF1E7324B0020C64F002059
:1006B000304B0020414B002010B5174C236858796F
:1006C0001BF0B3F900BB154B227F197B91421BD164
:1006D0005A88236819888A4205D04FF6FF708142F4
:1006E00012D1120410D42279023A012A06D9A37B2E
:1006F00063B9BDE810400848FFF748B9198958792F
:100700001BF082FC0028F2D1002010BDBDE8104093
:100710000148FFF7D3B800BFE835002004350020BA
:1007200008B51BF082F910B9024B187808BD0020FB
:10073000FCE700BFCB4F002008B500201BF0B9FC40
:10074000FF201BF099F91BF0BAFCFEF72BF90121F1
:100750000246064820F0B5FC054B064A06485221E1
:10076000FEF700FFBDE80840FEF786BBCB4F002038
:10077000324B00202E4B00206A4F0020F0B50D4F69
:10078000044600224FF6FF7590B2034637F83060FA
:10079000AE4201D12846F0BDA64209D1B4F57C4F46
:1007A000F9D307EBC3035B888B42F4D00029F2D066
:1007B0000132E9E7C8AA030010B50446FFF7DEFFDF
:1007C000094A034610884FF6FF72934217BF074A43
:1007D0000749084902EBC3030CBF22465A68BDE82B
:1007E0001040FFF757B800BF3E4B0020C8AA0300D7
:1007F000C1A903009CAD0300034B18780130C0B2BF
:10080000187000F07F00704748150020014B1870E9
:10081000704700BFC94F002038B1074B1B78012B30
:1008200004D1038843F0400303807047022BFCD1BE
:10083000038823F04003F7E7C94F002068B1074A57
:100840001378012B07D1064B1B781370037843F004
:100850001003037001E0022BF8D07047C84F00204E
:10086000C74F002073B5244E3378D907024640D4D1
:100870002249096881B10868C1888D0641BF204CB2
:10088000E18841F02001E180C1884C0641BF1C484D
:10089000C18841F04001C1801A4D1B492878097870
:1008A00040074CBFE9706970184913F002040988C9
:1008B00009D0144A16481BF081FB337823F0020359
:1008C000337002B070BD134B18884FF6FB7398421B
:1008D00008D8CDE900520B46094A014620461AF0D5
:1008E000C0FDEEE70092074B0A4605491AF0A7FD46
:1008F000E7E70020E5E700BFC64F0020E435002011
:10090000324B00206A4F0020491500202E4B00205A
:10091000404B0020304B002070B50379012B04467A
:100920000D46164631D883681B78DB0600D561B3C7
:10093000A37B13B9E37C0B2B27D0154B00221A8025
:10094000637DB3FA83F35B09D800E37BABB9FEF7B1
:10095000C5FEA07CFEF7C2FE0B20FEF7BFFEE07CCA
:10096000FEF7BCFE2846FEF7B9FE2046FFF76EFEF6
:100970003046BDE87040FFF775BF40F00400FEF759
:10098000ADFE208A1BF042FBE3E7002070BD00BFF4
:100990002E4B0020024B0A4601461868FFF7BCBFE9
:1009A000E4350020F0B4054618460F4B0F4E1B7877
:1009B000012B0C46BDF8101001D0377827B1002369
:1009C00033700020F0BC70470CB9002AF9D143B154
:1009D0004FF65743994204D02B462246F0BC1BF0F9
:1009E000CFBA0120EEE700BF4A150020CA4F002011
:1009F0002DE9F04F664E674C8446964698460F4662
:100A00000FCE25460FC596E80F0085B085E80F008C
:100A1000DDF83C90BDF838300093CDE901944346B1
:100A200072463946604600F0DBF8DFF890810646F2
:100A300070B90025FEF734FE16220021564820F03A
:100A400040FB00232846C8F8003005B0BDE8F08F11
:100A5000524BA27C1A70524BC8F800401B78002BF6
:100A600036D01BF0C7FB4F4902460020FEF712FFAD
:100A700022684D495379528800920020A289FEF7DE
:100A800009FF00201BF047FB20B12368218A58880A
:100A9000FFF792FEE37B23B1228A44490020FEF750
:100AA000F9FEA36842491A78E37C0093A37C0020F6
:100AB000FEF7F0FE207DA289A168121A01440123ED
:100AC000002092B2FEF740FE3A490020FEF7C8FE31
:100AD0003048FFF7BBFD2F4818F00AFC054630BB35
:100AE000B9F1000F25D12168E0880B880190BA1E6A
:100AF00049880091032A8CBF00220122E07C012159
:100B0000FFF750FF38B923685B79FF2B3AD0FFF726
:100B1000D3FD05468EE72368DB889A06F3D4264C7E
:100B20001C48012121701BF090FB84F80090354691
:100B300080E7B9F814309B07E5D47AE75846FEF70A
:100B4000AFF882465846FDF733FF88B12368228A02
:100B5000598850461AF06CFF50B13846FFF776FDC1
:100B6000236889F804A083F805A0FFF7A5FD00B964
:100B7000284601360546FDF715FF5FFA86FB584506
:100B8000DCD857E7034FDFF838900026F3E700BFC3
:100B90003CAA0300E8350020404B00204915002006
:100BA00047150020D9A90300E1A90300FFA903000C
:100BB0000AAA030043760300CA4F0020E435002050
:100BC000324B0020054A0023D15C814202D31A44F3
:100BD000507870470233DBB2F6E700BF28AA030063
:100BE00073B51546089C2E7816F0040F0CBF03262B
:100BF00005269E421A4608D9224A2349009600201B
:100C0000FEF72EFE002002B070BDBDF81830217135
:100C10002060E380A560A2812B7803F00103A37319
:100C20002B7803F00403002B14BF01210021E17392
:100C30002978C1F3C00161754FF00101217518D009
:100C400028461BF020FA237D208202332375227D63
:100C5000531CDBB22375A95CA1740232D2B2227597
:100C6000EB5CE374A3899A4205D900920749054ACF
:100C7000C5E72382EBE7079BA361002323770120CD
:100C8000C1E700BFDF6D030010AB03002CAB030016
:100C9000034B1870034B1970034B00221A707047F6
:100CA000CD4F0020CE4F0020CC4F00202DE9F74F34
:100CB000DFF89080224F98F800303C7805460E46C9
:100CC000002B3AD04FF6FB73984236D8DFF878A065
:100CD0004FF0000B98F800309AF800005FFA8BF99B
:100CE0004B450ED948446946C0B214F0BFFF0822F4
:100CF0003146684620F0BBF90BF1010B0028E9D121
:100D00004C463B78A34208D198F80020631CDBB224
:100D10009A423B7004BF00233B709AF800301C4499
:100D2000E4B23146204615F095F830B92946204600
:100D300003B0BDE8F04F14F085BF03B0BDE8F08FFD
:100D4000CC4F0020CE4F0020CD4F0020024B187812
:100D500000F07F00704700BFCF4F0020034B187892
:100D60000130C0B2187000F07F007047CF4F0020F4
:100D700030B585B00024ADF80A20021D92B2012AD8
:100D80001D46ADF80840ADF80610ADF8044003D993
:100D90004FF6FF72904207D1064A2B46127801A9FE
:100DA0001FF09FFB05B030BD014601AA204611F09F
:100DB000B7FFF7E74B15002000487047604D002053
:100DC000014B1878704700BF5E150020014B188852
:100DD000704700BFF6140020014B1878704700BF21
:100DE00058150020014B1878704700BFD34F0020E2
:100DF000014B1878704700BF5315002008B5084B09
:100E000000221A605A60F5F723F9064B1870F5F7BF
:100E10001FF9054B1870054B1A78054B1A7008BD61
:100E2000EA470020F84F0020F74F0020511500201E
:100E3000F64F002000B5002193B008466A460AF03C
:100E4000DDFE0146C8B90E4B0E4A09930E4B0A93BC
:100E50000D920E4B0E4A0B930E920E4B0E4A0C93B4
:100E6000CDE90F230D4B11936A460BF0A7F900381B
:100E700018BF012013B05DF804FB0120FAE700BFA2
:100E800025F402009D040200B1F5020037AA020019
:100E900069DC01002FF60200AD1302000901020017
:100EA000074B1878112803D8064B0341DA0704D5FD
:100EB000A0F143035842584170470120704700BFDA
:100EC000FA4F0020CBFFFDFF08B5064B1B78013B16
:100ED000022B05D80020FFF7E3FF0138C0B208BDA0
:100EE000FF20FCE7FB4F00202DE9F74F3A4B3B4F2B
:100EF00093F800903A4E3B4B3B4D3C4C3C483D49AF
:100F0000DFF8F8C0DFF800E1DFF814A1DFF814B172
:100F100001934FF00008019B203301935FFA88F39F
:100F2000994507F1200706F1200605F1200504F197
:100F3000200400F1200001F120010FD82E4B2F4D8D
:100F40001C782F4E2F4B304F00221146D0B28442D6
:100F500003F1200338D803B0BDE8F08F2B4B2C4AA7
:100F600047F81C3C002346E907232A4A47F820CCCF
:100F700045E90723284A47F8103C44E90723274A54
:100F800046F820CC40E90723019A45F820CC47E9F0
:100F9000063E46E905E345E905E344E905E340E9A2
:100FA00005E341E908CA41E9063E44F820CC40F88F
:100FB00020CC41F8103C08F1010842E908CB42E995
:100FC000063E42F8103CA6E743E9085643E90617F7
:100FD00043F8101C0132B9E76115002000410020E0
:100FE000E040002000400020C04000206040002081
:100FF00040400020204000205C1500204048002098
:10100000213F0200804000200E560300FFF902003D
:101010007BF80200B9080200D1220200C7C7020013
:10102000C7D0020041F80100044B00F1100250F853
:10103000041B43F8041B9042F9D17047FC4F002079
:10104000044B03F1100253F8041B40F8041B9342B5
:10105000F9D17047FC4F0020F0B5071D054600226E
:1010600093B00C46384608211EF051F96A7B0646BB
:10107000D0070BD5687808A91CF01AF8DDF83D30C8
:101080006B60DDF841307B6080B101E0910702D4F4
:101090002D2013B0F0BDD20002F0800201213846AD
:1010A0001CF00FF8FF286870F2D0E6B1192319463A
:1010B0006A7801A819F0ACF99DF81C305B0604D5DC
:1010C0000B484FF4C071F4F769FE234603AD07AC3B
:1010D0002A4603CAA24218605960154603F1080364
:1010E000F6D10020D5E708A91BF0E2FFCCE700BF4E
:1010F00057AB03002DE9F04307468BB01D488846E7
:101100001646FFF79DFF0025002D01AB194A0CBFC5
:1011100036205C200024994612F8011B0134E4B209
:101120004140102C03F8011BF6D105A81EF0F1FE7A
:101130004A46214605A81EF0F0FEBDB941463A4692
:1011400005A81EF051FF05AC32460DF1240C2346D4
:1011500003CB6345106051601C4602F10802F6D1D2
:1011600015B10BB0BDE8F0830125CDE7324621462D
:10117000E6E700BF2C5000202DE9F04F99B0DFF8D2
:10118000E880DDF890909DF88CB09DF8886088F834
:1011900000B0174682460C461D462022304B0F9366
:1011A000002110A81FF08DFF4F4504D02A46394674
:1011B00048461FF06CFF4FEA0B4303F47C1343F0E7
:1011C000A86343F480737819711B09EB050C6CB3A9
:1011D0000DAACDE90AB209EB060209920EAACDE9E1
:1011E00007120D22CDE9051CCDE90350CDE900A27F
:1011F0001C49029710220FA8F3F792F907460FA88F
:101200001BF0FFFF17F1950F24D02FBB0E9B761B11
:10121000F6B29E4220D10CB398F800000D9B984284
:1012200014BF2120002019B0BDE8F08F0EAACDE92F
:101230000912BA19CDE905120D22CDE90350CDE905
:1012400000A2CDE907BC0749029710220FA8F3F7C7
:1012500029FAD3E72C20E6E72120E4E72046E2E75D
:10126000002480002C50002062150020F0B51B4B9C
:1012700093B0002607460C461546314620220AA8A0
:10128000CDE908631FF01DFF08AB1022DFB1CDE9E7
:101290000523CDE90325CDE90164114B11490096E1
:1012A00009A8F3F78DFB044609A81BF0AAFF14B99F
:1012B000089B102B04D00C4840F23E21F4F76EFD41
:1012C000002013B0F0BDCDE90323CDE90125044B87
:1012D0000449009409A8F3F7F5FBE4E70024800033
:1012E000004440042C50002057AB030030B50546A5
:1012F00089B069461BF0F3FC6B8804ACABB12246A5
:10130000294668461BF064FC0E4A08AD234603CB11
:10131000AB42106051601C4602F10802F6D1094848
:10132000FFF782FE002009B030BD064D6B461A461D
:1013300003CAA24228606960134605F10805F6D188
:10134000EDE700BF2C50002050B10B4B0B4A03F1CE
:10135000100153F8040B42F8040B8B42F9D170478B
:10136000064B054A03F1100153F8040B42F8040B35
:101370008B42F9D1704700BF2C5000200C50002048
:1013800008B5102202481FF082FE002008BD00BFF1
:101390001C50002008B50846102202491FF077FEB5
:1013A000002008BD1C500020F0B587B0054603A8FA
:1013B0000C4613F0CDFB0146002847D1BDF80C3098
:1013C000980643D5102220461FF07BFE01A812F09C
:1013D00043FCB8B16E7B16F0020F05F1040706D08E
:1013E000082201A938461FF042FE00282CD101AB8B
:1013F00003CB46F00206686079606E73238843F081
:1014000008032380238843F00203238012F01AF894
:1014100060601DF0CCFF30B10D4B1B68A3602388CA
:1014200043F0040323800B4B1A68D1035EBF23886B
:1014300043F010032380130242BF238843F4006368
:101440002380002007B0F0BD2D20FBE72420F9E722
:101450003041002034410020D0E9023210B553F869
:1014600022301C6890B04022694620461BF092FE54
:10147000034630B1064922460020FEF7F1F910B0CC
:1014800010BD012269460820FEF794F9F7E700BF76
:10149000CAAB030070B500F0B1F800280CBF6E2293
:1014A000792214490020FEF7DBF900F0A7F8F0B12B
:1014B0001BF084FE00280CBF6E2279220E490F4CCF
:1014C0000F4E0020FEF7CCF90E4908220020FEF74F
:1014D000C7F9002554F8042C234631460020033573
:1014E000FEF7BEF9182D04F10C04F3D170BD3F22B4
:1014F000E4E700BF02AC030019AC0300D4410020B4
:1015000048AC030029AC030070B51BF03CFE224937
:1015100004460020FEF7A4F92CB920461F49BDE877
:101520007040FEF79DB900F0B7F81D4B22691D49C8
:101530002688002A08BF1A4605460020FEF790F9C3
:10154000628819490020FEF78BF91849A28800200B
:10155000FEF786F96388E28813F0100016BF14497D
:1015600014490020FEF77CF9A26813490020FEF719
:1015700077F9E26811490020FEF772F9104A114B21
:101580001149B6F5817F38BF134600202A46BDE8D1
:101590007040FEF765B900BF7DAC03008AAC030064
:1015A0000B810300ABAC0300C9AC0300EAAC030041
:1015B00007AD030024AD030042AD030060AD03009E
:1015C00075AC03006BAC03007EAD03000A4A38B56E
:1015D000014600230C2505FB03F4A018145901341F
:1015E00004D10C221FF053FD002038BD0133082B1D
:1015F000F1D10120F9E700BFD0410020034B18785A
:10160000012894BF00200120704700BFBE50002079
:1016100038B5054D04462878A04203D021461BF07A
:1016200092FD2C7038BD00BFBE50002000B58FB0B9
:1016300001A8F0F77DFE0598D0B182680E4B418875
:10164000B2F5803F34BF92B2C2F38F22DA800288B3
:101650001A8042689A80C2689A600269DA604269B8
:101660001A6128BF41F01001027E59801A75184690
:101670000FB05DF804FB00BF58410020054B1B78FC
:1016800020B1012B04D80220FFF7C2BF012BFBD8E9
:10169000704700BFBE50002010B5084C237853B9E6
:1016A0001BF071FD0123237028B10388B3F5817FFE
:1016B00024BF037D2370207810BD00BFBD500020E3
:1016C00070B5184B1B78012B2BD81BF03FFD164D26
:1016D000164902460020FEF7C3F80120FFF7CEFFAF
:1016E0002E78FF2E1DD1FFF7A1FFC8B14488104806
:1016F000C4F34004602231462C701FF0E2FC0D4818
:10170000602231461FF0DDFC5CB1FFF7C5FF042805
:1017100007D9BDE87040084840F22F11F4F73EBBEE
:10172000287070BDBE50002063150020A1AD0300DD
:10173000D041002070410020B3AD03002DE9F04FEF
:10174000DFF8108305460F46144698E807008DB071
:1017500003AB83E80700FFF7B3FFFFF79DFFB74B2D
:101760001B78012B0646434640F01B81012840F2BE
:101770004181B5FBF0F200FB1252002A00F011810A
:10178000AF4900228A46D1F800C0BCF1FF3F04D027
:10179000087A6044854200F0C3800132082A01F1D2
:1017A0000C01F0D193E8070006AE0DF1240B86E89A
:1017B00007008BE80700FFF76FFFB5FBF0FA00FBAF
:1017C0001A5AA0EB0A094A46804639460AA80995E2
:1017D0008DF82C901FF09BFC9A4A00230C2002E00D
:1017E0000133082B0ED000FB03F101EB020C515822
:1017F0000131F5D19BE807008CE80700924A137885
:1018000001331370A14504DD90484FF4E471F4F7FF
:10181000C5FAA4EB080454444D44A3B215FA84F469
:10182000B4FBF8F208FB12424F44A3EB020893B159
:10183000A41A07EB080107A88DF8202006941FF0D2
:1018400066FC3046FFF7C2FEFF2804D17F4840F215
:10185000DD11F4F7A3FA1FFA88F47CB10320FFF737
:10186000D7FE2246394628461BF078FC83460220E4
:10187000FFF7CEFE58460DB0BDE8F08F4FF0000BDD
:10188000F8E70320FFF7C4FE2246394628461BF03E
:1018900065FC83460220FFF7BBFE98F80030002B62
:1018A00040F0B380BBF1000FE4D1039B0133E5D0DE
:1018B00003A8FFF78BFE8346DCE7BBF1000FD9D10D
:1018C0009DF81490624B4A4604A918461FF01FFC6D
:1018D0000C2254432A19211D177A29443A464844B8
:1018E0004F441FF014FCBE4204D0584840F26B2114
:1018F000F4F754FA5649039832461BF02FFC8346FE
:101900000220FFF785FE98F8003013B1013B88F8FC
:1019100000304FF0FF3329192B51C1E90133A9E7FA
:101920004FF00C0909FB02A3187AA6EB00085FFA36
:1019300088F8A04501D35FFA84F809FB02F909F1A0
:10194000040B58444246394650441FF0E0FB0AEB72
:101950000903A4EB08041A7A4244D2B2B242A4B2F8
:101960001A721AD103200193FFF752FE0AEB0B0102
:1019700032465AF809001BF0F1FB83460220FFF7BC
:1019800047FE019B4FF0FF314AF80910C3E90111EE
:10199000BBF1000F7FF46EAF4744002C3FF46EAFF5
:1019A0004544DFF8988098F80030012B22D1B5FB30
:1019B000F6F306FB135343B124484FF40E71F4F7CA
:1019C000EDF998F80030012B14D16319B3FBF6F848
:1019D00006FB1838B8F1000F0CD0A4EB0804A3EBF9
:1019E00008033919424604A80393A4B21FF08FFBE1
:1019F0008DF81480DFF85080002C7FF442AF98F807
:101A00000030002B3FF451AFA346039FFFF744FE85
:101A10000C4B00241D4619684A1C08D093F808C0D6
:101A2000A0EB0C0CA1EB0C018F423FF446AF01344C
:101A3000082C03F10C03EED134E700BF631500203E
:101A4000D041002070410020BC500020B3AD030005
:101A50003C5000200CAE030070B5134B1B78012BDB
:101A60000CD1FFF72DFE114D002655F8043C013333
:101A700006D10336182E05F10C05F6D1002411E02D
:101A80000320FFF7C5FD55F8044CFFF705FE294676
:101A9000024620461BF062FB04460220FFF7B8FD19
:101AA000002CE6D0204670BD63150020D4410020F4
:101AB00070B505460C46FFF703FE0520FFF7A8FDAD
:101AC000214628461BF058FB06460220FFF7A0FDE2
:101AD0000A4B00222C441968481C08D0A94206D39E
:101AE000A1423EBF4FF0FF31C3E9001199600332BC
:101AF000182A03F10C03EED1304670BDD04100200E
:101B0000D0E9023253F8223010B51C68204600F0AC
:101B100091FA28B121460348BDE8104000F07EBD8F
:101B200010BD00BF18AE030008B5D0E9023253F86B
:101B30002230186800F06CF920B1BDE80840024876
:101B400000F06CBD08BD00BF3AAE0300D0E9023220
:101B50002DE9F04153F8221003EB82030F685B6814
:101B60001D78642D9AB004D91148642100F056FD07
:101B700064252A4601A9384600F002F9044698B9BE
:101B80000C48DFF8388000F049FD01AE013DA54268
:101B900002DC1AB0BDE8F081391916F8012B404675
:101BA00000F03CFD0134F2E7034800F037FDF0E7B8
:101BB0005DAE03007DAE0300A7AE030094AE03004C
:101BC0002DE9F0472D4FDFF8E480DFF8E4908CB08A
:101BD000002503A9284600F0EFF810B10CB0BDE8CD
:101BE000F087049B039A00932946384600F016FDBF
:101BF000404600F013FD059910290CD810290CD887
:101C0000DFE801F00F14320B340B0B0B360B0B0B10
:101C10000B0B0B0B3A0020292CD0194800F0FEFCCE
:101C200007E0184800F0FAFC0135D2E7164800F04A
:101C3000F5FC0699DFF87CA0484600F0EFFC079918
:101C4000124800F0EBFC124800F0E8FC0DF11F0612
:101C5000102416F8011F5046013C00F0DFFC14F080
:101C6000FF04F6D10B48DDE70B48E0E70B48DEE761
:101C70000B48DCE70B48DAE70B48D8E7C2AE0300B5
:101C800067AF030017AF030027AF03008DAF03005A
:101C9000A5AF0300185A03002FAF030037AF0300AE
:101CA00040AF03004BAF030062AF030006AF030079
:101CB00076AF0300E0A6030010B50B4C23788EB07E
:101CC0005BB9F0F7EDFA014650B9012301A8237082
:101CD000F0F72EFB054B049A1A6020780EB010BD69
:101CE000034800F09BFCF8E7BF500020D0430020E1
:101CF000B6AF030000B58FB0FFF7DEFF002829D094
:101D000001A8F0F715FB059B1448198800F086FC24
:101D1000059B13485969134B002908BF194600F069
:101D20007DFC059B1048598800F078FC059B0F4806
:101D3000196900F073FC059B0D48D96800F06EFC32
:101D4000059B0C48197E00F069FC0B4B0B48196889
:101D500000F064FC0FB05DF804FB00BFF3AF0300BC
:101D600005B003000B81030017B003002BB0030084
:101D70003FB0030053B00300D043002067B003001E
:101D800070B5064615460C4679B172B1FFF794FF5F
:101D900068B121462A463046F0F7C6FB014618B125
:101DA000044800F03BFC012070BD2120FCE711201D
:101DB000FAE700BF79B0030037B505460C46FFF7D8
:101DC0007BFFE0B1114B1B68AB421AD9CCB10021AB
:101DD000242220461FF075F921462846F0F7C0FA64
:101DE00088B901AA04F108012846F0F759FB20B18F
:101DF00040F20643C01A18BF012003B030BD1120C5
:101E0000FBE72120F9E70120F7E700BFD0430020DE
:101E1000F0B593B00546FFF74FFF00283CD0234BA9
:101E20001A68AA4207D82248013A294600F0F6FB70
:101E3000212013B0F0BD05A8F0F77AFA03A92846CF
:101E4000F0F78EFA50BB099B049ADB68B2FBF3F6FD
:101E50005E43B24203D01748294600F0DFFB039FE0
:101E600086B118F0EDFA099B3846D968F0F798FB6F
:101E7000099BD96804463B460F4488B9039BFB1A6B
:101E8000B342EED30C482A46314600F0C7FB00248B
:101E9000201E18BF0120CCE71120CAE70120C8E7A7
:101EA00000902A46054800F0B9FBF1E7D043002036
:101EB000A7B0030055B10300C3B10300DFB10300B5
:101EC00010B5044638B1FFF7F7FE30B1044B1B687C
:101ED0002360002010BD2120FCE71120FAE700BF9D
:101EE000D043002010B50446FFF7E6FEB0B10C4B1E
:101EF0001A68A24206D80B48013A214600F08EFB30
:101F0000212010BD18F09CFA07494FF4C0722046FA
:101F1000F0F794FA003818BF0120F2E71120F0E73B
:101F2000D0430020A7B003005042002010B5044663
:101F3000FFF7C2FE70B109482146F0F797FA40F268
:101F40000323984208D040F2012398420CBF052099
:101F5000012010BD1120FCE70020FAE750420020CC
:101F60002DE9F0412D4D04462F68FFF7A5FE00280E
:101F700051D02968A14207D84A1E2948214600F0BD
:101F80004DFB2120BDE8F0812648DFF89880F0F76E
:101F90003BFA0246B0B92E684346964222D1BE4271
:101FA0000CBF06F1FF323A4612BB31461D48C8F855
:101FB0000040F0F70FFA014600B31B4800F02EFB7B
:101FC0000120DFE72046F0F7E5F9044638B1014685
:101FD000164800F023FB201E18BF0120D2E7F0F7BF
:101FE00085F9F8E753F8041B8C42DDD00132D4E7C1
:101FF0000C499200081D1FF04AF8D6E729680948E5
:10200000F0F702FA044610B101460948D6E7F0F7A6
:102010006DF92046B6E71120B4E700BFD043002099
:10202000A7B00300304200205AB2030030B20300D0
:102030008DB20300F8B50446FFF73EFE002845D0F8
:10204000234B1A68A24207D821462248013A00F0E1
:10205000E5FA21242046F8BD1F48204E00F0DEFAA4
:1020600018F0EEF91D494FF4C0722046F0F7E6F97A
:10207000054618F0E5F940F2032765B140F2032365
:102080009D421AD01648294600F0C8FA0124154886
:1020900000F0C4FADEE718F0D3F929463046F0F72D
:1020A000E5F9B84209D040F20123984203D10E4825
:1020B00000F0B4FAE1E70546DFE721460B4800F0FF
:1020C000ADFA2046FFF74CFF0446E0E71124C1E7D4
:1020D000D0430020A7B00300C4B203005042002048
:1020E000E4B20300185A0300AA8C0300FCB20300F8
:1020F0002DE9F04F91B09B460B1E0A93AC4B1A9EF4
:10210000904614BF8146994600249BF8000060B9B0
:1021100044450A992CBF08F1FF322246434600206D
:10212000C847204611B0BDE8F08F25280BF1010B00
:1021300006D022460A99651C4346C8472C46E4E768
:1021400000230DE02D2A2AD0302A06D0303A092A61
:102150004FF0000711D80A2532E043F001038B4607
:10216000594611F8012B2B2A1CD0EBD8202A1CD061
:10217000232A1DD02A2A2BD000279BF800202E2AA4
:1021800064D19BF80110A1F1300009280BF1010284
:1021900043F4806351D800254FF00A0C26E043F049
:1021A0000203DCE743F00403D9E743F00803D6E772
:1021B00043F01003D3E705FB0722A2F130078B465B
:1021C000594611F8012BA2F130000928F3D9D4E7C0
:1021D00056F8047B002FBCBF43F002037F428B46BE
:1021E000CBE70CFB0511A1F130050246104610F8B3
:1021F000011BA1F1300EBEF1090FF2D9114611F801
:10220000010B6C282CD024D8682830D06A2837D00D
:1022100011468B461BF8010B672875D857284BD8F9
:10222000452807D085D9462800F03181472880D13C
:1022300043F4006343F0200341E12A2907D156F813
:10224000045B0BF1020225EAE575D7E75A46002543
:10225000D4E7742801D07A28DAD143F48073D8E720
:1022600050786C28F9D143F44073911CD1E7507831
:10227000682802D043F08003CBE743F0C003F4E7C3
:1022800043F40073C5E70A2A00F06681072A7FF449
:1022900050AF43F0210305930823CDE903531023E6
:1022A000CDE9011356F8043B00930A9943462246B0
:1022B00048461BF093F8FCE0A0F158020F2A3FF6C5
:1022C00038AF01A151F822F0392301003321010078
:1022D00033210100332101003321010033210100AA
:1022E000332101003321010033210100332101009A
:1022F00039230100E124010039230100B724010042
:1023000093240100B7240100A0F16902D2B20F2A80
:102310003FF60FAF0121914049F2410C11EA0C0147
:10232000B1D0782803F4806122D1002900F0908098
:1023300023F00D02102307E0622803F4806220D10D
:1023400042BB23F00C02022312F4007100F08380E0
:10235000CDE907720022CDE9043206F1070A2AF01E
:10236000070A06950292FAE80223CDE900233DE030
:102370006F2812D123F00C0209B123F00D020823BB
:10238000E2E7582816D1002A39D123F00C0242F096
:102390002002CFE723F00D02D5E7692823F01002D1
:1023A00030D023F01C0209B123F01D020A23CBE731
:1023B0001BD2020042BB23F01002930527D507363B
:1023C00026F00706B24671685AF8083B0695CDE933
:1023D00007720A26CA0F00270029CDE90467029276
:1023E00002DA5B4261EB4101CDE900310A994346D3
:1023F000224648461BF035F80446564685E623F04B
:102400000D02C4E70029D8D023F01102D5E7D0058A
:1024100006F1040A01D5336802E0510613D533787A
:102420000395CDE904720A220292002B4FEAD3727F
:102430000192B8BF5B4200930A9943462246484640
:102440001AF0CCFFD8E71306E5D5B6F90030E7E778
:1024500023F00C026EE7D00506F1040A06D5CDE99B
:102460000472CDE9023501913368E4E7510608D5DD
:102470003178CDE902350023CDE90472CDE90013AE
:10248000DAE7316812F0800F18BF89B2F1E743F044
:102490002003CDE90373073626F007060295F6E818
:1024A00002230A99CDE90023484643462246EEF727
:1024B0008FF8044629E6672801D143F40063CDE98B
:1024C0000373073626F007060295F6E802230A99F9
:1024D000CDE90023484643462246EDF7B5FEE8E73E
:1024E00013F0020523D04FF0010A631C0B930A99E5
:1024F00016F8040B43462246C8475DB30B9A544670
:102500001EE00A9943462020C8470AEB04020AF15C
:10251000010A5745F5D8002F07F1FF3308BF002304
:1025200007F1010A1C4408BF4FF0020ADDE7AA4682
:10253000EBE7551C0A9943462020C84701342A4638
:10254000BC42F6D30B9AA7EB0A03574538BF0023CA
:102550001A440B920B9CD8E53246002D52F8046BBE
:102560000B9214BF29464FF0FF31314432461078A8
:1025700008B18A4211D1A2EB060A13F480620C92D0
:1025800002D0AA4528BFAA4613F002030D931BD11F
:10259000AAEB040322460F9308E00132E7E7531C3D
:1025A0000E930A9943462020C8470E9A0F9BD318D2
:1025B0009F42F4D8A7EB0A03574538BF00230AF11E
:1025C00001021C4403EB020AA31B0E9304E01D4608
:1025D0000A9943462246C8470E9BF41816F8010B89
:1025E00028B10C9B002BF3D06B1E002DEFD10D9B5F
:1025F00093B12246AAEB040505E0561C0A9943460E
:102600002020C847324653199F42F6D8A7EB0A0349
:10261000574538BF00231C440B9E76E50FB41FB509
:1026200006AA02A952F8043B0392009204484FF014
:10263000FF32FFF75DFD05B05DF804EB04B07047B5
:1026400001D502001FB5034600914FF0FF3203A9E8
:102650000248FFF74DFD05B05DF804FB01D502000F
:102660001FB5CDE90201009302A9134603484FF0BC
:10267000FF32FFF73DFD05B05DF804FB09D5020010
:1026800008B5124BA822002118461EF01AFD03229D
:102690000346026142610E480E4A98614FF4806120
:1026A000DA61002219629A625A62DA6218660A488E
:1026B0005866996609491A67DA665A6711F8010D72
:1026C00098540132102AF9D108BD00BFB41D002072
:1026D00078B30300B4190020B415002091B30300AF
:1026E0002DE9F84FDFF8808098F80030532B8246B0
:1026F0008946164601D0FFF7C3FF182707FB0A8754
:102700003D6FD7F86CB05D452BD9BC6E796E641BFC
:10271000B44228BF34462944484622461EF0F7FCFE
:10272000BB6E2544A144361BAB4208BF0025ABEB72
:10273000050B5E4528BF5E4656B1182303FB0A838E
:102740003246596E484629441EF0E1FC3444354473
:1027500024B1182303FB0A88C8F870502046BDE84E
:10276000F88F0024E3E700BFB41D0020F8B5144B38
:10277000182700FB07751D4407FB00330E46DB6A74
:10278000012B14460AD0022B14D023B928461AF084
:10279000D2FE844208D900242046F8BD28461AF00B
:1027A000CAFE844228BF04462246314628461AF013
:1027B000CBFEF1E72846BDE8F8401AF0E0BE00BFC6
:1027C000B41D0020F8B50B4B1B78532B04460D4667
:1027D000164601D0FFF754FFEFF311874FF02001A9
:1027E00081F31188324629462046FFF7BFFF87F361
:1027F0001188F8BDB41D00202DE9F041164C1E468D
:102800002378532B05468846174601D0FFF738FF3B
:10281000022D1DD8EFF3118C4FF0200181F31188A8
:1028200065B1182005FB0003E21844F803805760E7
:1028300000FB05420023166293625362182303FBD8
:102840000544069BE3628CF311880020BDE8F0810B
:102850004FF0FF30FAE700BFB41D00202DE9F84328
:10286000154E1F463378532B05468946904601D0B6
:10287000FFF706FF022D1BD8EFF311824FF0200166
:1028800081F3118855B1182404FB05640023C4F8B2
:102890006090C4F86480A7662367E366182303FB8F
:1028A0000566089B736782F311880020BDE8F883F2
:1028B0004FF0FF30FAE700BFB41D00202DE9F04FC4
:1028C00014469B46C36B87B006465B6960680D463D
:1028D000012202A99847F36B01225B6903A92846EC
:1028E000984702A81BF033FA074648B10023A375A6
:1028F00063754FF0FF33A360002007B0BDE8F08F91
:1029000003A81BF031FA0123A375237E04EBC30354
:10291000DD611F846368AB420ED1206003A81BF009
:1029200045FA4FF0FF332075A360237D043B022B53
:1029300025D80023A375DFE723681A1A53425341B1
:10294000A37503A81BF032FA237D834218BFA77535
:1029500003A81BF00DFA074602A81BF009FA8742EC
:102960001CBF0023A37503A81BF00AFA074602A8A0
:102970001BF006FA87421CBF0023A375D5E703A806
:102980001BF0F6F980B1F36B02225B6904A92846BB
:10299000984704A81BF0FBF90346207D032839D88B
:1029A000DFE800F03838040903A8F3E7237E04EBDE
:1029B000C303CC221A8401F02BFC109B1870277ED5
:1029C00003A81BF0C9F904EBC70787F82200237E90
:1029D00004EBC30303A8B3F8209093F822701BF014
:1029E000C7F9804603A81BF0CBF98246B8F1000F67
:1029F00015D0F36B02225B6904A92846984704A806
:102A00001BF08AF96075637D6BB90023A3754FF0E5
:102A1000000838E0227E04EBC2021384CBE703A84F
:102A20001BF065F9EEE794F81680B8F1000FEED0D0
:102A3000B9F1000F09D1DFB1627E0123E375002AED
:102A400044D19F4218D1677614E0736C05EB0A02FB
:102A5000594285EA020008421CBF0021A175591E97
:102A60000A409B1A9945D0D8A37D002BE3D1CEE72D
:102A7000E37D43B94FF000084B46524629463046A5
:102A80001AF0E8FEA060A27D12B123694B442361D5
:102A90001349237E097899421ED901332376BBF16D
:102AA000000F1BD0D2B1E37DC3B1B8F1000F15D137
:102AB000032F13D0A1684B1C10D0109B009322460B
:102AC00001233046FFF7FAFEA07507E0012FDAD0A8
:102AD000032F08BFA376CDE70023A375A07D0CE7E5
:102AE000EC5203002DE9F04F8BB00E460446984699
:102AF0004FF0FF310023104617468DF8133001F0D8
:102B000071FBB6F5801F3BD3B21C53D1E56A6B1C39
:102B100057D1616A20461AF0E3FD0546B31C18BF81
:102B20000123DFF814910193636A626C02932368B6
:102B300002FB053AE36B05A95B69052250469847FD
:102B400005A81BF0BDF91BF0E0F950461BF0E8F9B1
:102B50004FF0000B824601464B1C05D0636C81EAA6
:102B60000A025B42134232D0294620461AF0B8FDD1
:102B7000029BAB424DD0BBF1000F4DD10546D3E7D0
:102B8000314605AA04F108001BF096F80146481CDE
:102B900010D0384601F026FB0DF11303012239460F
:102BA00020461AF0D2FE28B19DF8133088F8003084
:102BB000002003E0237C002BA8D11D480BB0BDE80A
:102BC000F08F2368ED1A636CB5FBF3F5A6E7484672
:102BD00001F008FB0DF11303019A494620461AF053
:102BE000B4FE034690B1B21C03D0D9F80020B24223
:102BF0000CD103930F4B9DF8132088F80020494611
:102C00001A6838461EF083FA039B9B46D9F80810D1
:102C1000A2E7BBF1000FD0D0B6F5801FC8D298F85C
:102C200000307A68314604F1080001F01FFABFE76E
:102C30000BE000F0E8520300E83000202DE9F341FA
:102C40000E461B4D816A044617469846E36A8B423E
:102C50002AD04B1C18E0284601F0C4FA0DF10703F6
:102C60000122294620461AF070FE30B19DF8072057
:102C7000434629462046B847B0B1A9684A1C05D04A
:102C8000012E0AD0E36A9942E5D10DE06968204639
:102C90001AF0B3FD012E0146D8D16B6881EA030218
:102CA000636C5B421A42D1D002B0BDE8F08100BF34
:102CB000BC3000202DE9F041036B07689046826B21
:102CC0009A4288BF8363426C436A02FB0377C36BFB
:102CD00090B05B690E46052201A904463846984724
:102CE00001A81BF0EDF801280146307057D0656C43
:102CF000E26B2368606AD2F814C005FB003005223D
:102D000006A9E04706A81BF0DBF801284FF00005F4
:102D100023D0D4E90A3201219342CDE90B458DF845
:102D200034800E958DF83C102AD1194620461AF0B1
:102D300064FD236B626CE06214339B1A23630C9B6B
:102D400053B99DF83C303BB1626A616C2368E06B1B
:102D500001FB02311BF06CF80C9DE36B05225B69F3
:102D600001A93846984701A81BF0AAF83070236BD8
:102D7000A26B28469A4288BFA36310B0BDE8F081D9
:102D8000237C33B91C490BAA04F1080001F0BEF9F9
:102D9000D5E71A4A0BAB2046FFF750FFCFE7237C5D
:102DA00023BB1749224604F1080001F0AFF9616A1C
:102DB00020461AF0B6FC616A421C20461AF07FFCDD
:102DC000054620B9236B626C1344143B2363A16A4C
:102DD00020461AF012FD2368A062C01A636CB0FB93
:102DE000F3F0606220461AF04BFDB6E7054A002377
:102DF0002046FFF723FFDAE7B5370100313701003E
:102E0000D3D902006FD9020073B50D46D11E4A42D4
:102E10001C461B7E4A419A4226D129682368994262
:102E200022D3636899421FD8114E0DF10703324631
:102E3000FFF758FEC0B972686B689A4214D19DF8CA
:102E40000730DA1E53425341227E93420CD163690C
:102E500001336361D4E90323934205D2A268296850
:102E600042F8231001332361012002B070BD00BF7E
:102E7000143100202DE9F04F8BB0DFF858B19A469D
:102E80009DF850300293DBF81030534580460D46D4
:102E90001646C0F09980DBF804300193D146B9F1B1
:102EA000000F00F08D80D8F83C3001985B6901225A
:102EB00007A9984707A81AF057FFDBF80030984297
:102EC00040F0858007A81AF05BFF0428074614D15C
:102ED00007A81AF05CFF019B029A04463B44002AB3
:102EE0003FD1864212D9361A1446019940461AF04B
:102EF00084FCA9EB04090190D1E7D8F83C30019893
:102F00005B69022208A9984708A8E2E7841B544598
:102F100028BF5446032C03EB0607AAEB040A4FEA2A
:102F200094021CD9D8F83C3029465B69384698474A
:102F300024F0030304F003061F441D44002ED4D0E4
:102F4000D8F83C3001225B6908A9384698473246D8
:102F5000284608A935441EF0DAF80026C5E72646BB
:102F6000ECE700F00302039203442A180746049298
:102F70000593049BDD1B059BD81B039B9F420FD130
:102F8000002FB2D0D8F83C30012208A95B699847DD
:102F90003A4608A928461EF06AF878B93D44A4E7E5
:102FA000D8F83C30012208A95B699847042208A997
:102FB00028461EF05CF808B9043FDAE7DFF81890FD
:102FC00048460BB0BDE8F08FDFF81090F8E7DFF867
:102FD0001090F5E74031002012E000F011E000F021
:102FE00022E000F02DE9F0410F4688B016469846E1
:102FF000044660B390F83450FDB101211AF035FB5E
:103000000E9BCDF80480CDE902379DF83C308DF859
:103010001C30237C04960021CDE905118BB90D49A4
:1030200001AA04F1080001F071F8DDE90553E06B35
:10303000002E08BF1D461AF0DAFC284608B0BDE88D
:10304000F081054A01AB2046FFF7F8FDEDE70546A4
:10305000F3E700BF9DD90200092E01007FB590F86B
:103060004260019204460DF10B030A4630461249B4
:103070001AF0C5FC012EE36B054619D15B69324697
:1030800003A998479DF80B10039B019A59B19BB275
:1030900043EA02430393E36B9B69012203A9284699
:1030A000984704B070BD1B0C1B0492B21343F1E7A8
:1030B0009B69012201A9F3E7403100202DE9F04F7F
:1030C00099B00F4609920A69416C0E931439D31DC9
:1030D000B3FBF1F3013302EBC302036B93420446EB
:1030E000C0F00D820023DFF820940D93E36A07936C
:1030F0001946484601F076F8D7E9033604930E9B4B
:10310000022B4ED1CC2E40F08A81099B002B42D05D
:10311000394620461AF0CAFC656C079A14906B1E5B
:103120001340ED1AE36B78685B69012216A9984792
:1031300016A81AF01DFE00280CBF04230823782EC1
:1031400006933DD90123002505934FF0080A3B68FB
:1031500005990E98C9F80030C9F810601AF02AFED7
:103160004FEA9A031093DDF81CB089F8140000238D
:103170000B930F9308930C93616C4A1E0BEA0202A7
:103180008B1A002E38D05544AB4240D8236B5B1AC3
:1031900013442363ABE0049B1B681493082306933A
:1031A000D0E7656C079A6B1E1340782EA5EB0305DC
:1031B00016D8FB7D7BB9099B002BB3D10423069362
:1031C000331DAB4210D9A6B1082DBBD8042500236E
:1031D0000593AA46BBE7099B002BA3D10823EEE782
:1031E000099B002B9ED1D9E7002505954FF0040AD5
:1031F000ADE704250596F9E75345C7D30BEB0A0362
:103200000393B046089B002B18BF032313E0A3EBE6
:103210000A039E42B0460BEB0A0228BF98469E4224
:103220000392EFD9D9F810200123964289F817307C
:1032300071D1C9F804B0089399F81730002B6CD0FD
:1032400099F818200899D31C09EBC3030132C3F87D
:1032500004B0A3F80880997289F81820B8F1000F1B
:1032600014D00E9B022B5BD10B9B7BB90F9B43446D
:10327000032B0BD9E36B03989B69012214A9984790
:103280000546002840F03D8101230B93089B0193E4
:10329000059B009399F814203968434616A800F05E
:1032A00057FFE36B109A9B6916A958469847051E6D
:1032B0000D9B18BF5B460D93524643465946204628
:1032C0001AF0C8FA236BC9F8080008F10302A3EB4F
:1032D0000A0322F003029B1A2363002D40F01181A0
:1032E0000F9BDDF80CB04344A6EB08060F9359463C
:1032F00020461AF082FA00258346002E7FF43CAF68
:10330000814A39689368E36252680E9B04F10800B1
:1033100000F0ACFEDEE002238DE7C9F804B09DE7C3
:10332000099B002B30D1049BB8F1030F43440A934F
:1033300027D9E36BDDE903019B694FEA98029847BF
:103340000546002865D118F003025FD0049B28F0E1
:1033500003052B440493039B1D444FF0FF33049952
:10336000159315A81DF0D3FEE36B28469B69012237
:1033700015A998470A9B04930546002D86D0039B08
:1033800099E7039D4246E8E7039B0A9307F1200370
:103390001193FB7D78689BB13D7E0C9A0023D9B2D6
:1033A0008D4211D9119931F83310914203F1010C7A
:1033B00026D907EBC3030699D8690A44104403E0F1
:1033C0000C9B069A13441844E36B01225B6915A910
:1033D0009847159B13930C9B0A9804330C93E36B4B
:1033E00001229B6913A99847039B0A9A43449B1A9D
:1033F000042B054607D978B9134604330A93C8E766
:10340000521A6346CBE70A9B0393B6E70A9B0493E1
:103410003CE70A9B0493B2E70A9B0393AFE73B4E5A
:1034200004F1080303932368079A606CA2EB030A74
:10343000BAFBF0FA00FB0A301AF072FDE16A80462E
:1034400020461AF0DAF9A26A82424AD0626CD9F8B0
:1034500008302568E062511E0B40216B891A0B442D
:1034600023630D9B5D1BB5FBF2F5AA4536D1079B87
:10347000B3EB080A12D0E36B4FEA9A029B6941460C
:103480009847E36A079A5344E362236B9B1A4344C9
:103490008346236303981AF0DFFBDA462368616CE6
:1034A000E06B01FB05311AF0B0FC20461AF0E8F899
:1034B00020461AF0E5F92063BAF1000F11D03A69FD
:1034C000616CD31D1439B3FBF1F3013302EBC3027A
:1034D0009042A8D2304619B0BDE8F08F4FF0000AF4
:1034E000DCE73A69616CD31D1439B3FBF1F30133A6
:1034F00002EBC302236B9342BFF4F8ADEAE7044E3C
:10350000E8E72E468CE700BFE830002023E000F01B
:1035100006E000F02DE9F3471E4643699DF8289028
:10352000B3420446884617463DD300258DF8075020
:1035300020461AF071F8D4F830A082450AD2236AE6
:10354000B5EB430F06D200220DF107012046FFF72D
:10355000B1FB30B39DF80730012B05D100220DF1EE
:1035600007012046FFF7A6FBB9F1030F06D031464D
:1035700020461AF03CF8256B854218D30D4D4FF0CC
:10358000FF31284600F02EFE4B46002229462046F9
:10359000C5E90376C5F8008002B0BDE8F047FFF743
:1035A0008DBD0135C4E7044802B0BDE8F08703488B
:1035B000FAE700BF143100200FE000F006E000F051
:1035C0002DE9F04790F8426086B0012E0546039140
:1035D000A1EB020715D1B7F5807F28BF03264FF076
:1035E0006408DFF848A100244FF6FF7995F84230CF
:1035F000012B14BF322364239C420AD35FFA88F460
:1036000015E0B7F5803F34BF012602264FF032089F
:10361000E7E705AB2246514628461AF025FA95F809
:103620004230012B059B34D14B452DD1E4B295F8A6
:103630004230012B0CBF64223222121BB24217D33C
:10364000012E39D10022012B05978DF8132027D1A7
:10365000082205A90DF113001AF0B9FB9DF81330EB
:10366000059A42EA032221462846FFF7F7FC40B1BB
:1036700002232E4900930968CC2303AA2846FFF7AA
:1036800049FF06B0BDE8F087DBB203B9023401346C
:10369000ACE7591CCAD09BB2002BF8D10134F6E735
:1036A000102205A90DF113001AF091FB9DF81330BB
:1036B000059A42EA0342D6E7039A0592012B23D1E9
:1036C0000823202205A90DF113008DF813301AF0FC
:1036D0007EFB9DF81320120221462846FFF7BEFC10
:1036E00095F84230611C012BC9B21AD10028BFD114
:1036F000BDF814202846FFF7B1FC0028B8D10234E9
:10370000BDF81620E1B2AFE71023202205A90DF184
:1037100013008DF813301AF05AFB9DF81320120491
:10372000DAE70028A4D1059A9EE700BF40310020C7
:10373000032A2DE9F34106460D4617461C4606D1DD
:10374000237A012B23D0012002B0BDE8F081DFF8FD
:10375000608009680DF107034246FFF7C3F9606016
:103760000028EDD19DF80720237A032AE8D0D8F865
:1037700004106A689142E3D1012B2969D4F80CC086
:1037800007D172690CEB0103934202D92074207CAB
:10379000DAE708316144E1603B46012229463046C0
:1037A000FFF78CFC60600028CAD00020CCE700BF87
:1037B000143100202DE9F341089C032A266817469E
:1037C00006D1237A012B24D0012002B0BDE8F0817C
:1037D000DFF890800DF1070342463046FFF782F98B
:1037E00060600028EDD12568D8F80400A96AD5F8F2
:1037F00044C0227A4840CCF100031840E1D1012AAC
:1038000009D1E268D8F8103013447269934202D9A2
:103810002074207CD9E72868EB6A1B1A081AB3FBCE
:10382000FCF3B0FBFCF083420BD1706CF36A421ED8
:103830001340326B121A13443363284619F0DDFF2C
:10384000E862D8F81020E36806492068083213447B
:10385000E36001223B46FFF731FC60600028B0D0F6
:103860000020B2E7143100202DE9F04F4FF0FF3374
:103870004FF6FF72002500F10806C0E9092387B062
:103880000446C3620562056330460F461AF0E4F948
:10389000204619F0F5FE28BB2046394619F070FF86
:1038A000204619F0EDFE28BB8A4D20461AF01BF881
:1038B000ECE0E26B2368606CD2F814C001A9052229
:1038C00000FB0530E04701A81AF0FAFA012828D1D8
:1038D0002946204619F025FF421C2946204619F0AA
:1038E000EEFE0135E3699D42E3D3204619F0C8FEA0
:1038F0000028D1D000254FF6FF73C4E908534FF0DC
:10390000FF39CA46A846E369984514D3A5EB0905D3
:10391000012D37D8636A4FF6FF72934247D16E4D3F
:10392000C3E71AF0F7FA0028DBD02946204619F041
:10393000F8FE0246D1E72368E26B606C576901A983
:10394000052200FB0830B84701A81AF0B9FA8346EF
:1039500001A81AF08CFA074658461AF0D6FA70B148
:103960005745236A38BFC4F82480B94503F10103E1
:1039700028BFB946BD42236238BF3D46BA4608F16A
:103980000108C0E74FF6FF7363620025E3699D42BB
:10399000C0D2676C2068E36B05225B6901A907FB55
:1039A0000500984701A81AF062FA0135EEE7E26BCC
:1039B000676C2068556901A9052207FB0300A84729
:1039C00001A81AF054FA626A2368606C434D00FB48
:1039D00002301AF0A5FA4FF0FF33A062E3622A46E4
:1039E0000DF103036FF001012046FFF77BF800287B
:1039F00050D1AD68E5622946204619F01DFE2063CE
:103A000020B9E16A204619F0F8FEE0622946204616
:103A100019F0F3FE0546A36A9D423DD16569626CCB
:103A2000E91C143A2046B1FBF2F105EBC105033560
:103A3000B5FBF2F519F057FF0235A84280463DD29A
:103A4000616A204619F04CFE0027064604F1400A40
:103A5000474512D3626C236802FB0639E36B0522EB
:103A60005B6901A94846984701A81AF000FA534635
:103A700002464946E06B1AF055FA3146204619F0E5
:103A80002FFE0137AF420646E2D3154D284607B058
:103A9000BDE8F08FA56AADE72946204619F0CCFDB8
:103AA000236B0344294607462363204619F0A5FEED
:103AB0000546002FAFD1C4E90B07ACE730461AF03A
:103AC000CBF80023074A19462046FFF7B7F8002530
:103AD000EBE600BF03E000F016E000F01431002038
:103AE00013E000F039D90200634A00232DE9F041C8
:103AF000176813600E46044618B9604D2846BDE8A5
:103B0000F08190F834500DB309680268914240F09A
:103B1000AA8071684268914240F0A580B1688268CD
:103B2000914240F0A080F168C268914240F09B80D1
:103B300031694269914240F09680B169C26B91420D
:103B400040F09180726982611D46D7E75022294674
:103B5000D0F838801DF0B5FA33682360736863606D
:103B6000336963617369A361D6E9021204F1080045
:103B7000C4F838801AF082F8B369E36304F14000B6
:103B80009B68984794F8432020B1E561002AB4D09F
:103B90003B4DB3E7656C002DF7D06668B6FBF5F3D7
:103BA000E361002AA9D0B542F2D82268B2FBF5F150
:103BB00005FB1122002A58D105FB1363002B54D1B9
:103BC000204619F029FDA369043303449E424ED3D5
:103BD000636940F63472CC3B93424AD8B5F5007F16
:103BE000D6D30321204619F040FDE36BD4E9000150
:103BF0001B689847E36B0546DB68022098471DB1B8
:103C0000002384F834301EE039462046FFF72CFEAE
:103C10001C4B9842054604D139462046FFF724FE46
:103C20000546636C143B002DEAD1226A204602FB54
:103C300003F619F0F1FCA369043303449E4206D253
:103C400084F83450104DE06B19F0D1FE56E70F4A5E
:103C5000012384F834301368D4E900010133136080
:103C600015F0C3FBEFE70A4D48E70A4D46E7064D5E
:103C700044E7094D42E700BFD843002009E000F0C7
:103C800004E000F013E000F002E000F0D443002074
:103C900008E000F001E000F005E000F02DE9FF4150
:103CA0000F4690461E46054698B390F8343093B3BD
:103CB000B1F5801F31D21A4C022119F0D6FC2246F0
:103CC0000DF10F0339462846FEF70CFF024678B186
:103CD000012300934246334639462846FFF71AFC33
:103CE0000446E86B19F083FE204604B0BDE8F0817D
:103CF0009DF80F30012BEBD12169B142E8D100933F
:103D0000414633462846FFF7B5F804460028DFD180
:103D1000E7E7044CE8E7044CE6E7044CE4E700BFBF
:103D20004031002009E000F007E000F00AE000F078
:103D30002DE9FF410C4616461F46054688B390F80C
:103D4000343083B3B1F5801F2FD2DFF87C8001219E
:103D500019F08BFC21460DF10F0342462846FEF771
:103D6000C1FE044670B99DF80F30012B11D1D8F86F
:103D70001030BB4213D10090024631462846FFF76F
:103D800079F80446E86B19F032FE204604B0BDE82D
:103D9000F081074C074A022B08BF1446F2E7064C95
:103DA000F0E7064CF1E7064CEFE7064CEDE700BF05
:103DB0000BE000F00CE000F011E000F009E000F092
:103DC00007E000F00AE000F04031002070B586B056
:103DD0000E4603920546A0B390F834309BB3B1F57C
:103DE000801F32D2022119F040FC194A0DF117034D
:103DF00031462846FEF776FE044618B99DF817307E
:103E0000032B0ED10223009303AACC23314628466C
:103E1000FFF780FB0446E86B19F0E9FD204606B089
:103E200070BD022B0BD10A49284619F03FFE0399B9
:103E300081420246EFD02846FFF7C2FBEAE7054C75
:103E4000E9E7054CEAE7054CE8E7054CE6E700BF83
:103E5000403100200DE000F009E000F007E000F044
:103E60000AE000F073B50C461646054630B390F8EC
:103E700034302BB3B1F5801F24D2012119F0F5FBAA
:103E80002146114A0DF107032846FEF72BFE044692
:103E900080B99DF80730032B0CD0022B0CD10A49B6
:103EA000284619F003FE3060E86B19F0A0FD2046AB
:103EB00002B070BD054CF7E7054CF5E7054CF6E799
:103EC000054CF4E7054CF2E7403100200BE000F030
:103ED0000DE000F009E000F007E000F00AE000F07B
:103EE000F7B50C461646054668B390F8343063B310
:103EF000B1F5801F2BD2022119F0B7FB154A0DF145
:103F0000070321462846FEF7EDFDC0B99DF80730AE
:103F1000032B14D0022B14D10E49284619F0C6FDEC
:103F2000471C024639462846FFF74AFB044606B1BD
:103F30003760E86B19F05BFD204603B0F0BD064C1E
:103F4000F7E7064CF5E7064CF6E7064CF4E7064CB7
:103F5000F2E700BF403100200BE000F00DE000F080
:103F600009E000F007E000F00AE000F02DE9F3417D
:103F70001F4600230C4616463B60054650B390F89A
:103F800034304BB3B1F5801F28D2DFF864800121B3
:103F900019F06BFB21460DF1070342462846FEF758
:103FA000A1FD0446A0B99DF80730032B10D0022BC9
:103FB0000AD10123336004233B60E86B19F017FD3D
:103FC000204602B0BDE8F081D8F810303060F3E749
:103FD000034CF2E7034CF3E7034CF1E7034CEFE744
:103FE0000BE000F009E000F007E000F00AE000F06C
:103FF0004031002030B50C4685B0054628B390F816
:10400000343023B3B1F5801F23D2022119F02DFBE8
:104010000DF10F03104A21462846FEF763FD0346C3
:1040200088B99DF80F20032A0DD003220092214663
:1040300002462846FFF76EFA0446E86B19F0D7FCF3
:10404000204605B030BD054CF7E7054CF8E7054CB8
:10405000F6E7054CF4E700BF403100200BE000F02C
:1040600009E000F007E000F00AE000F02DE9F0437D
:1040700046688EB3056898464FF0000CA946AE46D8
:1040800055F83C40C4F3130701340CF1010C01D086
:10409000B94218D066450EF1080EF1D12F46002422
:1040A00003E0A64207F1080713D055F83430013376
:1040B00004F10104F5D1C1F3130141EA0851C7E944
:1040C0000012BDE8F08341EA0851CEE90012BDE8D4
:1040D000F083B8F1030F03D101230372BDE8F0832D
:1040E000002303E09E4209F10809F5D055F833405A
:1040F000C4F30754032C03F10103F3D1C1F31303F9
:1041000043EA0853C9E90032BDE8F0832DE9F043E2
:10411000476883B0CFB1064688469146002433688D
:1041200053F83450C5F30752C5F31301013503EBBF
:10413000C403304604F1010405D05B68CDF800905B
:10414000C04710B17768BC42E9D303B0BDE8F08343
:1041500073B5044622489DF81850012A00EAC1119F
:1041600023F07C4007D9961E012E28D9073303F08F
:104170007F03194308E09DF81C30DB060A4303F077
:10418000C053134343F060410023C4E900108DF88D
:104190000730B5B1202221460DF1070019F017FEB6
:1041A0001A220DF10700211D19F011FE63689DF818
:1041B000072043EA82636360082002B070BD1143A8
:1041C000E2E71B220DF10700214619F000FE2368EB
:1041D0009DF8072043EAC26323600420EDE700BF97
:1041E00080FFFF0738B5094B04461A680D460021C9
:1041F0001CF067FF00234FF0FF322383C4E9002542
:104200002361A260E382A37638BD00BFE8520300B9
:104210000138C0B205289ABF014B185C01207047D5
:1042200092B303002DE9F0410E46596888B0074665
:104230001546490A0024012922464FEA510104F19A
:104240000104F8D8DC7899781B882403C90201F4AA
:10425000006104F480540C43C3F30A035203234463
:1042600092B29C18284B03934FF0000825F0784336
:1042700002A90DF107001B2202938DF8078019F0A7
:10428000A6FD9DF80720029B8DF80780ED4343EAC9
:10429000C26302A90DF1070025F078451B220493A3
:1042A000029519F094FD9DF80720029B6FEA0444E3
:1042B00043EAC26305936FEA14444FF0FF33069359
:1042C0000794BB6907A9012206F110009847BB6952
:1042D00005A90446012206F108009847BB6940453C
:1042E00018BF044604A90122301D9847BB69404508
:1042F00018BF0446012203A930469847404508BF2D
:10430000204608B0BDE8F08101009AB2431E033395
:1043100006D8044B984228BF1846642838BF64204A
:10432000704700BF40420F00F8B5054615F0B9F8D8
:104330000F4B1E68074626B9384615F0B6F83446C6
:1043400011E0B4688CB194F810C01CF0010F0CD1CE
:1043500095E80F004CF0010C84E80F0084F810C0C1
:10436000384615F0A2F82046F8BD3668E3E700BFEE
:104370003012002038B505460C4641B10B6833B108
:104380001B68013303D0CB680BB18B684BB919F0B4
:1043900058FFBDE838404FF492724121002000F0F0
:1043A000BBB9084600F008FC0023044A85F8DC305D
:1043B000C5E92343C2E9003338BD00BF801F002098
:1043C00010B5044618B9054B054A136010BD03F03B
:1043D0008BFFD4F89830002BF6D1F4E759DF0200B8
:1043E0002C120020014B1868704700BF801F00206E
:1043F00010B50C4603F0B6FF054B00215B680320A7
:1044000098471CB105F0A4F80128FBD110BD00BFEE
:104410003812002008B502460868FFF777FF0860E9
:104420004868FFF773FF48608868FFF76FFF886090
:10443000C868FFF76BFF0B69C860581C03D00B48B6
:10444000834228BF03460B614B69581C03D00748C1
:10445000834228BF034688694B61FFF757FFBDE8D9
:1044600008408861104604F0C9BD00BF40420F00FB
:104470002DE9F84FD0F8903006460F4613B1038B64
:104480008B4244D0D6F88CB0BBF1000F42D0DBF8A1
:104490000830002B3ED0DBF80C1000293AD0D6F8BB
:1044A000A0A0BAF1000F38D04FF000094D46C84621
:1044B00001E0DBF8083005EBC50203EB82040135AF
:1044C000E389BB4214D8238ABB42304610D3B4F9E7
:1044D0001220B6F924309342A04653DD96F8D0104E
:1044E000EFF7B4FD337D834281464BD9DBF80C10E6
:1044F0008D42DED3B8F1000F3ED00023424619466C
:104500003046D0473783C6F8908086F8D99000208F
:10451000BDE8F88F0320BDE8F88FD14654465246D7
:1045200047F6FF7504EBC40803EB8808B8F80E30B3
:10453000BB421BD8B8F81030BB4217D3B8F91220D1
:10454000AA4207D14FF0FF093783C6F8908086F85A
:10455000D990DCE796F8D0103046EFF777FD337D41
:10456000834281464246EFD9DBF80C100134A14268
:1045700004D9DBF80830D5E70120C9E7002AFBD0D1
:104580009046E1E7A046B8E72DE9F04782B004463F
:104590008946164604F0AAFF3B4D08B100236B6024
:1045A0002B68D4F88CA0D4F890700BB153454BD045
:1045B0004FF00008C5F8089004F0CAFF012836D172
:1045C0002B68DAF800103A6813B11868884246D0B0
:1045D00020461AF060F8C5E900A7D4F8A0508DF87D
:1045E0000760002D42D000220DF10703114620463E
:1045F000A847204604F0D4F90546B8F1000F00D0D2
:104600008EB1B5FA85F040F2DE324009332100F078
:1046100083F83146204604F0A3FB1C4B05461B687B
:10462000394620469847284602B0BDE8F087012069
:1046300003F098FE164B00215B680320984704F0B6
:1046400087FF0128FBD1BBE76B68002BB0D0BB42D2
:10465000AED1AB68994514D04FF00108AAE769685C
:1046600011B109689142B6D05968B1E7217D94F83B
:10467000D930994228BF19463246204604F064F9E1
:10468000B7E70025CFE700BF801F00202C120020D5
:1046900038120020F8B505460E4614F002FF3146E8
:1046A00007462846FFF7E4FE044620B1384614F0DA
:1046B000FCFE2046F8BD04F0FBFE224631462846AB
:1046C000FFF762FF04460028F0D195F91030002B67
:1046D000ECDA28461AF0BAF80028E7D02246A97D7D
:1046E00028461AF005F80446E0E700BF13B5044673
:1046F000694619F00EFD204619F02EFFFF280246EC
:1047000006D09DF800102046EFF720FD02B010BD46
:104710000048FBE70080FFFF08B550B90548064B8D
:1047200001601A60054B1A68054B1A60186806F09C
:1047300055FD08BD34120020E0430020B0440020A5
:10474000DC4300202DE9F0411B4A8AB001AC05464C
:104750000B4602F1200C274610685168264603C616
:10476000083262453446F7D1002B08BF3B4610683B
:104770003060002703F10C061C46384690B95FFAFA
:1047800087F821884246284619F0F9FF50B9E18898
:10479000424628461AF004F820B9424631462846D7
:1047A0001AF010F80137032F06F1080604F102048D
:1047B000E4D10AB0BDE8F081ACB30300F0B589B034
:1047C00005460E461AF00DF8044600BB06F10C072C
:1047D0000FCF01AC0FC497E8070084E8070001A9D8
:1047E0002846FFF717FE311D28461AF062F80446E6
:1047F00048B90849284604F0C3FB044618B92846BE
:1048000004F02EFF044631682846FFF79BFF204640
:1048100009B0F0BDA4B30300014919F0E0BC00BF2A
:104820003196010070B5164E0328337804460D46C4
:104830001ED023FA04F202F00102AA421DD053B1A5
:104840000122A24023EA0203A5402B43DBB23370CE
:104850004BB1012070BD2DB10A4B01201B68984758
:104860003378EDE73570074B00201B689847F0E779
:104870009A07DED003F0FC03E9E7002070BD00BF1B
:10488000C05000202044002038B504460D4604F0F6
:10489000A1FF60B104F040FE48B9012D07D8012006
:1048A00019F048FF0D4B1B6823B15B6898470C4B10
:1048B0001C7038BD15F037FE0A4B1A68801A186054
:1048C000F2F7D8FA084B1B684FF47A7202FB0030FB
:1048D00019F083FC012004F027FEE8E7A044002043
:1048E00065150020184400201C440020F8B5124F24
:1048F00005460C4614F0D5FD3B78064633B1012D34
:1049000004D01CB90D48F2F7DFF93C702146284667
:10491000FFF788FF0A4B1B7804463BB93B782BB95D
:1049200019F0DBFE10B1074B1B689847304614F0B6
:10493000BCFD2046F8BD00BFC1500020F44300205C
:10494000C050002038120020054A0B46117831B1C2
:1049500000211170034A18785268012110477047EE
:10496000C150002038120020124B0239012910B525
:1049700018701ED804F02EFFD8B104F0CDFDC0B1E0
:1049800004F09CFBA8B90C4B1C6834B12368984711
:10499000BDE81040002019F0CDBE19F01CFC074BFB
:1049A000186015F0C0FD064B1860204604F0BCFDF1
:1049B000EEE710BD65150020A04400201C44002037
:1049C0001844002038B5044680B114F06AFD012176
:1049D00004460846F1F7AAFD012108460A4A15F0E7
:1049E00054FD2046BDE8384014F05FBD14F059FD79
:1049F000214605460120F1F799FD0120024A214692
:104A000015F043FD2846EDE7D0B30300F0B5324D75
:104A100085B014F046FD2B78044623B12F48F2F7F9
:104A200053F900284AD1F2F7FBF902AA03A919F0B9
:104A30003EFE0346002832D019F04DFE029B9842FC
:104A40001ED10020264B03991B68264E99423070D8
:104A500021D9C91A00270123CDE900771F482B70FF
:104A6000214A334615F03BFD00282FD11F4A137809
:104A7000D90717D4204614F018FD002005B0F0BD6A
:104A800019F027FE029B98421ED0154B154A1B6851
:104A90000393002010700121FFF7C4FEEAE72046CF
:104AA0002B70E8E731780029E4D103F0FE0313709E
:104AB000002BDFD10E4B1B689847DBE7204614F034
:104AC000F4FC032005B0F0BD0220BBE70323204621
:104AD0002F703370F3E700BFC1500020F443002073
:104AE000144400206415002049490100C0500020F2
:104AF0002044002038B5134D14F0D3FC2B78044625
:104B0000C3B9114A11491370114B124A1A60124865
:104B1000124A5A60F1F784FD11491248F1F780FDFD
:104B2000114B124A1A60124B1B68124B02221A6078
:104B300001232B70AFF30080204614F0B6FC002058
:104B400038BD00BFC2500020C1500020D8B30300C0
:104B5000381200200D4A0100E4430020ED48010016
:104B6000E0B30300EC43002020440020C5490100CD
:104B700000300E4014440020431C08D0044AD2F8F0
:104B80003C311B0C1B0480B20343C2F83C3170471C
:104B90000040084030B5074B85B00C46D3F8C050F4
:104BA00000950022694619F038FB0CB100B9256068
:104BB00005B030BD0081E00F054BD3F8B400431CB5
:104BC00014BFC0F380700120A6223121FFF7A4BDDD
:104BD0000081E00F034B1A689B88026083800020ED
:104BE000704700BFFA1400200F4B0628D3F8883115
:104BF00004D183F40013C3F340507047022805D159
:104C000013F4400F0CBF01200020704750B9074A31
:104C1000D2F8D40010F0010005D083F48003C3F370
:104C2000805070470020704700400E400081E00F28
:104C30000C4A5288B2F5E16F94BFC8225A2210B5CF
:104C400094BF7824502490428CBF172210220A70FF
:104C5000054A0346107818B19C422CBF0020012061
:104C600010BD00BFFA1400206915002013B5234BB6
:104C70001B780E2B04463ED00DF10701FFF7D8FF3D
:104C80001E2C8CBF1E4C1F4C9DF807304FF00102AC
:104C90008CBF01210021C4F8082170B1194A4DF6DA
:104CA0000174C2F804411B0202F1007243F4404354
:104CB000C2F80431144AA2F8D430134A134C92F8C3
:104CC000D83023F00103034323F0020343EA4103F6
:104CD000DBB282F8D83024786CB923F0040343EABD
:104CE000800323F00803B2F8D440A2F8D64043EA88
:104CF000C10382F8D83002B010BD00BFFA14002002
:104D00000040084600400844001F0021C550002014
:104D1000084B094AD3F88831DB4303F4FE1343F40C
:104D20000053B3FA83F30E33A3EB4313013B137029
:104D3000704700BF00400E406815002002280CD0CC
:104D4000062802D020B100207047054B1878704724
:104D5000034B18780430C0B270470720704700BF7B
:104D6000681500202DE9F7433A4E3B4F96F8009026
:104D700015463A4AD2F8C820B9F1020F04468846CF
:104D800007EA02071AD147EA006788F80000002303
:104D900072882B60B2F5E16F94BFC8225A2227F4C3
:104DA0007F57944227F008079ABF380A00F47F50D3
:104DB00043F6C870384303B0BDE8F083284A127840
:104DC000904228BF144604EB83030B70F4B1013CFE
:104DD000E4B24FF030632B606A4601A9204619F017
:104DE00055FADDE9002347EA03671E4B98F80010E7
:104DF0001B7847EA823747F47F5747F008073BB9EB
:104E00000029194B18BF4FF07F43C1E7164BE2E76B
:104E1000164B1748B9F1060F08BF03462AB90029F7
:104E2000114B18BF4FF07F43B2E7B2FA82F2C2F1E2
:104E30001F02D2B29B5CDBB239B15A1ED2B2FD2A3C
:104E400005D81B0643F00403A2E7074BA0E74FF089
:104E50007F439DE7FA1400203F00C0E0001F0021BF
:104E600068150020C65000200400000BB883E00F36
:104E7000B083E00F2DE9F3410446C820FFF7F6FEAA
:104E80002B4B2C4E18780E2801D0FF2C05D1FF2477
:104E90003470204602B0BDE8F08102282DD1072CE5
:104EA000204628BF072001284FF0000301AA0DF17A
:104EB000030138BF0120FFF755FF05461E4B1F4F6A
:104EC000DDF80480C3F85881C7F8C8509DF8034046
:104ED00034702046FFF7CAFE194A4FEA082303F44C
:104EE000E063127843EA1863A7F8D030002AD0D1E3
:104EF000C7F8CC50A7F8D230CBE7A0B9052C32BF09
:104F0000002701270420201A3B4601AA0DF10301C6
:104F1000C0B2FFF727FF4FF48003054637B1094AB7
:104F2000C2F80831CAE700273846ECE7064AF7E737
:104F3000FA1400206A15002000400840001F0021DC
:104F4000C5500020004008460040084408B501F064
:104F5000C1FA094B094A002818BF1A46136823F4FE
:104F60007F115B0803F4FE130B431360044B4FF0F7
:104F70000072DA6108BD00BF0041084018410840D6
:104F80000040084008B501F0A5FA064B4FF40012A6
:104F900028B1C3F800214FF000621A6208BDC3F8BF
:104FA0001821F8E700400844014B1868704700BF1B
:104FB00024440020436C012B38BF01232DE9F04726
:104FC0009A46464B464F9B69464E474D03F4E07365
:104FD000A3F5C0728046454851425141026852458E
:104FE000434A0FD114788C420CD198F8D0C03C7849
:104FF000A44507D198F815C03478A44502D1A888F3
:10500000BDE8F087B3F5C07FC0F800A011704AD1A9
:10501000D8F8944024B12368082B58D994F8384024
:105020000F21204619F014F9BAFA8AF3002852D059
:10503000B0FA80F29B1A002BC6BFD840C3F10F090B
:105040004FF00F09504501D909F1FF39234B2004D6
:10505000C3F8BC0003F1806340F6FF72C3F8B820C8
:1050600003F100734FEA0921C3F8B81019F021F9D0
:10507000A88000F02BFF09F01F094FF4FA7304FA1F
:1050800009F45C4341F66A03B0FBF3F00A23B4FB76
:10509000F0F45C43174B1C6098F8D0303B7098F8E4
:1050A00015303370ABE798F8D030062B06D1124B91
:1050B0001B78002B0CBF9624C824B1E7022B08D024
:1050C0000D4B1B78002B0CBFB424F024A8E7002460
:1050D000A6E73224A4E74FF00F09B7E700600840C5
:1050E0006715002066150020FA14002040120020E9
:1050F000C850002024440020C650002070B5064649
:105100000C46154619F0A2FB58B3F27CD31E012BB6
:105110001ED9112A03D81D4BD340DB0718D41C4BD2
:105120001C4AC3F8502103F100730022C3F8502138
:105130000025174B40F2F712C3F850212B01164AF5
:1051400003F4F87305F007052B43C2F850311AE059
:105150000F4B104AC3F8502103F100734FF444027F
:10516000E4E7FF2C0DD00A4B0A4AC3F85021230470
:105170002405094A03F4E02304F0F8742343C2F839
:105180005031FF2DD5D1002070BD00BF84F6030043
:10519000004008440000F70100400846F8B5134BF2
:1051A000134E1F68134D384601F080F93378C4B2AE
:1051B000A34201D12B78A3B1092C14D80E4B012C9A
:1051C000195D05D10D4B1B78022B01D141F0400137
:1051D00001F00F0238460909FFF790FF00233470F1
:1051E0002B700020F8BD0024FA21F1E7B044002024
:1051F000C4500020C3500020E8B30300FA1400207C
:1052000038B5044600F00AFE142200212E481BF097
:1052100058FF2E4B25781A782D49521B18BF0122B2
:105220000A7022681A60C820A2889A80FFF71EFDC3
:10523000284BD3F8C820284BFF211970274B284949
:10524000062D03EA0203274A1AD14FF4EE40C2F8B2
:1052500024014FF48A42C1F82421012243F0804303
:10526000C1F820211B4AC2F8C8301E4B0322C3F8E4
:105270005821FFF793FF1C4B01221A70002038BD04
:10528000022D4FF007000ED1C2F80C010620C1F824
:105290000C011649C2F808114FF4404143F00303D2
:1052A000C2F80411DEE7C2F80C010520C1F80C01B8
:1052B000C020C2F8080143F08043812243F0040378
:1052C000C1F80821CEE700BFC81F0021FA14002052
:1052D000C3500020001F00216A1500202800C0A034
:1052E0000040084600400844C7500020C10040006C
:1052F000014B1870704700BFC650002073B5264B95
:10530000044618780E2841D0FF2C42D000283AD10C
:10531000052C32BF002301230420201A01AA0DF11D
:105320000301C0B2FFF71EFD1C4EC6F8CC00019A67
:1053300096F8D850130203F4E06343EA1263A6F828
:10534000D2309DF803400DF102012046FFF770FCBA
:1053500005F0FB051E2C45EA800594BF00230123C0
:1053600025F0080545EAC30586F8D8509DF80220C7
:105370000B4B43EA0223A6F8D6300123094A204604
:10538000137002B070BD00231846C6E70023FF2447
:10539000F4E70023F2E700BFFA140020001F002109
:1053A00000C0FFFFC5500020104A114B00201870AC
:1053B000D2F8C830C2F8CC30B2F8D030A2F8D2302F
:1053C000B2F8D430A2F8D63092F8D83003F0FB030C
:1053D000990001F004010B4303F0F703990001F079
:1053E00008010B4382F8D830704700BF001F00212E
:1053F000C55000202DE9F0472D4C2E4B236000F0C6
:1054000065FD4FF4FA7307464FF47A76B0FBF6F673
:1054100029482A4A7343190E1B02181841F100014A
:10542000002313F061FAA0F580730546A36220B94A
:1054300066222B21FFF770F901254FF47A726A4337
:105440004FF0000A53465008310213F04DFA1C4B3E
:1054500019601C4BB7F57A7F4FEA05688946044608
:1054600018604FEA152505D276222B215046FFF70A
:1054700053F901264FF47A73A8FB030103FB0511CE
:105480007308C01841F100010023324613F02CFAD2
:105490000D4B023419600D4B49F10009A408186046
:1054A00044EA8974024B013C1C63BDE8F08700BFED
:1054B000005008400211010020A1070040420F00E7
:1054C00034440020304400202C4400202844002094
:1054D000044B4FF00052C3F880211A60024B0122A6
:1054E0005A60704700E100E000500840074B4FF061
:1054F0000052C3F88021C3F88020BFF34F8FBFF361
:105500006F8F034B04225A60704700BF00E100E038
:105510000050084010B50446A242A2EB0000A3EBE5
:10552000010104D2034B1B6B01331844013901F014
:10553000030110BD0050084038B502010A4B012597
:105540009D500A4A4FF4807383405366044613F01B
:10555000A8FF074A1378A54023EA05031370BDE8A6
:10556000384013F0A2BF00BF00510844005008406B
:10557000C95000202DE9F0471546044688461E46CE
:1055800013F08FFF022D00F0B880074613F094FF50
:105590006C4B6D4AD3F8189092F815A0DA6D5FFA4B
:1055A0008AFA520744BFD3F818900AF1010A13F09F
:1055B00089FF664B664A1B6811684FEA8A7CA3FB29
:1055C000093213F1004301FB09CCD8F800304CEB51
:1055D000020C012D04BF01336344ACEB030C08BF84
:1055E000C8F80030BCF1804F0AF0030AC0F0988080
:1055F000584AD2F800C0584AD2F800E0514A23F085
:105600004041106B4FF000480022ECFB01820EFB82
:10561000012282424FEA937381BF01330130121A93
:1056200003F00303A3EB0A03914588BF4549DFF864
:1056300048C184BF096B03F1FF3303F003030CF887
:105640000430A2EB0900A3B1F10742BF434B41F67E
:105650001F71D966B30742BF404B4149D9667107F4
:1056600042BF384B00211967330742BF354B002139
:105670001965344B04F1100103EB041E0901CEF847
:105680000C2111225A5037499A694FF0010EA2EBB2
:10569000090A0EFA04F8D3F85C900A785FFA88F8E1
:1056A00048EA020282450A7026D34FF48072A24073
:1056B00019EA020F20D11CF8040000283FD10DB3D5
:1056C000F0071A6608D5254B274941F61F7240F2AC
:1056D0000110DA66C866DA66B10706D51F4B2249A3
:1056E0001F4A2248DA66C866DA66720742BF204B54
:1056F00001229A60330719D4384613F0D6FE0120F0
:10570000BDE8F0871B48240140F804E05A6613F016
:10571000C8FE14490B7823EA08030B7013F0C5FE8A
:10572000384613F0C2FE0020BDE8F087212000F0CB
:10573000B9FA044B4FF480325A603846DDE71A66F6
:105740003846DAE7005008406C4400202844002026
:105750002C440020304400203444002000500844F1
:1057600000001F1FC9500020005008460000010122
:105770000040084000510844CA500020024B1878ED
:10578000003818BF01207047C95000201030034B6B
:105790000001185800F00100704700BF0050084099
:1057A0001030044B01F46001000141F00301195075
:1057B000704700BF0050084038B513F07DFE084B1D
:1057C000084A9D69547DDA6D520748BF9D69E4B26D
:1057D00048BF013413F076FE284604F0030138BDBB
:1057E000005008406C44002038B50B4B03EB00120E
:1057F00010300001D2F80C411D58FFF7DDFFAB0758
:1058000006D5844200D90139204601F0030138BD94
:10581000844238BF0131F7E70050084070B5184C9A
:10582000E66B26BB202000F03DFA164B10251D60CC
:1058300002F0DCFA144B8022C3F8802101F082FCD4
:1058400038B132460020082102F088FC0F4B656613
:105850009D660F4A536803F07063B3F1807FF9D9F6
:10586000074B0C4ADA6641F201421A6770BD01F03B
:1058700069FC0028F4D0054A074B63669366EFE79E
:10588000005008400040084600E100E00050084693
:1058900000400840011B01181000000208B521203B
:1058A00000F000FA024B4FF480325A6008BD00BF8E
:1058B0000050084008B5222000F0F4F9024B4FF4E4
:1058C00080225A6008BD00BF00500840064B1B688C
:1058D000434303EB8171054B1B68A3FB003013F1BD
:1058E000004341EB000070472C4400202844002076
:1058F0000D4A10B5146820F0404301464FF00042B5
:105900000020E4FB0320094A126802FB0300084B55
:105910001B6B98424FEA917104D901330131C01ACF
:1059200001F0030110BD00BF3044002034440020CA
:1059300000500840F8B5064603F0EEFD044608B1F5
:10594000FFF7D4FD084D094F00232B6130466B61F2
:10595000AB617B75FFF7CCFFC9B27975A8610CB15B
:10596000FFF7B6FD0020F8BD005008406C44002051
:105970002DE9F041224F0646386820F4700040F4CB
:10598000A00038609DF81C401D1E9DF818304FEA9D
:10599000042444EA036444EA021408BF002144EAF0
:1059A00005440C43FC64D7F82C80B8F5803F40F2E6
:1059B000B5224FF018012CBF00200120FEF7ACFEED
:1059C000C7F83880CDB10F4BB468D3F88030412C84
:1059D00038BF41245B0606D500F02CFB18B10A4BFA
:1059E000B3FBF0F31C442046FFF782FF01308045F3
:1059F000034B3ABF0022DA63D863BDE8F08100BFF1
:105A0000005008400070084000093D00F8B5184DEE
:105A1000AB691B04044626D500F0F2FBAB6913F01A
:105A2000787FA0FB04464FEA9367C3F34450C3F367
:105A3000044505D140F25E422B21FEF76DFE0120A8
:105A4000AD01B5FBF0F010EB871005D140F26342D9
:105A50002B21FEF761FE012002460023204631463D
:105A600012F042FFF8BD00F0E5FAA0FB0401F9E7EF
:105A70000070084030B50C4C02460120A0F1200314
:105A8000C0F1200524FA05F504FA03F32B4304FAC8
:105A900000F595428B4100D330BD0F2801D0013075
:105AA000ECE7FF20F8E700BF40420F0010B50C46BE
:105AB000FFF7ACFFC30943EA4163C01A61EBD111A0
:105AC000FFF7D8FFFF2814D00C4B0F22C3F880201B
:105AD00003F1007340F01000C3F8800003F17A4333
:105AE0009B69DBB2802B06D02046BDE8104000F059
:105AF00073BB012010BD0220FCE700BF007008440A
:105B00003B4B082270B501210546C3F8C82039482F
:105B1000394CECF7EFFF394B1D702378013B012B1B
:105B20000CD8237CE07B01229A400C21302313FB0C
:105B3000001303F1884303F520431A60304B002221
:105B40005A677DB92F4A4FF6FF71D16702F1007293
:105B5000F821D1675D672C4B4FF08042C3F8942049
:105B6000002070BD636853B300F0B0F9626800EBC9
:105B70005203B3FBF2F3013B1B0243F0F803267818
:105B80002049224A022E1CD0032E1D484FF6FF75D5
:105B900021D0012E27D143F00203CD67D36707231D
:105BA0004367237CE07B01229A400C21302313FBC6
:105BB000001303F18C4303F520431A6011E0F8232E
:105BC000DDE743F001034FF6FF70C867D3670C4B66
:105BD00005225A67E5E743F00503CD67D367012344
:105BE00043670B4BB8E7CD67D3670023F8E700BFE7
:105BF00000400E4600350A0038440020CF500020F7
:105C00000000084000000844004008440000084626
:105C100000400846F8B5064604460FCE1C4F3D46E8
:105C20000FC533682B601B4B1B480822C3F8C820E4
:105C30000121ECF75FFF194A00235367A37BE17A48
:105C40001B0443EA0123217A0B4393673B78032B20
:105C50001BD8DFE803F01402080E617B207B0023D1
:105C60000422EEF727F8217CE07B00230422EEF7E4
:105C700021F8A17A607A01230422EEF71BF8084B81
:105C80001878BDE8F840FFF73BBF0120F8BD00BF22
:105C90003844002000400E4600350A00000008404D
:105CA000CF500020044BD3F89430002BBCBF034BE3
:105CB000C3F88000704700BF004008400000084063
:105CC00008B5074B1B681A68064B920019684FF01D
:105CD00004501BF01CFABDE8084000F03DBF00BFB7
:105CE0004C4400205044002007B501A8EEF774F999
:105CF000134B144AC3F8442148F2E672C3F8382122
:105D00004FF40862C3F834210F4AC3F8A0200F4AA9
:105D10004AF63F41916002F580424FF0C0719162B6
:105D20000022C3F8FC200A4AC3F89C20094B7F22BA
:105D30005A6203F1007323225A6203B05DF804FB38
:105D400000400840C0E653517A27000F0030084059
:105D5000806D630300300844064B1B783BB1064B53
:105D6000064A1A60064B074A1A6000207047022054
:105D7000704700BFD05000205044002020B40300E2
:105D80004C4400201CB4030038B51B4B0022C3F860
:105D90008820C3F88C20C3F89020184A4FF4007173
:105DA0005162174A0121D1605A6812F0706FC2F334
:105DB0000365F9D14FF00452DA671249124C0122FF
:105DC000C3F880201966227013F011FD0F4B257067
:105DD000186820B10E4B1868003818BF012040F237
:105DE0007E525421FEF798FC0A4B1B6898470A4BD9
:105DF0000122DA6038BD00BF0040084000000840C2
:105E000000400846A01F0021D05000205044002030
:105E10004C4400204412002000400844034BFD2263
:105E2000C3F8C8200122C3F8CC20704700400E46BA
:105E300038B5FFF7F3FF1B4B1B481C4C1C490222D3
:105E4000C3F8C8201B4B1A6842B102EA0005A542FC
:105E500004BF5D68156008338B42F4D1164B0222F3
:105E6000C3F8C820154B164AD3F83C111160154AE7
:105E7000C3F8942000F0CCFBFFF736FF124B03224F
:105E8000C3F8D820A3F500530122C3F894204FF49F
:105E90006072DA604FF04072C3F8F820C3F8102146
:105EA00038BD00BF00400E460000FFFF0000084064
:105EB000B081E00F0080E00F00400E440040084039
:105EC000481200200048F0000060084608B5ECF7D2
:105ED00057F9044BD3F81031C3F308230133B0FB57
:105EE000F3F008BD00400E4070B5044618B1284DCF
:105EF0002268531C00D170BDC2F30063110C35F849
:105F0000130011F0FE0F93B243EA0043606818D00B
:105F10000434CAB2022A216808D9D4E90160033ADC
:105F2000C3E9001698600C340C33F3E704D16268BF
:105F3000C3E900120834DBE7012AD9D1043419601F
:105F4000D6E7120F072AF5D8DFE802F00704090D9B
:105F50001013181DC04303F180631860EAE71A6844
:105F600042401A60E6E703F1C063F6E718F0CFF9A4
:105F7000E0E70122824003F1C063F2E701228240A0
:105F800003F18063EDE71A6830EA0202FBD1D1E742
:105F9000FAB30300024B0122C3F89420704700BFFC
:105FA00000400846024B0122C3F89420704700BF0E
:105FB00000400844024B4022C3F89420704700BFC1
:105FC00000400844024B4022C3F89420704700BFB1
:105FD0000040084608B50C4B1B68D3F8943023B139
:105FE0001A68022A01D9186A08BDFFF76FFF074B2C
:105FF0001B6D024698B20028F6D0C3F30743D208BF
:106000005343B3FBF0F0EFE7B044002000600840DA
:10601000064B5B68C3F30363984206D1044A536B93
:1060200023F0F00343EA0111516370470040084038
:10603000001F00211F4B1B68D3F8943070B52BB1A3
:106040001A680A2A02D91C6C204670BD1A4DAA6D26
:106050006B6DC2F34544C2F3CD010134C3F3441662
:1060600001FB0444C3F3822103F01F0306FB013349
:106070005C4302F00702114B9B5C5C43640004D05C
:10608000FFF724FF7043B0FBF4F4D5F8E4301905B2
:1060900005D513F0FF021CBFE401B4FBF2F41A01B2
:1060A000D2D5C3F30A43002BCED0A402B4FBF3F441
:1060B000CAE700BFB044002000600840F2B303000C
:1060C00010B50446FFF786FF104AD2F830311B04A2
:1060D0000F4B1B6C03F4C05348BF4008B3F5805FFF
:1060E0000ABF136BC4F30113C3F34163022B05D042
:1060F000032B09D0012B00D1400810BDC4F3C424E8
:106100000134B0FBF4F0F8E78008F6E700600840DF
:10611000000008402DE9F0470E4618F0E2F8DFF8DD
:10612000B090DFF8B0A08046002513F0BAF9D9F896
:106130000430C3F30363012B07460BD1711C1AD043
:1061400018F0CFF8A0EB0805384613F0AEF9AE42D0
:10615000EBD80DE0052BF1D00B2BEFD0023B012B40
:106160000CD9013602D018F0BCF8384613F09DF96E
:106170001648BDE8F08713F098F9D6E7DAF808304A
:106180001A04C3F389140FD4013602D018F0A9F809
:10619000384613F08AF924B2A4F1C8006FF4FF73F3
:1061A0009842B8BF1846E4E7731C03D018F099F87A
:1061B000A0EB08056FEA84546FEA9454384613F054
:1061C00074F914F5007FC2D0E6E700BF00FEFFFFC0
:1061D000004008400070084010F1800F04D04D28A6
:1061E000DABF323040B27F20044BFF229A6103F1C4
:1061F0000073C0B298610020704700BF007008446F
:106200000B4B0C499A6D70B502F007029E6D8C5CC9
:106210009D6DFFF75BFEC6F3CD0606FB0444C5F398
:10622000454505FB04448001B0FBF4F070BD00BFA0
:1062300000600840F2B30300084910B5D1F870318E
:1062400040B11C464A68D1F870319C42F9D1C2F382
:106250000362027003F00F0010BD00BF0040084051
:10626000094BD3F8883001F0800103F480030B431D
:1062700009D1064B4FF400129A61837F1BB1044B86
:106280000122C3F8F820704700400840006008442D
:10629000006008462DE9F0411F4CDFF89080069F12
:1062A0000646A2FB03502C1960F1000E9C46A04547
:1062B0004FF0000373EB0E0E07D24FF4B4720E21B1
:1062C0001846FEF729FA02201BE00029FBD0C6F38E
:1062D000130601EB5C04B4FBFCF4A4FB0646E40CDF
:1062E00044EA46340D4E34600D4C22600D4A914212
:1062F00009D10D4AA5FB025302FB00339B093B6009
:106300000020BDE8F081C4040A46E80444EA55319F
:1063100012F0EAFA3860F3E700C9E8765444002046
:106320005844002000F049020A3BB2DF0046C32374
:1063300038B5164D2B780C4623B9154B1B6D03F061
:106340003F032B70134BD3F894305B051CD5124BD5
:10635000B0FBF3F040F24D534343A3F546430C3BEF
:10636000584300F5C91000F5556028B940F21B32BA
:106370002B21FEF7D1F901202B78084A5343B3FBB8
:10638000F0F30020236038BD0220FCE7D450002049
:10639000003008400040084000366E0180969800AA
:1063A00070B5374C374B256B374C1B682468ED02B2
:1063B0004CBF1B191B1BB3F1804F04D8002B3AD1E3
:1063C000324E1C460AE0B3FA83F4314EC4F10204A3
:1063D000E340304DAB4201D901345B0803EB560575
:1063E000B5FBF6F52C4EB34234BF0026012624033C
:1063F000013D44EA86242C430C60D8B1B3FBF0F194
:10640000642400FB11336343984288BF01F1FF31DC
:106410004808013801390728204D214C4FEA510323
:1064200011D9002129700621C4F894101B0243EAF7
:106430000013136070BDB3FA83F4D4F10204134E59
:10644000C6D50024C5E71029EBD068B10121297019
:106450000621C4F89410134909780029E6D012499E
:106460000224C1F89440E1E7012914BF0121002171
:1064700029704FF00601C4F89410ECD1D6E700BFA4
:10648000003008405844002054440020E0673500A4
:10649000C0CF6A003FBE4025401B5F13D150002093
:1064A00000400844D250002000400846084B5B6B77
:1064B00003F00700C3F3C20213F0380F18BF5043B4
:1064C000C3F3821213F4E07F18BF5043704700BF3C
:1064D00000300840034BD3F8380180F01000C0F3BF
:1064E0000010704700400840174B4FF4002210B5D1
:1064F000C3F89420154C164BB0F1804F88BF1C4652
:10650000144BDA6CD2071DD51B6F134A04F5F42423
:1065100004F59074B4FBF2F4033CE4B203F0070317
:10652000A34202D02046EDF7F7FA0C4B1B784BB193
:106530000B4B4FF47022C3F8942003F10073240432
:10654000C3F8944010BD00BF00400846E067350026
:10655000C0CF6A0000300E4040420F00D3500020F0
:10656000004008447FB50446EBF746FE1C4B064648
:106570002C3358680093A37922683146FFF78AFECE
:10658000054648BBA379012B14BF164916491022B2
:10659000C1F83821206815495843FFF7C9FE03AAFE
:1065A00002A93046FFF7FCFE0F4A43F6FF53C2F83C
:1065B000A4300C4B0299C3F8A4104FF4EE611163A0
:1065C000039A1A632068FFF78FFF094BA2881A62AB
:1065D00003F5405300229A63284604B070BD00BF03
:1065E0000030084000400846004008445030084051
:1065F0000000084008B5044B01221A70034B1868CC
:10660000FFF772FF002008BDD3500020584400203F
:10661000024B4FF48062C3F8942070470040084654
:106620000D4BD3F80421D3F8B030D2B2FF2A03D0F7
:1066300043F30743591C01D190221923074903EB67
:10664000D37302EB6302022381F84230232381F8E3
:10665000432081F8413070470081E00F001F002186
:10666000044A5368C3F30363022B04BF802393607F
:10667000002070470040084040B10368012B05D955
:106680000069034B002808BF184670470048704750
:1066900000B4030070B504461F480D46FFF728F903
:1066A0001E4BD3F8306116F400464FEAC01015D0E7
:1066B00000F574431A4C1B4A2433B3FBF2F32B60EE
:1066C000194B00EB5400B0FBF4F068605B68D90232
:1066D0000AD5002406B10334AC6070BD002CEFD1A4
:1066E000114B5B68D802F7D4104B0F491B68D1F8E7
:1066F000A820C3F3810312F4806403F1010309D1DC
:10670000D2B2FF2AE6D0D1F8AC20520548BF04EB44
:10671000C304DFE7DC00F3E740420F0000600840FD
:1067200020A1070048E801000000084000200840C0
:10673000084B1A68C117A2FB000310F1807002FB1E
:10674000013343F10003400E40EAC310803820EAD1
:10675000E070704760440020174B072270B5C3F803
:106760008420FFF7B3FB154B154A164EC408010BE6
:106770000546E005C01841F10001002312F0B4F80D
:10678000114B18604EF66020FFF7D2FF4042C6F86A
:106790009C000E48FFF7ACF8024658B1E3015008E0
:1067A00018184FEA15714FF0000341F1000112F083
:1067B0009BF8706770BD00BF00400840B2E60E0055
:1067C00065CD1D00001F00216044002040420F00E5
:1067D0002DE9F047064608469846FFF74DFF154657
:1067E0000746002E00F0B08018F0050F63D0346922
:1067F000002C00F0AB80FEF7D7FB4FF47A735C43BC
:10680000201A7B68A0F6AC50C01AFFF791FFB48B3A
:106810006862002C00F09D80FEF7C6FB4FF47A738F
:106820005C43201A7B68A0F6AC50C01AFFF780FFCB
:10683000A861614BF468D3F80090DFF88CA1002CBC
:1068400000F0B080FEF7B0FB4FF47A735C43241A7B
:106850007B68A4F6AC54E41A99F81130053B012B7F
:106860007AD8DAF80020A4F53E44EB3CE117A4FB0B
:10687000023402FB014413F1807144F10000490E1F
:1068800041EAC0118039E9614C49A2FB01219B1A00
:1068900064EB010413F1807344F100045B0E43EADE
:1068A000C413803B2B62B469FEF77EFB0146204691
:1068B00017F078FD286318F0020F29D073684FF4A1
:1068C0007A7058435BB13B6803F51C53103318448E
:1068D000B37F002B46F2A81308BF00231844FFF72C
:1068E00027FF7369E862002B5FD078684FF47A72F3
:1068F00002FB0300B37FA0F50350002BA0F11000B2
:1069000046F2A81308BF0023C01AFFF711FFA862C0
:1069100018F0040F18D0B068002849D04FF47A73EB
:106920005843A0F503501038FFF702FF2861336881
:106930004FF47A70584323B13B6803F51C5310336E
:106940001844FFF7F5FE6861BDE8F0874CF250305F
:106950005BE74CF2503069E73B68E41ADAF8002054
:10696000E117A2FB044314F1807402FB013343F1ED
:106970000003640E44EAC314803C114BEC61114CDB
:10698000D3F884302B622368002B8CD0484617F054
:10699000F3FE002887D02368D9F848002A463946F4
:1069A000984780E74CF25034D8E747F23050ACE7D4
:1069B00047F23050B8E700BFB0440020101B02007F
:1069C000001F00215C44002060440020E0B5074621
:1069D00008461E46154617F08BFC7B7C053B012BB9
:1069E00006440DD80C4B4BF6EB61002D18BF194631
:1069F0004FF4FA720A44094892FBF0F03044E0BDCB
:106A0000074B084AD3F8F800FFF736FE0168002963
:106A1000A8BF4FF4FA72EDE7FBD9020018FCFFFFA4
:106A2000001F00210CFEFFFF2DE9F04F384C0A46F5
:106A300085B00D46002181461AF043FBD4F8C830DA
:106A400043F06C029A4204D00025284605B0BDE808
:106A5000F08F304BDB68D907F6D4FDF7C3FC002874
:106A6000F2D0D4F81061C6F30826002EECD12A4CDF
:106A70002A4BD3F81880D4F884300193284B4FF078
:106A800060529A6103F100734FF000629A6124230F
:106A9000C4F88430234B04221A604FF4804A4FF428
:106AA0008053C4F868A0B3466362AB4512D31E4B53
:106AB00004221A60184A019BC2F88430184B4FF028
:106AC0006051996108EA010318498B614FF48043D2
:106AD0009366BAE7226E5204FCD52268D305F9D535
:106AE000C4F868A00136D4F888200392012EDCD9BE
:106AF000A5EB0B07042FA8BF04273A4609EB0B00B0
:106B000003A95F441AF003FB1FFA87FBCDE700BF20
:106B100000400E400040084000000840006008406F
:106B200000600844004008460040084400600846F1
:106B3000074BD3F8D8304FF604014FF605029BB24D
:106B40008B4208BF1346034A01209365704700BF7C
:106B50000081E00F0050084070B5194C0FCC86B092
:106B600001AD0FC5CC22236816482B6000211AF016
:106B7000A8FA8422002114481AF0A3FA134B144AED
:106B8000C3F8F020FFF74CFD124B1B782BB101AD81
:106B90000FCD0B4E0FC62B6823600F4B0F4AC3F867
:106BA000DC2F0F4AC3F8E02F0E4AC3F8E42F02F19E
:106BB000957202F24952C3F8E82F06B070BD00BFCB
:106BC000C81F0021341F0021B01E0021001F00211A
:106BD0003F003700C750002000100021020062066D
:106BE00009C8056E0704DC060A4B197801F0FF029C
:106BF00029B10021197008499202C1F8A0205978E2
:106C000001F0FF0229B1002159709302024AC2F833
:106C1000A4307047D550002000000846074BD3F839
:106C2000E00E074BD3F88C301A0103D4054B1B6ED2
:106C30001B0401D500F58070704700BF00100021D3
:106C4000004008400000084008B512F02AFC0F4B35
:106C50001A78B2B90E4A126812F4843F11D10D4A63
:106C60001021C2F894101B786BB9094B1B68DB0527
:106C700009D4084B2022C3F89420BDE8084012F044
:106C800014BC054AECE7044BF4E700BFD9500020E0
:106C9000D8200020004008440040084610B512F0FB
:106CA00000FC0E2104460320FFF7B2F9044B40F22A
:106CB000012220465A62BDE8104012F0F6BB00BF28
:106CC00000000840044B00221A70044B197811B1DF
:106CD0001A70FFF7B9BF7047D8500020D950002074
:106CE00008B512F0DEFB234B4FF08052C3F8802032
:106CF000BFF34F8FBFF36F8F4FF48072C3F88020C4
:106D0000BFF34F8FBFF36F8F0222C3F88020BFF312
:106D10004F8FBFF36F8F1022C3F88020BFF34F8FC8
:106D2000BFF36F8F2022C3F88020BFF34F8FBFF3D4
:106D30006F8F4FF00052C3F88020BFF34F8FBFF327
:106D40006F8F8022C3F88020BFF34F8FBFF36F8F08
:106D50004022C3F88020BFF34F8FBFF36F8F012213
:106D6000C3F88420BFF34F8FBFF36F8FBDE8084097
:106D700012F09BBB00E100E008B512F092FB0B4B58
:106D80004FF080521A604FF480721A6010221A601D
:106D900020221A604FF000521A6080221A604022AE
:106DA0001A60BDE8084012F080BB00BF00E100E0BF
:106DB00070B5084C01232370074B1E68074BD3E9BD
:106DC000005332401940284001F0C8F900232370D5
:106DD00070BD00BFD750002068440020D82000209C
:106DE0002DE9F047DDF820A003EA0108099B0646DB
:106DF0000D4602EA000703EA0A09BAF1000F40F063
:106E00004D81031F0B4300F01381052871F100032E
:106E100080F0E78050EA010300F06081431E0B43DD
:106E200000F02181FFF75CFFAD4AD2E9004323EA7D
:106E3000050324EA06043C4343EA0807A94BDFF8AC
:106E4000F8821E6826EA0A0646EA09061E60C2E9BA
:106E50000047FFF7F9FEA44814F02A4FC26E14BF92
:106E600048F202034FF40043B50748BF43F4005310
:106E70009E4D83EA020122EA0302EA669C4A816689
:106E80000B40D366C4F380421203200348BF42F490
:106E90008072E10648BF42F40052A30648BF42F4A4
:106EA0000072650648BF42F4806220069148924D08
:106EB000D0F80C3248BF42F4006282EA030123EAB0
:106EC0000203C5F80C328D4BC0F80812C7F34025F9
:106ED0000A40AD04E10448BF45F48035C3F80C22F4
:106EE000A20348BF45F48015A30748BF45F48005B9
:106EF00014F4001F06D0D8F8000017F0AAFC08B957
:106F000045F40025E00248BF45F40035F9067C4908
:106F10007C4848BF45F40005620248BF45F40015AF
:106F20000A6A730748BF45F0040585EA020323F0A7
:106F300001031A4002621D40CB61734B73481D620E
:106F4000734B744A16F0010F18BF1A46836E7D0703
:106F500048BF42F40012704D82EA030123EA0203A3
:106F6000AB666E4B41660A4000F500509A66C16BF5
:106F700004F0010305F5005581EA030221EA03014B
:106F8000E96382631A40664BDA63D8F80020200276
:106F900048BF644B92F8E92058BF634B610748BF74
:106FA00043F4806322B114F4C06F18BF43F48073BC
:106FB0005E485F4CD0F8EC10320748BF43F0004306
:106FC00083EA010222F4A0221140C4F8EC1013401D
:106FD000C0F8E820574ABDE8F047C2F8EC30FFF7A8
:106FE000CBBEA0F580630B4306D020F48063A3F5ED
:106FF00000730B437FF416AF12F053FA3849D1E90E
:10700000003223EA060322EA050242EA08023B4371
:10701000C1E90032484A126892F8E9200AB313F431
:10702000C06F1ED0434B4FF48072C3F8EC2014E0C5
:1070300012F037FA2A4AD2E9003123F004033B4325
:1070400041EA080157EA0807C2E9003114BF394A8A
:10705000374A4FF48063C2F8EC30BDE8F04712F0D5
:1070600024BA334BDFE712F01CFA1D4AD2E9003193
:1070700023F001033B4341EA0801C2E900312F4AF2
:1070800057EA08074FF0010315BF93632C4902F13B
:10709000C062CB6314BFD3639363DEE750EA01039E
:1070A0007FF4C0AEBAF1010F7FF4BCAE12F0F9F973
:1070B0000C4A136823F0010343EA09031360134ADF
:1070C0004FF48063B9F1000F04D0536602F1C0623F
:1070D0009366C2E710498B665366BEE7BDE8F0874A
:1070E000D820002068440020000008400000084428
:1070F0000000084600600840006008440060084640
:107100000040084000400844004008460050084045
:10711000041C500004185000005008440050084659
:10712000007008460D0A0A09090A0A0900100840F9
:107130000010084400100846B044002000700840C9
:1071400000700844024B5868C0F3C000704700BF8D
:10715000D8200020024B186800F00100704700BFE3
:10716000D8200020024B5868C0F3C030704700BFE1
:10717000D820002010B50446FEF75AFEFFF7B0FDF8
:1071800004F14C0002F08AFCFEF7FEFDFEF732F936
:10719000FEF79EF9FFF7E0FA1049114AD1F8F8100E
:1071A000072304F1A400FFF713FB4FF44001002074
:1071B000FEF7F6FA4FF400110120FEF7F1FAFFF79F
:1071C000B7FC20B940F2E7221421FDF7A5FAFFF73A
:1071D00011FABDE810400120FEF792BC001F00210B
:1071E000681F0021084B8022C3F8882003F17E43EA
:1071F0000822C3F88820054AD2F8B03E23F02003C5
:10720000C2F8B03E704700BF0040084600100021A1
:1072100008B512F046F9FFF7E5FF034B01229A602B
:10722000BDE8084012F041B900400840F8B5194CDB
:1072300005462078B0FA80F040F206423E2140092F
:10724000FDF76AFA55B96078B0FA80F0BDE8F84009
:1072500040F206423E214009FDF75EBA0E4F0F4D47
:10726000D7F8A0304FF44066C3F381232370C5F8EC
:10727000A0606078B0FA80F040F206423E214009FA
:10728000FDF74AFAD7F8A430C3F381236370C5F839
:10729000A460F8BDD550002000000840000008445C
:1072A000F8B50B4C0B4DD4F888300B4F0423C5F8C0
:1072B0008830D4F888305B0300D4F8BD0426C7F8C2
:1072C0008860022017F023F8C5F88860F1E700BF56
:1072D0000040084000400846004008441C4B70B580
:1072E000D3F888601B4D03F18063A822C3F888207F
:1072F00010221A60184A194B93666B66FFF774FCEC
:10730000174B1B7813B90320FEF716F900242C67DE
:10731000FFF7C6FF134A144BD2F8E01E0B40C2F829
:10732000E03E124B0422C3F88820114BB206C3F88A
:10733000B84008D503F580735B6CB3F5817F22BF3D
:10734000034B80229A60BDE8704001F0D5BE00BFBB
:10735000004008400050084000500844100000025F
:10736000DC50002000100021DF0000FF0040084436
:10737000001E002110B549B938B3164A53681B0ED8
:1073800013F00E0F21D113689A061ED4FFF786FC66
:10739000104C0020FEF750FF032801D0092806D129
:1073A000D4F88C30DB03F4D4636F0C2BF1D9FFF7E6
:1073B00077FF094B4FF400725A62084B0122DA60E2
:1073C00003F17E430422C3F88820054B4FF4C062CA
:1073D0005A6210BD004008400000084000400846C6
:1073E0000060084408B503210920FEF711FE024B96
:1073F00020229A6008BD00BF0040084038B505460D
:1074000012F04FF8044602F005FB35B1FFF75AFCC5
:107410002046BDE8384012F048B8084B1B78002BD6
:10742000F6D0074B1D78002DF2D1FFF74BFC2A4612
:107430004FF480400021FFF7BBFCE9E7D850002063
:10744000D75000202DE9F84F584B0646D3F8883026
:107450000D461446002A40F0A58013F0A00F14BF7B
:107460004FF001094FF00009DFF85C81504F01F047
:1074700043FEA023C8F888300320FEF75DF80420FF
:10748000FEF75AF84FF0000AFFF71CFC494BFB6669
:10749000C7F870A0FFF704FF474BD3F8B02E42F0B7
:1074A0002002C3F8B02EFF22C8F800203F4A4FF454
:1074B00080719160D3F8E02E40494FF0040B1140E9
:1074C000C3F8E01EC8F888B0C3F8B8AEFB6813F084
:1074D000060F04D0FEF7EEF95846FEF72DF8B9F185
:1074E000000F08D0364B4FF40062C3F88820354BAC
:1074F0004FF400425A6666B1324B5B6C180701D4F8
:10750000FFF7CCFBFFF76EFF0420FEF715F8FFF73F
:107510006BFB264BDA68D1073FD55A6812F0706FC3
:10752000FBD1294B294AC3F88820294A536B23F001
:10753000F003536315B12046FFF760FF254BD3F8E6
:10754000B4305A1C01D05B0002D51F4B0122DA6017
:107550001CB31C4BDA6E9A66144A136A23F00103BB
:10756000D3611D4BD3F80C22C3F80822A3F5405376
:10757000DA6F9A67A3F50053D3F8EC20C3F8E8203C
:1075800003F5C043DA6B9A63A3F50053134A5A66B6
:107590000D4B4FF60842C3F88820BDE8F84F002095
:1075A00002F04EB84FF000095EE700BF004008400F
:1075B000005008400000010100100021DF0000FF22
:1075C0000040084600000840004008441000300019
:1075D000001F00210081E00F006008405000F00211
:1075E0009A4B196EDA6E2DE9F04F01EA0209C3F8E1
:1075F000689003F5805385B0D3F8E060D3F8EC20B1
:107600001640C3F8E86003F5A043D3F80012D3F89E
:107610000C2201EA020AC3F808A2A3F50053596933
:107620001A6A01EA02088A4A08EA0202DA61894B08
:10763000D3F80022910006D4D3F800319A00C3F3A6
:10764000407740F1E18011F02CFF834BDA68DF6D69
:1076500012F0060F9A6E07EA020727F4800222F45E
:10766000006214BF4FF0010B4FF0000B5A667B070E
:1076700004D57A4A537D0133DBB2537511F015FFFF
:10768000B9F1000F00F0DF8019F4004427D011F0A9
:1076900008FF0146FFF7C2FA6F4D0446AA69AB69BD
:1076A0009A42FCD0AA699342FCD0FFF7B7FAA042F5
:1076B00040F0AC80084611F0F8FE694B1C60694B45
:1076C000D3F8885015F4E05240F0A28024F07F44B3
:1076D00024F0DF040CB9FFF701FE4FF0807419F0BD
:1076E000020F4FF0000516D05E4B5F49D3F888308B
:1076F00003F46042C1F88820002A00F09E801D0437
:1077000000F19E8013F4005F0CBF4FF000534FF068
:1077100000631C430025C9F340394FEA4909534B24
:107720003340002B4AD016F4206F0AD040F60F02E7
:1077300006210020FCF7F0FF0020FFF75FFE26F493
:107740008026F00506D5484BFF221A6044F4C06439
:10775000FFF7A4FA16F0090F0AD040F62402082118
:107760000020FCF7D9FFFFF73DFE414B01229A6252
:1077700016F0106F0CD040F62D0209210020FCF706
:10778000CBFFFFF72FFE00221146104602F01AF938
:1077900016F4202F0AD040F6350207210020FCF70E
:1077A000BBFF0020FFF72AFE26F48026F10301D557
:1077B00002F058FA002EB8BF49F0080972070DD53B
:1077C0002B4B5B6A13F4005F14BF2A4A2A4A4FF41A
:1077D00000531ABF536244F400045362730548BF58
:1077E00044F0040416F4802600F0AA8002F004FAA3
:1077F0000138062842D8DFE810F02E0131012E01B1
:10780000340137013A013A01BB4639E7044645E7FE
:107810000192FFF763FD144B019AC3F8882015F419
:10782000805307D115F4806F0CBF4FF080544FF098
:10783000806454E74FF0804451E74FF0007368E7ED
:107840004FF0004365E74C464D4668E700000840AE
:107850000000F7FF00E100E0005008406C44002009
:10786000644400200040084000400844090B0B8994
:1078700000100840001008440010084640F6660258
:1078800003210020FCF748FF844A136ED2F88000E1
:1078900003F007030633012101FA03F3C0F30C00E0
:1078A0001B1A9BB2072B13D97D4BD3F88830580293
:1078B0000ED47C48136B126DC06C58B103F00703F3
:1078C00006339940C2F30C03C91A89B2072901D8BB
:1078D00044F40074744B1B78002B31D06F4BD3F8F9
:1078E000E03013F4A02F2BD1704B714A1B7893B961
:1078F000F90410D4137873B1E3086E4943EA457371
:1079000083F00103D1F8E01E03F001035B0021FACC
:1079100003F39B0714D10420FDF70EFE664B674965
:10792000D966FFF7CFF9624A13782BB9644B654AE1
:107930001B682340134201D144F4804427F480574C
:10794000BAF1000F1DD01AF4805F18BF44F48024F0
:107950001AF4807F18BF44F400241AF4005F18BFA3
:1079600044F010041AF4007F18BF44F020041AF405
:10797000806F18BF44F040041AF4006F18BF44F041
:107980008004B8F1000F48D018F4802F18BF45F4D8
:10799000007518F4803F18BF44F4805418F4801F19
:1079A00018BF44F4003418F4800F18BF44F00204E8
:1079B00018F4003F09D03A4BD3F88830580059D515
:1079C000414B1B68984704430D4318F4000F18BF40
:1079D00045F0100518F4002F1AD0364BD3F8B03EFE
:1079E00013F0C00F14D02E4B5A68C2F30362032A5F
:1079F00001D0072A07D1D3F88C20D10603D4D3F8BD
:107A00009020120739D54FF40022DA6128F40028BB
:107A100018F4001F18BF44F48004002F00F01381F5
:107A2000380540F18680294ADFF88CA0D378002BF6
:107A300052D0013B4FF40061DBB2CAF86410D3703E
:107A400033B9234B1B78DBB1224B40F60142DA6697
:107A5000002300226BE044F4803415E744F4006412
:107A600012E744F480640FE744F480740CE744F0B8
:107A7000080409E744F48014A7E744F40014C7E7B6
:107A8000DAF8703013F4A05F15BF4FF4807340F63E
:107A90000143CAF85030CAF87030D9E700100840E6
:107AA0000040084000000840D9500020D850002075
:107AB000DA500020001000210050084000000101B1
:107AC000D8200020088D010060120020CA5000203C
:107AD000DC500020005008460320FDF72DFDDAF8A9
:107AE0000C30AD48AD4913F0060F02BFAC4B41F668
:107AF0001F72DA664FF40063CAF86430DAF80C30AB
:107B000013F0060308BFCAF87030C38A13F400628A
:107B100061D023F40063C3820B7803F0FF0A002BCB
:107B20005DD1FDF7C7FEFFF7D9FB534620221C436A
:107B30001543B9010BD52E20FEF7B4F8984A4FF043
:107B40000073936602F17C4245F008055366FA061D
:107B500008D52B20FEF7A6F8914A1023936602F170
:107B60007C42536617F4E00F05D1FB045FD5BBF1EF
:107B7000000F00F0B780B80210D52920FEF792F868
:107B8000FFF7E0FA40B18749874A884B53668B6616
:107B900087494968490425D445F0040517F4800B4A
:107BA000DFF804A22AD00420FDF7C6FC2720FEF748
:107BB00079F8FFF793FB4FF48003CAF864307D4BEC
:107BC000D3F8E02E520600F186807B4B02221A6029
:107BD00045F0020528E00B784FF40053A7E74FF477
:107BE000004336E76E4920208B665366FEF75AF84D
:107BF0002D2045F00C05FEF755F8CFE7F80255D5D6
:107C00000420FDF799FC2820FEF74CF8DAF87030D4
:107C1000002B48D1FFF762FB614A644B936602F187
:107C20007C4245F0010553665F4B00221A657A05D8
:107C300009D5624A9378002B00F0A280013B937033
:107C4000002349EA03095B4BD3F8B03E1B0603D57A
:107C50002046294601F0FCFC4A4620462946FFF70B
:107C6000A7F80EB101F0F0FF18F4002F00F08D809E
:107C70004F4B4FF40022DA6118F0206F00F089803A
:107C800018F0007F01D0FDF761F918F0006F01D006
:107C9000FDF778F9002200204FF4006105B0BDE83F
:107CA000F04FFFF785B8CAF870B0B5E7F904BBD557
:107CB0000420FDF741FC424BCAF86C30FDF7FAFD99
:107CC000DAF85C3013F4A00FAED12A20FDF7EAFFFA
:107CD000FFF704FB73E7D3F8B03E98063FF578AFA3
:107CE000384B73E7354A13794BB1013BDBB2137163
:107CF00013B92C4B344ADA6600231C4397E704205F
:107D0000FDF71AFC0320FDF717FC274B2C4ADA6617
:107D100011F0C7FB82460DF10F00FEF78DFA2B4BD9
:107D20001B7883460BB1FEF7B9FFBBF1030F0ED1F1
:107D3000DFF87CB00020FEF77FFA032807D1DBF8DC
:107D40008C30D903F6D4DBF874300C2BF2D99DF8C3
:107D50000F30032B06D11E4B012250461A7011F032
:107D6000A4FBC9E71B4BD3F8E03013F4A02FF2D1EA
:107D7000FEF7A8FF504611F098FB4FF48043BCE794
:107D80000220FDF7D9FB01235BE7B8F1000F7FF478
:107D900073AF05B0BDE8F08F6C440020DC500020CC
:107DA00000500844005008460050084010000002EF
:107DB000004008400010002100400844CA50002044
:107DC00000000101004008460000010DDB500020CA
:107DD000D850002000100840034A0123136202F12A
:107DE0007C42D361704700BF004008440B4B10B584
:107DF0005C691A6A1440A2B2DA61E20704D55868D5
:107E0000C0F30360FFF7E8FF630706D5BDE8104045
:107E1000042200200021FEF7CBBF10BD0040084027
:107E20000C4A08B5136BD16B0B409363DB070FD57E
:107E3000094B187840F6AC22122100F00100FCF743
:107E40006BFCBDE80840002201200021FEF7B0BF16
:107E500008BD00BF00700840D8200020044BDA6F36
:107E6000D207FCD41A6FD96F0A409A67704700BFD7
:107E70000030084070B50D46144611F012FB064B59
:107E8000D3F8B06E74402C407440C3F8B04E11F07B
:107E90000CFB06EA050070BD00100021034BD3F86F
:107EA000B03E99430CBF0120002070470010002114
:107EB0002DE9F04117460A43012A9DF818409DF824
:107EC0001C60DDF820801D4629D8B44227D2082E38
:107ED00025D8032B23D8B8F1000F20D00A46002163
:107EE00001F072F8EB00FF219940DFF838C0C94378
:107EF00008F1FF38FF00E2B2964202D80020BDE848
:107F0000F0813D190CEB850518F8010FD5F8E82034
:107F100098400A401043C5F8E8000134EBE701201F
:107F2000EDE700BF001E002109490A4AD1F8EC0024
:107F300010B504230124C2F8EC308C624FF40051D8
:107F40005162410744BF02F10072C2F8EC3010BD2B
:107F500000100840001008442DE9F7438E780F2EDA
:107F600080460C4603D9012003B0BDE8F08326B952
:107F700001232E4A00201370F6E70D7891F8019046
:107F8000002D3BD1B9F1000FEDD194F90310E08839
:107F9000FDF78CFD0128E6D055EA0903A088244F9F
:107FA00032D1FDF7A5FC23498A6D4FF6040583B253
:107FB00092B24FF60500AA4208BF02463A80082551
:107FC000802201278F658A672A461A4903B1013B3F
:107FD000013ECB62F6B200230193009601232946AD
:107FE00008F1A400FDF7C4FC1FB1134B4FF480123D
:107FF000DA64124BA2681A600223BAE7082DB2D8DD
:10800000B9F1080FAFD8C0E7FDF772FC3A884FF618
:1080100004039A421EBF07498A653B80A9454A4628
:1080200083B238BF2A460027CFE700BFDD500020CB
:1080300000150020005008400050084688440020E9
:108040000C4BD0F8C42010B5C3F8B420027C044611
:10805000120202F400624FF40061FFF70BFF237C71
:1080600013F0080F14BF044A044A4FF40073C2F817
:10807000883010BD001E0021004008460040084422
:1080800037B5204D0C4641B90A460721FFF7F2FEED
:108090001D4BEC625C6003B030BD07221146FFF758
:1080A000E9FE1A4B07225A60237985F82C30637950
:1080B0000193012101A816F0F4FC019BC2B2D34048
:1080C00000F00F0040EA031085F82D00A27985F832
:1080D0002E20E27985F82F202068286383B102885A
:1080E00001218B4205D82379013B1344084A93614F
:1080F000D1E730F81150AA4228BF2A460131F0E7F3
:108100001A46F0E7001F00212C1F00210000084440
:1081100000000840431C07D0044B6FF0FF029A6137
:1081200003F1007310409861704700BF007008446D
:1081300000F01803182B0AD003070AD410F010001F
:1081400040F2011318BF1846034B98647047002093
:10815000FAE70120F8E700BF001F0021344B2DE9AA
:10816000F7431E6801F4007900F00103174653EA53
:10817000090205460C462ED04FF0000803B3002339
:10818000002201200021CDE90088FEF729FE4146AA
:108190003046FDF7BFFF414670830120FCF728F908
:1081A000716B06F1A400FEF75BF822490868FFF73F
:1081B000B1FF4FF0FF330B60337C43F004033374A3
:1081C000B9F1000F07D00121304615F0C7FF24F4A4
:1081D000007405430C43D6E93E232A40234052EA6B
:1081E000030103D01449304609688847FB070FD5BF
:1081F0001249134A0868136800211160114A0121CD
:10820000117003B19847104B00215B68022098471A
:1082100017F00E0F08D040F2F3123B21002003B0FC
:10822000BDE8F043FCF778BA03B0BDE8F08300BFC7
:10823000B0440020581200205C1200209844002016
:108240009C440020E050002038120020044B1868A5
:10825000830654BFC0F30F204FF6FF70704700BF76
:1082600064440020F7B50446D4E93EC71046DDE972
:1082700008268CEA020587EA06010540194085EACE
:108280000C057940C4E93E5123F4004106EA01039C
:1082900020F00100002543F40073024043F0020384
:1082A000CDE90055FEF79CFD237C9A0717D5D4F83D
:1082B000FC309B0513D54FF48811204615F04EFF76
:1082C000237C65F341032374D4E93E2302400B4031
:1082D00052EA030103D00349204609688847002079
:1082E00003B0F0BD5C12002038B10368044A002BD3
:1082F00008BF1346034A13607047014BFAE700BFFB
:10830000D1E302005C120020024B586B00F00F001A
:10831000704700BF001F00210F2938B505460C46E5
:108320000ED801F015F901280CD1074A536B23F040
:108330000F0323435363284616F062FA002038BD2A
:108340000120FCE70220FAE7001F0021014B986B97
:10835000704700BF001F0021014B00209963704748
:10836000001F002103282DE9F7434CD8274B13F8B1
:108370000080274B1E5C274B13F8009011F091F8FA
:108380000746FEF7E7FE054640B10023CDE900337E
:108390000022002301200021FEF722FDFEF7E2FE6D
:1083A00048B10023CDE900330022002300204FF420
:1083B0000041FEF715FD26B3174B5C6C04F0080472
:1083C000164B31465C644046FEF7D4FF4A463146C0
:1083D0004046FFF737F8124B5C6465B1114B1868E3
:1083E000416BA430FDF73CFF0F490868FFF792FE90
:1083F0004FF0FF330B60384603B0BDE8F04311F097
:1084000054B83446DCE703B0BDE8F08310B4030091
:108410000CB4030008B40300000008400000084446
:1084200000000846B044002058120020104AD2F83C
:10843000883013F0A00F16D1D2F88C0010F0040091
:1084400013D10C4BD3F8E03E23F07F4323F0FF031E
:108450005BB15368C3F30362092A07D0B2F10C0081
:1084600018BF01207047002070470120704700BFEF
:10847000004008400010002170B50D46064620B9A6
:10848000194B1B68A3B1032011E001F061F801282A
:1084900028D1164B93F90040C4F11C04641BC4F1AD
:1084A0001C03002BB8BF5B42232B0CDD012070BDE9
:1084B00081EAE173A3EBE173DBB2232BF6D80B4B1C
:1084C00019700020F3E7B57410F0EBFF084A536908
:1084D000E40223F4FF2304F4FF241C43546110F04E
:1084E000E4FFEEE70220E2E7B0440020DE50002087
:1084F0000070084018B9034B93F90000704790F9D9
:1085000012007047DE50002010B5044616F034F912
:1085100010B1012001F094F82046FFF791FD10F012
:10852000C0FF074AD2F8B03E23F02003C2F8B03EA5
:1085300010F0BBFF034B02221A60002010BD00BFE9
:10854000001000210040084690F8C23053B9074B94
:10855000DA69920208D49B6F13F4706F14BF012084
:1085600000207047002070470120704700600840DD
:10857000F8B5436B02EA010523EA01032B43436389
:10858000344A01F00B030C4623EA0501516402F161
:1085900000722B4061070646536411D50121FFF795
:1085A000D3FF68B1FEF77CFE15F0040F14BF2A4A12
:1085B0002A4A4FF40073D361294B0422C3F8882060
:1085C000E20606D515F0100F264B14BF00221B2221
:1085D000DA6423061DD52F0616D51F4B4FF4001263
:1085E0009A6103F17E430122C3F8F82010F059FF8D
:1085F0000E2107460320FDF70BFD1A4B40F2012226
:108600005A62384610F051FF294606F1A400FDF7E2
:1086100027FEE00503D5E90516D5FDF7C3FCA20545
:1086200003D5AB0513D5FDF7CDFC14F0600F09D0D1
:10863000D6F89410304615F0CCFE0B4B58640B4B1B
:1086400080229A600020F8BDFDF7A4FCE7E7FDF763
:10865000B1FCEAE7000008440060084600600844F6
:108660000040084400000840001F0021004008406E
:10867000014B1868704700BF9444002037B50123B0
:1086800000240022CDE90034002310461946FEF7ED
:10869000A7FB0220FCF750FF054D064B21461C604E
:1086A00002206B6898472B6803B0BDE8304018473C
:1086B000381200209C4400202DE9FF41022903903C
:1086C0000C461546984605D1FFF7D8FF002004B0A8
:1086D000BDE8F081194E10F0E4FE336807463BB167
:1086E000AB4205D010F0E1FE002333600120EEE73D
:1086F000134B3560C3F8008001230022CDE900331D
:10870000002310461946FEF76BFB0E4B0025022096
:108710001D70FCF711FF22462B4603A90220FCF72F
:1087200029FF094B039A1A60084B1B6804469847B7
:10873000384610F0BAFE002CC8D1D5E79C44002082
:1087400098440020E050002094440020381200207B
:10875000044BDB6D5B055ABF034B1878012000F01A
:108760000100704700500840E0500020014B98691C
:10877000FDF7A6BC00600840014B986915F0D4BD18
:1087800000600840437C5A1F012A01D9082B05D1FB
:108790004B7C2BB1012B05D0022B05D015F092BEDE
:1087A00002487047024870470248704720A10700FE
:1087B00048E8010040420F0070B50E4610F071FE0F
:1087C000054600F0E9FE044620B1284610F06DFE93
:1087D000204670BDFEF764FD114B3278D3F8E03EC1
:1087E000022A23F0F00316D0101F424242415200E9
:1087F00043EA02137278022A0FD0111F4A424A41FB
:10880000520043EA8213064AC2F8E03E054B0422B6
:10881000C3F88820D9E70122EAE70122F1E700BF87
:10882000001000210040084470B50E4610F039FEDB
:10883000054600F0C9FE044620B1284610F035FE7A
:10884000204670BDFEF72CFD104B3278D3F8E03E89
:10885000022A23F00F0315D0101F4242424152005A
:1088600013437278022A0FD0111F4A424A41520024
:1088700043EA8203054AC2F8E03E054B0422C3F8EE
:108880008820DAE70122EBE70122F1E7001000215E
:1088900000400844F8B50E7890F8D0700446304691
:1088A0000D46FCF7A1F9002844D094F8D030B3422B
:1088B00008D1AA88636C9A4204D16A88B4F8D2308D
:1088C0009A4235D084F8D060AB88A4F8D4306B8855
:1088D000A4F8D230AB886364FF236375304615F08B
:1088E000C7FC04F1D00520752846FCF789FC10BBB5
:1088F0002846FCF76FF9F0B9D4F8903053B194F8EA
:10890000D010B94206D0B3F912202046EBF79EFBF7
:1089100084F8D9002046FCF74DFB0949A4F8D4009F
:10892000084AD1F8F810012304F1A400FDF750FF24
:108930000020F8BD01200E2384F8D030F9E700BFF5
:10894000001F0021681F002170B5054690F8D00077
:108950000E280C461DD0FF291DD01AB10F4B4FF029
:10896000FF321A6015F084FC064695F8D000FCF73B
:10897000E5F9844228BF0446E4B2B44238BF344625
:10898000E0B26875FCF776FAA0F1FF03584258414F
:1089900070BD0220FCE70120FAE700BF4012002072
:1089A000C36B012B01D10020704770B5364BD0F856
:1089B0009060D3F8F830C0F8943086B03146058B1B
:1089C000044615F0D6FCB3898DF80600D6E90121DE
:1089D000EB1A9BB201FB032268460021ADF804307C
:1089E0000092FDF7BFFD38B9284B228BDA63FCF704
:1089F000D5FB20B106B070BD022006B070BD227C50
:108A000060F34102227415F08DFCD4F8903059695E
:108A1000431EDBB209680291FD2B02460BD9CD1C27
:108A200009D91B4B01311B680CD0D81C07D802A9EF
:108A30002046029301E002A9204615F0EEFB00203B
:108A400006B070BDD91C04D802A92046029315F0C7
:108A5000E4FBD4F8FC309B0504D4237C43F00203F0
:108A60002374ECE74FF48031204615F077FBD4E90E
:108A70003E2302400B4052EA0301E0D00549204664
:108A800009688847DBE700BF001F0021003008406D
:108A9000481200205C12002038B505460C4641B152
:108AA00015F06AFE28B14FF400312846FFF7F6F9B9
:108AB00004342046FCF71CFF024B4042C3F8D00EA2
:108AC000002038BD0010002170B54C30814214BF29
:108AD0000C460024164610F0E4FC0D494A684FF499
:108AE0009C53C2F30362D340DA07054603D5D1F89D
:108AF00088309B030AD420460122314600F062FFF1
:108B00000446284610F0D1FC204670BD0324F8E747
:108B1000004008402DE9F74F06461546084619B9AA
:108B2000012003B0BDE8F08F002AF9D0032904D852
:108B3000002101F0ABF80028F2D082780488037994
:108B400090F805B0C788B0F90000002802F00701CE
:108B5000C0F2D280A1F1070CDCF1000040EB0C0068
:108B6000052928738CBFC2F300100020C2F3801CBB
:108B70006873900985F810C000F00200C2F3C00CC1
:108B800040EA0C00C2F340126874AA74AF820BB9B9
:108B900096F8CA30013BDBB2EB74736BD80600F178
:108BA00097800639012900F29380544BDB6C544BBB
:108BB0005A6B1B6B03F0070306334FF0010909FAE8
:108BC00003F909F1FF39083C42F0005804EA0904AE
:108BD000002318F804A0AB60013404EA0904631D03
:108BE00003EA09035A1C02EA090218F8037018F88C
:108BF0000220BAF1800F47EA0227727C18BFAAF15F
:108C0000320A3BB214BF4FFA8AFA6FF07F0AC7F3F9
:108C10000B079AB30020D6F89C300BB15146984709
:108C2000631C03EA0903E87385F80EA018F8031023
:108C3000013303EA090318F80320013303EA0903A7
:108C400041EA022118F80320013303EA090341EA4B
:108C5000024118F803006A7C002341EA00613046B3
:108C6000FDF7B4FE2860737C042B03D1042FDCBF16
:108C7000033028600423AB71002052E7D90423D5C8
:108C8000D6F894309BB11A68022A10D993F82400C0
:108C9000FB0008B1B3FBF0F39B45BBD8002BB9D068
:108CA000CBEB0B20B0FBF3F0C043C0B2B3E72946D7
:108CB0003046FFF767FD0190304615F0F3FB019B4E
:108CC000B3FBF0F0C0B2E3E718F804004000ECE7B3
:108CD0000023EB730B4BDA68C2F30723120448BF7F
:108CE00063F0FF035AB212F1800F1CBF323B5AB23D
:108CF0000023AA732B60BEE7022012E700000840A1
:108D0000001008400070084070B50A4B0A4DD3F8B7
:108D1000EC604FF48064C5F8EC400020FEF76EFB79
:108D20004FF400536B65730544BF044BC3F8EC402C
:108D300070BD00BF00100840001008440010084635
:108D400011F5004F1FBF01F30E01044BC1F30E01DB
:108D5000002014BF19640120704700BF0030084094
:108D6000F8B504460E4611B9037C5A065FD4464B4B
:108D7000A18BD3F88420D4F8947012F4E05F04BF80
:108D80002022C3F810224FF6FF73994260D03F4B68
:108D90001B68002B5CD03E4D20469847D4F89410B9
:108DA0002A688A4207D0204615F013FB394B5864D5
:108DB000394B8020986097424FD0384B1B684BB19D
:108DC0001FB13A68002A58D0BF68394620469847F4
:108DD000D4F89410084615F014FB002849D0304907
:108DE000FDF758FC07272046FCF7E4F8002E36D0A4
:108DF0002C4B94F9122093F900302B49D4F89400AD
:108E0000C3F11C039B1A4A69DB0222F4FF2203F41C
:108E1000FF231343254A4B61254B28600621116728
:108E2000204601221A7015F0EBFC0020F8BD61F31A
:108E30008613154A0374D2F88430D0F894704FF634
:108E4000FF7113F4E05F818302D12023C2F8103256
:108E50000F4D2A68BA423946A5D10127C3E70D4B09
:108E60000F4AD3F8F81004F1A4003B46FDF7B0FC1C
:108E7000BEE7204615F097F8B1E717463946204679
:108E80009847D4F89410A5E700600840904400206B
:108E900084440020001F0021004008408C44002032
:108EA000681F0021DE5000200070084000000844C8
:108EB000DF50002002484822002118F002B900BF0C
:108EC000E41E0021002373B583746423C0E92C33AE
:108ED000C0E92E334FF0FF35C0F8AC30A0F8C030F9
:108EE0000E264FF6FF73C0E9075580F8D060456441
:108EF0008582837504461120E9F7A8FE042834D141
:108F00001B4B5B6813F4403F2FD12046FEF732F92C
:108F10002046FFF7CFFF94F912102046FFF7ACFA76
:108F2000144A6023536402F5805240F6FF71516287
:108F30005165114A5364114B4022C3F88820626B7B
:108F400029462046FFF714FB002240F20223104678
:108F50001946CDE90066FDF743FFFBF7D9FE204631
:108F600002B0BDE8704000F06FBC022002B070BDDE
:108F700000300E4000000840000008460040084451
:108F800010B50C46FFF796FFBCB1A378082B16D896
:108F9000E278082A13D843EA021313F0FF03094AC0
:108FA00014BF61681946C2F8E410217882F82811CC
:108FB000617882F8291182F82B31002010BD012040
:108FC000FCE700BF001E0021012A10B512D8032BB8
:108FD00010D803EB8202084C0123934094F82A0135
:108FE000DBB221B1034384F82A31002010BD20EA0E
:108FF0000303F8E70120F9E7001E002170B50C68B3
:10900000B0F8D4208D680346013404BFD3F8AC40D7
:109010000C604C68013404BFD3F8B8404C606E1C3F
:1090200000F1A40038D1D3F8B440CE688C60751C30
:1090300038D1D3F8B0500E69CD60013604BFD3F8F3
:10904000A4600E614E69013604BFD3F8A8604E617A
:109050008E69013604BFD3F8BC608E618E693EB361
:109060004132B24238BF32460E688A61C3F8B4401A
:109070004C68C3E92E420A69C3F8A4204A690D4925
:10908000C3F8A820C3E92B650B4AD1F8F8100723D1
:10909000FDF79EFB002070BD02F14104AC4238BFD9
:1090A0002C46C2E702F16405B54238BF3546C2E737
:1090B0006422D9E7001F0021681F002170B510F05D
:1090C000F0F90C4E054600F043FA012804D028467A
:1090D00010F0EBF9022070BD736813F0706FC3F3EA
:1090E0000364F0D1F36BDB06EDD5284610F0DDF913
:1090F0002046F0E70040084038B510F0D2F90B4A9E
:1091000013884FF6FF718B4203D110F0CEF9032084
:1091100038BD074C074DE56504F100741B04E36599
:10912000118010F0C2F90020F2E700BF0215002004
:10913000006008440000FFFF2DE9F34105460F469B
:109140001646FFF773F9A0B1DFF85482D8F80C3057
:10915000DB0704D40324204602B0BDE8F08110F000
:10916000A0F904460320FCF711FB20B1204610F0C3
:109170009CF90224EFE7D8F80C3013F0060FF5D174
:10918000204610F092F97A4B4FF400612846D3F84C
:10919000E08ED3F8B84EFEF781FE40B1754B4FF428
:1091A00000720121C3F888200846FBF721F93946EF
:1091B0002846FBF76FFA6E4BC3F8B84EC3F8E08E43
:1091C00004460028C7D12B7CDF0601D4002E58D0DE
:1091D000C6F34000FEF72AF816F4807F14BF664AF3
:1091E000644A4FF002031BBFC2F88830634AC2F8DA
:1091F000883000211CBFD1609362FEF751F816F051
:10920000040F14BF5E4A5F4A4FF48063D361594B29
:10921000042216F0400FC3F8882014BF5A4A5B4A54
:1092200040233046C2F88030FEF782FF284615F012
:10923000BEF940B116F0010F14BF4F4A4D4A4FF42A
:109240008073C2F88830B00642D56B8C4FF6FF723F
:1092500093420FD04E4A4F49D26D100CC2F3011207
:10926000088001324749B3FBF2F3454A4A48C865D2
:109270001B04D3652B7C003E18BF012666F3041344
:109280002B74284615F078FAC0B3284615F08FF9EC
:10929000D0B14FF400312846FEF700FE431C9BB2CC
:1092A0000322364801A915F0B8FB9DF8042002F00E
:1092B0000703052B9DF8053013D111070BD443F498
:1092C0008073364AC2F8C030002014F0BDFF42E778
:1092D000FFF712FFCEE713F0040F09D19DF8063017
:1092E000EDE703F03002202A05D113F0010FF4E777
:1092F0004FF48073E5E79DF80630E2E7284615F065
:10930000A5FA0028E0D0284615F051F90028DBD056
:10931000EB7CA3F10C02012A16D82B8B032B19D05E
:109320001E4B93F8C93003F00703072B16D01348E0
:10933000062115F07BFB421C3FF40CAF00F00F0040
:10934000164B83F8C800BFE70F2BE6D0102BE4D0F4
:109350000E2B01D1092102E0112BE0E7082107487B
:1093600015F064FB431C3FF4F5AEC0B2E8E700BF64
:10937000001000210040084400400846001008404A
:109380000060084600600844007008460070084409
:1093900000600840021500200000FFFF001E0021B1
:1093A000005008402DE9F3410646884615461F4601
:1093B00010F077F804460320FCF7E8F938B12046AE
:1093C00010F073F80324204602B0BDE8F0810420B9
:1093D000FCF7DCF90028F2D1204610F066F82A46A6
:1093E00041463046FFF7A8FE04460028EBD1DFF8DF
:1093F000BC80002F38D088F8000039463046FEF790
:10940000ABFD002845D198F80030012B29D0224B24
:109410002022C3F88820214B5B6CB3F5817F2BD2CF
:10942000012014F074FF10F03CF81D4B1B680193F1
:1094300006464BB10420FCF77FF80023012201A966
:109440000420FCF797F800B3FCF7E8F92B0617D5D2
:10945000144B00221A67FCF721FA304610F025F869
:10946000B1E7FDF7D5FEAEE798F80030012BF8D054
:10947000002BCCD10124A6E70B4B80229A60CFE7CA
:10948000FCF70CFAFDF7AEFEE7E7FDF727FF012436
:10949000E3E7044697E700BF00400846001F0021AD
:1094A000884400200050084000400840DD50002063
:1094B00008B50B4BD3F8B4305A1C0FD05B000DD459
:1094C0000320FEF74FFF074B4FF08062C3F8942054
:1094D000054A4FF4007151620122DA6008BD00BFF5
:1094E0000081E00F0040084600000840054BD3F81B
:1094F000880003F180634FF40022C3F88820C0F392
:10950000C040704700400840014B024A1A60704753
:109510008C44002081800100024BD86800F00100DB
:10952000704700BF00500840084BDA68D10707D5E4
:1095300008B9FBF7DBBFDB68DA0706D4FBF7C8BF67
:10954000DB68DB0701D40028F8D1704700500840E1
:109550000F4B5B68C3F30363013B0B2B0FD8DFE8B2
:1095600003F006060C06060606080A08080802208C
:109570007047042070470520704703207047054B53
:10958000DB6813F0060F0CBF01200420704700BFFA
:1095900000400840005008400A4A5368C3F3036380
:1095A0000B2B08D06FF49050184100F0010080F0B0
:1095B000010040007047D2F8880010F48030ECD1F0
:1095C000704700BF004008400C4A5368C3F3036370
:1095D000062B07D8042BD8B20CD8C31E58425841CA
:1095E00040007047072B07D1D2F8440110F000501B
:1095F000EBD17047022070470020704700400840C0
:109600000A4A5368C3F30363032B01D0072B0AD123
:10961000D2F88C30DB0606D4D2F8900080F0080037
:10962000C0F3C00070470020704700BF00400840F2
:10963000024B0022196815F07EB800BFC0D20300AB
:10964000024B1B6803B11847704700BFA8440020B5
:10965000024B1B6803B11847704700BFA4440020A9
:1096600010B5FF224FF6FF71044615F088F868B96F
:10967000FF224FF6FF71204615F092F830B92046D0
:109680000349BDE81040FF2215F09CB810BD00BF93
:1096900014B4030010B55B0743EA02439DF80820A9
:1096A000520543EAC16302F0BC621A43064942F420
:1096B000C8720446FEF7DEFB002211462046FFF783
:1096C00003FA002010BD00BF9007E12D08B5FFF799
:1096D00097FFA8B10B4B5A69110311D5D3F8882015
:1096E00092030DD4D3F8903013F0100F4FF0100305
:1096F00004D1054AC2F89030002008BD034AF9E7BA
:109700000220FAE7004008400040084600400844B4
:1097100038B5044608B3134A53691B031FD5D2F862
:109720008C50114BC5F38115032DB3F8BC300ED10D
:10973000083B9BB208220D48214615F06EF9094BF3
:109740002572D3F890301B0A6372002038BD022DB9
:1097500005D1023B9BB22A46EDE70120F6E7022045
:10976000F4E700BF00400840001E00213010084010
:10977000034B1868034B002808BF1846704700BF0A
:10978000AC44002098D20300F8B50D4610B900246F
:109790002046F8BD0E4F3E68002EF8D1FAF7C4FD02
:1097A00004460028F3D03860FAF70AFE204614F089
:1097B000EAFB38B130463E60FAF702FE204614F06C
:1097C000D7FBE4E7002DE3D02046A847E0E700BF41
:1097D000B0440020024B1868003818BF01207047C1
:1097E000B0440020024B00215B680846184700BFC8
:1097F0003812002010B514F072FF044618B9034B5C
:1098000001215B689847204610BD00BF3812002038
:1098100010B5FFF7C7FD044618B9034B01215B687B
:109820009847204610BD00BF3812002010B514F034
:109830003CFC044620B9034B01215B68084698476D
:10984000204610BD3812002007B54FF400730A49B6
:10985000ADF806300DF1060215F074F8BDF80630CB
:10986000B3F5007F05D1022808BF002003B05DF8E2
:1098700004FB0120FAE700BFB44400200D4BD3F8ED
:10988000E020D20314D50C494FF48032C3F8E8200D
:10989000C1F8EC209A6BD1B2C2F3072299679A679C
:1098A00004229A6700229A679A679A679A679A676A
:1098B000704700BF0010084000100846F8B50C4C77
:1098C0000D46174606460FF0ECFD0123A362042364
:1098D00027606660A560C4F8E830064B4FF48072DC
:1098E000C3F880210FF0E1FD0DB10223A362F8BDA2
:1098F0000010084000E100E0054B1860054B012214
:109900009A6540F6FF72196358635A65704700BF45
:10991000B8460020001008402DE9F04F042A83B01B
:10992000054639D90B7883614B7883618B788361E5
:10993000CB7883610068D5F808B06E6800F0070046
:109940000123063003FA00F808F1FF3909EA0B0792
:10995000A2F1040AA8EB0702924501F1040446F0C3
:1099600000560DD8F0192146524617F0D0FB0AEBED
:109970000B0248EA09031A40AA6003B0BDE8F08F61
:109980002146F019019217F0C2FB019AA118AAEB27
:10999000080230463A44E8E7013A032AEDD8DFE806
:1099A00002F00B08050211F8013B836111F8013B3D
:1099B000AB6111F8013BAB610B78AB6103B0BDE863
:1099C000F08F00BF38B50C46104B1546014668B104
:1099D0000122C3F8B8200E482246FFF79DFF1DB1B3
:1099E0000A4B0422C3F8B820002038BD64B1D3F874
:1099F0009C20A24284BF0122C3F8B820C3F898403B
:109A00000222C3F8B820EAE70122FAE70010084072
:109A10009010084010B50FF044FD184B1849012272
:109A20009A65C3F888201A66164A5A660722C3F850
:109A300084200A80144900220A804FF4A021C3F830
:109A4000E81003F1C0630446C3F8EC100F4B1A6032
:109A50000F4BD3F888305B020AD50E4B18680E4BBB
:109A60004FF48002C3F88820416BA430FCF7F8FB68
:109A70002046BDE810400FF018BD00BF00100840A0
:109A8000984D0020E0200020964D0020B446002094
:109A900000400840B0440020004008440D4B07221D
:109AA0001A800D4B00221A800C4B0121C3F8B8100C
:109AB000C3F890204FF40052C3F89400C3F8B420C8
:109AC000074BF0221A6403F10073A0221A64FFF717
:109AD000A1BF00BF984D0020964D00200010084007
:109AE000000008442DE9F041044688B1394E3A4F50
:109AF0000FF0D7FC3388394A03F07801032C054670
:109B000003F07F0C114453D13C6824B90FF0CDFC15
:109B10000320BDE8F08124F00104386820F0010042
:109B2000A0424AD100223A6022886FEA42426FEA9C
:109B300052428C42228036D1294CDFF8B8C02788A7
:109B4000ACF180083A46083A92B201F1080060454B
:109B500028BF4046082A04D9B0F900E0BEF1000F42
:109B600036DB22803B440C8888781E499B1ADBB286
:109B7000C4F30C04CC6300F007003380CB66C1F85B
:109B80008420FFF77BFE04280DD1174BD3F88830D3
:109B9000164B1868164B4FF48002C3F88820416BAF
:109BA000A430FCF75DFB28460FF07FFC0020B0E7F7
:109BB000601E012898BF0C46AFE709486244008840
:109BC000A21A48BF803208389042ADDC28469DE793
:109BD0000146B8E7964D0020B4460020E020002062
:109BE000984D00200010084000400840B04400207C
:109BF00000400844602100200E490F4B0A881B8852
:109C00000E481344073B03F0780303440832987866
:109C100092B20A8000F0070009490428C1F88420A4
:109C200004D101F540514A681203FCD4054A13607F
:109C3000704700BF984D0020964D0020E020002086
:109C400000100840B446002010B5054C206828B12B
:109C5000C30701D4FFF746FF0023236010BD00BFF8
:109C6000B4460020084B4FF48032C3F8EC2003F1D7
:109C70007C43C3F8E420D3F88030C3F30C03782B83
:109C800001D8FFF7FBBD7047001008442DE9F843E9
:109C900004460E460FF005FC504B514D1A882D8896
:109CA0008146504802F07801032C02F07F03014402
:109CB00017D14D4C24688CB92A44073A02F0780237
:109CC00084180344E31A48BF8033AB4210DB484694
:109CD0000FF0EBFB00242046BDE8F88324F00104DC
:109CE000EFE7012C02D0022CEBD1083D0C46E8E74F
:109CF000002E41D08C423D4942D1D1F83C800A6BC4
:109D000002F00702063201279740D1F88020C2F303
:109D10000C029A4247DDB4F900302588002BD6DBCF
:109D2000A378C5F30C0503F007037A1EA5EB08051D
:109D30003A43052B337005EA02052CD82DB2E843CF
:109D400040F236420421C00FFAF7E6FC7580E37852
:109D5000274A337412687B1E03EA0803D118B160E6
:109D6000A9B213FA85F5BD4289BFFF1A0023B78057
:109D7000F2609CBFB180F36048460FF096FBAAE703
:109D8000A4F10802824238BF04F17802B2F80080E0
:109D9000C8F30C08B3E7174BDB6C003B18BF01237B
:109DA000A5EBC305CAE78B6B7A1EA3EB08033A4306
:109DB0001A40114B15B25B686AB9C3F30363D91E2D
:109DC0004B424B41DB0033700B4B7280D3F8903029
:109DD000C3F30723BCE70823F5E700BF964D002037
:109DE000984D0020E0200020B446002000100840DC
:109DF000B8460020000008400040084010B50FF0B1
:109E000050FB084B1B6804463BB1984728B1002221
:109E100000204FF48061FCF7CBFF2046BDE81040E6
:109E20000FF043BBBC4600202DE9F74FDFF8ECB044
:109E30008146DBF800A00F46FBF7BEFC4FF0FF3574
:109E4000CDE9000100202C46064606F110031B0157
:109E50005BF8033003F00308B8F1010F15D1304669
:109E6000FBF7C2FC02460B46DDE90001FBF752FBA3
:109E7000DBF85C3006F10802D340DB0737D5002F52
:109E80003ED000253E602C4640460136052EDCD1F2
:109E900050B3224F396B0131A4FB014164190AF41C
:109EA000403341F10001B3F5003F4FF000022FD1E4
:109EB000FB6A0AF4405A013342F10006BAF5805FAA
:109EC00021D1BD6A15F5807542F100026E4303FB96
:109ED0000266A5FB03323244594304FB0212A3FB82
:109EE00004341444C9E9003403B0BDE8F08FA8423B
:109EF00071EB0403C8D207B13E6005460C46C3E7C8
:109F00003D463C46C0E7320242EA13621B02E3E7E9
:109F1000BB6A13F5807342F10002DDE70050084090
:109F2000024B99685A690A401A6170470040044020
:109F300008B5FFF7F5FF054B5B7B01330122DBB270
:109F400002FA03F3024A136108BD00BF6C4400200B
:109F50000040044038B504460D460FF0ADFA064AFD
:109F600013889BB22DB123431380BDE838400FF016
:109F7000A9BA23EA0403F7E79C4D0020034B002213
:109F800001214FF480701A70FFF7E4BFE750002002
:109F900008B5054B186814F06CFC00F00300C31EF4
:109FA0005842584108BD00BFD8460020F0B585B0E2
:109FB0000023CDE901330393124B134D134E1B784D
:109FC0008DF804300FF078FA2A783378104F9A42DF
:109FD00004460CD031783868297001AAFFF726FCB6
:109FE00050B10C4840F69911EBF7D8FE04E0386800
:109FF00014F03FFC0128EDD020460FF063FA05B0C5
:10A00000F0BD00BF761500207315002074150020E8
:10A01000D8460020C2D5030038B504460FF0D1F869
:10A020000C4B05461978987881420FD0631E082B97
:10A030000CD8DFE803F0050D0B0D0B0D0D0D0D0019
:10A0400000220146044B186814F011FC284638BD64
:10A050000022F7E776150020D8460020F8B52B4BF4
:10A060001B7823B12A4840F67B31EBF797FE0FF0BF
:10A0700023FA284B1C8814F00604064609D0012157
:10A080004FF48070FFF766FF3046BDE8F8400FF0F0
:10A0900019BA21464FF48070FFF75CFF204602F0AA
:10A0A00025F802280AD180221B4B8021186813F062
:10A0B000FAFF10F092F9FFF779FFE5E7204602F08A
:10A0C00015F8054638B1012807D0114840F6BD31D2
:10A0D000EBF764FED8E70246E6E70F4F3868FFF774
:10A0E00081FB386814F0C5FB01280CD038682A467B
:10A0F000294614F0C0FB21462C20FFF78DFF214696
:10A100000A20FFF789FF10F069F9BDE7E75000204A
:10A11000C2D503009C4D0020D846002038B54FF032
:10A12000FF300C4617F009F80A4B0546186817F07F
:10A1300004F8641B241A20B210F1630F06DB10F13F
:10A14000240F05DA64308000C0B238BD0020FCE77F
:10A15000FF20FAE7D846002010B50E4C236823B93B
:10A160000D4840F62C41EBF719FE2068013014F041
:10A170001EFD00F0070003280AD1246809220121EE
:10A18000204601F0C7F8205C031F5842584110BD1B
:10A190000020FCE7C8460020C2D5030008B5134BD9
:10A1A0001B78062B04D0124840F2DF71EBF7F6FD66
:10A1B000104B1B881B0704D40D484FF4FC61EBF7D0
:10A1C000EDFD0D4B2A201978FFF726FF002108200E
:10A1D000FFF7C0FE094B02221A70094B1868FFF7FF
:10A1E00001FBBDE8084010F03EBD00BFE750002075
:10A1F000C2D503009C4D0020E450002071150020C2
:10A20000D84600200148002102F002BEA81200201A
:10A210007F2837B5044612D119494FF6FF7302461D
:10A22000ADF80630098802230DF1060010F0FDF8A4
:10A23000BDF80640E20554BF64B26FF04A040FF067
:10A240003BF9104B1C70104B1B88DB07054610D5E3
:10A250000E4B1B78002B0E4B0CBF21466FF07F017D
:10A26000186813F041FF20B10A4840F60261EBF78D
:10A2700095FD284603B0BDE830400FF023B900BF7C
:10A28000C86703006B1500209C4D0020E85000209B
:10A29000D8460020C2D5030008B50A4B1B88DB0650
:10A2A00004D4094840F60201EBF778FD00211020A4
:10A2B000FFF750FE002001F07BFEBDE8084010F0E3
:10A2C000D2BC00BF9C4D0020C2D50300F7B5124C94
:10A2D000D4E9006586EA020C85EA03070CEA000C63
:10A2E0000F405CEA070E15D086EA0C067D40C4E9F3
:10A2F0000065CDE900230B4608490246086813F0C3
:10A30000CEFE38B1064840F2F11103B0BDE8F0408E
:10A31000EBF744BD03B0F0BD60210020D84600201B
:10A32000C2D5030010B50FF056FA60B10FF055FA20
:10A330000B4A80B141F20D03BDE81040084841F2DC
:10A340000D01FFF7C3BF074B1A789B789A4204D1DF
:10A3500000220023F0E70D23EEE7034AF9E700BFF0
:10A36000400D030076150020488D010038B5294BBB
:10A370001B889B07044647D5274B002218680121FC
:10A3800014F003FB012C254B2DD1197859B3013959
:10A39000C9B2197011B92020FFF7DCFD002102209D
:10A3A000FFF7D8FD1E4B1F48042200211A7002F04F
:10A3B0002FFD1D4C2068013014F0F9FB00F44060C3
:10A3C000B0F5006F23D1246801210422204600F05B
:10A3D000A1FF204414F0EBFB0146BDE83840002209
:10A3E000202012F0ACB9114D002102201970FFF7A6
:10A3F000B1FD2B78FF2B04D00D484FF4CA61EBF769
:10A40000CDFC2C7010F02FFC012CD2D038BD4FF6B3
:10A41000FF71E2E79C4D0020D8460020E650002066
:10A42000E750002088120020C84600207215002046
:10A43000C2D5030038B5124C23880546580709D504
:10A44000FFF7A6FD01460720FFF7E6FD00210420E7
:10A45000FFF780FD238899070AD50A4B19788A1FD0
:10A46000514251412846FFF7D7FD0120FFF77EFFFB
:10A4700023881B0703D5BDE83840FFF78FBE38BDE2
:10A480009C4D0020E75000202DE9F04F570691B079
:10A49000804614461D4605D5FFF77AFD014601208A
:10A4A000FFF7BAFDEE0403D500212D20FFF7B4FD20
:10A4B000A00223D5404614F041FA0146F0B94020ED
:10A4C000FFF748FD0AA9404613F09EFEB0B99DF87B
:10A4D0003030022B6DD1BDF8280016F0A4FAFF2809
:10A4E00008D1404613F08EFE40B901214020FFF70D
:10A4F00031FD03E016F09DFA0028F2D1A10305D545
:10A50000FFF746FD01460320FFF786FDE20104F058
:10A51000807354D5AD4B1B889F072FD5AC4E306848
:10A5200013F018FE50BBAB4BAB4F18703B78FF2BB2
:10A5300004D0AA4840F20D61EBF730FC0021022064
:10A540004FF00009FFF706FD87F80090A44F3B7815
:10A55000062B07D101210820FFF7FCFC49462820E3
:10A56000FFF75AFD3B78052B06D100212B20FFF782
:10A5700053FD3068FFF736F910F075FB260740F100
:10A58000C180934F05AA3868032114F0DDF906460F
:10A5900020B992484FF4D061EBF700FC9DF81430DD
:10A5A000072B49D0FFF7F4FC01460420FFF734FDE8
:10A5B000A8E0032BA2D10AA816F024FA9CE705F024
:10A5C000020213430BD0864B19788E1F71427141E2
:10A5D0002620FFF721FD0120FFF7C8FECEE704F09B
:10A5E00080531A4309D07E4B1978881F414241415C
:10A5F0002620FFF711FD0220EEE704F088410B430F
:10A6000006D0774B19788A1F514251412720F0E735
:10A6100005F008030B4302D02320FFF7FDFC6B0776
:10A6200003D500212420FFF7F7FCEF07A6D5002172
:10A630002520FFF7F1FCA1E738680AAA314614F09B
:10A640008BF920B1654840F28761EBF7A7FBBDF8B5
:10A650001610386802310AAA89B214F07FF920B1C5
:10A660005E4840F29661EBF799FB0023009338684F
:10A67000042304AA314614F095F9042804D057485D
:10A6800040F29C61EBF78AFBDFF8609199F80030AB
:10A69000002B40F0AD800DF1110014F088FA00F0AD
:10A6A0000700022840F0A480FFF772FC0146092051
:10A6B000FFF7B2FC4A4B1B78062B23D1494B9DF880
:10A6C00013201B789A421DD19DF8353023B9434899
:10A6D00040F2B261EBF762FB0DF1110014F067FA82
:10A6E000C0F3001631462920FFF796FC0021082010
:10A6F000FFF730FC3C4B1E70FFF72EFD10B9386899
:10A70000FFF770F8E20505D5FFF742FC014604208B
:10A71000FFF782FC14F4863F05D0FFF739FC0146B1
:10A720000220FFF779FCA30111D5FFF731FC0146A8
:10A730000820FFF771FC00210420FFF70BFC284BD9
:10A740001B78012B03D1224B1868FFF74BF814F04C
:10A75000084F09D0FFF71CFC01460720FFF75CFCFF
:10A7600000210420FFF7F6FBA70009D5FFF710FC36
:10A7700001460620FFF750FC00210420FFF7EAFB0A
:10A78000A60705D5114B1B881C0701D5FFF706FD51
:10A79000680603D500210A20FFF73EFC290602D5F2
:10A7A000012014F09DF9EA0540F1C180404614F003
:10A7B0005CF8052800F2B1800138042800F2B78067
:10A7C000DFE800F0B2C2B2B2B20000BF9C4D002080
:10A7D000D8460020E650002072150020C2D50300A4
:10A7E000E7500020E250002071150020EA500020C0
:10A7F000BDF816000830012180B202F09DF90390E7
:10A8000000283FF4CFAE02F0D1F80799BDF8182028
:10A81000064616F07CFC089941B1BDF81800BDF859
:10A820001620121A92B2304416F071FC99F800A06A
:10A83000BAF1000F20D106F1010B584614F0B7F918
:10A84000800659D5386814F079F80746FFF7A0FB61
:10A8500005370146F8B2FFF7DFFB584614F0A7F9B9
:10A8600000F0070003283E4F2DD001210420FFF700
:10A8700071FB13F0B0FC386000223A49BDF8163085
:10A880000978F154F7189DF83630BB709DF83730D1
:10A89000FB700A9BFB71190E3971190C7971190A39
:10A8A00099F80030B97123B973789AB343F0200353
:10A8B0007370002001F0AAFD7870039802F098F9F7
:10A8C00010F0D1F91EE701210922304600F022FDE7
:10A8D000305C04284FF00101C8D1FFF73BFB13F0B7
:10A8E0007AFC214B38601B885906C5D5514640205B
:10A8F000FFF730FB0122C0E7FFF74AFB01460920C2
:10A90000FFF78AFB194B1B78012BB5D13868FEF78E
:10A9100069FFB1E723F02003CAE7342804D00FD839
:10A92000142801D0242811D12620FFF783FDAB0580
:10A9300012D50121802011B0BDE8F04FFFF70ABB0E
:10A9400000F0EF004428EEE72720EEE7084840F645
:10A950009E01EBF723FAEAE711B0BDE8F08F00BFE4
:10A96000C4460020731500209C4D0020E7500020B5
:10A97000C2D50300F8B5164E33780D4602F0010437
:10A9800023B1144840F28A31EBF708FA124B134F07
:10A990001D60134DA4B1134B997801B10121202002
:10A9A000FFF7D8FA2B783B700F4B1C780F4B1048F1
:10A9B0001C7004233370BDE8F840002102F028BA6F
:10A9C00021462020FFF7C6FA2B783B70EEE700BF48
:10A9D000E7500020C2D50300C8460020E450002004
:10A9E00075150020CC460020E5500020E6500020E0
:10A9F000A81200202DE9F843DFF8A481634C0EF083
:10AA00005BFDB8F8003013F4807F054603D023784F
:10AA100073BBFFF723FB00210846FFF7FDFA5C4BF1
:10AA20001A78FF2A13D01A7802F0FF0632BBFF22F1
:10AA30001A702378052B0AD10023284623700EF0C4
:10AA400041FD304614F03FF80EF036FD0546237800
:10AA5000504E062B09D13378FF2B06D03378022BCA
:10AA600015D14D48002102F0D3F9FF2333702BE0BC
:10AA700000214FF48070FFF76DFACCE71A78012AB5
:10AA80004FF0FF021A7014BF33264C26D4E73378F8
:10AA900013B13378012B22D1FFF75EFB96F80090BB
:10AAA00007463D4802F050FAFF235FFA89F93370F8
:10AAB00077B1B9F1010F44D1374884F8009064218F
:10AAC00002F0A6F9FFF772FA28460EF0FBFC06E04A
:10AAD000284627700EF0F6FC384613F0F4FFB8F85D
:10AAE00000301B0605D500218020FFF733FA10F057
:10AAF000C0F802F08FF8294E308000B32778012F7C
:10AB000042D101F053FF054610B3013014F04FF865
:10AB100000F44060B0F5006F1AD10422394628468F
:10AB200000F0F8FB284414F042F84FF6FF73984207
:10AB30000ED13188002001F08DF900233380BDE86B
:10AB4000F8830023284623700EF0BCFC3F20C4E7A6
:10AB5000114802F0F9F900210846217001F02CF9A2
:10AB6000012523780BB9FFF779FA3188002001F02D
:10AB700071F900233380002DE1D020780028DED148
:10AB8000BDE8F84314F061B90025EAE7E75000207A
:10AB90007215002071150020A81200209A4D002087
:10ABA0009C4D002008B513460A461946064B186806
:10ABB00013F01CFB30B1BDE80840044840F2AF413F
:10ABC000EBF7ECB808BD00BFD8460020C2D50300A3
:10ABD00008B513460A461946064B186813F000FBE1
:10ABE00030B1BDE80840044840F2B641EBF7D6B8B2
:10ABF00008BD00BFD8460020C2D50300024B18781C
:10AC0000B0FA80F040097047E7500020024B1878F6
:10AC1000431E584258417047E750002008B5064B84
:10AC20001B7823B1054840F2DF41EBF7B7F8FFF797
:10AC300015FA002008BD00BFE7500020C2D5030070
:10AC400008B5064B01EB81011868490013F063FA5F
:10AC5000002814BF2120002008BD00BFD8460020D6
:10AC600008B5044B1868F9F741FD0A2390FBF3F08F
:10AC700040B208BDD8460020014B1878704700BF8D
:10AC80007415002008B5044B186813F090F9B0FA59
:10AC900080F0400908BD00BFD846002038B5124DED
:10ACA0002B78012B0C4604D910484FF4A061EBF728
:10ACB00075F821460020FFF7E5FF90B10C4B1C70A2
:10ACC0002B785BB9FFF7CAF90A4B93F900100A4BCE
:10ACD000C901186813F0E5F9002038BDFFF766F9DF
:10ACE000F2E72120F9E700BFE7500020C2D50300BA
:10ACF00074150020E9500020D846002008B5054B07
:10AD00000121186813F0D2FD0028B8BF033040F3CA
:10AD1000870008BDD846002008B5074B186813F017
:10AD200040F930B1054BB3FBF0F083B20BB11846DC
:10AD300008BD0120FCE700BFD846002040420F00BC
:10AD400008B5074B186813F030F930B1054BB3FB69
:10AD5000F0F083B20BB1184608BD0120FCE700BF3C
:10AD6000D846002040420F002DE9F347534F012001
:10AD70000FF035FB3B88990704D4514840F6CB319E
:10AD8000EBF70CF8DFF85C8198F80030053B012BFD
:10AD900004D94B4840F6CD31EBF700F8494E336803
:10ADA00023B947484FF43D61EAF7F8FF3C8814F0B7
:10ADB00020045CD001212220FFF72EF94FF47A7491
:10ADC000FFF7BEFF33681B780933434304EBC3042A
:10ADD00098F80030062BA5B20BD1FFF79DFF044673
:10ADE000FFF7AEFF602358430C2303FB0400284405
:10ADF00085B2D6F80090344B99F800801C78334E19
:10AE000008F1FF381FFA88F8002C3FD13B885A051B
:10AE100032D57378DFF8C8A026468AF80030CAF821
:10AE200008500EF0DEFC30B10EF0D9FC012814BF42
:10AE3000102308231E43264D802349462868424696
:10AE400013F07EFD234B1978234B19703B889B062A
:10AE50001FD5CDF800A0214B28683246FEF7D8FC5C
:10AE600010BB002002B0BDE8F0470FF0B8BA214691
:10AE70002220FFF7D1F8A3E709F1010013F097FEB4
:10AE800010F020047378C5D00124C3E77378002440
:10AE9000C0E7134B28683246FEF7ACFC014618B9F0
:10AEA0002520FFF7B9F8DCE721462620FFF7B4F8A4
:10AEB000034840F67331EAF771FFD2E79C4D00205A
:10AEC000C2D50300C8460020EA50002076150020B5
:10AED000D84600207415002073150020CC460020B1
:10AEE0006C120020E750002008B5174B1B889B0709
:10AEF00004D416484FF46361EAF750FF144B1B78F3
:10AF0000053B012B04D9114840F63161EAF746FFB1
:10AF1000104B1B6823B90D4840F63361EAF73EFF3A
:10AF20000D4B0E49002221201A70FFF775F818B951
:10AF3000BDE80840FFF718BF022803D1BDE808406C
:10AF4000FFF714BA08BD00BF9C4D0020C2D5030016
:10AF5000E7500020C8460020E1500020F9B0010071
:10AF6000F8B5594C23889A0704D5584840F2D621A1
:10AF7000EAF714FF564801F0E7FF0EF09DFA238828
:10AF80005B0705460BD513F026F9524B1B68C01A18
:10AF9000B0F5717F03D900210420FEF7DBFF2846BE
:10AFA0004D4D0EF08FFA2B78042B32D10EF084FA2F
:10AFB00023885F07064608D54548002101F028FF91
:10AFC0003046BDE8F8400EF07DBA0EF07BFA0EF088
:10AFD00073FA424B424F1B78064613B92388590532
:10AFE0000FD50523012102202B70FEF7B3FFFFF7D9
:10AFF0007BFF30460EF066FA3B68DA78394B1A7000
:10B00000F8BD3868013013F0D2FD8206E9D5062379
:10B01000E8E7062B4DD1344B1B78FF2BF0D1334E94
:10B020000EF0E1FB3378002B3DD00EF045FA23887B
:10B030005B07054605D52648002101F0E9FE2846B4
:10B04000BFE70EF03FFA3378013B33700EF034FA6D
:10B05000012104460220FEF77DFFFFF745FF204651
:10B060001F4C0EF02FFA2068013013F0A0FD00F401
:10B070004060B0F5006F13D12468012104222046FE
:10B0800000F048F9204413F092FD0146184B1A785D
:10B090003378D21AD2B2BDE8F840042011F04FBB89
:10B0A0004FF6FF71F2E72B704020BDE8F84013F037
:10B0B0000ABD012BA4D100232B700E4B1868FEF79C
:10B0C00091FB3F20F1E700BF9C4D0020C2D503005B
:10B0D000A8120020C4460020E7500020EA500020BB
:10B0E000C8460020E250002071150020E4500020E6
:10B0F00075150020D846002008B50A4B1A7882B989
:10B10000012210281A7004D0074840F62761EAF798
:10B1100045FE00212020FEF71DFFBDE80840FFF797
:10B1200023BE08BDE1500020C2D5030038B5102071
:10B130000C460121FEF70EFF064B1D68FFF7ECFDE4
:10B14000054B00FB04F10122284613F098FB002078
:10B1500038BD00BFD846002099A2010008B5094BB0
:10B160001B88DB0604D4084840F27651EAF716FE45
:10B1700010200021FEF7EEFE044B1868BDE80840E1
:10B1800013F08BBB9C4D0020C2D50300D846002095
:10B1900010B5064C206813F002F8C30704D52068E8
:10B1A000BDE8104012F0FDBF10BD00BFD846002022
:10B1B00008B5094B01221868114613F05CFB002109
:10B1C0002C20FEF729FF00210A20FEF725FFBDE80D
:10B1D00008400FF003B900BFD84600200148EAF745
:10B1E000DDBD00BFDCD50300014B4008185C704793
:10B1F0006D15002008B513460A461946064B186817
:10B2000012F0FAFF30B1BDE80840044840F6714141
:10B21000EAF7C4BD08BD00BFD8460020C2D5030070
:10B2200008B5044B186813F024FB013818BF01203F
:10B2300008BD00BFD846002070B505460EF03CF9A9
:10B240000E4B0F4E1B883570DA07044608D50D4BA0
:10B250000D4D1B78012B08D90121286813F06CFBD8
:10B260002046BDE870400EF02DB91BB10EF0B1FACA
:10B27000C305F1D4317881F00101EEE79C4D002047
:10B280006C150020E8500020D84600200C4B1B888D
:10B29000DB0710B5044611D5FFF744F8094B84F0DD
:10B2A00001021868D200082112F0FDFE30B1BDE89D
:10B2B0001040054840F6BF61EAF770BD10BD00BF01
:10B2C0009C4D0020D8460020C2D5030008B5044B91
:10B2D0000146186812F09BFF003818BF012008BD16
:10B2E000D846002010B50A4C23787BB1FFF760FFE9
:10B2F00000210420FEF72EFE00210220FEF72AFE88
:10B3000000232370BDE81040FEF7A8BE10BD00BFAB
:10B31000E7500020032A134601D913F0EFBB014A7E
:10B32000D05C7047E6D5030018B1034B19600020CC
:10B330007047024BFAE700BFDC460020E0460020E1
:10B340002DE9F8431046DFF82481174613F02FFC4F
:10B35000D8F8003005462BB9424B1B6813B90020C2
:10B36000BDE8F88315F4406905F040060FD136BBFF
:10B37000B5F5804F52D24FF48074D8F80030002BCE
:10B3800056D1384B1B68002BE9D0002262E0F81C34
:10B3900013F00DFC4FF6FF73984214BF01240224F2
:10B3A00086B1052605F44043B3F5004F44F0080488
:10B3B00024D0B5F5804F23D244F4807420E04C466D
:10B3C0000326EFE7B5F5804F4FF00506F4D3B9F546
:10B3D000406F14BF022008203044384413F0E7FBCC
:10B3E000214BB3F85C3005F4404583420CBF44F078
:10B3F000080444F00404B5F5004F01D144F0800482
:10B40000B9F5006F0ED1B81913F0D1FB164BB3F894
:10B410005E308342B1D144F01004AEE74C460326BF
:10B420000220D9E7B9F5406F08BF44F02004A4E733
:10B430000022D1B233F8110033F911100029A0DB3A
:10B44000A04202F10102F4D1012089E7A04202F1F9
:10B450000102F9D0D1B233F8110033F911100029EB
:10B46000F4DA7CE7DC46002080470020E04600203C
:10B470002DE9F04F104685B01646984613F097FB1D
:10B480005D4F00F00803B7F85C100293044600F02B
:10B490000709F01C0391B7F85EB013F088FB06F1C2
:10B4A000050A0546504613F082FB03464FF6FF702F
:10B4B000854218D00399A1EB050CDCF1000545EBA2
:10B4C0000C056D004FF6FF718B420ED145F004055F
:10B4D00000F0ECF9029B6BB1B9F1000F11D04220E2
:10B4E00005B0BDE8F08F0125ECE79B4508BF45F0AE
:10B4F0000805EDE7B9F1030FF1D8DFE809F0021B09
:10B50000795D00F0D3F908B9A807E8D524F008045C
:10B51000A4B2B4F5004F05D0B4F5624F02D0B4F533
:10B52000404FDCD1002597F8A8202946002013F0D1
:10B5300052FC3CE0D7F88030E3B90021324608469F
:10B54000FFF7FEFED8B924F038039BB248F641025B
:10B550009342C4D10A2D49D0062DC0D197F8773037
:10B56000023B012BBBD8FFF751FB0028B7D140F6B7
:10B57000040505E04146304698470028DDD00825FF
:10B58000E20648BF45F08005A30648BF45F4805554
:10B5900005F00C03042BC6D1F01D13F008FB97F83F
:10B5A000A830009332462B46414613F0E9FB08B31E
:10B5B0000E9B1880002093E7A90705D1B7F85C20FF
:10B5C0004FF6FF739A428AD104F44063B3F5006FDB
:10B5D0000AD0B3F5406F82D108490822504615F0D1
:10B5E00046FD00287FF47BAF0C25C9E70425C7E79B
:10B5F000432075E7192073E780470020E0470020CB
:10B60000074A084900231360074A1360074A13607A
:10B61000074A1160074A01211170074A13607047F9
:10B62000F046002031EE0200EC460020E846002003
:10B63000C812002079150020F84600200E2A70B5A7
:10B640000C4606461546194603D9FFF7D9FF502088
:10B6500070BD012807D10020FFF7F2FAF8B1FFF71B
:10B66000CFFF2120F4E7284B4FF4FE421A80274BEE
:10B670007F221A70264B80221A70264B00211980D7
:10B68000254B1960254B1B684BB1342001F054FA4F
:10B69000234B188018B9FFF7B3FF0120D8E724F037
:10B6A000FF6323F4FF231BB1FFF7AAFF4F20CFE76F
:10B6B0007CB92046FFF7E0FA10F0800F43B24FF05C
:10B6C00001041BBF00F01F039C409C4044F07844E1
:10B6D0000325144B14491E70144B1D70144B24F099
:10B6E00078441C60134B00201870134B1A6800F04C
:10B6F000E3FA18B1FFF784FF0420A9E70F4B9DF888
:10B7000010201A70A4E700BFA04D0020EC500020CC
:10B71000EB5000209E4D0020F4460020E84600201B
:10B72000A24D0020F150002029BB0100EF50002065
:10B73000F8460020F0500020F0460020ED50002098
:10B740007FB5244B24481A7824490078012303FA52
:10B7500002F21A4400250A60ADF80E5020B3984258
:10B7600036D11F4C1F4B20781B681F4E0DF10E0168
:10B770009847BDF80E20307092B11C4B0093019594
:10B7800002232946284600F0D1FA3278237822B1E4
:10B79000012A06BF0133DBB21B23237004B070BD46
:10B7A000013818BF0120F0E778235A43013A0A60B4
:10B7B0000F49082200F086FC0B49094A09781378E2
:10B7C00021B1012906BF0133DBB21B231370E5E76A
:10B7D0001846E3E7EF500020F1500020FC4600201F
:10B7E000F0500020C81200207915002065BB010030
:10B7F000F5B7010010B5244B244C1878002834D13B
:10B80000FFF77CFA224A136801331360214A92F948
:10B8100000108142B8BF10701F4A92F90010814297
:10B82000C8BF1070012B1D490DD10002088023688C
:10B830000BBB1B4813F025FD014620BBBDE81040A3
:10B84000174801F0E5BAB1F90020A2EB221303EB8F
:10B8500000131BB20B801349A0EB2323A0EB222083
:10B860000A8813FB00230B80E1E72368002BE0D05C
:10B870004FF4707200E008220B49002000F022FC17
:10B880002368013B236010BDF1500020FC460020DE
:10B89000F4460020EB500020EC500020A04D00208A
:10B8A000CC1200209E4D0020F5B70100054B1B680F
:10B8B0002BB9054B1868003818BF012070470120CC
:10B8C000704700BFEC460020E846002037B505462B
:10B8D0001C46FFF7EBFF68B974B1084B1A60084BC0
:10B8E0001C60012300930A4603232946FFF7A6FEA6
:10B8F00003B030BD4D20FBE72520F9E7E4460020EA
:10B90000EC46002013B50446FFF7D0FF58B962B1EA
:10B91000074B1A60012300930A4603232146FFF7D1
:10B920008DFE02B010BD4D20FBE72520F9E700BFDA
:10B93000E84600202DE9F0410446DDE906869DF841
:10B9400020701D46FFF7B2FF88B99EB1A2B10B4B24
:10B950001A600B4BC3F800800A4B0A461E60214652
:10B9600006972B460120BDE8F041FFF767BE4D204A
:10B97000BDE8F0812520FBE72120F9E7C81200206F
:10B98000F0460020EC460020014800F035BE00BF24
:10B99000A24D00202DE9F0410020FFF7A3FC0F4B42
:10B9A0000F4C1E680F4B20881D680F4B0F4FD3F8AC
:10B9B000008010B1397801F031F800203870FFF7BD
:10B9C0001FFE00F033FC0EB14046B0471DB1208889
:10B9D000A84700232380BDE8F08100BFEC4600208B
:10B9E000A24D0020E8460020F8460020F25000203A
:10B9F0002DE9F0473D4801F0A7FA3D4B1C78002C9B
:10BA000042D13C4F2046FFF737F93B680546002BF3
:10BA10003AD0394EDFF804A1DFF80481DFF8049151
:10BA2000012B1EBF348803F1FF33B4FBF3F4334B17
:10BA300034801C6834B19AF9013098F9002099F9E2
:10BA40000010A0472E4B1B688BB12E4C2378312B56
:10BA50000DD82D4B188800F0A9FF23785A1C2270AE
:10BA600098F80020C25423785A1C2270C5544FF411
:10BA7000FE43AAF800307F2389F80030802388F83D
:10BA80000030002333803B60204C23781A2B23D8CE
:10BA90001F4A1278012A09D11E4A1568002125FA89
:10BAA00003F0C007DAB20FD501B122700020FFF712
:10BAB000E3F82178884213D1174B00221A70FFF760
:10BAC0003FFE48B9BDE8F0870133D8B21A284FF0DD
:10BAD0000101E4D90A442270BDE8F047FFF75ABFDC
:10BAE0000020FFF7DBF80028E6D0F5E7CC120020B5
:10BAF000F1500020F44600209E4D0020E446002036
:10BB0000E8460020F2500020A24D0020F050002016
:10BB100079150020F8460020EE500020A04D0020AE
:10BB2000EB500020EC50002008B50B4B187880B982
:10BB30000221FFF773F8094B1B782BB100214FF658
:10BB4000FF720846FFF744F8BDE808400448FFF7D5
:10BB50004FBF00210846ECE7F1500020ED500020D7
:10BB6000CC12002038B5144B1D78012D0C4621D184
:10BB700081B90846FFF780F8104A1149136805FAA1
:10BB800000F023EA0003136020462A46BDE838404F
:10BB900000F098BA0B4A13780133DBB2022B137012
:10BBA00004D9BDE838400848FFF722BFFFF7C8FDB9
:10BBB0000028F6D138BD00BFF1500020F846002023
:10BBC000F5B70100EE500020CC12002038B509482E
:10BBD000094D00F011FD002495F84430E0B2834295
:10BBE00000D838BD05EBC000043000F005FD01347D
:10BBF000F2E700BF204800208047002008B5034935
:10BC00001046482215F083FA002008BDD8470020CE
:10BC100008B5054813F035FB014620B9BDE80840DA
:10BC2000014801F0F5B808BDEC12002038B51C4BF6
:10BC300000221A701C4615460132082A5D609D805C
:10BC400043F8085FF8D148220021164815F039FA68
:10BC50004FF6FE73A4F868307F226FF48033002122
:10BC60001148E36515F02DFA104B84F84450C4E9EF
:10BC70002835C4E9125584F85050656584F8A850F9
:10BC8000EAF7E6F90A4B18700A4BFF22012100205F
:10BC90001A70E4F72DFE0020FFF7BAFF002038BD30
:10BCA00080470020D8470020004700200000FFFF09
:10BCB000F350002030510020094B10B5AC2404FB98
:10BCC0000030836C53B990F850403CB931B1C0E9B1
:10BCD00012122046FFF79CFF204610BD2120FCE7F2
:10BCE0008047002070B5AC230A4E03FB00F57319A2
:10BCF00093F850405CB920460BF058FC735D204629
:10BD000043F002037355FFF783FF204670BD012007
:10BD1000FCE700BF80470020AC23034A5843135C74
:10BD200023F00303135470478047002070B5164674
:10BD30001F4A12780446C2BB1E4DAC2101FB0051C4
:10BD40008A6C92BB91F850203AB1022B2DD191F818
:10BD50004410072907D91C2026E091F84410072930
:10BD6000F9D8012B08D0AC2000FB0450CA00011DFB
:10BD70000C3015F08CF90021AC2303FB04F000EB30
:10BD8000C10129449DF81430CB71049B8B602B18A2
:10BD9000002493F844208E80013220468C7183F871
:10BDA0004420FFF735FF204670BD0120FCE700BFAF
:10BDB000EA50002080470020F8B5234B1B7804464A
:10BDC0000F46002B3ED1214DAC2303FB0053B3F8AB
:10BDD000A03023B91E4840F23631E9F7DFFFAC222C
:10BDE00002FB0452D2F8A46036B192F8A330B2F844
:10BDF000A02039460020B047AC236343EA18002155
:10BE0000A2F8A010C2F8A41092F8A820482101FBC3
:10BE100002322A44D2F89820964213D0EB5C9B075A
:10BE20000CD5AC2262432046AB5C23F0020343F006
:10BE30000103AB54BDE8F840FFF7EABE0BF0D8FBB6
:10BE40000028EED1F8BD00BFEA5000208047002056
:10BE500027D703002DE9F04F8BB00D460790084619
:10BE600000F0A4FD044618B921200BB0BDE8F08F06
:10BE7000284600F0B7FDC0B208382218215C92F8BD
:10BE800002B092F803A05268069200222678B4F815
:10BE90000130ADF82620434A059192F80090B9F19F
:10BEA000000F09D0404B1B6823B14FFA8BF251466B
:10BEB000204698470020D8E703F00703022B6ED0F6
:10BEC0000134092249462046FFF724FA023EF6B221
:10BED000331ADAB21B0607460392C5D4DFF8CC80CA
:10BEE000D8F890302BBB00210DF12609039BCDF82B
:10BEF000009022460846FFF7BBFAC3B20546002B66
:10BF000048D1BDF8260012F09FFEC8B9BDF8260042
:10BF100012F083FF0490BDF8260012F095FED8B908
:10BF2000012332462146484600F08CFEC8B1192054
:10BF30009BE74A460121284698470028D3D193E73A
:10BF4000D8F89430BDF82600002BDFD0E1199847CF
:10BF50000028DBD1022088E7039A0498E11915F044
:10BF6000D6F8BDF8260000F021FD059B8372069BE4
:10BF7000079A80F808A01BBAC360AC2303FB0283B6
:10BF800080F809B093F85020BDF8260022B1DB6C90
:10BF900003B19847E8B268E7D8F87830F8E70120AD
:10BFA00063E700BFEA500020C04600208047002021
:10BFB00070B50A4CAC2303FB004305465E6D26B901
:10BFC000074840F2F731E9F7E9FEAC2303FB0544EB
:10BFD000002363653346BDE8704018478047002062
:10BFE00027D703002DE9F84308460F46164602F10D
:10BFF000010912F017FF8046384612F01EFE042891
:10C0000056D1384612F03DFE2C4C4FF6FF7248F6E2
:10C01000410348F66105904208BF1D46B4F85C1024
:10C02000301D12F0C6FD384612F02BFE0146B01D41
:10C0300012F0BFFDB4F85E1006F1080012F0B9FD71
:10C0400006F10A04384614F0E1FC10B145F0100581
:10C05000ADB22946484612F0ACFD384612F0DDFE7E
:10C0600042460146204615F052F83846012100F0BC
:10C0700027FD4444074660B100F0B4FC054638464D
:10C0800000F094FCEDB201462A46204615F03FF838
:10C090002C440B4A1378F370A41B591C0134117003
:10C0A000347030460922BDE8F8430121FFF732B968
:10C0B000484612F07CFD4C460546C3E78047002009
:10C0C000F3500020084B10B40C461146AC2202FB82
:10C0D0000033586D20B95C655DF8044BFFF726B856
:10C0E00002205DF8044B70478047002010B50B4BD1
:10C0F000AC2250431A18482492F8A81004FB0100FF
:10C10000034493F87700022806D092F850301BB908
:10C11000032818BF012010BD0020FCE78047002045
:10C1200070B508B1012070BD234C94F8A850002DC3
:10C13000F8D1B4F85C202946FEF74AFDB4F85E2039
:10C1400029462846FEF72EFD04F1600229462846BE
:10C15000FFF750F894F87730002BE3D0284694F896
:10C160005860FEF789FD864215D1002094F95A5097
:10C17000FEF776FD854216D10020FFF7B7FF044693
:10C180000020FEF73BFD0028CDD021460020BDE871
:10C190007040FEF743BD94F858102846FEF77EFD28
:10C1A0000028E2D0BFE794F95A100020FEF748FDBE
:10C1B0000028E1D0B7E700BF8047002010B5144643
:10C1C000174A0346AC2000FB032292F877000228AE
:10C1D0000CD1E07F022809D141B112490978012927
:10C1E00013D992F85810227891420ED1217818462E
:10C1F000FEF748FD90B10C484822214614F087FF15
:10C200000020FEF7FBFC08B9002010BD044B93F89A
:10C21000A8000028F8D1FFF783FFF5E72120F4E715
:10C2200080470020D14F0020D847002008B5094B97
:10C23000AC2202FB003300205A6DD86483F8500012
:10C2400012B15865FEF78AFF0020FFF769FF002052
:10C2500008BD00BF804700207FB51C4C94F8A83073
:10C2600023B1002084F8A800FFF75AFFB4F8A050CB
:10C2700094F85A308DF80F3025B9154840F2ED2169
:10C28000E9F78CFD134A29460020FFF7ABFEE66F65
:10C29000104C02469EB10DF10F0301930023009351
:10C2A00021462846B0470246247854B92046214604
:10C2B000FFF782FD2046FFF7ABFC04B070BD012202
:10C2C000F2E704490020FEF755FBF6E7804700201F
:10C2D00027D703000047002038B5494B1C78002CB5
:10C2E00058D1484800F030FE2046FEF787FC002871
:10C2F00050D0454C2378D90733D594F850201AB143
:10C3000023F00303237045E023F0010323700BF0B7
:10C3100057F923789A07054601D50BF047F92946C6
:10C3200000200BF0C1F840B9237843F001032370DB
:10C330002846BDE838400BF039B9002384F8A33013
:10C3400094F8A83084F8A250482202FB0343A4F8D2
:10C35000A000D3F89830C4F8A430BDE83840FFF707
:10C360007BBF94F84400B0B1251D95E8030004F1AB
:10C37000A00383E80300FFF76FFF94F8442004F163
:10C380000C01D200284614F082FE94F84430013BA0
:10C3900084F8443038BDA26C62B99B0711D523786C
:10C3A00023F0020343F001032370BDE8384000206E
:10C3B000FFF72EBC012384F85030A0649047237807
:10C3C0009EE70BF015F90028E9D194F8A83073B175
:10C3D000F4F77AFD94F85030002BDBD1FF2818BF1A
:10C3E00084F8A800BDE838400020FFF799BED4F8D3
:10C3F0008C30002BECD098470028CBD1E8E700BF69
:10C40000EA500020EC12002080470020034BAC22B1
:10C4100002FB003393F8A800704700BF804700205C
:10C4200070B504460020FEF7E9FB0C4EAC235C43DC
:10C43000351995F850300BB1002070BD0028FBD0A5
:10C44000074812F01EFF0028F6D1335D002BF3D110
:10C4500095F84400B0FA80F04009EEE780470020EC
:10C46000EC12002028B1034B1B68C01A40100130A9
:10C4700080B270473C48002030B1044B00F10040CE
:10C480001B68013803EB4000704700BF3C480020A8
:10C4900010B5034612F0E1FC074A03EB40031468B1
:10C4A0004FF6FF729C42184604D90188914203F16D
:10C4B0000203F7D010BD00BF344800202DE9F0473B
:10C4C000204F3B880546A3B3B0F90230002B30DB88
:10C4D000DFF87C801C49D8F8000014F00EFE20B96B
:10C4E0001A4840F2CD11E9F759FCDFF860A0DFF8F7
:10C4F000649000263A88B3B29A4204D840F2CF1131
:10C500005046E9F74BFCD9F80030D8F80010B2B229
:10C5100003EBC20453F8320068B943F83210A38821
:10C520000133A380284612F098FCE38803EB400314
:10C53000E380BDE8F08714F0E0FD01360028D9D192
:10C54000EDE700BFA44D0020EAD50300F4D50300B9
:10C550000C1300203048002038B5094C094D2268E2
:10C560002B689A4204D908484FF48371E9F716FC06
:10C5700028682368C01A20F0010080B238BD00BFCF
:10C580003448002038480020F4D5030008B50B4B90
:10C590000B4A1A600B4B0C491B6823F00103134430
:10C5A0000B600A4B1A60FFF7D7FF642805D8BDE877
:10C5B00008400748F021E9F7F1BB08BD3C480020DE
:10C5C0000836002048AB03003848002034480020DB
:10C5D000F4D50300064B1B68834206D8054B1B6845
:10C5E000834294BF0020012070470020704700BFA5
:10C5F0003C480020344800202DE9F0411D4B1B78B9
:10C60000012B044624D10088FFF736FF0546D8B138
:10C61000DFF8648004262C460CF04EFF07462046C7
:10C62000FFF74CFF638843EA08036380A05BFFF7D2
:10C6300023FF044638460CF045FF1CB1B4F9023024
:10C64000002BE9DA062E01D1BDE8F0810626E2E7EB
:10C65000022BF9D10CF030FF02462088FFF70CFFC7
:10C6600018B10388C3F30E032380BDE8F0411046E0
:10C670000CF028BFF45000200080FFFF2DE9F04FA0
:10C68000BA4BDFF8FC82BA4F97B0002406461C80F4
:10C690000CF012FF01233B70B8F80030ADF81630F3
:10C6A000B44BA8F800401B6801930CF00BFFB24B91
:10C6B0001A88B24BD2001868214614F002FD0DF121
:10C6C0001600FFF799FF002E3CD1DFF8B892D9F899
:10C6D00000404FF0000B0125019B9C4239D3BBF178
:10C6E000000F39D1002DF2D0D9F80040DFF898A220
:10C6F00025462246019B9A4273D302230DF1160070
:10C700003B70FFF779FF002E40F08F80D9F8006072
:10C710003246AA4280F0A2809088FFF7ADFE18B1A1
:10C720000388C3F30E039380D088FFF7A5FE18B1EA
:10C730000388C3F30E03D3801046FFF7A9FE024619
:10C74000E7E79847E3B2013456F82330002BF8D1DD
:10C75000BBE7BBF1000F3ED00BF1FF335FFA83FB69
:10C7600016AB03EB8B0252F8402CB2F90200518851
:10C770000028B1DA4B04AFD4924641F48040931DB7
:10C780002AF8020F02933AF8020FFFF775FEF0B194
:10C79000B0F902E0B0F802C0BEF1000F17DB6FEA9B
:10C7A0004C4C6FEA5C4CA0F802C00390FFF786FE89
:10C7B000BBF10F0F9FBF16AB03EB8B00039A40F842
:10C7C000402C9ABF0BF101035FFA83FB0025029B0B
:10C7D0009A45D8D180E72046FFF75AFE2246044604
:10C7E000C3E7104612F039FB8346B2F90200118804
:10C7F00000280AEA010108DA2046FFF733FE084361
:10C8000081B204EB4B0402EB4B0511801046FFF79D
:10C810003FFE02466EE798475FFA8AF30AF1010A83
:10C8200056F82330002BF6D170E74FF0000AF3E7FB
:10C830003046FFF72DFE82467EB1B6F90230718890
:10C84000002B0ADA3088C0F30E00FFF715FE86428F
:10C8500003462DD1C1F30D0171805646AE42E7D398
:10C86000DFF81CA10CF028FE00210646504612F00D
:10C8700083FBFFF701FE0546002800F08780304665
:10C880000CF020FE284612F0E8FA06462046FFF794
:10C89000E9FD7600814632462946204614F0F7FB32
:10C8A000002249460DF1160012F00CFB3444D9E782
:10C8B0001BD9304612F0D1FAC1F30D01420071804C
:10C8C00092B23146184614F0E2FBC6E75046FFF735
:10C8D000DFFDD146854203D9B0F90230002B01DAE1
:10C8E000824603E0FFF7D4FDF4E7B146554507D98A
:10C8F000BAF80000C0F30E00FFF7BEFD8245E5D395
:10C90000B9F1000F30D0B9F80000C0F30E00FFF706
:10C91000B3FD034638B93346CB46994513D8B145E4
:10C920009BD0D946ECE7484612F097FAB9F80220B6
:10C93000C2F30D02A9F80220420092B249461846FD
:10C9400014F0A5FBE7E718460193FFF7A1FD019B53
:10C950009B46854203D9B0F90230002B01DA034629
:10C96000DBE7FFF795FDF4E7CB46DAE7A64D0020BD
:10C97000F450002034480020A44D0020304800200E
:10C98000A84D00203C4800200080FFFFBDF8163075
:10C99000A8F80030044B387030461C600CF092FD53
:10C9A00017B0BDE8F08F00BF3448002010B5044632
:10C9B00008B9002010BD12F061FA20B9084840F211
:10C9C000C441E9F7EBF92046FFF756FD0028F0D007
:10C9D0000388DB0B14BFD0F80A000830EAE700BF79
:10C9E000F4D5030010B508B9002010BDFFF744FDD1
:10C9F000044612F03AFA20B9074840F2DE41E9F75E
:10CA0000CDF9002CF0D02388DB0B0ABF6088208989
:10CA1000C0F30C00E9E700BFF4D503002DE9F041B5
:10CA20000546FFF729FD0F460446D8B112F01DFA5E
:10CA300020B9214840F2F141E9F7B0F92846FFF763
:10CA4000D1FF05462046FFF723FDBD42064609D02B
:10CA500004D8194840F2F941E9F7A0F92588ED0B0F
:10CA600002D02781BDE8F0816780204612F0F5F9F9
:10CA7000074604EB40080CF01FFD104B1A68B24249
:10CA80000AD1C3F800800CF01DFD2A464046FF2164
:10CA9000BDE8F04114F015BBA6EB0806B5B20CF0EA
:10CAA00011FD072DF1D90023083D44F81730C8F8CF
:10CAB0000430A8F80250D5E7F4D50300344800202C
:10CAC00038B5FFF7D9FC0D46044650B112F0CDF948
:10CAD00020B9044840F23651E9F760F9023534F8DC
:10CAE000150038BDF4D5030070B5FFF7C5FC0C4642
:10CAF00016460546B0B112F0B8F920B90D4840F21B
:10CB00004151E9F74BF93046FFF7B6FC12F0ADF9A9
:10CB100020B9084840F24251E9F740F9023425F8BB
:10CB2000146070BDBDE87040024840F24651E9F71C
:10CB300035B900BFF4D503002DE9F843C41CA4089F
:10CB4000274B64000434B0F5005F1E6881460F4631
:10CB5000A4B204D3234840F27251E9F71FF90CF054
:10CB6000ABFC21490B6880467BB9204B1D68761BC6
:10CB7000C6F34F06B44223D9002540460CF0A2FC70
:10CB80002846BDE8F843FFF76DBC7FB1174A15682A
:10CB90005A1BC2F34F029442EED81448620005EBD0
:10CBA000440404607FB913440B600CE0F61AC6F32A
:10CBB0004F067EB90B4840F28351E9F7EFF8DBE707
:10CBC00005EB44041C600023A5F80290AB80EB80C9
:10CBD0002B80D2E7B442CFD8044A1568DDE700BF06
:10CBE00038480020F4D503002C48002034480020A9
:10CBF00038B505460CF060FC29460446002204487E
:10CC000012F060F92046BDE838400CF05BBC00BF74
:10CC1000A84D002038B50CF04FFC00210546044813
:10CC200012F0AAF9044628460CF04CFC204638BD08
:10CC3000A84D0020024B1888B0FA80F040097047D8
:10CC4000A84D00202DE9F74F044600881F46FFF746
:10CC500013FC88461546064612F007F920B94048ED
:10CC600040F2DA61E9F79AF83388DB0B009306D0DB
:10CC700033892B443381002003B0BDE8F08F208836
:10CC8000DFF8E0B0FFF7AEFE82463046FFF700FC6B
:10CC900001900CF011FCDBF80020019B9A428146C8
:10CCA0001DD1FFF759FC854204D948460CF00AFC17
:10CCB0001A20E1E705EB0A0373803FB12088FFF7F4
:10CCC00075FE2A464146504414F021FA3046FFF7DB
:10CCD000DFFBCBF8000048460CF0F4FBCBE70CF090
:10CCE000F1FB2088FFF77EFE2844009980B2FFF711
:10CCF00023FF06460028DBD0FFF758FE8146208838
:10CD0000FFF754FE82462088FFF76CFE514602462C
:10CD1000484614F0FCF93046AFB1FFF747FE07462E
:10CD20002088FFF75FFE2A464146384414F0EFF9A9
:10CD300001212088FFF7C4FE012102463046FFF79B
:10CD4000D3FE268097E7FFF731FE80462088FFF765
:10CD500049FE2A463946404414F0B3F9E8E700BFDB
:10CD6000F4D503003448002038B50C460546FFF7DB
:10CD700039FE844203D304482D21E9F70FF82846F1
:10CD8000FFF714FE204438BD08D6030070B50646F0
:10CD90000D46FFF70BFE044648B13046FFF722FE72
:10CDA000854203D302483521E8F7F8FF605D70BD86
:10CDB00008D6030070B50C4606461546FFF712FE6E
:10CDC000844203D304483F21E8F7E8FF3046FFF7E9
:10CDD000EDFD00B1055570BD08D6030001483321B3
:10CDE000E8F7DCBF1FD60300036910B55BB18268AA
:10CDF000064B9A4201D1002010BD44690DF0DDFAC6
:10CE0000201AF9D5F7E74FF0FF30F5E7DDCD010047
:10CE100082684B4B9A422DE9F041056804460E4664
:10CE200015D121B1474840F20F11E8F7B7FF0CF0D8
:10CE300043FB23691BB92B682BB924612C60BDE827
:10CE4000F0410CF03FBB1A6922611C61F6E70DF05E
:10CE5000B4FA8046E6F78EFA20B13A484FF493715F
:10CE6000E8F79CFF6FF000439E4221694BD22B7B79
:10CE700008EB0602002B4DD0AB6893424AD1531CFD
:10CE8000002949D06169994242D01EB9521AB2F1C3
:10CE9000004F3DD9636123696E689C4203D12948E4
:10CEA0009A21E8F77BFF2F460023B4420BD0002BDA
:10CEB00041D172696169891AB1F1004F32D8326982
:10CEC000944237462CD12269BD420CBF6A603A6158
:10CED0007BB92669B44203D11A48B521E8F75EFF51
:10CEE0003B46012E05D062697169521AB2F1004FBA
:10CEF00023D99D420BBF6B681A69236122610CBF65
:10CF00006C601C6104E0434431B162699342C1D159
:10CF1000BDE8F0811346B3E76A6822616C60B9E747
:10CF20001646C6E7A8EB0202B2F1004FC7D93B464E
:10CF300037463669B9E71F46F9E733463669D0E721
:10CF4000DDCD01001FD6030082681C4B9A4270B5EC
:10CF50000568044619D10CF0AFFA236923B1A34246
:10CF600006D100222A601A61BDE870400CF0AABA0E
:10CF70001A4611461269A242FBD12A68A24208BF92
:10CF800029600B6100232361EEE7036993B19842A6
:10CF90006E6803D10A489A21E8F700FF2B46B44295
:10CFA00009D122699D4218BF1A614FF0000308BFE2
:10CFB0006A60236170BD33463669F0E7DDCD01005C
:10CFC0001FD603002DE9F043174FDFF860808BB0C8
:10CFD00006460025BC7814B90BB0BDE8F083B7F85D
:10CFE00000908EB90096B8F8001023462A4603A890
:10CFF00012F086F8234603AA314648460DF011FA8E
:10D000002544EDB20437E5E72346494603A800224C
:10D010000DF0FEF901230093B8F8001023462A46CC
:10D0200003A812F06DF8EBE72ED60300AA4D0020FE
:10D030000148FFF7E1BA00BFAA4D0020F7B5154639
:10D04000174A04460846118811B1164A1278CAB127
:10D05000D4B10022294603B0BDE8F0400DF0D8B9A4
:10D060003A44D2B20436B778002FF1D0B6F800C0F7
:10D07000AC45F5D184F0010400943B4612F040F831
:10D0800003B0F0BD084EEEE70246214628460DF0FB
:10D09000C8F9284603B0BDE8F0400DF014BD00BF4C
:10D0A000AA4D00207A1500202ED6030010B5074C9B
:10D0B000238843B10020FFF785FF054B0020FF22A6
:10D0C00020801A7010BD7020FCE700BFAA4D002020
:10D0D0007A150020142810B518D8082805D10FF0AB
:10D0E0008AFBC401E4B2204610BD0E2802D10FF025
:10D0F00085FBF6E7064B53F82040002CF3D00A28B6
:10D100002478F0D105F0CEFB0443EBE7FF24EAE7F7
:10D1100058D60300064A082312F8011B814205D0A5
:10D12000013B13F0FF03F7D1184670470120704709
:10D13000B5D60300064A082312F8011B814205D028
:10D14000013B13F0FF03F7D11846704701207047E9
:10D15000ADD60300014BB3F868007047804700204C
:10D1600000487047EA470020014B1878704700BF1D
:10D17000F64F0020014B1870704700BFF64F00209B
:10D18000184B022810B5187002D00438012819D89D
:10D19000154B1B78042B03D014480021FFF738FEF1
:10D1A000134B1B689A0019D513F0805F0CBFBF2486
:10D1B000BC2420460FF0B5FF90B92046BDE81040D2
:10D1C0000DF0BABB0948FFF7BFFE0A48FFF7BCFEE7
:10D1D000912412F0E6F90FF09EFFEAE79024E8E7C9
:10D1E00010BD00BFFA4F0020FB4F0020101300209D
:10D1F00034410020A0400020024B187800F00F00BE
:10D20000704700BFFA4F0020034B187800F00F0062
:10D21000831E584258417047FA4F002008B512F05B
:10D22000ABF9A8B112F0C1F990B10A4811F03FFE74
:10D2300070B1094811F03BFE50B10FF0E4FA38B17B
:10D240000FF071FF20B9BDE80840044812F01EB885
:10D25000002008BDAC4D0020EA4D002040480020D1
:10D26000054B1878012805D000F0FD00A0F131032E
:10D2700058425841704700BFFA4F002010B5FFF7E1
:10D2800085F90DF0B0F81020FFF724FF04060DD546
:10D290000020FFF71FFF000608D5284BD3F8EC202D
:10D2A00012F0020F12D1B024204610BD1020FFF75B
:10D2B00011FF01060ED40020FFF70CFF020609D56E
:10D2C0001E4BD3F8EC2012F0010FEBE7D3F8E83057
:10D2D0009B07E8D51A4810F049FE012011F00AFC1E
:10D2E000E8F7D2FE04460028DED100F013F9154815
:10D2F00011F0A1FF00F034F9E8F7ACFA0DF070F886
:10D3000008F03EFC08F090FCF3F7EEFDF3F776FD35
:10D31000F3F790FD03F02AFC0FF06FFA0FF070FAAC
:10D320000FF004FF084813F067FB06F03FF80FF01A
:10D33000A0FE0028B8D00FF09EFEB5E70081E00FF8
:10D34000690345EC404800206176020010B512F0F8
:10D3500025F970B301F02EFA80F00104E4B2002048
:10D36000FDF75EFF44EA800424B212F005F910BB19
:10D3700002200443164811F084FF44EA4014154883
:10D3800011F07FFF24B244EA0014134811F079FF32
:10D3900024B244EA8014114811F073FF24B244EA25
:10D3A00040240F4811F06DFF24B244EAC02080B23F
:10D3B00010BD0124D3E70B4811F079FD0028D7D028
:10D3C000094811F074FD80F00100C0B24000D0E7C0
:10D3D000501300203414002038410020B4130020E2
:10D3E00014140020AC4D0020EA4D002008B500F0D8
:10D3F000E1FFFDF7FFFA144811F059FD08B904F0F8
:10D4000095FD124811F053FD08B905F0B9FF02F07F
:10D410004DFE0F4811F046FF0E4B1B78043B022BCC
:10D4200009D80D4811F02DFF28B1FFF78FFF102804
:10D4300001D107F08FFA0FF0E8F911F0B5FFBDE860
:10D4400008400648FFF71AB9AC4D0020EA4D00200D
:10D4500040480020FB4F002034140020C0D60300B9
:10D4600070B54FF6F773984286B004460D4643D820
:10D4700011F09DFFA04207D120490822284613F051
:10D4800006FE002006B070BD1D4EB6F86830A342FF
:10D490000AD10022082106F16A0011F038FF18B9FC
:10D4A000082206F16A01E9E784B100230093012212
:10D4B0001946204608F0C6FAFF2811D12946204611
:10D4C00008F086FC80F00100C0B2DBE70D4B1B6862
:10D4D0009B07EAD4284606F0BFFB0028E5D0D0E73A
:10D4E00002A913F034F90028E8D1DDF80D302B60E3
:10D4F000DDF811306B60C4E70120C3E7F550002070
:10D500008047002034410020014B1870704700BF55
:10D510005215002010B50649064C098820460823FC
:10D520007F220CF082FF204611F07BFF10BD00BF70
:10D53000C0670300F550002013B513460C461AB11E
:10D54000022A0CBF134601230021044A00920191D4
:10D550002246FEF7EBFB02B010BD00BF2FF6020023
:10D5600000B5002093B0FEF761FB1D4B188813F047
:10D5700044FA1C490020FDF7D7FE342200216846FA
:10D5800013F09FFD0B238DF800306FF4803301936F
:10D590004FF6FE73ADF8103003238DF81D30124B9B
:10D5A0000893124B0993124B0D93124B124A0E9390
:10D5B000124B0F93124B106851681093114B11933B
:10D5C00002AB03C300216A460846FEF7F7FD6A4630
:10D5D00001210020FEF7F2FD13B05DF804FB00BF4F
:10D5E000F21400204CAB0300C1DA010025F4020064
:10D5F0009D04020069DC0100F5500020AD1302001B
:10D600002FF602000901020070B5044611F0CFFAAE
:10D610000422002106462046FDF77CFE204411F03E
:10D62000C6FA0322054600212046FDF773FE20447A
:10D6300011F0BDFA0540ADB24FF6FF739D4213D114
:10D64000F30711D5062200212046FDF763FE204492
:10D6500011F0ADFA074B1B88834214BF022006204D
:10D66000054B1B78184070BD20460DF0E9FAC0004C
:10D67000C0B2F5E704150020FD5000202DE9F84F59
:10D68000DFF83C91804608460F4611F090FAD9F831
:10D690000030054643B9484B1B682BB9474B1B6804
:10D6A00013B9FF20BDE8F88F15F4406A05F0400675
:10D6B00010D13EBBB5F5804F53D24FF48074002398
:10D6C000002B58D13C4A12688025002A69D00021DD
:10D6D00008465FE0F81C11F06AFA4FF6FF739842B3
:10D6E00014BF0124022486B1052605F44043B3F596
:10D6F000004F44F0080424D0B5F5804F23D244F401
:10D70000807420E054460326EFE7B5F5804F4FF0D4
:10D710000506F4D3BAF5406F14BF02200820304448
:10D72000384411F044FA834611F05EFE05F440459A
:10D7300058450CBF44F0080444F00404B5F5004F0C
:10D7400001D144F08004BAF5006F0ED1B81911F080
:10D750002EFA054611F02BFEA842B0D144F0100479
:10D76000ADE7544603260220D9E7BAF5406F08BF5B
:10D7700044F02004A3E7012B09BF104AD9F8002088
:10D780001268402518BF10259FE7A74201F101014B
:10D790000BD0C8B2CEB232F8167032F91660002E35
:10D7A000F3DA0133032B8BD17BE7B8F1000F3FF4A1
:10D7B00079AF88F8005075E75048002054480020A1
:10D7C000DC460020034B1A78022A04BF09221A7093
:10D7D000704700BFFF500020034B0C221A701A2123
:10D7E0000022032001F04CBDFF50002070B505461B
:10D7F00038B90C4BBDE87040187800221A2101F0AE
:10D800003FBD094B074E1C78E1B21A29F1D825FA21
:10D8100004F3DB0703D53078362201F031FD013403
:10D82000F2E700BFFF5000207C15002008B5064B32
:10D830000C221A70002210461A2101F021FD034B20
:10D8400000221A6008BD00BFFF5000205C48002085
:10D8500070B50E4B0C221E781A70054630B9304652
:10D860000022BDE870401A2101F00ABD084B1C7867
:10D87000E1B21A29F3D825FA04F3DB0703D53622DF
:10D88000304601F0FDFC0134F2E700BFFF500020FC
:10D890007C150020024B0C221A700FF03DBC00BF1B
:10D8A000FF500020F0B50C888BB005460E46E4B959
:10D8B0004FF6FF77ADF824700FF043FC10B902204B
:10D8C0000BB0F0BDCDE90340CDE90544134A029405
:10D8D000B2F85C300193603200923B4609AA4CF6E4
:10D8E0000101FF2013F0B3F83080284611F078FED4
:10D8F0000B4C70B1237863B1013BDBB22846237037
:10D9000011F06EFE38B12078B0FA80F04009C0B254
:10D91000D6E70523F2E70120F9E700BF80470020A2
:10D920007B150020034B1B68114603B118470DF00F
:10D9300012B800BF5C480020024B0C221A7008F09D
:10D9400087BD00BFFF5000200148FEF755BE00BF55
:10D95000AE4D00207FB506460C461546FDF7A6FFE6
:10D9600000287CD1062E03D85223F340DB071AD4BB
:10D97000B4F1006F05D3E30E1C3B032B18D94F20E5
:10D980002BE0394B00221A60384B1E7011F0E3FC7B
:10D9900003460A2E65D8DFE806F0361B4F5A1B2EC9
:10D9A000221F47523F0001F055FFB4F1006FE2D251
:10D9B0002D4B00221A602D4B042E1E70E6D12C48F0
:10D9C00001F0C2F9022001F0F5F811F0C4FC0346A1
:10D9D00001220292274A05E0212004B070BD0122F5
:10D9E0000292254A0192254A0092254A294620465C
:10D9F000FDF7A0FFF1E7234A2946204604B0BDE821
:10DA00007040FDF77FBF204B204A2946204604B0D6
:10DA1000BDE87040FDF75ABF002202921C4A0192F5
:10DA2000164A00921B4AE1E7012202921A4A019229
:10DA3000124A0092194AD9E70C4B02221A700022AE
:10DA40001749104604B0BDE87040FEF735B9002212
:10DA50000292144A0192094A0092134AC6E74D20E5
:10DA6000BBE70120B9E700BF5C480020FF50002061
:10DA7000FE50002051D80100C3F50200C1DA0100B8
:10DA80001BF6020039D901002DD8010025D901006B
:10DA900095D80100A5D80100EDD70100C7F5020017
:10DAA000C5D70100D9D70100BFF5020008B5FDF7C1
:10DAB00071FF024B0C221A70002008BDFF5000209D
:10DAC000F0B585B0ADF8060018B965489021E8F7C3
:10DAD00065F9BDF8060011F0B0F80446BDF806007F
:10DAE00011F0ABF8082846D00C2CBDF8060042D146
:10DAF00011F093F9074611F05AF80DF10F0106469F
:10DB0000BDF806000EF06CFE002879D00922002135
:10DB10003846FDF7FFFB9DF80F301033C518BDF8F0
:10DB20000600FEF75FFFEDB2854269D22946BDF8D7
:10DB30000600FFF72BF906F44C4416F44066054640
:10DB400014D0F81C11F033F84FF6FF73984208BF59
:10DB500044F04004B6F5006F08D1781D11F027F8A5
:10DB60004FF6FF73984208BF44F010049DF80F3041
:10DB70005BB3072D44D1BDF8060011F054F80446FC
:10DB8000BDF8060011F059F8082817D0A30615D5DE
:10DB900024F0200189B2BDF8060011F02FF8BDF87D
:10DBA000060011F03AF900210922FDF7B3FB00F15C
:10DBB0001001C9B20DF1060011F089FABDF8061086
:10DBC0002848002211F07EF91AE0082D16D8BDB1C0
:10DBD000013D072D14D801A353F825F039DC0100CD
:10DBE00045DC010001DC010005DC010001DC010075
:10DBF00051DC010077DB010057DC01007C2D24D0D3
:10DC000005B0F0BD24F48844A4B2B4F5084FF7D1B0
:10DC1000BDF8060011F00CF8BDF8061012F0F4FE85
:10DC20000028A8D0BDF8060011F05AF800220146DD
:10DC300002200EF084FDE3E724F48064A4B2B4F57E
:10DC4000484F97E7B4F54C4F94E7B4F54C4F92D05A
:10DC50004CF6500301E04CF640439C428AE700BF7B
:10DC600020D70300AC4D00202DE9F0410F4690462F
:10DC70000646FEF79BFE04463046FEF7B3FEC5B2ED
:10DC8000083D2C44084BE1781970084BA2781A70B3
:10DC9000314643463A4600200CF0E8FD003818BFF4
:10DCA0000120BDE8F08100BF11510020105100207B
:10DCB00070B50B4B1C780B4B0022D5B2AC4202D88E
:10DCC0000C70002009E01E88864202F1010205D393
:10DCD0000D701B881B1A5842584170BD1233ECE777
:10DCE000F44F00204E4D00202DE9F04FDFF8408129
:10DCF000DFF8409198F8002099F800309A4285B0FA
:10DD0000064604D343484FF48A71E8F747F80DF10B
:10DD10000F013046FFF7CCFF20B13E4840F217110B
:10DD2000E8F73CF898F800709DF80F403D1B15F09F
:10DD3000FF0530D0384B394A1B78184699F8003027
:10DD400001214FF0FF3CA1400CFA03FC002301F13C
:10DD5000FF3E01934FF6FF79C1F1000A9DF80430B0
:10DD6000984243D812202E4B04FB0000A0F1120170
:10DD700005EBC5025200194404F10109184413F0DF
:10DD800086F94FEA89092748A9F104010144AA004C
:10DD9000484413F07CF9224904EBC40201EB42032E
:10DDA00021F81260204A1278DA731A745A74120237
:10DDB0005A801E4A12781A7110225A7100229A73E0
:10DDC000C3F80620C3F80A20164B013743F8242075
:10DDD0004FF6FF710D2088F800700EF0B0FC0EB900
:10DDE00012F07DFC204605B0BDE8F08F13884B454E
:10DDF0000AD053680AEA030B03EA0E030B4403EB51
:10DE00004B0343EA0C035360019B01330832019337
:10DE1000A4E700BF33D703005D150020843F002036
:10DE20004E4D0020803F0020115100200051002065
:10DE3000F44F00205B15002010B5074C2046FFF77B
:10DE400083F804F0E5F902F01DFD20464FF47A5105
:10DE5000BDE81040FEF7DCBF101300202DE9F041B3
:10DE60000B4B0C4E93F8008007460025ECB2A04502
:10DE700003D8FF242046BDE8F0810822B11D3846B2
:10DE800013F0F5F801350028F4D01236EEE700BFA4
:10DE9000F44F00204E4D002007B50DF10701FFF7AC
:10DEA00007FF30B19DF80730034803EBC30300EBD5
:10DEB000430003B05DF804FB4E4D00202DE9F8430C
:10DEC000294E33785D1E2D1A83420446EDB204D8E4
:10DED000264840F23F11E7F761FF254A92F800C05B
:10DEE000244A01231278A3405F1E4FF0FF30904078
:10DEF0003B44214A00214FF6FF7E6FEA0308CBB274
:10DF00009C4523D8BDB127B204EBC4041B48640070
:10DF100005EBC50204F1120101445200204413F044
:10DF2000B6F8BF001648AA00391D014402F0FC02F1
:10DF3000384413F0ACF83378013B3370BDE8F84354
:10DF400000224FF6FF710E200EF0F9BB13887345C7
:10DF500007D0536808EA03093B4003EB5903034326
:10DF6000536008320131CAE7F44F002033D7030071
:10DF70005D1500205B150020843F00204E4D0020E1
:10DF8000803F002010B50A4C207858B9094B1B7807
:10DF90001A2B03D908489421E7F700FF074B032207
:10DFA0001A7010BD0138C0B2FFF788FFECE700BF60
:10DFB000F44F00205B15002033D70300F04F002002
:10DFC0002DE9F047054611F05CFBFF28044624D1FB
:10DFD000DFF888901F4B99F800201B789A422BD2CB
:10DFE0002846BDE8F047FFF77FBE38883B795045AB
:10DFF00018D86F2B4FEA131214D85B0710D01237C2
:10E0000008F1010899F800105FFA88F6B142ECD8DF
:10E01000114A0023DEB28E4214D32046BDE8F087B9
:10E02000022AECD912F0BEFC0028E8D1294630467D
:10E03000BDE8F04711F032BB074F4FF000084FF634
:10E04000F77ADFE710798F2803F10103EED8123257
:10E05000E0E700BF5B1500204E4D0020F44F00208C
:10E060004FF6F773984210B514D8FFF7A9FFFF28B1
:10E0700010D0134C00B200EBC00004EB40040CF0D5
:10E0800003FE104938B962880B7802EB0313A3EB47
:10E090001213638010BD227C637C0978E2739A427C
:10E0A0002374617407D98B4203D213468B4228BF75
:10E0B0000B461B02EDE78A42F8D31346F9E700BF8F
:10E0C0004E4D0020115100202DE9F0410F4DDFF899
:10E0D000408006460F46002498F80030A34201D83D
:10E0E000BDE8F08108222946304612F0C0FF40B951
:10E0F00035F8063CBB4204D02046FFF7DFFE013C6A
:10E10000E4B20134E4B21235E6E700BF544D00201A
:10E11000F44F0020F8B5054608460E46FFF79EFE70
:10E12000FF2830D01D4B294653F820703046FFF7AA
:10E13000CBFF2846FFF744FFFF28044625D112F005
:10E140004CFCFF280AD1164C207838B1E7F780FF45
:10E150002378B0FBF3F202FB1300C0B2294611F0A2
:10E160009DFA044623B20F4D03EBC30305EB4305B1
:10E1700008223146A81D12F08AFF2B7903F00F0305
:10E180002B712046F8BD0027D3E7074B1B78002BE7
:10E19000024B18BF002743F82070E3E7803F0020C0
:10E1A0005B1500204E4D00207D15002038B50B4B2F
:10E1B0001B78834204460D4604D8094840F25B218F
:10E1C000E7F7ECFD074804EBC40400EB44002946E4
:10E1D0000822BDE83840063012F059BF5B15002018
:10E1E00033D703004E4D002070B5044608460E4656
:10E1F00011F047FAFF28054610D02046FFF72EFE03
:10E20000FF2807D0084B1B7823B9084B53F8202070
:10E2100043F8252021462846FFF7C8FF314620460F
:10E22000BDE87040FFF750BF7D150020803F002003
:10E230002DE9F8430026134DDFF850908046012762
:10E24000344699F80030A34210D83E430134E4B27A
:10E250001A2C4FEA470705F11205F2D10A4B1B7839
:10E260004FF0FF3098403043BDE8F8832B8843459A
:10E27000EBD0284611F05BFA0328E6D82B796F2BF8
:10E28000E3D8E3E74E4D00205B150020F44F00205B
:10E2900010B5084C00EBC00004EB400423795B0789
:10E2A00007D1204611F043FA237923F007031843DE
:10E2B000207110BD4E4D0020084B1878084B0022ED
:10E2C000D1B2884203F1120300D8704713F80D1C35
:10E2D00021F0100103F80D1C0132F1E7F44F00208A
:10E2E0004E4D00202DE9F047DFF86090DFF86080A8
:10E2F00099F800400226122700250CE007FB05F3E1
:10E30000002138F803A0504611F026FA10B15CB194
:10E31000013CE4B2013599F80030EAB29342EDD8FD
:10E32000A34204D14FF6FF7A5046BDE8F087E7F7E5
:10E330008FFE99F800301B1B012E90FBF3F202FBBD
:10E340001300C4B2EED00126D6E700BFF44F002080
:10E350004E4D0020F0B5134B1B780646FBB112481A
:10E36000DFF84CC090F800E01048077800251F4403
:10E37000E8B2864501D80020F0BD7C1B94FBF3F089
:10E3800003FB10440CEBC4003CF83440B44204D10D
:10E39000002AF1D184788C42EED00135E8E71846A6
:10E3A000EAE700BF5D15002020410020F24F002069
:10E3B000843F002070B50CF004F8104E10493288EC
:10E3C0000B7830809B1A03449BB21425B3FBF5F401
:10E3D00005FB14330B700B490B78E2B293428ABFF2
:10E3E0009B1A0023DBB20B700749032A9DBF0B6801
:10E3F000D200D34000230B6070BD00BFB04D0020A1
:10E4000002510020F14F002020410020084B1868E5
:10E41000084B1B78C2B29A4208D2074B1B78C0F354
:10E420000720984234BF0020012070470120704728
:10E43000204100205D15002001510020F8B505465F
:10E440001746FFF7E3FF064610B9184B1A783AB99A
:10E45000212001224FF6FF710EF071F90020F8BD66
:10E460001348DFF854C003780133B3FBF2F402FB26
:10E47000143303700F48DCF8002020F8335000EB11
:10E48000C30402F10132A1703846CCF80020FFF736
:10E49000CFFEE670606010F08AFFA84201D1012033
:10E4A000DDE7E3780133E370F9E700BF5D15002095
:10E4B000F24F0020843F00202041002010B50B4C7B
:10E4C0000B4A2378063B13700BF07BFF094B188037
:10E4D000094B0A4800221A602278FF21D20012F06C
:10E4E000F0FD074B04221A7010BD00BF5D1500201F
:10E4F00001510020B04D002020410020843F002029
:10E50000F14F00202DE9F84307460BF056FF054672
:10E510001A4810F0B6FE1A4B48B31C683C1B2C443A
:10E52000A4B2184BDFF864901B78174D99F800607F
:10E5300005EBC30500225FFA82F8464509D9AB888E
:10E54000A34205F1080015D9B21AD200294612F0EB
:10E550009EFD013689F80060AC80B8F1000F03D150
:10E5600006483946FEF754FC2846BDE8F8831D608E
:10E570003C46D6E701320546DDE700BF30130020F8
:10E580006048002004510020CE4C0020055100209E
:10E590002DE9F74F0BF011FF294DDFF8B480294F1B
:10E5A0002978294C97F800A01FFA80FC0646B8F895
:10E5B000000004EBC103ACEB000903EBCA024FF00F
:10E5C000000EA0EB0C0000921FFA89F95246019050
:10E5D000F3460098984217D1BEF1000F00D0297081
:10E5E000524503D200203A70FDF712FB3B7823B36B
:10E5F0002B781648C8F8006004EBC304A18803B068
:10E60000BDE8F04FFEF704BCB3F804C0CC450FD80A
:10E6100093F802C0A3F804B00CF1FF3C0131013AB9
:10E6200083F802C0C9B2D2B24FF0010E0833D0E76E
:10E6300001988444A3F804C0F8E703B0BDE8F08F64
:10E640000451002005510020CE4C00203013002042
:10E650006048002013B5184A184C1378013BDBB210
:10E660001370206861686A4603C2154A12781A441A
:10E67000D20004F10801204612F009FD9DF8023095
:10E6800013F00F020AD11B09BDF800000CBF0121D5
:10E69000002102B0BDE8104002F046BCBDF8040005
:10E6A000FFF730FF8288ADF804206A46034603CAAC
:10E6B0001860596002B010BD04510020CE4C0020FB
:10E6C00005510020F8B5094D094F0A4E00243B784A
:10E6D0003178E2B20B449A4204F1010400DBF8BD48
:10E6E0002846FDF789FF0835F1E700BFCE4C002032
:10E6F000055100200451002070B5104B06460D4610
:10E7000010460F491A780F4B09781B780B44934237
:10E7100006DB1F204FF6FF710EF011F8002070BDD0
:10E72000FFF7F0FE01350680857004460BF040FED1
:10E73000E0800020FDF76CFA0120F0E75A15002078
:10E7400005510020045100202DE9F041154FDFF85C
:10E750005C803E7898F80050DFF854C072190023AE
:10E76000DCB294421BDA3CF83410814203F101031D
:10E77000F6D1E000631CD21A00F10801D200614416
:10E78000604412F084FCA5428BBF05F1FF3506F111
:10E79000FF3688F800503E700CB9034B1C70BDE882
:10E7A000F08100BF055100200351002004510020DA
:10E7B000CE4C0020044B054A1B781278D3420CBF84
:10E7C00001200020704700BF0451002005510020A7
:10E7D000024B1878003818BF012070470451002000
:10E7E00008B5094B094800211970094B1970094BEC
:10E7F0001970094B1A78D20012F063FCBDE808408A
:10E800000648FEF7A1BB00BF05510020CE4C0020FA
:10E8100004510020035100205A150020301300201D
:10E8200010B50B4C23784BB10A4802F079FC58B173
:10E83000084B0121188810F0A7FE08B9002010BD70
:10E84000054B01221A70FAE7FFF704FFEAE700BF61
:10E8500004510020CE4C00200351002010B50E4B77
:10E860001B78B3B10D4C238883424FF0000310D1C5
:10E870000B4A137049B9A3781033A37011F095F9BE
:10E8800018B9A37823F00F03A370FFF7E3FE01206C
:10E8900010BD1846FCE700BF04510020CE4C0020FC
:10E8A0000351002010B5044601460822094812F021
:10E8B000EEFB237B022B0AD8002B14BF312201224E
:10E8C00005490B709423CB73044B1A7010BD0023C1
:10E8D0000122F5E7B64D0020B24D0020FA4F00208E
:10E8E00070B5064692B00D460020C97AFCF7CAF909
:10E8F00058B395F90A0010F015FD044638BB154BC6
:10E90000EA7A83F85820AA7A83F85A2001466A46A0
:10E91000FDF774F94FF6FE739E424FF0000118BFE9
:10E920002B89ADF8066008BF4FF6FF736A460846AC
:10E93000ADF80430FDF742FC28B9074B2A895A800C
:10E94000204612B070BD0224FAE78A24F8E78B242F
:10E95000F6E700BF80470020B24D0020014BD8737E
:10E96000704700BFB24D0020014B1878704700BFC0
:10E97000B24D002010B5054C2378112B03D004486C
:10E98000D421E7F70BFA4123237010BDFA4F002082
:10E990003ED70300064B1B78042B014604D1054AE1
:10E9A000137C0533137470470348FEF731BA00BF78
:10E9B000FB4F0020B24D00205013002008B5064840
:10E9C000FDF71AFE0548FDF717FE0DF013FFBDE831
:10E9D000084000F057BF00BFAC4D0020EA4D0020BA
:10E9E000064B1878332806D000F0EF00A0F143035F
:10E9F0005842584170470120704700BFFA4F00202D
:10EA000008B5084B00224FF6FE701A7010F0DBFCC0
:10EA10004FF6FF7010F0F4FC034BD87BBDE80840C4
:10EA20000BF08ABFFA4F0020B24D002008B5064B0C
:10EA3000187838B10548FEF7D7F94FF47A73B0FB70
:10EA4000F3F0C0B208BD00BFEF4F0020E04000204F
:10EA50002DE9F0438BB007469DF84890154698463F
:10EA60000E4649B9104605AC11F0DDFF214611F004
:10EA7000BDFF932818BF2646B9F1000F0AD1124BEB
:10EA80001B781BB9284611F0DBFFD0B9284608F0E7
:10EA900069FE02E0284611F0D3FF80F00104E4B2E1
:10EAA0009DF8503002939DF84C300394CDE90093CB
:10EAB0002A4643463146384610F0A3FE0BB0BDE867
:10EAC000F0834C46ECE700BFF64F0020014B0022DC
:10EAD0001A747047B24D002008B5002009F004F800
:10EAE000024B00225A609A605A8008BDB24D002045
:10EAF00010B5144B1B78033B012B16D8124BB3F8FF
:10EB000068204FF6FF739A420FD10320FEF738FBBF
:10EB100001F0AAFEFFF7E0FF0020FCF76FF878B1E4
:10EB2000BDE81040002010F093B9FEF719FB044631
:10EB3000FEF710FB0146204606F054FE0220E5E7F2
:10EB400010BD00BFFB4F00208047002008B5114AD0
:10EB5000114BD8731378032B1BD0D3B1332B01D0B7
:10EB6000432B10D10D4B1B78033B012B05D80323FE
:10EB70001370BDE808400BF0DFBE0BF0DDFEBDE812
:10EB80000840FFF7B5BF21231370BDE8084001F02E
:10EB9000D1BC08BDFA4F0020B24D0020FB4F002031
:10EBA00008B50348FEF7D0F9FFF796FF702008BDBF
:10EBB000E040002038B5114D2B78834218BF2870F3
:10EBC00004460EF0B6FA80B124B920460EF0B3FA2E
:10EBD00002220DE001200EF0AEFA2B781A1F012A56
:10EBE00005D9062BF4D1032202E0002CF5D1012235
:10EBF0000021BDE83840084610F032BDFB4F002030
:10EC000030B585B0044668460D4610F0E4FD94B179
:10EC100000212846144A10F01BFF144B20681B7873
:10EC20008DF80430124B61681B788DF8053002AB0B
:10EC300003C304F0E7FF0F4B93F8582093F85A30C2
:10EC40008DF803208DF8023010F0CEFBADF80000F7
:10EC500010F0ADFB1023ADF8060007226946002036
:10EC6000FEF7ECF905B030BD00F8FF0752150020A3
:10EC7000FB4F00208047002010B50F4B1A780F4B38
:10EC80000446002083F85820FBF7B8FF10B100209D
:10EC900010F0DEF800210846FFF7B2FF0EF03BFA55
:10ECA0002046FDF7C3FA9B200BF046FE044A0023E2
:10ECB0001380044A138010BD0651002080470020B5
:10ECC000944D0020924D002010B5014604460020CE
:10ECD000FBF7D8FF90B10C4B1B78023B032B0FD8EE
:10ECE0000A4B1C70FCF7E2FD60B9094A0949FCF7C0
:10ECF000E3FF002814BFA120002010BD8A20FCE7FC
:10ED00007020FAE73D20F8E7FA4F00200651002076
:10ED10005514020079EC0100F8B50646FCF7C6FD73
:10ED2000044668B9FBF76AFF50B1064D204695F8D6
:10ED3000587085F8586010F08BF810B185F858704D
:10ED40003D20F8BD804700201FB50446684610F0FE
:10ED500042FD9DF805305A1E052A09D8054A9DF83E
:10ED600004101278914203D12370002004B010BD2A
:10ED70009320FBE7521500202DE9F041274B1D7829
:10ED8000022D80460E46174606D0032D43D118B9F2
:10ED9000234B1B689B073ED43320FEF7F1F901F0AB
:10EDA00019FAB6F1006F36BF1E4B05221A783146AC
:10EDB0000620FEF7CFFD10F0FF0425D11A4D0120EB
:10EDC0002C7300F0BBFD10F00FFB68802846B8F1F3
:10EDD000000F0DD0022300F8043B10F07FFD6C7390
:10EDE000AF73394630460DF0E3FC2046BDE8F081B4
:10EDF000012300F8043B10F071FD6C73AF733946CA
:10EE000030460DF0D4FCF0E72846FEF7B9F9B8F12A
:10EE1000000FF4D0E5E77024E7E700BFFA4F0020C9
:10EE2000344100207E150020B24D0020034B18789D
:10EE300018B9034B034A1B78D05C7047F94F002088
:10EE4000FB4F00202CD8030038B5437BDB0704467A
:10EE500003D590F909000EF05DF9104B002583F8F9
:10EE600059502079FFF758FFFFF7E0FF61882488A9
:10EE700003462246284608F03DFE044620B1942071
:10EE8000FFF764FE204638BD054D06489423C8218F
:10EE9000EB73FDF7BDFF03232B74F3E780470020DE
:10EEA000B24D002050130020F0B5184D93B0064627
:10EEB000A5F868000C4605F16A0709BBC5F86A1099
:10EEC000796000216A460846FCF798FED5F86A305A
:10EED000CDF8123000217B68CDF816306A4608461E
:10EEE000ADF81060FDF76AF9B5F868004FF6FF73EA
:10EEF000984203D014B106490DF05DFC13B0F0BD8B
:10EF00000822384612F0C3F8DBE700BF8047002034
:10EF1000EA4700202DE9F041DFF8BC801F4698F851
:10EF2000003005460C4616461BB170252846BDE844
:10EF3000F081531E052BF8D8FCF7B8FC0028F4D15B
:10EF40003B7B032B14D14FF6FE739C4212D1012E52
:10EF500009D0022EE9D110F02AFA4FF6FB7398423D
:10EF600003D810F024FA044604E010F0B0FEFAE7EB
:10EF7000012EDAD0EDB939462046FFF7B1FC05463F
:10EF80000028D3D198F80030332B03D0532B1CBF6B
:10EF90000F4B98733046FFF70DFE00214FF6FF70C0
:10EFA000FFF782FF0B4B1B78002BBFD011F021FD28
:10EFB000BCE7397BCB1E594206F1FF325941504222
:10EFC000504105F0E7FD05460028D4D0AEE700BF6C
:10EFD000B24D00207F150020FA4F0020F0B51E46EC
:10EFE000184B074687B00C4601F1140051F8045B3A
:10EFF00043F8045B8142F9D109881980D4F80E00E6
:10F00000D4F8121023886D4603C5ADF80830237973
:10F010008DF80B3000238DF80A208DF80C303A461D
:10F020006B464FF6FE710120FFF774FF40B968464A
:10F03000FFF738FC2046FFF707FF08B9024B1E70A8
:10F0400007B0F0BDC44D0020075100201FB5144B80
:10F050001B88DB07044607D44FF6FF700021FFF73B
:10F0600023FF002004B010BD0A231A4601A9012085
:10F07000FDF7E4FFBDF80C204FF6FF739A42EBD08A
:10F080000822FF2101A810F042F90028E4D10CB9B0
:10F090000120E7E7BDF80C0001A9FFF705FFF7E73E
:10F0A000DE4D002038B50C46154610F08CF902F004
:10F0B0009FFF29462046FFF7F7FE00F039FC48B1D4
:10F0C000054BDB790E2B28BF0E230133DBB2034A3D
:10F0D000137038BD0123FAE7C44D002014510020FD
:10F0E00038B51D46FFF716FF0446D0B92B7B032B1E
:10F0F000284603D1BDE8384010F023BCFFF7D2FB0F
:10F10000094B9C8110F033F9084B01211A7881409A
:10F110000620FEF71FFC254610F0FF041CBF044B21
:10F120001D70204638BD00BFB24D00207E15002066
:10F13000FA4F002030B5012087B0FFF787FF154A4E
:10F140000446516810686B4603C384B904F068FD37
:10F1500002A810F040FBBDF80E004FF6FF752246E6
:10F160002946FFF79FFF0DF02AFB07B030BD0A4A82
:10F17000D2F86A00D2F86E10B2F868506B4603C33A
:10F1800004F04EFD02A810F026FBBDF80E006A4602
:10F19000E6E700BFB07B03008047002037B5334B64
:10F1A0001B7804461BB17024204603B030BDFCF729
:10F1B0007DFB0028F7D100F0CBFB14B12C4B22884B
:10F1C0001A800DF10700FFF7BFFD00284AD110F0AB
:10F1D00076FB04460028E7D1264D9DF80700FFF78F
:10F1E000E9FC2B78033B012B27D82046FFF72EFFA5
:10F1F00018B3FFF79FFF00F09BFFFFF779FC01209A
:10F2000010F083F880BB1A4B1B889A0707D51A4960
:10F210000522012003B0BDE83040FFF7ADBD174D1A
:10F2200002230B2229460120FDF708FF2B885B07EC
:10F23000BAD5204600F090FFB6E72B78053B012BAE
:10F24000B2D8FFF777FFFFF753FC2B78052B0CBFE5
:10F2500004200520FDF794FF012003B0BDE83040F5
:10F2600010F053B893249FE704469DE7FA4F00201F
:10F27000DE4D0020FB4F002000F8FF07904D0020DE
:10F280002DE9F7435D4D5E4E012307465C486B73E5
:10F290008846144600F0FCFA0DF03EFF38B9012F05
:10F2A00001D9042F10D1214640460BF07BFB1020E2
:10F2B000002111F0C3FB002800F09880002003B06B
:10F2C000BDE8F043FCF7A4BC002CF0D14D4B1B78FB
:10F2D000212B03D0062B01D0532B02D101F02AF9A8
:10F2E000E5E7FDF7BDFF0028E1D000F021FB38B9CC
:10F2F0002B7B002B0CBFAB209420FFF727FCD6E71D
:10F30000414B0193304600F0C3FA20B13F4840F62C
:10F310005501E6F743FD3949307B01AA0DF0B8FEEF
:10F3200095F80080B8F1000F03D13548FFF78CFD48
:10F33000BDE7DDF8049010F03AF8737BDB07044674
:10F3400003D596F909000DF0E5FE3079304FFFF74F
:10F35000E3FC70880021FFF7A7FDFDF781FF60B196
:10F36000631E9BB24FF6F672934206D910F0AFFCC3
:10F37000B7F8683083420446F8D0204610F023F8EE
:10F38000308810F03DF8B7F868004146C847044699
:10F3900008B91820B1E7B7F868100FF088FC00230F
:10F3A00087F859302B7803F0FB03022B02D020465C
:10F3B00010F017FA002211462046FFF79DF998B188
:10F3C0009423EB73134B1B78042B06D11248C821EE
:10F3D000FDF71EFD03232B7469E70F484FF41671E8
:10F3E000FDF716FD0023F6E7942086E7FFF7F0F916
:10F3F00000287FF463AF03B0BDE8F083B24D002076
:10F40000C44D0020FA4F00201BF902003ED7030034
:10F4100080470020FB4F0020501300207FB5194E7D
:10F42000194D00243278E3B29A4201D804B070BD7D
:10F43000B5F868204FF6FF739A421AD0134B1B8819
:10F44000DB0714D5124AB5F8683010685168ADF87A
:10F450000C3001AB03C30A231A4601A90020FDF7B3
:10F46000EDFD0C4902230B220020FDF7E7FD0134DE
:10F47000D8E70748002208210FF049FF0028F6D1FD
:10F48000DCE700BF5C15002080470020DE4D002037
:10F49000EA470020904D002010B500F09BFE01F0DF
:10F4A000A7FBD8B10E480F4CFDF74EFD0E48017A70
:10F4B0000E30FFF7A5FB23781BB100F0CBF900233A
:10F4C00023700A4B00221A73FFF712FB07F016F99C
:10F4D00000F0E2FEBDE81040FFF7A0BF10BD00BF86
:10F4E0005013002007510020C44D0020B24D0020D1
:10F4F00010B51B48FDF728FD01F07AFB30B1194B20
:10F500001B781BB9BDE81040FFF7C6BF01F070FBC8
:10F5100078B1154C237C83B11148C821FDF778FCE4
:10F52000237C013B23740021BDE810400846FCF712
:10F53000D9BBFDF795FE0028EBD1FDF791FE38B958
:10F540000A4B1B78112B03D003F0FD03412B05D18F
:10F55000054BBDE81040D87BFFF7F8BA10BD00BFDF
:10F5600050130020F64F0020B24D0020FA4F00202B
:10F570002DE9F04F85B00F4602AD044629463846C6
:10F58000914611F043FC4FF0000B82463846CDF80F
:10F5900004B00FF042FC4678022C804606F00206CA
:10F5A00009D85CB1FDF75CFE044600283CD1734BE2
:10F5B00001241B7859E0043C022C2ED9FDF750FEA3
:10F5C00038460FF0A3FB0024DFF8B4A10546A0469F
:10F5D00038460FF022FC50F8093001930DF1050078
:10F5E0000FF0E5FA9DF807B00746B8F1000F09D013
:10F5F000BAF1000F06D062490822504611F037FDDB
:10F60000002851D1BBF1000F34D14FF6F7739F4260
:10F6100030D99420FFF79AFA46E010F02AF9FDF766
:10F620001FFE0446F8B15C464EB1564B1B78012BC9
:10F6300002D0043B012B0BD805B0BDE8F08F4F4B37
:10F640001B782BB14F4B1B7803F0FB03022BF3D03D
:10F65000BAF1000F404608BF002511F0CAFB4FF079
:10F6600001088246B4E7454B1B78002BF0D0002EF2
:10F67000EED1E1E7DFF8049199F8003003B11EB351
:10F6800014B3414B1B78022B1ED1BBF1000F14D1D8
:10F6900038460FF098FE58465946FFF7B1FA07F082
:10F6A0002DF899200BF048F90020FBF7A7FA002865
:10F6B000C2D000200FF0CCFBBEE7FDF7D1FD48B172
:10F6C0003248FDF741FCA4E7FDF7CAFD10B1BBF1DC
:10F6D000000FF5D1FDF7C4FD0028E5D02846FEF760
:10F6E000BDFBFF28DFF8A0A0294C03D09AF800301A
:10F6F000012B04D1B4F868002946FEF70BFDFEF794
:10F70000C7FD2A46B4F868103846FFF7CBFC214BFA
:10F71000214A93F906301B0213809AF80030012B1E
:10F7200018D0312B14BF432311238AF800301B4B10
:10F7300016481968134CFDF76BFB00F0F9FC99F8BB
:10F7400000100023237439B91048FDF761FBAD2385
:10F75000E373A9E71123E8E7B8F1000F03D016B16E
:10F76000FFF79AFEF3E70E4B1B78042BEFD1074807
:10F770000521FDF74DFB09232374E8E7F64F002030
:10F78000F5500020B24D0020FA4F00205013002009
:10F7900080470020C44D0020DC4D00207013002065
:10F7A000FB4F002070B508468AB00D460FF035FBC0
:10F7B000092200210646FBF7ADFD044628460FF05E
:10F7C000A5FA0DF10703052202A928460CF0FCFF5B
:10F7D00002281AD09DF807301C44E4B204F110024C
:10F7E0000023D2B229460120365D0BF03FF860B10C
:10F7F000022E0AD1064B1B78012B06D1054B187837
:10F8000018B922462946FFF7B3FE0AB070BD00BF03
:10F81000FA4F0020B24D0020064B187040B1064B45
:10F820001B882BB14FF47A7104485943FDF7F0BAA5
:10F83000704700BFED4F002006150020004000205B
:10F8400008B5FDF781FB024B00221A7008BD00BF0E
:10F85000ED4F0020034A044800231380034A13702D
:10F86000FDF772BBE04D0020741300200951002009
:10F8700008B50348FDF768FBBDE80840FFF7EABF9D
:10F88000741300200148FCF7B7BE00BFE04D002014
:10F8900037B5054698B10C4B1B7893B100210B4846
:10F8A0000FF00AFB00240146162300942246284646
:10F8B0000FF026FC064B20461C7003B030BD022022
:10F8C000FBE77020F9E700BF09510020E04D002060
:10F8D00008510020F7B5054618B3134C1348237898
:10F8E000124F0133002123700FF0E6FA0026014683
:10F8F000237819B9013B237001200AE0F2B2934248
:10F9000009D1002400941623224628460FF0F8FB64
:10F91000204603B0F0BD38460FF024FB0136014607
:10F92000E6E70220F5E700BF08510020E04D002087
:10F93000014B1878704700BF0951002025289DBF52
:10F94000024B187000200220704700BF8015002075
:10F9500007B5012318460D220DF10701FDF76EFBD7
:10F960009DF80720024B1A7003B05DF804FB00BF3E
:10F970000815002084B010B502AC84E80F002548BB
:10F98000089C08220DF1160111F071FB38BB9DF89F
:10F9900015309B0705D4204B1B7803F0FD03312B5A
:10F9A00023D11E496378097803F00F028A4203D0FD
:10F9B000012928D1022A18D12278B2B91B09022BB9
:10F9C00013D194F90230002B21DB154BB3F86820DA
:10F9D000BDF80A309A4208D1FFF702F806E00D4858
:10F9E000002208210FF093FC20B90020BDE8104050
:10F9F00004B070470B4BBDF808205B889A42C6D014
:10FA0000002BC4D0F1E70229EFD1012AD3E701206E
:10FA1000ECE700BFB64D0020FA4F00205215002041
:10FA200080470020B24D002084B02DE9F04788B017
:10FA300010AC84E80F00DFF814A1424BBAF80220A2
:10FA40009DF845909DF94A609DF85D809DF95E1096
:10FA50009DF860509DF962C09DF946409DF8487040
:10FA60001B7812F0010E2DD09DF86500C0F3400206
:10FA7000C0F38000002B42D0334B1B78012B00D108
:10FA8000F2B1C0B19AF800301E335BB29942D4BFD4
:10FA9000002101219C42D4BF002301238B4209D1C4
:10FAA000B44508DC0CD1E81BC0B280288CBF002014
:10FAB000012000E0084608B0BDE8F04704B07047F8
:10FAC0000020F8E7920719D5CBB15FEA5C0C14BFB0
:10FAD00001200020760814BF012300238342EAD1CD
:10FAE000EB1BDBB2802B0AD9AF42E9D18C4206DB9B
:10FAF00025D1C1452CBF00200120DCE70BB9012036
:10FB0000D9E7AF4204D18C42F9DB01D1C145F6D32C
:10FB100016AE0FCE02AC0FC496E8030044F8040BF7
:10FB20002180DDE9140110AB0090ADF804100FCB7B
:10FB30000DF0A7FA0028E2D1AF42B4D1BBE770467E
:10FB4000B9E700BF09510020FA4F00200815002036
:10FB500084B02DE9F04F8FB06A4E18AC08AD84E840
:10FB60000F0016220021284611F0ABFA33783BB97A
:10FB70000024654B32781B789A4239D2002726E060
:10FB80006248DFF8889100210FF096F900270446BB
:10FB9000B846002C45D13FB15C48224639460FF0AB
:10FBA0000AFA3378013B33703378002BE0D05748A2
:10FBB000DFF858B100210FF07FF94FF000098046BF
:10FBC0004F46CA46B8F1000F6CD1002FD1D0162194
:10FBD000002218A80FF059F9014648B1002F00F093
:10FBE0008B804A4822460FF094F933780133337002
:10FBF000454B32781B789A4207D944480022018845
:10FC00000FF0D9F93378013B33703378012B03D1EE
:10FC10003F494048FDF7FCF80FB0BDE8F04F04B095
:10FC2000704700222146CDF80080162328460FF0A9
:10FC300067FA1622294618A811F019FA0028EBD005
:10FC40009DF864209DF824309A4225D1BDF86020AB
:10FC5000BDF820309A421FD108220DF12E010DF17E
:10FC60006E0011F004FAB8B90DF1600CBCE80F0099
:10FC700002AF0FC79CE8030047F8040B0EAB3980B6
:10FC800013E903000090ADF8041095E80F00FFF7AA
:10FC9000CBFE0028C0D02746214648460FF062F927
:10FCA000044676E7162300224146CDF800A02846F8
:10FCB0000FF026FA0DF1600CBCE80F0002AF0FC781
:10FCC0009CE8030047F8040B0EAB398013E90300EE
:10FCD0000090ADF8041095E80F00FFF7A5FE074669
:10FCE00020B1B9F1000F04BF444681464146584651
:10FCF0000FF038F9804665E704483A460FF0E2F81D
:10FD000073E700BF0951002080150020E04D00205E
:10FD100020BF0200741300202DE9F04F9FB010AFF8
:10FD200000210446162238460E91CDE90C11CDF87B
:10FD30003B1011F0C6F90DF11F03052216A920464C
:10FD40000CF042FD0228804600F0FD8020460FF0B6
:10FD500064F806460EF02BFF8146F01C0EF027FFDC
:10FD6000ADF84000701D0EF022FFB8F1010FADF8A4
:10FD70004200204640F0EA800FF04FF8054620464A
:10FD8000FCF714FE0D352D1AEAB23B462146082039
:10FD90000AF06CFD002800F0D68020460FF042F8F3
:10FDA000B8F1010F9DF84D30834640F0E88043F0F4
:10FDB000010300258DF84D3016AE04953388022BD3
:10FDC00058D1F1780231C9B22046FCF7DFFF1B2879
:10FDD00050D1F1780331C9B22046FCF7D7FF19287A
:10FDE00048D1F1780431C9B22046FCF7CFFF4A2848
:10FDF00040D14FF0050AF17801315144C9B2204693
:10FE0000FCF7C4FFF17851448046C9B22046FCF7A4
:10FE1000BDFF00EB082083B200F03F02932B059258
:10FE200040F09C8096F80380D0445FFA88F808F18F
:10FE30000203DBB204930023049A009321460F23AC
:10FE40000CA80FF05DF908F11101C9B220460FF0BE
:10FE5000A4F908F113010546C9B220460FF09DF937
:10FE6000ADF84200059B023353445FFA83FA3379BD
:10FE70005345C0D806360DF17603B3429ED19DF8A6
:10FE80004D20C5F3C03363F3410220468DF84D2069
:10FE90000EF05AFF8DF8440020460EF04AFF8DF810
:10FEA000450020460EF04AFF9DF832308DF846009E
:10FEB000C3F3C3028DF84720DDF83320CDF84E2080
:10FEC000BBF1190FDDF83720CDF852208CBF9DF81B
:10FED0003E2000228DF8482003F003028DF84A20CE
:10FEE0009DF84D20DB0963F382026A4B8DF84D20AB
:10FEF0001B78022B58D1BDF840600FF075FA86428E
:10FF000052D108A80FF0EAFCBBF1190F49D9082219
:10FF10000DF14E0108A811F0AAF800283ED1B9F55C
:10FF2000004F02D0B9F5624F0DD125F4404540F69F
:10FF3000FF739D4207D1002208210DF14E000FF002
:10FF4000E6F9002840D01FB0BDE8F08F0EF065FF45
:10FF500005462046FCF72AFD073514E7412B81D1E1
:10FF6000F17802315144C9B22046FCF70FFF4A4BE9
:10FF70001B78C3F1B30318448DF8490072E76FF39F
:10FF80000003F01D8DF84D300EF011FE0CA9054652
:10FF900020460FF009FD0023049370E700F018FDE0
:10FFA000BDE700F015FDCEE7B9F5004F02D0B9F579
:10FFB000624FC8D125F4404540F6FF739D42C2D13F
:10FFC000BBF1190FBFD9B6E7BBF11A0F06D00499E0
:10FFD0001F313A46C9B220460DF059F82F4C304D2A
:10FFE000637BDBB12B78012B1DD1012323730CAB79
:10FFF000029314AC94E803000090ADF8041097E865
:020000022000DC
:100000000F00FFF7B7FC90B194E803000090ADF843
:10001000041097E80F00FFF79BFD08E0FDF720F9BB
:100020000028DFD0E1E703F0FD03042BDDD02B78BF
:10003000012B01D0042B86D11A4BDDF84E001B7822
:100040008DF82230BDF84030ADF820309DF84D30AD
:10005000DDF85210C3F340038DF823309DF83130A2
:1000600003F00F038DF82C309DF848308DF82D30BB
:1000700009AB03C30C4B1B681BB1394608A8984752
:1000800061E79DF946209DF8451008A80AF075FC27
:1000900059E700BFFA4F002010510020B24D002058
:1000A000FF5000200F5100205848002010B50AF0E2
:1000B00084F9114B1B78022B1CD1104A1468A04202
:1000C00018D00F4910600A68121B10440D4A0860CE
:1000D00012786AB1013A93403C2253434FF47A724A
:1000E0005343984206D9BDE810400320FDF748B8B5
:1000F0000A23F3E710BD00BFFA4F00202C41002077
:10010000284100204E150020064B1B88DB0708D530
:10011000054B002243F82020044A135C63F00F03D0
:1001200013547047E24D0020FC3F0020D84F0020C0
:1001300008B50AF042F9034B1860034B00221A601D
:1001400008BD00BF2C41002028410020014B186849
:10015000704700BF2841002008B50C48FCF7F4FEAA
:10016000FDF752F880B10A4B0322B3F86810012062
:100170000CF0CDFF074B05481B884FF47A715943AB
:10018000BDE80840FCF744BE08BD00BF9413002042
:1001900080470020F0140020014B18800020704799
:1001A0000C150020044A054B1870138823F0030334
:1001B0001843108000207047E24D00204F150020AA
:1001C000034B1888C0F30E00003818BF0120704799
:1001D000904D002008B5FFF7F3FF30B1044900202F
:1001E00002230B220880FCF729FF002008BD00BF76
:1001F000904D0020024B1888C0F30E00704700BFDE
:10020000904D0020084A094900231370084A1370D2
:10021000084B094A1B7843F0040313800120022392
:100220000B22FCF70BBF00BF0C510020904D0020AB
:100230000B5100204F150020E24D002030B585B055
:100240000024114D019401210B2300918DF80C30F5
:100250008DF80D000323B5F868008DF80E4003AA51
:1002600010F064FD68B1B5F868100FF07AFC40B189
:10027000064B074805221A70064B64211C70FCF7D8
:10028000C7FD05B030BD00BF804700200B510020E6
:10029000B41300200C510020064B1B78033B012BAC
:1002A00006D8054B1B781BB9044B1878FFF7C6BF5F
:1002B000704700BFFB4F00200A5100204E15002060
:1002C00008B51548FCF740FE144B1978F9B9144AE3
:1002D00013787BB1013B1370124B1B78042B02D1B6
:1002E0000846FBF7FFFCBDE808400B484FF4967149
:1002F000FCF78EBD0C4B1B8803F00303022B0AD1C5
:10030000BDE80840094903220120FEF735BDBDE8DC
:100310000840FFF7C1BF08BDB41300200C510020F6
:100320000B510020FB4F0020904D002000F8FF07EC
:10033000084B1A785AB1013A022393404EF66022D4
:10034000534303210448B3FBF1F1FCF761BD42F2D2
:100350001073F6E74E150020B413002070B5054663
:100360001748FCF7F1FD174B012228461A7010F0D0
:1003700001FD411C0446C9B22846FCF707FDA11C3B
:100380000646C9B22846FCF701FD0F4C0223208027
:100390000B2221460020FCF751FE86B9238803F08A
:1003A0000303022B03D1FFF7C3FEFFF7C1FF23882E
:1003B0005B0704D5BDE870400448FFF7CDBE70BDB3
:1003C000B41300200C510020904D00209413002005
:1003D000F0B5194C238887B03BB3184F00214FF478
:1003E000807010F0FEFA3B78DB071CD501212088D5
:1003F000FCF766FB064620880EF00FFD02300EF07B
:10040000D6FB03A90546208810F09EFD3B7813F02B
:10041000020F0CBF66230023009303AA334629462C
:1004200006200AF0FEF900232380054807B0BDE846
:10043000F040FCF789BD00BFE64D00200D510020C3
:10044000D413002010B504460A48FFF7C1FF01216C
:100450004FF4807010F0C5FA58B1074B05481C8066
:10046000064B00221A70064BBDE810401988FCF7B5
:10047000CFBC10BDD4130020E64D00200D5100204C
:10048000F2140020044A137818B943F001031370E2
:10049000704743F00303FAE70D510020044B1B782B
:1004A0001BB9044A1380FEF7BBB90020704700BF98
:1004B00003510020E44D002030B501F0400387B027
:1004C000002B4FF00402054614BF012400248DF8D0
:1004D0000C208DF80D1004D004A910F0A8FA10B368
:1004E00004ABCDE9004303AA02230121284610F002
:1004F0001DFC0446C8B10E4BB3F868100EF0D7FBD4
:100500004FF6F7739D4209D9322202212046FEF7A9
:10051000F3F880F00100C0B207B030BD2946204694
:100520000FF01FFBF5E70120F6E71820F4E700BF06
:100530008047002010B5FFF74DFE04F047F90FF09B
:1005400048F9002010F065FAFBF7B0F908B1FDF7A3
:10055000ADFA1F4C2378532B10D103230021012027
:1005600023700FF0C6F90020FAF748FB10B1002005
:100570000EF06EFCBDE810400CF0CDBD062B01D096
:10058000212BF0D101200FF080F94FF6FE700EF014
:100590001AFF4FF6FF700EF033FF0020FEF700FB4E
:1005A0000020FEF707FBFEF797FA00F007FB0CF0C0
:1005B000B5FD2378212B02D1FEF722FAD3E70020E4
:1005C000FCF7DEFD00214FF400400FF0FBFFCAE70F
:1005D000FA4F002010B50A4C0A48FCF7B5FC237806
:1005E000062B02D101200FF050F92378062B01D001
:1005F000532B03D1BDE81040FFF79CBF10BD00BFD7
:10060000FA4F0020F41300202DE9F047DFF8C080F6
:1006100004460E461746FFF7DDFD98F8005015B961
:100620007020BDE8F087212DFAD028480EF029FE71
:100630000028F5D114F02004DFF898A0DFF8989096
:1006400005F00F05394630461BD00CF0B3F8012DEC
:100650008AF80070A9F8006029D1212388F80030B9
:10066000FFF768FF0020DCE7212388F80030FFF760
:1006700061FF00214FF6FE70FEF716FCFEF7CEFE7E
:10068000F0E70CF096F8012D8AF80070A9F80060E8
:10069000EAD0062321464FF6FD7088F80030FFF7B8
:1006A0000BFF0A4840F22621FCF7B2FBE1E7532397
:1006B00021464FF6FD7088F80030FFF7FDFE034835
:1006C00040F22621FCF7A4FBCCE700BFF413002086
:1006D000FA4F00200E5100200E150020F8B50D46EF
:1006E000511CC9B206462846FCF750FB0446284672
:1006F0000EF093FB054602300EF059FA164B1B78AC
:10070000022B074602D0043B012B23D8134B1B6856
:10071000580201D5A1061DD562061BD5104BB3F8B2
:100720006830B34216D16B781B070FD5284610F0FE
:1007300060FB0C49082210F09AFC58B9314604F0CD
:1007400020000122BDE8F840FFF75EBF0EF02FFE4B
:10075000B842F3D0F8BD00BFFA4F0020344100206A
:1007600080470020F550002073B504460D4610F078
:100770005AF9FF28034625D0134A12784AB1134A82
:1007800032F81020520404D510F032F9002002B0E3
:1007900070BD184610F03FF96946064610F047F95B
:1007A00040B1FCF7E1FC28B1002302226946304643
:1007B00004F0BEFF45F04001204602B0BDE87040A5
:1007C000FFF77ABE0120E2E7F64F00208A4D0020B5
:1007D00038B505460EF021FB0446284610F0CAFA4B
:1007E000411CC9B22846FCF7D1FA42060DD5637800
:1007F0001B070FD5204610F0FCFA0146002010F030
:1008000010F9BDE8384010F0F3B8BDE838400248B0
:10081000FFF7E0BE38BD00BFF413002038B54FF637
:10082000FF75A842044617D00EF0DEFDA04213D09B
:100830000A4B19884FF6FD7291420DD9084A128869
:10084000AA4201D0A24207D11C800648BDE8384028
:100850004FF47A71FCF7DCBA38BD00BFF814002001
:1008600010150020C040002008B50448FCF76CFBC0
:10087000034B4FF6FF721A8008BD00BFC040002036
:10088000F8140020024A13780BB1013B1370704733
:10089000EB4F002008B50EF0B3FD064B00214FF6DC
:1008A000FF7208461A80FEF7ABF9BDE808409A20AF
:1008B0000AF042B8F814002008B5FCF745FB0A4BD3
:1008C0001B78023B032B08D8084A10884FF6FE73AA
:1008D00098424FF6FF7301D1138008BD9842FCD0B7
:1008E000BDE80840FFF7D6BFFA4F0020F8140020FB
:1008F00010B5084B1B78042B0AD00EF058FD0021D0
:10090000044608460FF085F8231A5842584110BD96
:100910000020FCE7FB4F0020F0B589B0002605461B
:10092000CDE90566ADF81C6010F024FA0A230246F2
:1009300004460096294605A80EF0E2FB9DF8153006
:100940009DF814701F2B27D803A80EF0C7FF0822AC
:100950000DF1160103A810F08AFB0646E0B9092F35
:100960001CD1FFF7C5FFB8B1154B1B78A3B1154BD0
:100970001A884FF6FD739A420ED9134C134A237806
:100980000433DBB223701278013AB3EB820F03DD3C
:1009900058B20AF023F9267009B0F0BD04F10A013B
:1009A000C9B22846FCF7F2F90FF061F804F10B0127
:1009B000C9B228460EF0F1FBFFF730FFECE700BFAD
:1009C00060150020F8140020EB4F00204D1500208A
:1009D00038B5134B1B78033B012B20D9114B1B78E7
:1009E0004FF6FF71ABB1104D2B888B4217D10EF033
:1009F000FBFC4EF6602104460C48FCF709FA4FF662
:100A0000FE732B8022460021BDE8384009200FF0FC
:100A10003CB8074A13888B421CBF0133138038BD92
:100A2000FB4F002060150020F8140020C04000207B
:100A30008C4D002008B50448FCF786FA0021BDE87B
:100A400008400846FBF74EB91414002010B50446C0
:100A500061B1FF210EF082F9002120460EF084F9E9
:100A60000EF046F8014620460EF084F92146034870
:100A7000BDE8104000220EF025BA00BFEA4D00206C
:100A80002DE9F0410D46174604460EF0C6F90678EA
:100A9000284606F0E5FD2946804620460EF007F977
:100AA0000EF085FCA84206D120460121FFF7CEFFBB
:100AB0000120BDE8F0812846B8F1000F0AD006F009
:100AC00051FE50B9144B3A4620461978BDE8F04122
:100AD000FDF712BE0FF0B4FFF3E706F00306012E98
:100AE00008D00EF064FC00232246294602F09AF951
:100AF0000028D9D120460EF096F8430505D52046AA
:100B00000021BDE8F0410EF03FBD20460FF076FF1A
:100B1000B0FA80F04009CCE74C15002010B586B043
:100B2000044610F027F9104B024618681979029014
:100B3000D3F805005B7A8DF81430013200238DF86C
:100B40000C100490009321460523D2B204A80EF0A5
:100B5000D7FA052204A902A810F089FAB0FA80F0A9
:100B6000400906B010BD00BF4CD7030008B51148BE
:100B70000EF066FB104B1B78012B06D8FF200FF000
:100B800010FFFDF79BFC0FF02BFFFDF7FBF901F0C9
:100B9000C9FCFFF737FB0CF0B1FA0CF0B0FAFDF727
:100BA0001FFE07F019F90BF007FEBDE8084002F040
:100BB00037BC00BF40480020D14F002008B5F0F7F7
:100BC00083F9FF2803D0094B1B78012B06D900209D
:100BD0000FF0E7FEFDF772FC0FF002FFFDF7D2F910
:100BE00001F0A0FCBDE8084002F01ABCD14F002083
:100BF000064B1878112806D000F0FD00A0F1410343
:100C00005842584170470120704700BFFA4F0020FA
:100C10002DE9F8430446FDF7F9FB18B100263046EC
:100C2000BDE8F883194BB3F868104FF6FF784145DB
:100C3000F4D020460EF03BF8154B02211A882046CE
:100C4000FDF75AFD06460028E8D020460EF0E5F8EC
:100C500090F80790054604300DF0A9FF07460EF006
:100C6000A6FB494602463846FDF7E8FBA81C0DF0F6
:100C70009EFF404502D12046FFF7E4FB2B789B07FF
:100C8000CDD101212046FFF7E1FEC8E780470020D3
:100C9000E84D0020F8B507460EF0BFF805460430D1
:100CA0000DF085FF0646A81C0DF081FF0446304676
:100CB0000FF0B9FE304606F0D3FC2B789B0701D12C
:100CC0000EF075FBAB790BB90320F8BD0EF06FFB8E
:100CD000A0420CD10EF06BFB0446094B21461A785A
:100CE0003846FFF7CDFE0028EED00020EDE7054B9B
:100CF0001B78052B1CBF044BB3F86840EDE700BF21
:100D0000E84D0020FB4F0020804700202DE9F041F6
:100D1000064610460D4610F02DF8A0F11004E7B27B
:100D200056FA84F4EA1B214604F10E0010F0AFF9E4
:100D30002823F355DFF8408098F80030637301F002
:100D400003FC611C024601200DF037FF094908220F
:100D5000601D10F09CF998F800000FF08FFC05F171
:100D60000E0130463B460022C9B201F099FC122028
:100D7000BDE8F081F5500020F54F00202DE9F04F3F
:100D800087B004460EF049F8064620460DF0A8FF4D
:100D90000746301D0DF00BFF8146B01C0DF007FF1C
:100DA000384696F807A00FF04DFE33789A0769D1C0
:100DB0002146042001F07CFD002863D020460FF07E
:100DC000D9FF01462046FBF7E1FF83075AD12046B1
:100DD0000FF0D0FF01462046FBF7D8FF10F00303C9
:100DE00003934FD12046FFF799FE00284AD02046B2
:100DF00010F099F800F1010B05462046FBF7F2FDD3
:100E00005FFA8BFB0BF10A03834264DA334A106802
:100E1000516804AB03C3A91CC9B22046FBF7B6FF57
:100E2000594680462046FBF7B1FF05F10B0100EB68
:100E300008201FFA80F8C9B22046FBF7A7FF039BE2
:100E40000093EA1C0823D2B22146834604A80EF080
:100E500057F920460DF044FF5A4641460CF065F91B
:100E6000012204A9404601F083F9A0BB02200CF046
:100E700047F902200CF044F9013003D104A940469F
:100E8000EFF714FF0EF093FA48453A46514607D162
:100E90000EF083FCF8B907B0BDE8F04F0EF016BFB6
:100EA00048460EF07AFCB0B90D4B1B781BB9394699
:100EB00048460EF030FE3A4651464846FDF7BEFA27
:100EC00048B1317811F0030105D1204607B0BDE8E3
:100ED000F04FFFF7BBBD07B0BDE8F08FB07B03005C
:100EE000F14F002038B50F4D2B78023B012B15D860
:100EF0000CF01DF9044698B9FFF7D8F82B78032BAE
:100F0000214604D101200EF0F4FC012038BD20461A
:100F1000FAF7E8FE003818BF0120F7E79320F5E75D
:100F20007020F3E7FA4F00202DE9F34105460E4605
:100F300014460DF082FE0C28284644D10DF06DFFBA
:100F400009220021FAF7E6F900F11001C9B228469A
:100F5000FBF71CFF042813D07C282AD0012840F07E
:100F60008D8046B9132128460EF017F902B0BDE86E
:100F7000F0410EF045BA02B0BDE8F041FDF7A6BD64
:100F8000624B1B78022B79D146B9FFF733F9C307BF
:100F90000AD5FFF7CDF8002C08BF3126304602B045
:100FA000BDE8F04109F038BDFFF70AF90028F0D09C
:100FB000F1E701212846FBF783FD314602B0BDE889
:100FC000F04109F0C2BD0DF028FF804604300DF05D
:100FD000EEFD074608F102000DF0E9FD4FF6F7734C
:100FE000984204464DD84A4A138801339BB2138075
:100FF0000BB9484A1380DEB998F8003003F00303B8
:10100000012B12D128460FF0B5FE01462846FBF70A
:10101000BDFE0B2846D00D2844D004282ED12846EA
:1010200002B0BDE8F041FFF7D3BB3BBB002133E08A
:10103000384A13880133138098F8006006F00306DD
:10104000012EDFD0D6B96621284603F099FC98F826
:10105000018018F0040840D120460FF0B2FC05468C
:10106000204655BB0FF0ECFC034600284BD12A4A22
:1010700000901278214638460EF0BEFE02B0BDE860
:10108000F08198F8003003F00303012BBAD0002B55
:10109000F4D1002ECAD06621284602B0BDE8F04146
:1010A00003F06EBC1D4B1B78042BE7D100210846D2
:1010B00002B0BDE8F041FAF715BE0FF0C1FC0346DF
:1010C000B8B900900C22214638460EF095FE0C224D
:1010D0000023009339462046CEE720460FF0B0FCAF
:1010E000034610B900900B22C4E70096334606224F
:1010F000C0E70622CDF800804346214638460EF070
:101100007BFE0622E4E700952B46F0E7FA4F00202D
:10111000944D0020924D002082150020FB4F0020AE
:101120002DE9F04F05888BB0044628460DF075FE7A
:10113000074604300DF03BFD8146B81C0DF037FD2D
:1011400005A9804628460FF061FE28460FF012FEE2
:10115000014606462846FBF719FE3B7803F00303D9
:10116000012B0CBF83464FF0FF0B824609F020F99C
:10117000E388029301900EF01AF9FB79009048463B
:10118000039300F057FF002876D1404600F052FF4D
:10119000002840F08880FDF7E7FB8046FCF760F808
:1011A00010B9FFF725FD30B1A8F104085FFA88F8FF
:1011B000B8F1020F1BD90BF0FD03042B00F0B38034
:1011C000FFF716FD20B10AF0030ABAF1010F0ED0A5
:1011D000FCF71AF828B9714B1B7803F00F03062BA4
:1011E00068D16F4B2846B3F868100DF060FDBBF175
:1011F000010F63D128460DF044FD4FF6FF7398426E
:1012000040F09180002307AA314628460FF0E1FB09
:101210000746002842D042799DF82530934209D9EB
:10122000711DC9B22846FBF7C5FDA37823F00F0353
:101230000233A370E4F70CFF7E23B0FBF3F202FB52
:10124000130303F58073A3809DF8263013F0180F65
:101250000AD0A3781B0707D1009B4B4504D07A79AD
:1012600005A9484609F0F9FB9DF82700003818BF8A
:1012700001200BB0BDE8F08F28460DF0CEFD023006
:101280000DF095FC4FF6F773984207D9039B2BB9E5
:101290002846FFF743FC00287FF477AFA37823F0BC
:1012A0000F03A37008E040460FF0CCFB00287FF44A
:1012B00072AFF3E72823A3800020DAE7BBF1020F27
:1012C00054D1012307AA314628460FF082FB8046FD
:1012D0000EF06DF8BDF8223098421FD1B8F1000F22
:1012E000DCD0B8F802300122314628460FF06FFBFF
:1012F0002C4A13780133DBB2FB711370B8F802305B
:10130000BDF81E209A421FBFA37823F00F030233BB
:10131000A3704FF4C873A3800120AAE718460FF00A
:1013200091FB0028DAD128460DF0ABFC0EF032F824
:10133000012808BF1C4BA27801BF1B7803EB830375
:1013400003EB83039B0006BFFA339BB2FA23120917
:10135000A4D1DDE90121521A92B293429ED3E4F75F
:1013600077FE00F01F001030A080D5E7BBF1030F1F
:10137000D9D1009B4B45D6D1711CC9B22846FBF789
:1013800005FD0C28CFD1FCF7ADFF4FF6FF73984257
:101390000146C8D028460DF08AFCC4E7FA4F002069
:1013A00080470020F84F00205A1500202DE9F04119
:1013B00005460C460DF041FC082802D10120BDE88D
:1013C000F081201D0DF0F3FB0646284694F80780B7
:1013D0000DF086FC074628460DF025FC010612D5C7
:1013E000184B1B78042B0ED1174B1B78022B0AD1FC
:1013F000164BB3F868204FF6FF739A4203D00021D2
:101400000846FAF76FFC124B1B78002BD6D1A01CB4
:101410000DF0CDFB4FF6F773984202D86378DA07E8
:101420000DD523789B070AD13A46414630460EF047
:10143000B4F980F00100C0B200F00100BFE7012064
:10144000FAE700BFFB4F0020FA4F00208047002042
:10145000135100202DE9F04F9BB004460DF0EDFB39
:10146000054620460DF0E9FB08284CD12046ADF892
:101470005840FBF7B7FABDF85820A0F11005EDB2BF
:1014800010461023009500210DF074FE294616A881
:101490000DF01DFE2046FBF789FA05462046FBF7B6
:1014A000A1FAC1B22846FCF7AFF8ADF85A408DF862
:1014B000590048B92046FBF779FA01460DF1590069
:1014C000FCF7DCF88DF85800BDF8582048F201030D
:1014D0009A4202D120460BF071F99DF85930402B09
:1014E00005D120460BF06AF91BB0BDE8F08F802BC8
:1014F00003D016A809F043FBF6E716A80BF00FFE81
:101500000028F6D0F0E720460DF0D7FBB0F5006FCD
:1015100040F0FE8020460DF0E3FB0646042D40F02F
:10152000FA8020460DF07FFB80F40060C0F3C020FD
:101530000022314640000BF002F9914B1A78022A42
:101540000DD0FFF755FB50B902F0FD03312B06D04B
:10155000043A012A03D98B4B1B78002BC4D02146B7
:10156000022001F0A5F905900028BDD02046ADF875
:1015700042400DF052FC0446BDF842000DF0B0FBB5
:101580000546201D0DF013FBA31C83461846089347
:101590000DF00DFB11A90746BDF842000FF036FC17
:1015A0002378069003F0030ABDF84200637809939C
:1015B0000FF0E0FB63780D930646284606F050F8DE
:1015C000BAF1010F0CBF032302230F936E4B0E9051
:1015D0001D80237803F03C030CBF4FF00B084FF045
:1015E0000A08082B80D1BDF84200FBF7FBF9B04296
:1015F0007FF67AAFBAF1010F03D023789B077FF40F
:1016000073AF624BB3F86830AB420DD1604A614BA7
:10161000B2F9001093F90030002900F0A18001EB2D
:101620000313A3EB21131380A6F11003DBB20B937A
:101630008DF84130BDF842100DF1410310224046B3
:1016400009F014F900283FF44FAF099B13F002038F
:101650000A9300F00C81504B1B78002B3FF444AFF1
:10166000BDF8428040460FF085FB4FF0000907901F
:101670004046CDE91699CDF86090ADF864900DF034
:101680002FFB079B039003F10E0189B240460FF038
:1016900044FB00286ED00E23079ACDF800904146F7
:1016A00016A80DF02DFD0DF1590101200DF093FA52
:1016B0009DF8653004939DF858300C90282B59D133
:1016C000364908220DF15D000FF0D1FC002851D001
:1016D00004980EF0D3FF002866D1314B049A1B7892
:1016E000D31A1C0646D404F071F801283AD12D4EC5
:1016F00008F063FE3468054624B104F06DF82C1B35
:10170000844237D3002108460EF0F3F8356031E00B
:101710004FF6FD7602E74FF6FF70301A18BF012032
:101720000022314640000BF00AF80C2D0DD1214665
:10173000012001F0BDF800283FF4D6AE214600207C
:101740001BB0BDE8F04FFEF72DB82DB920461BB0F9
:10175000BDE8F04FFEF7E0BA042D7FF4C5AEECE62D
:101760001B0260E704F032F8022803D104F010F8FD
:101770000028BCD00399002219200AF0E0FFB3E64C
:10178000FA4F002013510020064E00208047002011
:10179000DC4D002010510020F64F0020F5500020B5
:1017A000F54F00206C48002001230093079A4B4618
:1017B000102140460EF0A1FD0028DBD0BD4B049A5D
:1017C0001B78934240F0A88003990DF15D0213A8A5
:1017D00005F02EFF012113A805F09AFF48F203013E
:1017E000814613A806F008F8B9F1000F03D00821CC
:1017F00013A80BF039FC40460FF0DAFA03990DF10B
:101800005D0006F0E9F9FE288146B3D0FF280AD131
:1018100003980DF036FFFF28814600F085800DF11A
:101820005D01FCF7C3FCA34B049A1B78934200F0C4
:10183000A1800C99484606F0B5F900283FF454AE53
:1018400048460C9906F0C0F9237898070FD1404616
:101850000FF090FA01464046FBF798FA00F00300BB
:10186000012804D103980DF15D01EFF71FFABDF8CF
:1018700042000DF0D8F9010440F1838020460DF0BC
:1018800096F940F4007189B220460DF092F9BDF846
:10189000420000224FF400410DF0B6F9DDF814804B
:1018A000BDF842100F980DF14103102208F0DEFF41
:1018B00000283FF419AE032866D120460DF077F9D1
:1018C00040F4007189B220460DF073F928460FF0FC
:1018D000B9F8002840F0BC80DDF81480BAF1010F9F
:1018E00040F0BC80BDF84210032000F0E1FF00286A
:1018F00040F0B4803146BDF84200FBF747FA0F28AC
:1019000001467FF6F1AD4FF6F7739F423FF6ECAD1F
:1019100028460EF06BF9E7E50499012003F0B6F9CB
:1019200000287FF451AF25E7237803F00303012B50
:1019300008D140460FF01EFA01464046FBF726FA52
:10194000082894D05C4B1A785C4B1B789A4209D2D9
:101950000DF15D010398FCF7DDFB03980DF091FE9E
:10196000814660E708980DF022F94FF6F773984228
:10197000EED9FFE6484606F08FF900283FF459AF4C
:101980005EE74FF000088BE728460FF05BF8002871
:10199000A4D00A9B002B5DD1B8F1000F58D1BAF149
:1019A000010FBDF842009DD03146FBF7EFF98146AB
:1019B000DFF8148198F80030002B5AD00DF0F7FCB6
:1019C00087427FF491ADBAF1010F40F08580B9F103
:1019D000070F7BD8B9F1050F7FF686AD384B1B7822
:1019E000022B02D0043B012B03D898F80030002BC7
:1019F00046D00D9B9A0640F1BA800E9B002B40F01A
:101A0000B28028460FF00FF8FF2840F0AC805D450B
:101A10007FF46AAD069B002B00F0A38011AB46F269
:101A200004020126ADF8582001930096022316AA5D
:101A3000314628460FF07AF9044600283FF454ADA9
:101A400029460DF034F9314620460DF09DFD4BE559
:101A5000DDF8148028460EF0CEFF3FE7BDF84200C7
:101A60003146FBF793F90A9B814613B9B8F1000F91
:101A70009ED0134B1B78022B02D0043B012BB8D80D
:101A8000284600F0D7FA804600287FF42DAD0DF0EF
:101A90008EFC854226D10B4BB3F868400DF087FCD5
:101AA000CDF80080014643460D2220460EF0A4F9F1
:101AB0001AE500BFF54F0020F44F00205B15002011
:101AC000FA4F002080470020F64F0020A9F10E03B6
:101AD000DBB2012B82D907E509F00303012B7FF468
:101AE00003AD7BE728460EF0ADFF58B90DF07CFC46
:101AF0004FF6FF73984205D0F9F7D8FE10B9284683
:101B0000FCF7AEFA28460EF09DFF88B10DF06CFC94
:101B10004FF6FF7398420BD0F9F7C8FE40B9BAF1FF
:101B2000010F02D1B9F1060F02D028460EF062FF74
:101B3000069BA3B919460122584600F019FB8046BE
:101B400000287FF4D1AC20460FF053F942460146FD
:101B5000384600F00DFB00283FF44BAFC4E411A958
:101B6000E9E7069B5BE7637823F0200363704FF699
:101B7000FC739F423FF4B8AC4FF6FD739F4204D113
:101B8000B04B1B78042B3FF4AFACA3790BB1013BF6
:101B9000A37163785B0727D5002316AA13A95846BB
:101BA00016930EF008FF1698F0B10EF0FDFE804679
:101BB00038460EF038FF169A1379014603F03000CC
:101BC000102806D003F00C0008281CBF23F00C03DB
:101BD0001371137903F03303202B05D1FF2903D0B0
:101BE000012240460EF0EFFE28460EF01CFFFF28B3
:101BF0001EBF954B002243F82020099B03F00108EB
:101C00004FF6F7739F4200F2F980B8F1000F40F0F1
:101C1000CF80294658460DF07EFF0DF0C8FB874265
:101C200000F0F88038460EF00DFF002841D0BAF1E0
:101C3000010F27D1B9F1010F17D1BDF8420042467B
:101C400031460EF0C3FE38460EF0FCFE7F4B1B788B
:101C5000002B72D158460EF0F5FE002866D13846AA
:101C60000EF0F0FE002861D13EE438460EF0EAFEA8
:101C700050B3B9F1030F27D1BDF8420031460EF041
:101C8000F3F831E438460EF0DDFE38460EF0D8FEAB
:101C9000002847D0BDF8422000233946584601F0BD
:101CA000C1F800283ED0BDF842000021FEF7CEFE6C
:101CB0001AE438460EF0C6FE18B1BAF1010FD8D0BA
:101CC000E3E7BAF1010FE0D1604B1B78002BC1D0E4
:101CD000B9F1050F31D10DF06AFB8DF858000DF008
:101CE00066FB000A8DF859000123022216A90DF1A6
:101CF0004200FAF7A7FF00287FF4F6AB711CC9B2C7
:101D0000BDF84200FBF730F80378013303706378C5
:101D1000590715D40DF04BFB834522D000223946DC
:101D20001C202AE5494B1B78002B93D0BAF1010FF8
:101D3000CED063785A0714D502E06378580718D5D7
:101D4000BDF8424020460EF0D7FF411CC9B22046E4
:101D5000FBF70AF80378BAF1010F03F1FF330370C0
:101D600004D0BDF84200FEF795FF09E0B9F1050F78
:101D7000D0D0BDF84200FEF78DFFB9F1030FCDD0F2
:101D80000228CBD116AA002158460EF017FE30B11A
:101D90000379458003F03C0343F0400303710023C3
:101DA0002B4A00931278394658460EF025F8B5E7CD
:101DB000BAF1010F40F0918009F1FF330C2B00F2D2
:101DC000808001A252F823F01F1E02001F1E020095
:101DD000791C0200351E0200551E0200E9140200A3
:101DE000791E0200891E0200951E0200951E020047
:101DF000E9140200AB1E0200B71E0200BAF1010F87
:101E000072D0B8F1000F68D1BDF84200FEF7B6FFFE
:101E1000FFF76ABBBAF1010F7FF445AFCCE7A9F138
:101E200002035A42BDF842005A4131460EF0CEFD3F
:101E3000FFF75ABBBDF8421032465846FEF74EFC3B
:101E4000FFF752BBFB4F0020FC3F00205F15002036
:101E500082150020711CBDF84200C9B2FAF796FF46
:101E60000236F6B20246BDF84230009611A9584635
:101E70000BF02BF9FFF738BB0B9ABDF8421001208D
:101E8000FDF776FBFFF730BBBDF842000EF0A4FD76
:101E9000FFF72ABBBDF84200FEF73EFDFFF724BB6B
:101EA000BDF84200FEF738FDAEE7BDF84200FEF790
:101EB00055FAFFF719BBBDF842000BF02AF9FFF7FE
:101EC00013BBBDF842103346224648460BF0D7F804
:101ED00000287FF409AB49461AE5237A03F003038F
:101EE000012B7FF401AB8FE709F1FF330C2B3FF699
:101EF000FBAA01A252F823F01F1E02001F1E0200BF
:101F0000791C0200351E0200551E0200E914020071
:101F1000791E0200891E0200A11E0200A11E0200FD
:101F2000E9140200AB1E0200B71E020010B51248F1
:101F300000210DF021F80446E8B10CF0FAFE0F4B39
:101F4000187020460CF0FAFE0D4B187020460CF06D
:101F5000FBFE0C4B187020460CF0FBFE0A4B186081
:101F6000012008F03CFA2046FFF774FABDE8104063
:101F7000002008F034BA10BDAC4D002011510020F3
:101F8000105100200F5100206448002070B5144EFD
:101F9000336804460D46BBB10CF04FFE0C2813D13C
:101FA00020460CF03AFF092200210446F9F7B2F965
:101FB000235C042B08D10B4C25B10B4B22781B78EA
:101FC0009A4203D300232370002070BD0748316874
:101FD000FAF71EFF2378013323700120F5E700BFD5
:101FE00068480020125100208115002014140020A0
:101FF00070B50D4D00242C70EEF7F4FEE6B2B04241
:1020000008D80A4B00221A70094B198801B11A80AE
:10201000012070BD30460EF00EFDC30742BF2B7885
:1020200001332B700134E7E7F34F0020EC4F002021
:102030008E4D002038B50B4B1B78054673B101332C
:102040005C08094B1888FAF7B1FC002330F813201C
:10205000AA4205D00133DAB2A242F7D3002038BD3C
:102060000120FCE7EC4F00208E4D002030B50546E6
:1020700085B008460C460EF0D8FCFF280CD00DF0B9
:1020800026FE01220021CDE90112034600922146DD
:102090002A460720FCF7DCFC28460EF0C4FCFF288B
:1020A00004460FD00EF0C7FCC2070DD520460EF037
:1020B000C2FC830708D40B4A32F8143043F480631F
:1020C00022F8143005B030BD0DF001FE01220021D0
:1020D000CDE901120346009207202A46FCF7B8FC1E
:1020E000F0E700BF8A4D0020431E9BB24FF6FA7204
:1020F000934270B504462AD8FFF79CFF38BB194BB2
:102100001B78042B23D020460DF0BBFAFF2801D00A
:10211000FBF7D4FE20460EF049FC08B10EF040FC5F
:102120002046114E114D03F0C9FD204608F0BCFCBD
:10213000317869B12888FAF739FC054601461E2234
:1021400002300EF0A4FF2C8033781E2B07D970BD0F
:102150002020FAF7F1FC28800028EBD1F7E70233C2
:102160003370F4E7FB4F0020EC4F00208E4D002031
:10217000F7B504460D4617460DF019F90646002D31
:1021800041D04FF6FB739C423DD82046FFF752FFEB
:1021900008B1A64237D02046FFF74CFF10B101200E
:1021A00003B0F0BD20460AF00BFBC0B1A642F6D04A
:1021B00004B369462046FBF753F90246D0B908211B
:1021C00068460DF0A4F8A8B90822694628460EF022
:1021D0004EFF78B1294620460DF0A9FDDFE7A64263
:1021E000E6D10A49082228460EF041FF10B10EF050
:1021F000F6FBD4E73FB121462846FBF7F5FF214621
:10220000284603F077FD0020CAE700BFF550002004
:10221000044A13782BB1013BDBB213700BB9024AAD
:1022200013807047EC4F00208E4D00200148FAF7D4
:10223000E3B900BF8E4D00202DE9F04780468CB0F9
:1022400017460D4661B903AE1B48DFF86CA00021AC
:102250000CF032FE4FF0000904461CB920461DE088
:102260000E46F1E700222146CDF8009024233046A7
:102270000CF046FF0822414630460EF0F8FEA8B9A1
:10228000337C9BB96FB945B92A460B4821460CF0FF
:1022900092FE0A4A1388013B138001200CB0BDE86E
:1022A000F0873B88B28953405B06ECD52146504607
:1022B0000CF058FE0446D0E7EE4D0020EC4D002017
:1022C000024B1888003818BF01207047EC4D0020E1
:1022D0002DE9F0433048314D8DB0FAF735FE08F066
:1022E0006CF82B68C41A4FF47A73B4FBF3F4A4B2FD
:1022F00014B108F062F82860294FDFF8A8803B8805
:10230000ADF80A3000233B804FF6FF7600210DF137
:102310000A000CF031FE054658B9224B1B882BB140
:102320004FF47A711C487143FAF772FD0DB0BDE8A5
:10233000F0834FF000092423CDF800904A46294647
:1023400003A80CF0DDFEBDF81A30A34294BFDB1ADF
:102350001B1B9BB2ADF81A3063B9BDF818301B06D1
:1023600002D508980AF068FCB8F80030013BA8F8DC
:102370000030CBE79E4228BF1E46012300934A4609
:102380002946242303A80CF0BBFE4A4629463846BA
:102390000CF098FDBAE700BF6040002070480020B4
:1023A000EE4D0020EC4D0020F0B52D4A044651685A
:1023B00010688DB001AB03C3A378012B4BD114225D
:1023C000002107A80EF07DFED4F82110D4F81D00DE
:1023D00003AB03C32388190644BF62680892DA0579
:1023E0000BD5221D08AE04F114071068516835465C
:1023F00003C50832BA422E46F7D1ADF8183013F0B3
:10240000040318BFA3690593164B08221B88ADF877
:102410001A3001A903A80EF02AFE18B106A903A8D4
:102420000DF0A4FE0022242103A80CF02EFD04468A
:1024300098B10020FFF74CFF0B48002221460CF01A
:1024400041FD0A4A1388002001331380FFF740FF43
:1024500000200DB0F0BD7020FBE71820F9E700BFA9
:10246000B07B0300F4140020EE4D0020EC4D002062
:10247000F7B5044600200E46FFF72AFF104B1B88D5
:10248000A34202D8022003B0F0BD00210D480D4F39
:102490000CF012FD002501460029F3D0A54208D119
:1024A000002400942423224630460CF029FE2046C6
:1024B000E9E738460CF056FD01350146ECE700BF70
:1024C000EC4D0020EE4D00200148FAF795B800BF12
:1024D000EE4D0020014B1888704700BFEC4D0020E6
:1024E00070B50C4611460E4A2378127813F0200579
:1024F00042EA03020646227018BF611D08220EF050
:10250000C6FDD4F80130B36023783373002D0CBFBF
:1025100005200D2003F01803082B08BF013070BD03
:10252000F64F002007B504231A460DEB03010120E6
:10253000FAF784FD019B034A1B03136003B05DF8A7
:1025400004FB00BF2441002010B5064C2368C3F3F0
:102550000B0313B9042007F066FF2068431C2360B7
:1025600010BD00BF24410020014B1868704700BF18
:102570002441002007B5064B0020186004231A46AA
:102580000DEB03010190FAF759FD03B05DF804FB70
:10259000244100207FB51123062201A90120FAF76A
:1025A0004DFD084B9DF814201A70074B1B780BB19A
:1025B000052B05D10AF0FAF8012007B05DF804FBFD
:1025C0000020FAE7F54F0020F64F00202DE9F04FEC
:1025D0000646CBB08846008801211746FAF770FA04
:1025E0002E4B3188ADF816003A4606A80DF05AFE7B
:1025F0000DF1280BC4195A46414630880DF0DFFD15
:10260000E4B208EB0003A34216BFA4EB080404469F
:10261000E4B205464FF004092346CDE900095A46C5
:1026200001210BEB050ACDF808B02D1B06A8EEF72B
:10263000A3FDEDB20BEB04030093019523465A462C
:10264000308841460DF0E9FD348839462046FAF7D6
:102650009DFB394600F0F8022046FAF7ABFB01215A
:102660003088FAF72DFA01234A46514680B10DF120
:102670001600FAF7E7FABDF8162004460121308863
:10268000FAF732FAB4FA84F040094BB0BDE8F08FA3
:102690003046FAF7D7FA0446F4E700BFF5500020B9
:1026A0002DE9F04FC9B0044688469246C118224A27
:1026B00004A81F46FFF714FFC519EDB208AB02933B
:1026C000A5EB0A0BA8EB0A035FFA8BFB4FF004099A
:1026D000A8EB0506DBB2F6B204EB0A020093CDF8D4
:1026E00004905B46012104A8EEF746FD06F59073C1
:1026F0000DEB03025A44A2F5807208A8136844F84F
:102700000830E35D23F00703E3552C4432462146AD
:102710000EF0FDFC08ABCDE9019308AA002300965A
:10272000012104A8EEF728FD324608A920460EF044
:10273000EEFC49B0BDE8F08FF5500020F8B5064634
:102740000EF0F1FB811C054689B230460EF0E5FA29
:10275000F0B1EDB129463046FAF718FB12280746CA
:1027600016D80C4B691C1C5CC9B23046FAF70EFB3C
:102770002C44052FE4B205D1052809D8064B1B5C73
:102780001C44E4B221463046BDE8F8400EF0C5BA1C
:102790000020F8BD8ED7030088D70300F8B50546A2
:1027A0000EF0E8FA044628460CF037FBA11C074659
:1027B00089B228460EF0B1FA00283ED0002C3CD059
:1027C00021462846FAF7E2FA611C0646C9B22846B5
:1027D000FAF7DCFA0F2E30D8194B9B5DE118731E07
:1027E00089B2092B0ED8DFE803F009050D0D120D93
:1027F0000D181E1EC40644BF083189B2820601D5D9
:10280000083189B22846BDE8F8400EF086BA7B78D8
:10281000DB0612D501EB4001F3E700F01F0000EBEF
:1028200040000144EDE71F2805D8092E06BF4000EF
:1028300080B20220F5E7C828E4D00020F8BD00BF30
:10284000A1D70300F8B506460CF0E7FA09220021EB
:102850000546F8F75FFD00F1100428460CF0A7F9D3
:10286000E4B2074621463046FAF790FA054630466C
:10287000FAF7B8F8BA05A0EB0403DBB20AD47C2D52
:102880000AD0082D0AD8064A505D98428CBF002015
:102890000120F8BD1220F8E70320F6E7FF20F4E757
:1028A000B2D70300014B1878704700BF8315002092
:1028B00038B5114B1B78044608469BB9012038BD3A
:1028C000A24205F101050FD103EBC1035B689847F4
:1028D0000028F3D11E2022464FF6FF7109F02FFF8A
:1028E0000020ECE7054B0025E9B213F83120002A5F
:1028F000E6D11446EEE700BF8315002058D7030049
:1029000013B50F49002303807F2202230988044660
:102910000DF1060007F089FD9DF80630BDF8062090
:102920001BB1238843F001032380FF2A88BF23883B
:102930004FF0000084BF43F00203238002B010BDBB
:10294000C4670300034B1B78002B14BF44205620A0
:102950000E307047F64F00202DE9F04F8DB0CDE9D5
:102960000423179C0394039CBDF858A0D588064601
:102970000F4644B9EC0606D5CDF858A00DB0BDE819
:10298000F04F09F03EBFC5F380242B054FEA043415
:1029900048BF44F40064A80511D544F080040A2E11
:1029A00000F25E81DFE816F088004F003B0059001E
:1029B0005C015C0159001000880059003600E905EF
:1029C00048BF44F04004EAE7BB464FF00109022348
:1029D00002934FF00008BAF1000F74D1A24B18888F
:1029E0004FF6FF73984206D0A049FAF739FD10B1AF
:1029F00024F48054A4B2059B00935A46434644F401
:102A00000271504604F02CFFADF8200000286BD175
:102A100018204EE0BB464FF001090323D8E708A970
:102A2000F8B20DF094FEDDF82500DDF8291006ABB4
:102A300003C38F4B33F817B04FF00009CDF808905F
:102A40000DF11808C7E706A9F8B203F00FF90C2337
:102A5000884A7B4332F803B0EEE74FF6F7739F42A4
:102A600040F2FE8015F4026F40F0FA80824B1B7832
:102A7000022B03D0043B012B00F2F480BAF1000FCB
:102A80000BD1032E0CBF0C23082324F4C074029333
:102A9000A4B2BB464FF001099BE75046F9F7A2FFED
:102AA0000246FFF74FFF032E08BF01388242E8DDE0
:102AB00074200DB0BDE8F08F4FF00009BB46CDF893
:102AC0000890C84687E7049B1B8843B91A465146BD
:102AD000062007F0E7FE002880D11920E9E700234F
:102AE0001A4651460720F4E75F4A11884FF6FF73F4
:102AF00099421CD00CF091F95B4A0346118805936A
:102B000004300CF056F85D49059B0978D971574996
:102B1000554A14F4805F1FBF086898604868D86001
:102B20004FF6FF7313804FF0FF330B604B60049A36
:102B3000029908A804F042FF00283FF469AF504C06
:102B40002378002B3DD1BAF1000F14D05046F9F78D
:102B500049FF8046BDF82000F9F744FF2378002B99
:102B600014BF122200228044EB1003F004039044AF
:102B70004344842B9CDC15F400540AD0BDF820801B
:102B800040460CF050F840F4806189B240460CF0A9
:102B900035F8A6F10803012B05D8BDF82000012265
:102BA00010210CF031F8039BBDF820803BB359464F
:102BB00040460CF07CF8039ABDF8203013800020CA
:102BC00077E7AA06BFD56B0103F020030A2E14BFD6
:102BD00043F0010363F07E03DBB2B9F1000F08D0CC
:102BE00000210091424608A800F0FCFD0028AAD070
:102BF0005FE71A46414608A80DF08CFCF6E7404610
:102C00000EF0B8F8039B02464146042007F04AFE46
:102C100000283FF462AF0A2E16D84FF4D963F34070
:102C2000DB0711D5072E09D00A2E07D0BDF82000EA
:102C30000CF081FF0028C2D1A1203AE708A80AF0D1
:102C40002BFA0028F2D0F7E714B125F04005ADB219
:102C5000BDF820002B46FAB2314601F0D9FD28E735
:102C6000012026E7912024E712150020841500207A
:102C70007A4C0020BA4B0020FA4F00201E51002051
:102C8000F64F002070B4084EBDF810403080074861
:102C90001546057000201A469DF80C30CDE903401A
:102CA00070BC0620FFF758BE121500201E510020F0
:102CB00030B402460C48BDF8085005800B489DF81A
:102CC0000C4004700A4804780020CDE902304FF629
:102CD000FD700B464FF6FF71002C08BF014630BC5B
:102CE0000320FFF739BE00BF121500201E5100203F
:102CF000D04F002013B50246084804780020CDE9E3
:102D000000300B464FF6FD704FF6FF71002C08BFE8
:102D100001460320FFF720FE02B010BDD04F002077
:102D2000F7B51E46234B1B78022B05460C4617466B
:102D30000AD1A6B13046F9F755FE0246FFF702FE6A
:102D400082420CD9742008E0043B012BF1D90846DB
:102D50000AF09FF90028ECD1912003B0F0BD65B1D5
:102D6000022D1AD1EEF738F8A04214D9124B33F8DD
:102D700014204FF6FD739A4202E04FF6F7739C421F
:102D800009D80023CDE900633A46FF2321462846AF
:102D9000FFF7E2FDE1E70120DFE7012DFBD1074B63
:102DA0001B78A342F7D9E0B202F078FF4FF6FD732B
:102DB0009842E5E7FA4F00207A4C00205615002093
:102DC00030B5104B87B005460C461868596803AA01
:102DD00003C2986810609A88DB880B49ADF80E50E2
:102DE00023F04003ADF812300023CDE9004352BA7E
:102DF000ADF810200988FF2303AA0720FFF7ACFDD8
:102E000007B030BDFA4D0020064E0020034B1B7862
:102E100013B1034B18787047FF2070472E510020E4
:102E20002D5100202DE9F04F074689B01046154678
:102E30001C468A460DF09EFF01462846F9F7A6FF7C
:102E4000064628460BF0E9FF04300BF0B0FE804642
:102E50000CF0ADFA804551D0B2074FD1DFF8AC800D
:102E600005A92846B8F800B00EF06EF89DF81930A4
:102E7000A8F800700BBBBDF81430F3B928460BF06E
:102E8000CCFF02300BF093FE4FF6F773984204F13B
:102E9000010494BF4FF000094FF00109E4B201238F
:102EA000CDF800902A4605A93846039303F062FC4A
:102EB000039B40B901339C421ED20020A8F800B009
:102EC00009B0BDE8F08F022CF8D1012BF6D10C4AE5
:102ED0000C4BA3F800A01378591C11700A4A7F3BD1
:102EE00016F00C01137007D1BDF81A305B0603D53C
:102EF000BDF81600FFF764FF0223D1E70020DFE7EB
:102F0000F84F0020121500201E510020064E002010
:102F10002DE9F04F8BB08846ADF81E000BF07DFF19
:102F200000F1020A064650460BF041FEBDF81E4075
:102F3000BB4D074620460DF01DFF01462046F9F720
:102F400025FF814600F00304301D0BF030FE288081
:102F50000CF02DFAB8422DD04FF6F7739F4229D8C6
:102F60007378DA0726D438460DF06AFD30B1BDF823
:102F70001E20288801233946FFF754FF0CF017FA6A
:102F8000A74B1B8883420FD1BDF81E4020460DF091
:102F9000F1FE01462046F9F7F9FE10F00C0103D1CD
:102FA000BDF81E0001F0ECFC9E4B00221A600BB035
:102FB000BDE8F08F9C49BDF81E000DF0C5FF9B4990
:102FC000BDF81E000DF022FF964A984B002808BF5E
:102FD0000023BDF81E0013600BF0ABFE944B18707D
:102FE000BDF81E000BF0AAFE924B1870BDF81E0033
:102FF0000BF0AFFE904B186000238DF82230B8F133
:10300000000F25D0884BDB889B0621D58B4B1B6896
:103010009F071BD4012C14BF082318230DF1220293
:103020000092002211460DF11E0000F0DBFB78B18A
:10303000012CA3D1824B1B78112B9FD10DF00DFBDE
:1030400000289BD1AF20FBF789FC97E70823E5E731
:1030500050460BF0ACFD4FF6F773984240F2F48007
:10306000012C00F0FC80022C00F07881002C85D12E
:10307000DFF8B481BDF81E00B8F806300493ADF84F
:1030800024000BF0CAFEBDF82460044630460DF063
:1030900071FE01463046F9F779FE8DF82300A01C39
:1030A00066780BF084FD07460CF081F94FF6F77354
:1030B0009F422D88B8F8024006F00106824600F2D1
:1030C000FE80002E0CBF082006200022294609F0B1
:1030D00036FBBDF8249048460DF04CFE0023024616
:1030E0004946042007F0C2FB4FF6F7739F42814622
:1030F0000BD8B8F90620B8F80630002A05DB5806C8
:1031000003D500212046FFF75BFEB9F1000F3FF425
:1031100035AFB8F80030002B5BD198F80530002BA4
:1031200057D14FF6F7739F4294BF002301230DF14F
:103130002601BDF8240003930DF068FBDFF8E0B032
:1031400000F1FF39BBF8003005935FFA89F9B8F850
:103150000630BDF8260006934946F9F717FE049994
:10316000069B019000930598039B2246C1F34011F2
:1031700009F09CFF00283FF401AF2B4BBDF826104F
:103180004A46062007F072FB00283FF4F7AEB8F875
:10319000022048F202039A4205D1BDF82410BBF880
:1031A000000000F03FFFDFF8808009AA41460DF1E2
:1031B000230009F079FF034600287FF4DFAE2104E5
:1031C000BBF80000BDF824207BD5234641460DF016
:1031D00032FBDFF8548036B99DF8233003F00C033E
:1031E0000C2B40F09280B8F808000DF0EFFA0028A0
:1031F0003FF4C4AEB8F80810002002F0FBFB114BFE
:1032000018704FF6F773AA4514BF022503259F4295
:10321000BDF8240002D8002E00F09280012393E034
:10322000064E002078480020FA4D0020165100205C
:10323000115100201051002064480020344100202A
:10324000FA4F00202D510020022C00F08780474BC0
:10325000B3F90630002B25DA012C7FF407AF0CF010
:10326000A6F82B8883423FF489AEBDF81E100520D6
:10327000FFF71EFB00283FF481AE3C4AD3885B0673
:1032800007D50023CDE900330A202988FF23FFF763
:1032900063FB9DF822302988BDF81E00424601F0EC
:1032A000EBFF6BE6BDF81E00F9F79CFBA0F11001E7
:1032B000C9B2304600F086F80028CDD05EE6062080
:1032C00003E7DFF8B890022189F800100399009114
:1032D000414603F04FFA132C3FF47BAFB8F80630A9
:1032E0005B043FF576AF224B1B78D80704D599F8DD
:1032F0000020022A3FF46DAF99077FF53FAE99F8A1
:103300000030012B7FF43AAE63E798F80430194897
:10331000009398F8053000883246314602F092FB5F
:10332000154B18709DF82330BDF8240003F00C03F2
:10333000082B4FF6F7730CD035469F423FF66EAF21
:10334000A4F138025342534108492A4603F0FAFFD8
:1033500014E6AA4514BF04250525EEE7BDF81E2096
:103360000249484601F07EFA08E600BFFA4D002007
:10337000D44F0020064E00202D5100201F51002068
:1033800010B5094800210BF0F7FD044650B1014685
:103390000420FFF78DFA28B120460121BDE8104036
:1033A000FFF7B6BD10BD00BFEA4D0020034B044837
:1033B0001A78FF2192000DF084BE00BF571500203F
:1033C0006C3F002070B5451804464FF0FF31AC4209
:1033D00012D1104B10481A7805460023934211DB96
:1033E0000E4C2078431CB3FBF2F602FB163345F873
:1033F0002010237000200CE014F8010BE2F740FAD3
:103400000146E4E750F8044BA14201D00133E5E75F
:10341000012070BD571500206C3F00202051002076
:1034200007B5042301220DEB03011046F9F706FE50
:10343000019B034A1B03136003B05DF804FB00BF4C
:1034400074480020014B1868704700BF7448002082
:10345000014B1868704700BF7448002010B5064C37
:103460002368C3F30B0313B9012006F0DCFF2068C7
:10347000431C236010BD00BF744800202DE9F04FAD
:1034800093B0DDE91C79039300230693834699F8F2
:10349000003004930DA80E46154609F0B9F999F8C5
:1034A000003013F003043ED0039B8DF824300DF15F
:1034B000250A0022082138460BF029FF00286FD08A
:1034C00028880BF0AAFC99F800301C074CBF043088
:1034D00002300BF06CFB07A9804604F0D7F89DF88A
:1034E00024300446980633D5288806F10D010DF0E6
:1034F00014FCB0B100230093721D29880823D2B2B6
:1035000038460BF0FDFD99F8003003F01803182B36
:1035100048D1B8F1000F45D0A74BB3F86830434508
:1035200040D0A62326E02888711D0DF0F6FB002868
:10353000F7D0009405232988324609A80BF0E0FD56
:103540009DF8243003F0180303930DF1240AB0E72B
:103550000CBB39464046F9F783FF0028D3D099F8D1
:1035600000309907DDD040232246214640460DF029
:1035700000FABE2399F8002012F0030440F0F7800F
:10358000288803930BF0ACFB224601461A2009F071
:10359000D6F8039BEBE007AB03CB38607960B2E76A
:1035A0004FF6FF7809F065FD044620B10421384646
:1035B00004F088F804461E9B002B5AD009231E995C
:1035C0008DF834300DA809F06FFB209B0BB1209BC8
:1035D0000693039B002B40F08E800DA8EDF786FE2E
:1035E00099F800309A0700F09880FFF737FF5146AE
:1035F000024601200BF0E1FA99F800309B0710D544
:10360000594628880DF066FC0BF1090350FA83F344
:103610005FFA83FB288859460DF031FC00EB0B065E
:10362000F6B299F8003013F0C20F0AF104030DD07E
:103630009DF82420614942F020028DF824200A6878
:10364000CAF804204A685A600AF10C0309A801224A
:1036500000921B1A29883246DBB20BF051FD32462C
:1036600059462846FEF7B2FF002800F0A380002349
:103670007DE01F9B5BB19E46BEE80F000DF1340C50
:10368000ACE80F00DEF80030CCF800309DE7049B7A
:10369000288803F0200359460493F9F777FB10F0CC
:1036A000030F0CBF012300230593049B059A1F9968
:1036B000003B18BF012342EA430300930DAA06AB67
:1036C000384600F0E5FA049A034682B1002880D01B
:1036D000059B00930DAA06AB1F99384600F0D8FA57
:1036E00099F8002022F02002034689F80020002BE0
:1036F0003FF46FAF3EE7039B102B06D1BDF8363089
:1037000043F00103ADF8363067E7039B182B4FD128
:10371000BDF8363043F00203F4E70DF12501012036
:103720000BF059FA99F8003013F0040F82462888FC
:1037300021D1069B1BB3002C35D00BF0D1FA00220F
:103740000146162008F0FBFF84B17FB14FF6FF73EE
:1037500098450BD000231A460DA9384609F0DDFB29
:103760009DF835203946404609F099FC012318465A
:1037700013B0BDE8F08F002CDFD1104F01E0002C1A
:10378000DBD10023009332463B4659460CF0B5FD91
:1037900000283FF4C6AE002C3FF469AF069A0AF148
:1037A0000103136063E71B685345C6D80124E8E7AB
:1037B000A623DCE71823DAE780470020F550002035
:1037C00007B5074A00230193136004230DEB03029E
:1037D0007F21012006F025FE03B05DF804FB00BF49
:1037E000744800202DE9F04FB1B0044600888DF8F0
:1037F0002F3016468A463A9F0DF0BCFA01468146A4
:1038000020880DF03CFB00EB090820880DF08BFBB5
:103810009DF82F500790002315F0010B5FFA88F8F0
:10382000ADF8363008D101460DF1360220880DF092
:103830002EFA08B1ADF836B016B9CDE90E660EAE67
:10384000FEF73EFD18B145F020058DF82F500023FE
:10385000CDE9033302930DF12F03CDE90063224636
:10386000534641464846FFF709FE0546002800F04A
:1038700030819DF82F3013F0010B45D1B64A23F06B
:103880002003106851688DF82F3010AB03C3184621
:1038900000F0E2F95D460890FEF71CFEABB29842DC
:1038A00000F2B4800FB100233B70BDF83630CBB1CD
:1038B00020880121F9F704F927880546002800F03F
:1038C000368101213846F9F7FBF8BDF83670054618
:1038D0003846F9F787F8002300903A4619462846FB
:1038E0000BF048FC0023CDE9033302930DF12F03C5
:1038F000CDE900632246534641464846FFF7BEFDE8
:103900000546002800F0E5809DF82F3003F01103F4
:10391000102B40F0F180914B1B78432B40F0EC8052
:103920008F4B1B685B0640F1E780208808F105019A
:103930000DF0F3F98346002800F0DE804146208830
:10394000F9F724FA874B10F0200F08BF1E4612A883
:1039500000F082F90822314612A80DF088FB0028F9
:1039600000F0F580314612A809F050FB012326AE85
:1039700000933246002314A912A800F089F9002808
:1039800040F0BA8012AB0DF12F07CDE90360029031
:10399000009301975346224641464846FFF76EFD85
:1039A000002800F0D680BDF89A3018AA43F008032A
:1039B00014A91020ADF89A300CF078FB002840F0E4
:1039C0009B8012ABCDE90360CDE9017000932246E4
:1039D000534641464846FFF751FD0546002840F052
:1039E0008B8018AB4FF49071002012AA00F0BEF843
:1039F0004FF0005100200CF0E5FDBBF1000F7AD034
:103A00004FF0805100200CF0DDFD74E018AB14AADB
:103A100026A9E8B209F0D6FA002875D1082210A923
:103A200027A80DF024FB089B8346002B68D09DF847
:103A3000A530099313F0020F62D0082212A927A81B
:103A40000DF015FB00285BD1099B590758D50FB124
:103A500001233B7014AB0FCB0DF1740C8CE80F00FD
:103A6000BDF83630CBB120880121F9F729F8B4F838
:103A700000B000284DD001215846F9F721F8BDF8D3
:103A80003620099283461046F8F7ACFF0023099AC6
:103A90000090194658460BF06DFB334B04930023FE
:103AA00003931DAB02930DF12F03CDE90063224672
:103AB000534641464846FFF7E1FC28BB089B002BD4
:103AC00033D012AA1DAB4FF482714FF4005000F0B6
:103AD0004DF8234B1B689A070DD4FEF7F1FB50B14C
:103AE0001D4A1068516818AB03C3002226A918A804
:103AF0000CF0FFFA30BB0025284631B0BDE8F08F4E
:103B000027B9BBF1000FA5D00135C5E600233B70F6
:103B1000F7E7BDF836200A9010460992F8F762FFE1
:103B2000DDE9092307990090B4E7089ACAE7BDF8D0
:103B300036B05846F8F756FF079900902B465A467C
:103B40003846CDE626A918A80CF010FBCDE7834631
:103B50000CE714AB46E700BFB07B0300FA4F002030
:103B600034410020EA47002030410020F0B591B0F8
:103B70000746164609A80D461C460CF01DFD3EB131
:103B80003368CDF826307368CDF82A3045F040050B
:103B90001B4B1A6822EA070242EA050119604B042E
:103BA0000DD5BDF824200B0A03F4E243C9B222F478
:103BB000E3420B4322F07F021343ADF824301A2373
:103BC000082209A90020F9F739FAB4B104A808F0CD
:103BD0001FFE02236A468DF8103004F110062346BA
:103BE000154618685968144603C40833B342224680
:103BF000F7D1294604A809F057F811B0F0BD00BF6D
:103C000034410020054B196847F2FF1041F480420F
:103C1000014041F480411A600CF0D4BC34410020D2
:103C200000B589B0FEF7B6FC01A80CF0C5FC094848
:103C3000BDF804200168130221F0FF0103F4E20340
:103C40000B43D2B2134343F48043036009B05DF8E1
:103C500004FB00BF3441002010B50C4B044618682B
:103C6000830788B006D54FF0FF33236063600120DF
:103C700008B010BD10F04000FAD001A80CF09CFC78
:103C8000DDF806302360DDF80A30EFE7344100202C
:103C90002DE9F04F99B082469DF888900C461E465B
:103CA0009046CAB11546284608F0B2FD19F0020741
:103CB00014D004B911AC6B4622462946504609F08F
:103CC0005FF90EB100233360002814BFA627002738
:103CD000384619B0BDE8F08F0CADE4E76B4604AA96
:103CE0002946504609F019F96B78FF2B09F00109B4
:103CF00023D000287AD15CB104AB0DF1200C1A4618
:103D000003CA624520606160134604F10804F6D1DD
:103D100026B16A78364B03EB82033360B9F1000FAA
:103D2000D6D0BDF80030D906D2D46A784FF6FF71EC
:103D3000182008F004FDBB27CAE7DFF8BCB0DBF8A9
:103D4000003026B19A0756BF2A4A3760326003F026
:103D50003003102B01D0202B1FD111A80CF02CFC0C
:103D600008220DF1460150460DF081F928B1DBF82B
:103D7000003003F04403402B0FD0B9F1000F0ED1F7
:103D800008A80CF023FC02232B70CCB9B8F1000F6B
:103D90009ED0281DFFF760FF9AE7A62798E7DBF87B
:103DA0000030DB03ECD508A80CF010FC02232B70CC
:103DB000D4B9B8F1000FB8D0281DFFF74DFFB4E714
:103DC000002608AB0DF1300C1A4603CA624520608C
:103DD0006160134604F10804F6D1281DFFF73CFF8B
:103DE000002E3FF475AFA0E70126EAE703276FE74F
:103DF000683F0020304100203441002049B9084B81
:103E0000197849B14EF66023594328B10548F8F7AF
:103E1000FFBF41F28831F8E70248F9F795B800BFD3
:103E2000D24F00208040002070B586B00546F9F7DB
:103E30009BF910B9702006B070BD01A8FFF70CFF08
:103E400006460028F6D055B9304B1C6814F0020421
:103E500033D14FF48163ADF80C30022125E02C49B9
:103E6000082228460DF003F90028E3D0274B1C68F0
:103E700014F0020406D0274B1B78112BDAD1264B05
:103E8000B3F868400822294601A80DF0F0F8002890
:103E9000DFD04FF40273ADF80C302B68CDF80E3044
:103EA0006B68CDF8123000260A21002203A80AF020
:103EB000ECFF024648B91820BDE7164B1B78112BC2
:103EC000B8D1154BB3F86840C3E7104B196801F03F
:103ED0003003102B17D0202B14BF012303234900DC
:103EE00001F004010B432046002100F0C3FF00282D
:103EF000E1D000210120FFF781FF16B1074B01221D
:103F00001A70002097E70323E9E700BF344100203F
:103F1000F5500020FA4F0020804700201551002066
:103F200030B51D4D85B00024CDE90044F9F70CF8FB
:103F30002B783BB319491A480A780078904221D966
:103F40000132012B0A700DD122464FF4A071204698
:103F500002F038FBB0B9134841F28831F8F758FF46
:103F600005B030BD022B08D102A92046F9F778FA36
:103F700040B902A8FFF758FFECE7032B02D101F08C
:103F80002DF9E7E7002108462970FFF737FF0421E4
:103F9000684606F0C8FDE3E72151002022510020C9
:103FA0008C1500208040002070B5194A194D5168C9
:103FB0002E7886B00446106801AB03C31EB170248E
:103FC000204606B070BDF9F717F90228F7D103A80B
:103FD00000F0BEFD082201A90DF10E000DF047F81A
:103FE000A0B10D4B32464FF4A07130461C7002F068
:103FF000E9FA04460028E3D1084A0948012341F2BE
:1040000088312B701370F8F703FFD9E7B724D7E78F
:10401000BBD70300215100208C1500202251002025
:1040200080400020F0B52F4E9BB007460C46492239
:10403000002107A806910DF044F83378012B37D101
:10404000B7BB0DF10E0120460CF0E0FB0546BDF8B4
:104050000E00F8F7C7FC441BE4B22A46BDF80E1068
:104060000097234606A80BF04BF804A93846F9F749
:10407000F7F90246E4B19DF819301A4312F0FF0235
:1040800016D1BDF8233003F47E43B3F5285F1ED369
:10409000B3F5385F0ED31449BDF80E000B6843F436
:1040A00000030B60294608F0DDFF18B104233370CC
:1040B0001BB0F0BD0D4B012204A81A70FFF7B4FE2F
:1040C0000B4841F28831F8F7A3FE0223EFE71146CF
:1040D00010463270FFF792FE1E2104A806F023FD61
:1040E000E6E700BF2151002034410020225100208A
:1040F00080400020014B1870704700BF2251002003
:10410000014B1878704700BF21510020014B1870F7
:10411000704700BF215100202DE9F0478CB00546C3
:10412000B5294088ADF80A00884600F0878095F8E8
:104130000890AE790AF071FE05A90446BDF80A00A0
:10414000EF790CF001FFBDF80A000AF06CFD4305A1
:1041500042BFBDF81A3043F40053ADF81A30EB7982
:10416000D80642BFBDF81A3043F48053ADF81A3078
:10417000BDF81A30990613D5022E65D108A9287A00
:104180000CF0E5FADDF82500DDF8291003AB03C3D8
:1041900003AA0021009104230DF10A00FFF722FB7E
:1041A000BDF80A000121F8F78BFC022E824657D198
:1041B000444B33F81940B8F1000F6DD0BDF81A30F8
:1041C0005A0669D54FF6FB72944265D83E4AB2F85A
:1041D0006820A24260D0DB0502D520460CF0F4FB3B
:1041E000BDF81A30D80457D5002E46D1BDF80A00C4
:1041F0000AF019FDC10611D4CDF80080534605AA76
:104200002146304606F00DFB0B2017F003021CBFC1
:1042100002F1FF32D2B2214608F091FABDF8162021
:1042200048F234039A4209D1284E3078FF2805D04D
:1042300003222146FCF7E8F9FF23337000232B808B
:104240006B800CB0BDE8F087012E01BF2B7A204AAD
:1042500003EB430302EB83020CBF0232002298E718
:10426000012E05D10C231A4A03FB09F3D45AA2E705
:10427000A01C0AF09CFC04469DE7204601F01EFDB0
:10428000BDF80A000AF0CFFCC206C7D4CDF8008002
:10429000534605AA4946B4E7BDF80A000AF0C3FC34
:1042A000C306BBD4CDF80080534605AA002E14BF28
:1042B00049462146304606F0B4FAB8F1000FA3D1C2
:1042C0000920A2E77A4C00208047002090150020AA
:1042D000BA4B002070B5114B114D00240A262A78E4
:1042E000A24205D8C2B9BDE870400E48F8F72CBE0E
:1042F000598869B9013AD2B2A2422A70EFD0121B92
:1043000003F10A01184672430CF0C1FE0346E6E7CA
:1043100001340A33E4B2E2E770BD00BF564B00201F
:10432000255100203414002070B5194B194A1D780E
:104330000023DCB2A54200D870BD14460133668864
:10434000864202F10A02F4D1E379A58803F0400223
:104350008DB9CAB123F00403E3710AF05EFD03785E
:1043600003F07F03037021880029E5D1BDE8704088
:104370000948F8F74DBD00216580A180002AE9D1E8
:10438000BDE87040FFF7A6BF2046FFF7C5FEF7E780
:1043900025510020564B0020341400202DE9F04711
:1043A000044686B040880F4615460AF036FDA379CC
:1043B0008046082B4FD8DFE803F0052E184E4E4EEE
:1043C0004E4E050002300AF0F2FB002D4BD069463C
:1043D000F9F746F838B9684601F01AFD00F0010017
:1043E00006B0BDE8F0870020F8E702A9207A0CF0BB
:1043F000AEF9DDF80D00DDF81110314A6B4603C34C
:10440000237A32F813902F4AD05C6E4675B131464C
:104410000CF0C1F9E4E7237A2B4903EB430301EBEA
:10442000830231F82390907A961CEFE74FF6FB7ADF
:10443000D14512D930460CF0F1FA4FF6FF7398428D
:10444000054612D00146304601F054FC554505D9C9
:10445000E379DA060BD40020C2E74D46294608F17D
:1044600002000AF0A6FB0120BAE74D46F0E74FF63E
:10447000FC78454510D103F00C030C2B1AD1CFB1B9
:1044800030464FF6FD7101F035FC66212046FFF7FE
:1044900043FEFFF71FFFDEE74FF6FD739D4209D194
:1044A000002319461A46304602F048F94146304684
:1044B00001F020FCE37943F00C03E371CBE700BF8C
:1044C0007A4C0020D94F0020BA4B002073B5044627
:1044D00040880E460AF0A1FC02300AF068FB08F0A2
:1044E000D8FD18B1A11C201D08F0D8FDE6B1E57972
:1044F0000135EDB2E57115F0400514D0ECF766FC1E
:104500000122054600212046FFF748FF18B1334B32
:104510001B882B449DB2324B1B78042B01BF2F4BC1
:104520001B885B199DB22580002231462046FFF78B
:1045300035FF002831D060880AF06FFCE279294904
:1045400022F00C03E3710B780133DBB20B70C37103
:10455000254B1B780546A61C0BB3E37998061ED5A0
:104560002249097861B900220092012311463046A0
:10457000FFF738F998B1E37943F00303E3710CE0F6
:104580005906F0D59207EED5002200920423114679
:104590003046FFF727F90028E5D002B070BD30465D
:1045A00008F07AFD0028F8D16088FCF773FB50B161
:1045B0000128F2D1E37943F00803E3712B7803F08B
:1045C0007F032B70E9E7E37943F00403E3711B06F3
:1045D000E3D5074B1A78074B1A70DEE7F214002078
:1045E000FB4F0020F84F0020F64F00208D150020D3
:1045F000D74F0020245100202DE9F74F064605F043
:10460000D7FE5B4B5B4AB3F800901880594BDFF83C
:1046100078B11B78A0EB0904A4B2A34286BF1B1B90
:10462000DBB200231370A9EB000305464FF000082E
:104630004FF6FF770093504B19785FFA88F291425A
:104640000ED80EB1FFF746FE4FF6FF739F4200F003
:1046500089804A48394603B0BDE8F04FF8F7D8BB27
:10466000BBF80220002A3CD0454B9BF80720187865
:10467000BBF800A0042818D00020BAF1000F08BF32
:10468000A2462044504523D2BBF80010009B194499
:10469000ABF80010002E49D002F04802482A45D15C
:1046A00000215846FFF712FF40E00192F8F74EFE56
:1046B00030F01003019ADFD1FBF748FD314B019A2E
:1046C000B3F800C08445D7D9ACEB000080B2D4E782
:1046D00002F00C00042807D10022ABF800200BF1F7
:1046E0000A0B08F10108A6E7510602F0030C02F0DC
:1046F000080009D500B3BCF1030F20D1B6B1662183
:104700005846FFF709FD11E040B3BCF1010F25D178
:104710001206F3D44FF4C862ABF800209BF80720D0
:1047200022F0030242F002028BF80720BBF80020BF
:10473000974228BF1746D2E703208445DED21306EE
:104740000ED50C4B1A780AEB0200844208DA4A4470
:10475000521B0AEB0201ABF80010E7E70120ECE77F
:1047600001219EE7054803B0BDE8F04FF8F7ECBB28
:10477000F04D002024510020255100203414002049
:10478000FB4F0020F2140020564B00202DE9F04191
:104790000B4EDFF8348000250A273378ECB2A342B1
:1047A00004D8BDE8F0410748F7F726BF07FB0484AB
:1047B000A01CF7F721FF201DF7F71EFF0135ECE7DE
:1047C00025510020E64D0020564B002070B50D4DC0
:1047D0000D4E00242B78A34208D81B1BDBB22B7094
:1047E00073B9BDE870400948F8F7AEBB04EB84002C
:1047F000662106EB40000134FFF78EFCE4B2E9E7E6
:1048000070BD00BF25510020564B002034140020FD
:10481000F8B5114F114D3E782D78DFF844C006EB06
:104820008604B5424FEA440E0CEB440412D003F464
:104830008353002543EA13236080A1712272E37140
:1048400028462CF80E500136A5803E70FFF7D4FEA6
:104850002846F8BD7220FCE72551002055150020A0
:10486000564B00202DE9F04F354B1C7885B00E4695
:1048700017465CB9B1F90680DFF8CC90DFF8CCA020
:10488000DFF8CCB099F80030A34202D805B0BDE8FB
:10489000F08F04EB84050AEB4505A88800B9688809
:1048A00001A90CF051FBB27A9DF80E309A4244D126
:1048B000B8F1000F0FDA317A9DF80C20338991425C
:1048C00009D8204800780844824236DA521A1B0A76
:1048D0001341D90731D538460CF025FBBDF80A3015
:1048E0009A06044602D5F3889B06CFD5EB7903F0F0
:1048F0000C03042B08D16888F9F726FF00236A8887
:10490000194618460CF084F800212846FFF704FCED
:10491000FFF7E0FC3846F8F765F8844208D22B7AB6
:104920008BF80030012200233146384602F00AFDA0
:10493000B8F1000FAADA0024A4E70134E4B2A1E739
:10494000235100205415002025510020564B0020F3
:104950002D51002008B505F02BFD074B1B88C01A10
:1049600080B2B0F5807F05D9BDE80840034800213A
:10497000F8F74EBA08BD00BFF04D002034140020F7
:104980002DE9F04186B004460D460CF0F3F90146DE
:104990002046F8F7FBF910F003034DD110F00C0F8F
:1049A00006D12946204606B0BDE8F041FFF7BCBC61
:1049B00020460AF038F9C30634D420460CF0DAF960
:1049C00001462046F8F7E2F9064620460AF025FAA5
:1049D000074602300AF0EBF803A9804620460CF0A7
:1049E000B3FA06F00C067B780C2E0CBF03260626C5
:1049F000012113F0010F204618BF0326F8F760F8D5
:104A0000104A1288A24203460FD1B5FA85F0400938
:104A1000FBF738FD20460AF034F900220146072052
:104A200007F08DFE06B0BDE8F081009503AA41466F
:104A3000304605F0F6FEEDE7012BF3D110F00C0F38
:104A4000F0D1AEE7E64D002010B50A4B1C780A4BBA
:104A50000022D1B28C4201D8002010BD197A8142C7
:104A600002D19979022902D00A330132F1E70120FB
:104A7000F3E700BF25510020564B002010B5094B2D
:104A80001C78094B01460022D0B2844201D8002094
:104A900010BD187A884202D198790128F8D00A33DB
:104AA0000132F1E725510020564B002010B40B4B8A
:104AB0001C780B4B0022D1B28C4203D85DF8044B1A
:104AC000FFF708BC197A814205D19979012902BF03
:104AD0000021198059800A330132ECE7255100206A
:104AE000564B0020024B1878003818BF0120704741
:104AF00025510020044B1B6813F0300F03D02021F8
:104B000030200BF05FBD704734410020094900237D
:104B100010B51A46044601EA00414FF07F60FFF7E6
:104B200025F8E30703D5002130200BF04BFD0020D2
:104B300010BD00BF00007207044B5B8823F478436C
:104B400023F08D0303800020704700BF3441002014
:104B500008B503460022C3F80220C3F806200B4A1A
:104B60001268D1B212F0200F18BF41F01001198065
:104B7000930700F1020001D4FFF76EF8044B1B7895
:104B8000023B032B8CBF9320002008BD3441002042
:104B9000FA4F002038B505460C46FDF7FBFC98B1EE
:104BA0000D4B187878B10D4B1B681A040ED57CB1EB
:104BB00013F0420F00D16DB103F44073B3F5407FA1
:104BC0000CBF0020B72038BD9520FCE7A820FAE7ED
:104BD0002046F8E7B720F6E7F64F002034410020E2
:104BE000F0B58DB0044607A80D46164607F010FE36
:104BF0001022002103A80CF064FA5CB1234603F1F3
:104C0000100703AC18685968224603C20833BB4238
:104C10001446F7D1012786EA070303A907A88DF8F0
:104C20001C708DF81D3008F030F880EA070401A8E8
:104C3000E4B208F003F8B6B101A88DF8065008F008
:104C4000A4F864B1002303A907A88DF81D3008F06B
:104C50002BF80C4B1B78432B01D102F06BFF0A4B56
:104C60001D700DB0F0BD01A88DF8075008F08DF84B
:104C7000002CF6D003A907A88DF81D7008F014F8D1
:104C8000EFE700BFFA4F0020F54F0020F0B593B0DA
:104C900007460DA801250C4607F0BAFD05A90DA889
:104CA000ADF8345008F01BF801A807F0C7FF09A9B8
:104CB0000DA88DF835509DF8066008F010F80DA885
:104CC0009DF8075007F07AFF70BB731BDBB2802B97
:104CD00028D91FB1A64225D0A54223D105A90DA8E8
:104CE00007F0E2FF03A807F0A9FF03A88DF80F6003
:104CF00008F04BF80122294609A8FFF771FF0CF0D4
:104D0000B4F901214FF400700BF06BFEFDF72CFCA1
:104D1000B0F1004F01D9FDF72DFC044B187805F0D8
:104D2000F3FE012013B0F0BD0020FBE7F54F00209B
:104D300070B50E46144605460320FFF7E7F946F026
:104D400004022946204608F009F8024B00221A60A6
:104D500070BD00BF30410020F0B587B00788054620
:104D60001022002102A80CF0ACF93B4B1B78002B61
:104D70006FD1B80557D407F08403842B5CD0374C2F
:104D80000BF09CFC17F4045F276005F102061CD0B1
:104D9000BA040AD5304602F02FFB00284AD1236816
:104DA00023F4005343F48073236030460BF093FCEC
:104DB00000283ED107F02AFD18B9236843F4803358
:104DC0002360236843F020032360226842F40041FB
:104DD00012F0400218BF05F12302334647F2FF10DC
:104DE0002160FEF7C3FE0DF10600FFF7A5FE236864
:104DF00013F4805FBDF8063022D043F02003ADF8F5
:104E00000630BDF80600FFF781FE23689B0506D536
:104E100095F82210012205F11200FFF7E1FE104B78
:104E20000020186006E005F112000BF054FC002889
:104E3000A1D0B22007B0F0BDB907A0D5B720F9E7DF
:104E400023F02003ADF80630FDF794FBFEF7B8FC25
:104E5000D7E77020EEE700BFFA4F00203441002072
:104E600030410020024B1868C0F30050704700BF6B
:104E7000344100202DE9F047064688B089461046A7
:104E8000002115469846F7F781FF102807460AD8F3
:104E9000684B0341DB0706D4C8F340049DB90020EA
:104EA00008B0BDE8F087644B1C78002CF6D0FFF703
:104EB000D9FF00280CBF4FF4F0744FF4D074FC40BD
:104EC00004F00104EAE7002318F0010F1A4629460E
:104ED0004FF005000CBF4FF0080A4FF4027A05F0BE
:104EE000E1FC0028DBD0C823009332460023514662
:104EF000284602F0B5FCADF80E000028CFD018F01F
:104F0000080A4AD1A7F10F024FF6F773D2B29E42B8
:104F10008CBF09230123012A01D843F04003474AEB
:104F20008DF8103013788DF81130591C1170002C49
:104F30004FD09DF81030052F43F020038DF810302E
:104F400033D03F4B1D78002D5AD04FF6F773002514
:104F50009E424FF00F0248D9012304A90DF10E0023
:104F6000F7F770FE00289AD1002C4DD1BAF100015C
:104F7000BDF80E00CDF8009033463A4618BF012127
:104F800008F091F8ADF80E00002888D018F0040F52
:104F90004DD031460AF0E5FD82E749460DF10E009D
:104FA0000BF053FD0028ADD179E70121BDF80E00CB
:104FB000F7F786FD0121F7F7E9FE0123834013F09F
:104FC000620F1CD11E4B1B78E3B14FF6F773182507
:104FD000BEE71B4B1B7825460222002BBCD04FF6A8
:104FE000F7739E42B8D8052FB6D0BAF1000FB3D1EF
:104FF0009DF8103043F040038DF81030ACE71025D9
:105000000F22A9E71825FBE7BAF1000F0AD000909C
:1050100002234A4629460DF10E00FEF7E3FB002865
:10502000A4D03CE7CDF800A041235246F2E70AF0B5
:1050300082FD35E79FFEFEFFF64F0020F74F002070
:10504000EA4F00202DE9DF431E46144B0A9C1B68E3
:105050009B0780460F4691461CD4204614B108F0A9
:105060000CF8C0B2CDE902400622CDE900890C4916
:105070003B4600200AF0D2F8024658B1002E4FF00D
:1050800000010CBF01230323084604B0BDE8D04350
:10509000FFF7F0BE002004B0BDE8D083344100200B
:1050A000C3D703002DE9F04F8DB081469DF85C8099
:1050B0008A461F4693463AB903A8FEF7CDFDA8BB22
:1050C00000200DB0BDE8F08F1546002223211046C8
:1050D00009F0DBFEADF80A000028F1D0F7F766FC16
:1050E0000446052318F0100F00F8023B67701FD02C
:1050F000112200210BF0E5FF04F11306032F4FF0FE
:10510000080236D1594630460BF0C1FFC8F3801370
:1051100006F10905337207F0ACFF00283DD00023EB
:105120002B706B700123AB70033536E003ADCCE719
:105130001699102201260BF0AAFF06FA07F313F0C6
:10514000620F02D104F11206D8E707A807F060FB4E
:1051500005A88DF81C6007F071FD9DF816209DF8DC
:10516000173018F0200F08BF134604F11306A3747C
:10517000C4E7514630460BF08AFF06F108020123CE
:10518000121B00932846BDF80A100823D2B209F07A
:10519000B7FF042F06F11005BDD02D1BE9B20DF1AC
:1051A0000A0009F094FF00288AD118F0040F0BD0F0
:1051B00048460BF038FCFF281FBF074A32F8103072
:1051C00023F4804322F81030BDF80A2043465146AC
:1051D0004846FFF74FFE74E78A4D002070B590B047
:1051E00003268DF80760F7F7BFFF10B9702010B0E5
:1051F00070BD02AD2846FEF72FFD0028F6D01C4BEF
:105200001C6814F00204F1D11A4A40F20F43ADF8C1
:1052100024301368CDF8263004A85368CDF82A301E
:1052200007F0F6FA95E8030005AB83E803000623D0
:1052300004A88DF81D308DF81060ECF757F80DF1CB
:105240002E0201210DF10700EBF754FF22461A212F
:1052500009A809F01AFE024608B91820C7E7012379
:1052600029462046FFF706FE0028F6D02046BEE776
:1052700034410020F55000202DE9F04F91B0044654
:105280001F220D4608A800219B4607910BF019FF2D
:1052900020460BF06FFD01462046F7F777FD8DF8AD
:1052A0001300204609F0B9FD9DF8133047789906A0
:1052B0008146C7F34007204648BF47F002070BF07E
:1052C00032FE80462046F7F78DFBA0EB0803DBB2E9
:1052D0000022232B009228BF23234246214607A801
:1052E00009F00EFF002838D1A84B9DF81C601B78F0
:1052F0009DF81DA0A3B3FFF7B5FD00280CBF4FF428
:10530000F0734FF4D073F340DA0729D5BB0727D4E5
:10531000082E20D1BAF1040F1FD1FBF769FCE0B9C8
:105320000DF1130342462146052005F09FFAA0B176
:10533000053E0D2E11D8DFE816F024001000A40160
:10534000B201B80110001000100010001000100091
:10535000BE01EC01EC01052E07D011B0BDE8F08FC5
:10536000102E05D1BBF1000FF7D0FBF741FCD7E7BA
:10537000FBF73EFC0028D3D0052ED1D0112ECFD084
:10538000EBE7BAF1050FE8D8204609F0A9FC029036
:1053900009F1020009F00BFC824605A8FFF7CCFBDF
:1053A0009DF81D80012303FA08F313F062030393B1
:1053B0003ED0BDF814309C0733D5B807CDD5FBF7E8
:1053C00017FC0DF11E000BF086F9B8F1030F9DF8E4
:1053D0002EB004463FD10DF12F0509F0E8FF8245BC
:1053E00000F0DE800026039B002B4FD1284609F0F9
:1053F000DCFF4FF6FF739842074604D128460BF0B6
:105400002FFCB842A9D0002C0CBF04231523019314
:105410000DF11E030093324643462946FFF742FE34
:105420009BE7FBF7E5FB0028CBD1002F95D0C8E721
:10543000FBF7DEFB60B10DF11E000BF04CF9B8F18B
:10544000030F04464FF0000B7FD10DF12E05C4E78A
:10545000002F82D0EFE74E4B1B68990728D5FF221B
:1054600008210DF1370009F052FF814600BB0346C9
:1054700001460DF137020220FEF778FB09F097FF95
:1054800082450DF137060DF12F0520D04FF6F77349
:105490009A45ABD900220821284609F038FF002898
:1054A000A4D0002259460DF11E00FFF799FB54E7E6
:1054B0000DF137060DF12F0530460BF0ABF8002843
:1054C00048D009F074FF82458DD14FF00009314971
:1054D000082228460BF0CBFD002884D1B8F1010F3B
:1054E0006DD0B8F1040F7FF438AF0BF0B6F810B1FF
:1054F000032F7FF432AF002C7FF42FAF324602210E
:105500000DF11E00FFF714FC234B1B7863B1FFF76E
:1055100065FEFEF7F5FD022806D10120FEF7EAFD43
:1055200001210846FEF76AFC1C4B1B78022B21D197
:105530000321304605F0F7FAFEF7E2FD01460028A8
:105540007FF40BAFFEF75AFC07E70DF136060DF1BD
:105550002E05B1E7114B1B78432B7FF4FEAEB8F15B
:10556000010F7FF4FAAE09F022FF82457FF43BAFD2
:10557000C146ACE7412B7FF4F0AE054B1B685A05E2
:105580007FF5EBAEF9F788FFE7E600BFF64F0020A6
:1055900034410020F550002015510020FA4F002022
:1055A000032F7FF4DAAE9DF8361000390DF11E029C
:1055B00018BF01210DF12E0007F080FDCDE6574DFB
:1055C0002B78022B21D02B78412B3FF4C6AE3CB96F
:1055D000FBF70EFB594602460DF11E00FFF700FBDC
:1055E000FBF706FB00283FF4B8AE0BF036F84C4C46
:1055F00090B12368180502D42B78432B0CD1B9073E
:105600000AD4AC20F9F7AAF9A7E60BF026F800288F
:10561000D9D0BB07D7D4A0E6206810F0020002D191
:1056200002990BF0D8F92B78112B15D123685A0564
:1056300012D50020FEF7F8FB044600287FF48DAE5B
:105640000AF017F9AE20F9F789F921462046FEF74E
:10565000D5FBF9F78FF980E6BB0701D5FFF74AFACA
:10566000B9F1000F8ED007F0D1F818B94FF480319E
:105670000AF0A8FF2B4B002230461A600AF0C1FF47
:1056800080E7294908220DF11D000BF0F0FC0028ED
:105690007FF463AE02222946FAF7B6FF5DE63A468A
:1056A00007A928460BF0D0F957E69DF81D100120F8
:1056B000FFF7ECFA51E6194B1B78022B20D1002D95
:1056C0007FF44BAE05A8FEF7C7FA00283FF445AEBD
:1056D000164B1D709DF81D30002B14BF64246524EB
:1056E000FEF70EFD032806D128462946FEF786FB65
:1056F0002846FEF70BFD214605A805F014FA2CE616
:10570000043B012BDBD9284607F0C3FC0028D6D187
:1057100023E6204607F0BFFC1FE600BFFA4F00203B
:105720003441002030410020F55000201551002068
:105730002DE9F34105460E46174698460AF08DFFBF
:10574000044640B1CDF8008001233A463146284650
:10575000FFF778FC04460AF080FF30B1FFF782FBC8
:1057600078B10A4B1B689B010BD4CDF80080002355
:105770003A4631462846FFF765FC002C0CBF04462C
:10578000012404F0010002B0BDE8F08134410020A2
:1057900070B58AB005A807F03BF802238DF81430E5
:1057A000094B01AA03F110061546186859681446FA
:1057B00003C40833B3422246F7D1294605A807F0AF
:1057C00064FA0AB070BD00BFC9D70300014B187856
:1057D000704700BF8E150020014B1888704700BF2E
:1057E000141500202DE9F0434FF6FF73994285B060
:1057F00080460D4604D11E4908220BF038FC58B1F2
:105800001C4E00274FF6FD79EBF7E6FAFCB2A042FA
:1058100007D84FF6FF7019E005B0BDE8F04309F076
:10582000C6BD36F814304B4517D8694620460AF0F5
:1058300057FF082241460DF105000BF018FC4FF60A
:10584000FF7360B99D4204D136F8140005B0BDE87D
:10585000F08326F814500AF010FF0137D4E79D4278
:10586000FBD036F81430AB4208BF26F81490F4E7AA
:10587000F55000207A4C00202DE9FF47DFF84480E6
:10588000DFF844A006460F4600254FF6FD79EBF7FA
:10589000A3FAECB2A04202D804B0BDE8F08738F811
:1058A00014304B450CD8694620460AF019FF0822EF
:1058B00031460DF105000BF0DAFB08B90AF8047067
:1058C0000135E4E77A4C0020D94F0020014B33F832
:1058D000100070477A4C0020F0B50E4F85B0064698
:1058E0000025EBF779FAECB2A04201D805B0F0BD83
:1058F00037F81430B3420BD1694620460AF027FF2F
:105900009DF80030022B1CBF4FF6FD7327F81430B2
:105910000135E6E77A4C002030B585B00446EBF758
:105920005BFAA04219D92046FFF78EF80546B0B9B8
:10593000694620460AF0D4FE9DF800302BB1694636
:1059400020468DF800500AF0E7FE064B4FF6FF7236
:1059500023F81420002005B030BD6920FBE7752036
:10596000F9E700BF7A4C00202DE9F0410B7805469D
:105970000E461BB9BDE8F041FFF7CEBFEBF72CFA9E
:10598000A8422ED92846FFF75FF860BB37464FF68E
:10599000FF7117F8058B3846FFF724FF0446384699
:1059A00000F036FAB8F1000F15D0B8F1030F15D09A
:1059B0004FF6FF724FF6FD73944208BF1C460B4B27
:1059C00023F815400A4B3146585528460AF0A4FEE4
:1059D0000020BDE8F0814FF6FF74F0E74FF6FE744B
:1059E000EDE76920F5E77520F3E700BF7A4C00206A
:1059F000D94F00202DE9FF41114F0D460E0A0446F4
:105A00004FF6FE78EBF7E8F9A04204D8FF242046D1
:105A100004B0BDE8F08137F8143043450CD1694635
:105A200020460AF05DFE9DF80520EBB29A4203D1B4
:105A30009DF80630B342EAD00134E4B2E2E700BF99
:105A40007A4C00202DE9F04F87B0DFF86C909DF87C
:105A500040A001900C461746984600254FF6FD7B66
:105A6000EBF7BAF9EEB2B04201D8FF2616E039F8EA
:105A700016205A451ED802A930460AF031FE3FB919
:105A80009DF80920424515D19DF80C20524511D1B1
:105A900044B939F81620019B9A420BD1304607B021
:105AA000BDE8F08F08220DF10D0120460BF0DFFA62
:105AB0000028F3D00135D3E77A4C002010B5144606
:105AC0000AF00EFE20460349BDE8104008220BF004
:105AD000DEBA00BFF55000202DE9FF470746154606
:105AE0000846082224491E460BF0C1FA0446002845
:105AF0003FD1DFF888904FF6FF7AEBF76DF95FFA48
:105B000084F840450BD885B3384604F05DFF012585
:105B10000C9B18703570012004B0BDE8F08739F88F
:105B2000183053451FD0694640460AF0D9FD7A78AF
:105B30009DF801309A4216D17A88BDF802309A4217
:105B400011D13A799DF804309A420CD108220DF116
:105B50000501781D0BF08BFA28B9002DD7D14046EE
:105B600004F046FFD3E70134C7E7FF2004F040FF0D
:105B7000CEE70020D0E700BFF55000207A4C00208F
:105B8000F0B5164E164F85B00025EBF725F9ECB2AF
:105B9000A04201D805B0F0BD694620460AF0A0FD3C
:105BA0009DF80030032B06D90023694620468DF866
:105BB00000300AF0B1FD9DF8002062B14FF6FD7390
:105BC0004FF6FE71032A08BF0B4626F81430002357
:105BD0003B550135D9E74FF6FF73F6E77A4C0020C5
:105BE000D94F0020F8B50E4B0E4D1B7803EB430345
:105BF0000E4605EB830504464FF6FF77A54202D813
:105C000000242046F8BD2388BB4206D00822314636
:105C1000A01C0BF02CFA0028F3D00C34EEE700BFE8
:105C200056150020BA4B0020044B05481A7802EBA9
:105C300042029200FF210BF044BA00BF561500202B
:105C4000BA4B0020074A127882420AD900EB40037F
:105C5000054A22F823104FF6FF73994201D1FEF74F
:105C600025BF704756150020BA4B0020094A12780C
:105C700003469A42084608D90C21022211FB03234D
:105C80000549082219440BF002BA00230B604B604F
:105C9000704700BF56150020BA4B0020054B1B78FB
:105CA000834281BF0C235843034B185A98BF4FF6C9
:105CB000FF70704756150020BA4B002038B50446D7
:105CC000FFF70AFE094B1878094B00224FF6FD75C5
:105CD000D1B2884200D838BD33F80C1CA14208BFAD
:105CE00023F80C5C01320C33F2E700BF561500209C
:105CF000C64B002070B505460E460846FFF7DEFF8E
:105D000031462846FFF76EFD06482946FFF76AFF31
:105D100000B970BD044624F80C6B0AF0AEFC2946AD
:105D20002046F3E7BA4B002010B5244986B008227C
:105D300004460BF09CF920B906B0BDE8104009F00C
:105D400036BB1F49082220460BF091F920B91D4BA4
:105D5000B3F8680006B010BD00230093012221466D
:105D60004FF6FF70FFF76EFEFF2806D0164B33F894
:105D700010004FF6FB739842ECD903A8FEF7E8FE3B
:105D800058B9BDF80C305B0607D5082221460DF145
:105D90000E000BF06CF90028DCD00C482146FFF710
:105DA00021FF40B100884FF6FB724FF6FF7390421F
:105DB00088BF1846CEE74FF6FF70CBE7F5500020BE
:105DC000EA470020804700207A4C0020BA4B002090
:105DD00070B50D4B1D780D4B0446002208464FF65A
:105DE000FB76D1B28D4201D8002009E01988B1427A
:105DF00007D8A14205D10822991C0BF048F90120CF
:105E000070BD0C330132ECE756150020BA4B002070
:105E100037B5014605460D48FFF7E4FE044630B1AC
:105E2000807A294603B0BDE830400AF0B4BC03468E
:105E30000090012229464FF6FF70FFF703FEFF286E
:105E400016BF034B2046185CEBE700BFBA4B00209F
:105E5000D94F00202DE9F843164B1B7883420746A3
:105E60000E4623D9FEF70AFE044608BB304609F069
:105E70009CFA4FF00C084FF6FF724FF6FD739042FC
:105E800018BF03460C4D08FB07F23046AB5205EB3A
:105E90000209FFF7BDFF89F80A004846082231468B
:105EA00002300BF0F4F82046BDE8F8836A20FBE7E7
:105EB0007620F9E756150020BA4B002038B5044685
:105EC0000D46FFF7D9FC05482146FFF78BFE00B9C8
:105ED00038BD857221460C30F7E700BFBA4B002071
:105EE0002DE9F04192F808801F4608F1FF33DBB23C
:105EF000EF2B88B005460E4614460BD982238DF849
:105F00000E309DF80E30214A3146284600F0A6FAA0
:105F1000012037E00E22002104A80BF0D2F8B4F8DB
:105F20000930ADF81230E37A8DF8118003F07F026A
:105F3000032A08D0012B24D103238DF81030A38924
:105F4000ADF815300EE0032B14BF022301238DF8AA
:105F50001030E368CDF815302369CDF81930237D72
:105F60008DF81430A7F121014A420DF10E034A4188
:105F7000009321460DF10F0304A8FFF7ADFD0028A3
:105F8000BFD1002008B0BDE8F08100BFDDD703001D
:105F90002DE9F04F95B01D7804920024CDE902015F
:105FA000CDE90054414923462246012009F036F943
:105FB000ADF81E00F8B1A346264627460DF120098C
:105FC0000DF1380AEAF708FF5FFA84F8404516D861
:105FD000BDF81E003A460221F6F7ECFEBDF81E00A1
:105FE00032460421F6F7E6FEDDE90310BDF81E3067
:105FF000002200F033FA012015B0BDE8F08F4A46C8
:106000000AA94046FFF75AFD9DF8282022B12DB17C
:10601000013DEDB20137FFB20134D3E7BBF1000F10
:10602000F8D199E803009DF829308AE803008DF83B
:106030004030BDF82A308DF84130032A4FEA13234F
:106040008DF8423016BF032301238DF84330DDF86D
:10605000311018BF9DF82C30DDF82D0014BF8DF8DD
:106060004C308DF8433011AB03C302980CBF4FF096
:106070000E084FF015080AF040FA0590BDF81E0012
:10608000F6F7B0FC059900EB080399420BDB0123FE
:10609000424651460DF11E00F6F7D4FD0028AAD164
:1060A0000136F6B2B6E74FF0010BB3E7DAD70300DB
:1060B000074A00231370074A1370074A118801B179
:1060C0001380064B1A880AB100221A80704700BF5D
:1060D0002751002026510020F64D0020F44D0020CD
:1060E0002DE9F04F3C4C87B01D4623889DF8406059
:1060F0000746884610465BB952B109F02CF820805B
:1061000036484FF4FA6107B0BDE8F04FF6F780BEAD
:10611000DFF8D890B9F80040002C4AD02046F6F7B6
:1061200061FCDFF8CCA0DFF8CCB0C0F34706204616
:10613000F6F73CFC0296BAF800300193BBF8003049
:106140000093274904462B460022012009F066F8F7
:10615000ADF81600F0B104EB46060125B4420DD1AE
:10616000C5B9BDF81630ABB12A464146384600F0F5
:1061700075F9ABF80050AAF800500BE00123214656
:106180001A460DF11600F6F75DFD10F0FF0504F15B
:106190000204E3D0134A0023A9F800301378013B2E
:1061A000DBB21370002BABD107B0BDE8F04FFFF7A7
:1061B0007FBF0D4C237823B9F5F778FB08B901238D
:1061C0002370324629460520F7F7C4FB0028EBD19F
:1061D000207007B0BDE8F08FF64D00205414002069
:1061E000DFD703002751002026510020F44D002066
:1061F000924D0020944D002030B5154D2C8887B06D
:106200009CB923464FF4A07248F2380103A80AF063
:106210009FFB2146204609F0FCFB0E4B00942246D2
:1062200003A9FFF75DFF07B030BD204608F0F5FD7C
:10623000043008F0BCFC03A9044628880AF084FE58
:10624000002300932A8803A9204600F093FAEAE786
:10625000F64D002000F8FF0737B50F4C0F4D01A990
:10626000002009F0D6FB237801467BB10C4B019A44
:10627000187809F0EDFB2078F8F726FD002323704D
:106280002B700848F6F760FE03B030BD2B78002B6A
:10629000F7D0FFF7B1FFF4E7295100202751002084
:1062A000285100205414002008B50548F6F7A4F939
:1062B0000448F6F7A1F9BDE808400348F6F79CB991
:1062C000F64D0020F44D0020F24D00202DE9F04F56
:1062D00089B0CDE905239DF84870139E8946044690
:1062E00030B316F801ABBAF1000F23D00AF1FF3436
:1062F000A400E4B23146012008F06DFCC00E1BD1B1
:10630000DFF844B13146012008F065FC34449BF8C5
:1063100000502279BDB1002F47D1CDE90277CDE9F8
:106320000077424A05998023484600F097F83CE000
:106330008246DFE75446DDE71B28ECD931460120D1
:1063400008F049FCE7E7DFF80481FF2A00EA0808C3
:106350000BD1E379A179607901EB0321424689B23F
:1063600009B0BDE8F04F09F073BB314909688B07EC
:106370000AD5FE2A3AD101230135EDB2202D4FEA8C
:1063800043030AD1FF250AE029462846079209F06F
:1063900040FB4845BFD1079AEBE79845ECD1254B28
:1063A0001B78FF2B04D0AB4204D009B0BDE8F08FBE
:1063B000FF2DFAD00020F4F75FFCA842F5D0294663
:1063C0000020F4F75FFC0028EFD09BF800306479E0
:1063D000002BEAD1FFF76CFE17484FF41051F6F787
:1063E00017FD164B8BF800501C70DEE7052A92D87B
:1063F000BAF1010F8FD8B8F1000F8CD0002FD4D193
:106400007379002BD1D00E49098821B90D49082B89
:1064100028BF08230B701292DDE905124346484657
:1064200009B0BDE8F04FFFF75BBE00BFDFD7030048
:10643000344100208F1500205414002028510020E2
:10644000F64D0020275100202951002000F8FF07B9
:10645000014B1880FFF7D0BEF44D00200CB42DE99D
:10646000FF470CAA0E4652F8041B03920746002968
:106470007ED1BDF83400ADF80A00002800F091800C
:1064800033794FF6F778002B76D147458CBF4FF024
:1064900009084FF00808454B1C78FF2C74D1B6F959
:1064A0000230002BA9BF424B347A1C780134A2BFC2
:1064B000E4B21C7044F08004DFF800912246002111
:1064C000F6F778FC99F80020BDF80A30002A5ED073
:1064D0000193DFF8ECA0FF230093BAF800003346E5
:1064E00022463946FCF7CEFB002389F800304FF6F0
:1064F000FF730546AAF80030742D33D10DF10A035D
:1065000032463946404606F0CCFD00284BD04FF6C7
:10651000F7739F4226D8B6F902307088002B21DA33
:106520002449254B48F20402904214BF89469946FB
:1065300008F03DFF4FF0000803464946CDF80080C3
:106540008A22012008F06AFE814658B1224641465F
:10655000F6F730FCCDE90098FF2332463946404635
:10656000FCF7FAF9284604B0BDE8F04702B07047DE
:10657000012008F030FE7EE70023337147458CBFD1
:106580004FF00608984686E7FF221A7094E7CDE997
:1065900000323946FF2332464046FCF7DDF9054616
:1065A000AAE71825DEE70546DCE700BF91150020C5
:1065B0002B510020F0D70300E5D703002A5100201B
:1065C000F84D002070B588B0002416464FF4003313
:1065D000ADF81A100DF10F0204A905460593ADF8A8
:1065E0001840ADF81C4004948DF80F4006F038FDBB
:1065F0009DF80F300193049B0093044A334605A98C
:106600002846FFF72BFF08B070BD00BFE9D7030095
:1066100030B587B04FF48035CDE9001200240395E2
:106620008DF81030BDF82850074A8DF81140034608
:1066300003A9BDF82C00ADF81250ADF81440FFF7D7
:106640000DFF07B030BD00BFF5D703002DE9F043C3
:10665000B1F1006F8BB014461D4628BF39224FF0B0
:10666000000336BF38224FF001099946ADF81E20CD
:10667000FF2C4FF480020646ADF81C300892ADF8AE
:1066800024304FEA11471FFA81F80FD109F0D5F9EC
:10669000B9F1000F19D1154ACDE90205CDE9007411
:1066A000434607A93046FFF7D9FE1AE0FE2C0AD16F
:1066B00009F0C3F90130C0B209F0D9F9B9F1000FFE
:1066C00012D00B4A02E0E8B2F8E70A4ACDF800809F
:1066D000CDE90305CDE90174012307A93046FFF791
:1066E000BDFE0BB0BDE8F083034AD5E7EDD703004C
:1066F000F3D70300ECD70300F4D7030010B54FF431
:10670000981286B04FF08063CDE903230023ADF8E3
:10671000143008F04CFE0446F8F788FB054B019056
:106720000093054A234603A94FF6FD70FFF796FE36
:1067300006B010BDF5500020F9D7030030B587B082
:10674000CDE9001200248DF81030094A8DF811406F
:1067500003464FF4806503A94FF6FD700394ADF82E
:106760001250ADF81440FFF779FE07B030BD00BFFE
:10677000FDD703002DE9F04F99B00E4605460CA950
:106780001046CDE90A329DF888700AF03FF8BDF84E
:10679000309080464846F6F725F9B6F90230B6F84B
:1067A00006A0B6F802B0002B044604DA904B002293
:1067B0001A7000204BE04846F6F714F94045F5D32F
:1067C000A4EB0804E3B2002F18BF4FF4A07A152BF6
:1067D000099328BF15230024013308F1FF32DBB2EF
:1067E000D2B24946009412A808F08AFC81499DF86B
:1067F000482008684968ADF840406FEA4B436FEAAB
:106800005343ADF83E300DAB03C3ADF83C40ADF89B
:1068100042A0ADF84420BBF1000F26D176490822F2
:106820000DF149000AF023FC044698B908F0BFFDB9
:1068300006460DF151080DF149030A9A98F80090A7
:10684000012A2CD14FB384F0010404F0010019B0E7
:10685000BDE8F08F0DF149000AF0E0F84FF6FF7443
:10686000011B4C4206464C41E3E7BBF1010F5AD1F4
:10687000BDF8496008F09BFD86420AD00DA930465C
:106880000AF0D5F880F00104E4B20DF14B080DAB2D
:10689000D3E7594B0DF14B08CFE70A9CD5E767B317
:1068A0004CBBB9F1010F26D832D108F080FD08F0B9
:1068B0007EFD98F80110504B0646224602910021B9
:1068C000CDE9006101204D4908F0A8FCADF8320087
:1068D00088B134BBB9F1010F0CBF0D210C210DF1B2
:1068E000320008F0F4FB024628B9BDF832300FA997
:1068F0002846FFF7B3FD0120A9E7B9F1010F05D143
:10690000002CD2D098F801108122D7E7002CF9D1C1
:10691000B9F1010F94BF0022012298F80110D201B1
:10692000CCE70C21DBE70A9B002B7FF442AF738896
:10693000342B4CD1099B092B7FF43BAF002F7FF404
:1069400038AF9DF951603A46B41008210DF1490065
:1069500004F0200408F0DBFC30B9274908220DF1CF
:1069600049000AF084FB08BB254B1B78012B3FF440
:1069700020AF244A244BB2F868201B68AA4208D0F2
:10698000DA0006D5C823214A0FA92846FFF766FD7D
:106990000FE75B0201D5002E17DA00231B4A0FA96F
:1069A0002846FFF75BFD1A4B1C7002E70DF149000A
:1069B0000AF034F84FF6FF739842E3D02146F9F716
:1069C000D3FE03460028DDD1DDE78D23DBE7099BFD
:1069D00004930DF14903CDE905A2CDE90283CDE988
:1069E00000790B9B0FAA3146284600F01BF8E0E621
:1069F0001F510020B07B0300F550002001D8030098
:106A0000FB4F00208047002034410020DDD70300E9
:106A100090150020024B187840F08000704700BFAE
:106A20002B5100202DE9F04FA1B09946BDF8AC30B4
:106A30002D9F0D939DF8B0300E93BDF8BC300F9391
:106A400004469DF8C0304E889DF8A8B01093384693
:106A50008846154608F0ABF8112E824671D808F02A
:106A6000A6FC504576D0062E10D14FF6FD72924509
:106A700026D0BBF1000F10D10022CDE900A2802367
:106A8000BD4A29462046FFF7E9FC06E0BBF1000FAE
:106A900003D1032E07D8012E09D8B84B00221A7053
:106AA00021B0BDE8F08F043E022EF6D8E4E7B44AE8
:106AB000CDF800A0802329462046FFF7CFFCECE765
:106AC000B04B1B7858074CD408F071FC00260346E5
:106AD000A94900963246012008F0A0FB3B79ADF8A9
:106AE00066000F930028DBD0DDE90E320D9803EB32
:106AF00042095FFA89F9F5F775FF09F105085FFAB0
:106B000088F88045CCD241460D98F6F73FF91090B1
:106B100008EB40080D98F5F765FF8045C0DADDE920
:106B20000F321343DBB2002B40F03382BBF1000F76
:106B3000B6D1D8464246BDF866000421F6F73AF9C8
:106B400074E1904A3A2E127812D948F23B039E42E1
:106B500007D013E08B4A127851070BD5321F022A57
:106B600008D8B8F8063043F48043A8F8063097E711
:106B70001B2E1DD8B21E91B213295FD9109B029310
:106B80000F9B0E9ACDE900B349462346304606F0E6
:106B90006EFA0F2884D1794B01221A70794B1B7839
:106BA0009B0740F14F83BBF1000F7FF479AFD8E72B
:106BB000A6F11C011E29E1D801A050F821F000BF68
:106BC0005B7202007D6B02007D6B0200A16A020015
:106BD0007D6B0200F76F0200F76F02007D6B020011
:106BE0007D6B02007D6B02007D6B02007D6B0200FD
:106BF0007D6B02007D6B02007D6B02007D6B0200ED
:106C00007D6B02007D6B02007D6B02007D6B0200DC
:106C10007D6B020029700200297002002D720200B3
:106C20007D6B02007D6B02004F7202007D6B0200E3
:106C3000B1720200C7720200D5720200132A9DD8F9
:106C400001A151F822F000BF996C0200296D0200E9
:106C5000476D02005F6E0200C96A02007D6B020090
:106C60007D6B02007D6B02007D6B02007D6B02007C
:106C70007D6B02007D6B02007D6B02007D6B02006C
:106C80007D6B02007D6B02007D6B0200A16F020034
:106C90007D6B02008D72020000231A938DF866301E
:106CA0000DF166030E99009322461AAB484606F092
:106CB000D8F908F07CFB0646EAF79AF8162894BF44
:106CC0004FF002094FF02209F8F7B0F82E4B0746B3
:106CD000B3F800A0FBF736FE2C4B80464FF6FF7052
:106CE000B3F800B009F050FE294B9DF866201988D2
:106CF000244B1B7813F002031CBF264B1B780B920E
:106D00001A9A0096CDE909324023CDE90701CDE971
:106D10000193CDE9058BCDE9037A1F4A002329466B
:106D20002046FFF79BFBBBE608F041FB1B4B1C4AD0
:106D30001B88CDE92A0300232946204621B0BDE85F
:106D4000F04FFFF78BBBBE78731EDBB2EF2B1AA997
:106D5000304627D9F22E25D004F0A3FD822608F074
:106D600026FB0023CDE90003034A3346294620468B
:106D7000FFF774FB94E600BFE5D703001F51002026
:106D8000F0D70300D44F00201C1500201815002058
:106D9000161500202C51002007D803001A150020DA
:106DA00014D8030004F07DFD002856D008F0FFFA47
:106DB0009DF86C200492BDF86A200392BDF868200B
:106DC0009DF86E10CDE901629DF86D205200D2B29F
:106DD0004900C9B208320A4403460092BF49002262
:106DE000012008F01BFA9DF86D30ADF866008DF8B3
:106DF000633000283FF454AE4FF0000801231A46D8
:106E00000DF163010DF16600F5F71CFF0746002840
:106E10007FF446AE9DF86330FAB293420CD89DF8E9
:106E20006E308DF86330B8F1000F02D0BDF86630D7
:106E300036E04FF00108E1E74146304604F033FD0B
:106E40000123ADF86400022219A90DF16600F5F7DF
:106E5000F9FE01370028DDD022E683267FE708F01F
:106E6000A6FA064604F029FD9D490090334600220B
:106E7000012008F0D3F900283FF412AE0027ADF846
:106E800068003E4604F019FD5FFA87F840450DD8CA
:106E9000BDF8680032460421F5F78CFFBDF8683074
:106EA000002229462046FFF7D9FAF9E5404604F0CA
:106EB000F6FCFF288DF866000BD0012301361A4638
:106EC0000DF166011AA8F6B2F5F7BCFE00287FF4B2
:106ED000E7AD0137D6E75046B7F8029004F0DFFC83
:106EE000FF288DF8640000F00D821AA904F0D9FC87
:106EF000BDF868304B4507D04FF6FF72914540F022
:106F000001821A0400F1FE819DF86D3013930E9BEF
:106F10000533DBB212930F9B149300234FF000094B
:106F200011934B4612E01793129B0D9803EB41010E
:106F3000C9B208F032F9179B15904FF0000A139967
:106F40005FFA8AF28A4216D309F10109149A5FFAAC
:106F500089F19142E7D39DF86E201392169A12920E
:106F6000002B40F0C181119B002B40F0CB81109B86
:106F700014930123D2E711999DF86400179304F04C
:106F800092FC159A179B0AF1010A824208BF01235D
:106F9000D5E709F106095FFA89F3B0461693B2E125
:106FA000BD1C29465046BC7A05F00CFC012229463E
:106FB0005046FBF7DDF8504609F0FAFC284609F088
:106FC0002DFD3A88824207D04FF6FF72904203D0DF
:106FD00009F029FD09F00CFD84F00804C4F3C00495
:106FE00021462846FEF76AFF2146284621B0BDE823
:106FF000F04F06F065B8BBF1000F7FF451AD1307F9
:107000003FF5AFAD33463A4629462046FEF768FFC6
:1070100000287FF445AD8423324A2946204621B01A
:10702000BDE8F04FFFF71ABA0F9897F8009009F0F3
:1070300064FA00210746204606F055F84FF0000B91
:10704000312EA7EB0007CDE9009B27495B4614BF13
:1070500084225A464FF0010015BF4FF0050A4FF049
:10706000160AD8464FF0010808F0D8F8FFB2ADF87C
:10707000660000283FF414ADB8F1000F49D0162285
:1070800059461AA80AF01DF8322E33D1174E33791B
:1070900003F00302032A09D18DF86A20BDF86600C7
:1070A000B9F1000F00F0B080002634E0B17900297A
:1070B000F4D10F49C3F3C2031AA8CB5C012A08BF5D
:1070C00043F001038DF86A30318807F072FD718852
:1070D0000DF16B0007F06DFDE0E700BF18D803006D
:1070E000E5D70300DDD70300DAD70300804D002089
:1070F00024D803001AA808F0F1FB894A4FF0FF33A7
:10710000CDE91C331378002B53D0864E33796F2B87
:1071100009D90026B0464246BDF866000221F5F7BF
:1071200049FE324607E51CA9584600F00FFD00282D
:10713000EFD07D4BB6F800B0B3F86830BBF1000F6C
:1071400011D1003B18BF01235B0143F004038DF80C
:107150007A3002238DF87B3073881B0A8DF87D30DE
:1071600059461EA8B6E7B3EB0B0318BF01235B011A
:1071700043F005038DF87A3002238DF87B300F231E
:107180008DF87C30E8E70BF1010B5FFA8BFB0BF11C
:10719000FF36F6B230460D9309F04DFC10F0010FAA
:1071A0000D9B5F4AEFD01178CB4204D00133DBB2A4
:1071B000E9E7C346EBE75D4B187830441CA9C0B241
:1071C00000F0C4FC0028A4D0304609F024FC83461B
:1071D000304609F030FCC0070FD416238DF87A3002
:1071E000534B1B780133DBB20F2B28BF0F238DF8D5
:1071F0007C30504B33F81630AFE7304609F01BFCBB
:107200008107EAD41223E9E7F5F7ECFB5044B842D2
:107210003FF74AAF012352461AA90DF16600F5F770
:1072200011FD00287FF43CAC464674E712073FF599
:1072300098AC0F983B4622462946FEF7A9FE002847
:107240007FF42EACBBF1000F7FF42AACE3E6BBF178
:10725000000F7FF425AC8023DEE608F0A8F8504547
:107260007FF41EACDFF8D88008224146B81C09F034
:10727000FEFE00287FF414AC08F099F8064608F0EA
:1072800096F82D4ACDE92A08334655E5384607F0E9
:107290008EFC09F079FB00283FF402AC274A2A90C3
:1072A00000232946204621B0BDE8F04FFFF7D6B8AD
:1072B000CDE92AB74B462A462146002021B0BDE839
:1072C000F04FFFF703B8CDE92AB74B462A462146CF
:1072D0000120F3E75B464A46294620462A9721B01B
:1072E000BDE8F04F05F011BF01231A4619A90DF1B1
:1072F0006600F5F7A7FC00287FF4D2AB08F101087F
:107300005FFA88F8013604F0D8FA5FFA86FA504539
:107310003FF6E1ADB8F1000F3FF408AC0AE400BF5E
:10732000F44F00204E4D0020804700205B150020C8
:1073300014510020884D002020D80300F0D703000E
:10734000F550002073B506460C46154609F0EBFDD6
:107350000DF106020146304609F099FC0C4E034639
:1073600080B9012232702288BDF8061022B102468F
:10737000072003F07BFA28B1BDF8062021462846F5
:1073800003F03BFA034A00231360337002B070BD70
:107390002E51002078480020024B1B7803700020FB
:1073A000704700BF11510020024B93F90030037069
:1073B0000020704710510020044B1B7813B1044B80
:1073C000188870474FF6FF70704700BF2E5100209D
:1073D000064E002008B5064B1B783BB1054B1968DB
:1073E00021B1082209F053FE002008BD7020FCE7FF
:1073F0002E5100207848002030B519498BB0142355
:107400007F22098805460DEB030003F001F8BDF863
:107410001430DA0721D413F0060FC3F3410208BF7A
:10742000C3F341220F4B9C5C0DF1160122466846C6
:1074300009F06DFE04F12802BDF826306A440234DA
:1074400002F8283C1B0A02F8273C69462A46E0B2AB
:1074500008F02CFE00200BB030BDB720FBE700BFCA
:10746000C667030033D8030010B58AB00446ADF8F0
:1074700026200022CDE9052204920CAA02924FF6A2
:10748000FF720192074AAC2104FB01220120603205
:10749000009203900DF126024CF6200109F0D7FA74
:1074A0000AB010BD8047002010B5204AB2F868002D
:1074B000B2F85E10B2F85C308AB04FF6FF74A042AA
:1074C000ADF82600ADF824104FF6FD7018D08142BB
:1074D0004FF00000CDE90500CDE90300CDE9010042
:1074E00094BF09AA6032009294BF48F660014CF63E
:1074F00060010DF12602042009F0A9FA0AB010BDBE
:10750000814288BF60324FF0000098BF09AA009204
:10751000CDE90500CDE90300CDE90100044A8CBFA7
:107520004CF6604148F66041E5E700BF8047002027
:10753000EA47002000B54FF6FF738BB00022CDE97B
:107540000522CDE90322CDE90132074A00924CF62B
:1075500040010DF126020620ADF8263009F077FA39
:107560000BB05DF804FB00BFE047002000B50E4BF8
:107570008BB00022B3F85E30ADF82430CDE905229F
:10758000CDE90322CDE9012209AA4FF6FF7300924B
:107590004FF400610DF126020720ADF8263009F006
:1075A00056FA0BB05DF804FB80470020034B1A78B5
:1075B0001AB1FF2A04BF00221A7070473051002010
:1075C00070B5084C084E2378F55C1DB107483E2184
:1075D000DEF7E4FB2378FF22F254002323702846D1
:1075E00070BD00BF2F5100203051002038D803005B
:1075F000034B044A1B78D05CFF3818BF012070474A
:107600002F5100203051002010B5084908220446AF
:1076100009F02DFDB0FA80F0228940094FF6FF7382
:1076200040009A4208BF40F0010010BD4CD8030052
:1076300030B5044685B00D4602B9084A1068516855
:1076400001AB03C301AB03CBADF80C501B8820602A
:1076500020466160238105B030BD00BFB07B0300D0
:107660001FB50146002201A8FFF7E2FF064801A965
:1076700009F0E0FA20B1F5F799F94089C0F340002C
:1076800005B05DF804FB00BF1E15002030B585B0C5
:107690000D460022014601A8FFF7CAFF084801A9CC
:1076A00009F0C8FA50B1F5F781F9044601460822FD
:1076B000284609F0ECFC6089C0F3400005B030BDFD
:1076C0001E150020F8B50546F8B11048002107F056
:1076D000F3FB0446A8B10D4F2046F5F767F90646BF
:1076E000FFF792FF830705D408222946304609F0A8
:1076F000BEFC38B12146384607F034FC0446002869
:10770000EAD10024201E18BF0120F8BD1E1500205C
:1077100010B50C460146064809F08CFA30B1F5F771
:1077200045F943891C4214BF0120002010BD00BF51
:107730001E1500201FB51446024601A8FFF778FF6A
:10774000074801A909F076FA40B134B1F5F72EF9EE
:1077500014220146204609F09AFC012004B010BD15
:107760001E1500201FB50146002201A8FFF760FF8B
:10777000094801A909F05EFA58B1F5F717F94389EC
:10778000024613F0020004D0507B80F00800C0F3E2
:10779000C00005B05DF804FB1E150020F7B59DF88C
:1077A000244001949DF8204000940D4606461F4653
:1077B00009F019F94FF6FF718842044610D0BB0753
:1077C00011D42846F6F780FC204609F02CF9FF2852
:1077D0001FBF084A32F8103023F4804322F81030DB
:1077E000204603B0F0BD02462946304609F047FA6C
:1077F000EAE700BF8A4D002073B50E4601461448E3
:1078000009F018FA0546D8B1F5F7D0F843893340A6
:10781000044612D09B0736B20BD5002E09DAA17BA5
:10782000437B0289007B0191012100912146FFF7F2
:10783000B5FF638923EA06036381628912B10120DF
:1078400002B070BD2946024807F0B5FBF7E700BF5C
:107850001E1500200148F4F7CFBE00BF1E15002002
:107860002DE9F0438FB007469DF858800C46154629
:107870001E46F8F7A5FC20B1F5F7C6FC08B144F4A4
:1078800000544A4B1B7813B924F40074A4B22005A9
:1078900009D546B904A92846F5F7E2FD002840D0ED
:1078A00024F40064A4B2ADF81840ADF81A5007F003
:1078B0007EFD3F4BADF81C00B8F1000F02D01A78E6
:1078C000424501D293F800803A4A8DF81E80137821
:1078D0000133E105DBB213704CBF0DF1210108A9A2
:1078E00022058DF81F3004D533680B6073684B6038
:1078F0000831E30405D5304A13680B6053684B60C8
:1079000008310DF11808A1EB08005FFA80F9002199
:107910004846F5F711F9064628B900200FB0BDE832
:10792000F08304AEBFE7F5F741F841464A4609F057
:10793000EEFB3046F5F756F880463046F5F736F858
:107940000023024600935FFA88F104234FF6FF708C
:1079500007F016FAADF80E000028DED040F2011351
:107960001C421AD14FF6F7739D4216D8F5F73AF834
:107970000DF10E010446284605F0B5FBBDF80E00DA
:10798000F5F730F8E4B2A04207D9BDF80E0007F0D1
:1079900044FA437843F004034370BDF80E003A46BE
:1079A0000121F5F7A1F8BDF80E00B7E7F64F00206A
:1079B00050150020F84F0020F5500020F0B50829A0
:1079C000D58889B028D00C2926D0AE0424D405F05F
:1079D00040030B43424C267816B105F020042343A4
:1079E0002FB2002FB8BF43F08003032920D1122308
:1079F000AC068DF80430937A10D48DF805300DF173
:107A0000060401A9621A0123D2B2F5F71BF9B0FAF4
:107A100080F0400909B0F0BD0B46DBE732228DF85B
:107A200004208DF80530002EE9D00DF11304E8E7AD
:107A30000C298DF8043009BF138953798DF805306E
:107A40001B0A0BBF8DF806308DF805300DF10703CA
:107A50000DF1060354881C70240A5C7014889C7015
:107A60000239240ADC70012914791C7111D8917A29
:107A70005971002F31DA1289DA710221120A9971D3
:107A800003F109041A72002EBBD0AB06B9D5053438
:107A9000B7E7A9071AD4002F0CDA117A51B1917AFD
:107AA00059711189127A03F1080492B102229A7174
:107AB000D971E8E70B4C2178917201F1010C84F83F
:107AC00000C09C1D002F5971DDDAEAE7917A9C1DF8
:107AD000F8E701229A71090AEAE79C1DD3E700BF83
:107AE000F64F0020F74F0020014B1870704700BF81
:107AF000EE4F0020F7B50D460446002128461646F5
:107B00001F46F7F7D1F90A4B002183F859402A465E
:107B1000009733462046FFF7A7FC014630B102220A
:107B20002046F5F709FDC0B203B0F0BD0120FBE728
:107B300080470020034B04481A780021920009F086
:107B4000C0BA00BF5B150020803F002010B5134B6A
:107B50001B78834286B00C4612D9114900EBC00055
:107B600001EB400108220631204609F090FA00227C
:107B70000821204607F0CBFB80F00100C0B206E0F0
:107B8000C01A01A9C0B208F031FF10B1002006B040
:107B900010BD01AB03CB20606160E8E75B150020FE
:107BA0004E4D002008B5074B53F820308B4202465B
:107BB00006D915204FF6FF7104F0C1FD002008BD65
:107BC0000120FCE7803F0020024B013143F82010E8
:107BD000704700BF803F00202DE9F3472B4EDFF8B0
:107BE000B4A081460C4600279AF80030FDB2AB42A3
:107BF00010D86946204608F01AFFC0B3082269462B
:107C0000484609F034FA90B34946204608F08FF808
:107C1000FE2537E006F1060808224146484609F0ED
:107C200026FA90B94FF6FF739C422BD03388A342BB
:107C300028D0204608F0F7FEFF2814D149462046F8
:107C400002B0BDE8F047F6F765BA14B9123601374D
:107C5000CAE73388A342F9D100220821404607F041
:107C600056FB0028F2D12846F6F728F9CCE749461A
:107C7000002008F0D6FEFF28054603D0044B1B78F1
:107C80000344DDB2284602B0BDE8F0874E4D002027
:107C90005B150020F44F00200F4B1B7883420CD85B
:107CA000C01A0E4AC0B232F81030D90411D443F4CD
:107CB000805322F8103001207047094B00EBC000C0
:107CC00003EB40035A79D10603D442F010025A71F3
:107CD000F1E70020704700BF5B1500208A4D0020AF
:107CE0004E4D00202DE9F843074602F066FB05469D
:107CF0001B4807F0C6FA1B4B60B31C683C1B2C44A6
:107D0000A4B2194BDFF868901B78184D99F8006001
:107D100003EB830305EB430500225FFA82F8464537
:107D20000AD9AB88A34205F10A0016D9B21A0A2370
:107D30005A43294609F0ABF9013689F80060AC8056
:107D4000B8F1000F03D106483946F5F761F8284627
:107D5000BDE8F8831D603C46D3E701320546DCE709
:107D6000741400207C480020315100209C4C0020DD
:107D7000325100201FB5154A154C1378013BDBB278
:107D800013706168206801AA03C221891180114A19
:107D90001278D21805D00A235A43E118204609F078
:107DA00076F99DF806301B070DD0BDF80C00FFF7E3
:107DB00099FF8288ADF8082001AA034603CA1288F9
:107DC000186059601A8104B010BD00BF3151002005
:107DD0009C4C00203251002008B5094B0948002175
:107DE0001970094B1970094B1A7802EB8202520084
:107DF00009F067F9BDE808400548F5F7A5B800BFE8
:107E0000325100209C4C0020315100205915002097
:107E100074140020F8B5094D094F0A4E00243B7830
:107E20003178E2B20B449A4204F1010400DBF8BD60
:107E30002846F4F7E1FB0A35F1E700BF9C4C00202F
:107E4000325100203151002010B5064C207828B165
:107E5000054807F089FE10B1034B188810BDFFF7E5
:107E600089FFF3E7315100209C4C002008B50A4AF5
:107E70000346107860B1094A1088984209D121B9A7
:107E80009378103323F00F039370FFF773FF0120F3
:107E900008BD0020FCE700BF315100209C4C0020B1
:107EA0002DE9F74F02F089FADFF8F8803A4CB8F87C
:107EB00000C0DFF8F490394D99F800701FFA80FE89
:107EC000AEEB0C039BB2019323780093002603EBE7
:107ED000830305EB43033A46B246ACEB0E0CB346C4
:107EE0005FFA86FEBE4515D3BAF1000F01D0009BA4
:107EF0002370BA422AD3002F37D02378C8F8000065
:107F00000A2202FB03532648998803B0BDE8F04FCC
:107F1000F4F77EBFB3F804E001998E4512D80099BA
:107F200093F802E0A3F804B001310EF1FF3EC9B2AC
:107F3000013A83F802E00091D2B24FF0010A0A330D
:107F40000136CDE7E644A3F804E0F8E789F800201D
:107F50004AB12378C8F800000A2202FB03531048F4
:107F60009988F4F755FF237813B903B0BDE8F08F73
:107F7000FFF76AFF06460028F5D006F082FE0146AC
:107F8000304607F0EEFD20B100212888FFF76EFF94
:107F9000E9E76621F9E700BF315100209C4C002041
:107FA000741400207C4800203251002081F00041F0
:107FB00002E000BF83F0004330B54FEA41044FEACE
:107FC000430594EA050F08BF90EA020F1FBF54EA69
:107FD000000C55EA020C7FEA645C7FEA655C00F005
:107FE000E2804FEA5454D4EB5555B8BF6D420CDDD6
:107FF0002C4480EA020281EA030382EA000083EA59
:10800000010180EA020281EA0303362D88BF30BDF8
:1080100011F0004F4FEA01314FF4801C4CEA11314E
:1080200002D0404261EB410113F0004F4FEA0333AD
:108030004CEA133302D0524263EB430394EA050F38
:1080400000F0A780A4F10104D5F1200E0DDB02FAA7
:108050000EFC22FA05F2801841F1000103FA0EF23B
:10806000801843FA05F359410EE0A5F120050EF101
:10807000200E012A03FA0EFC28BF4CF0020C43FA32
:1080800005F3C01851EBE37101F0004507D54FF03F
:10809000000EDCF1000C7EEB00006EEB0101B1F58F
:1080A000801F1BD3B1F5001F0CD349085FEA3000D5
:1080B0004FEA3C0C04F101044FEA445212F5800FE0
:1080C00080F09A80BCF1004F08BF5FEA500C50F17D
:1080D000000041EB045141EA050130BD5FEA4C0C60
:1080E000404141EB0101013C28BFB1F5801FE9D2BD
:1080F00091F0000F04BF01460020B1FA81F308BFE0
:108100002033A3F10B03B3F120020CDA0C3208DDAB
:1081100002F1140CC2F10C0201FA0CF021FA02F186
:108120000CE002F11402D8BFC2F1200C01FA02F1F6
:1081300020FA0CFCDCBF41EA0C019040E41AA2BF1B
:1081400001EB0451294330BD6FEA04041F3C1CDAE3
:108150000C340EDC04F11404C4F1200220FA04F003
:1081600001FA02F340EA030021FA04F345EA0301AD
:1081700030BDC4F10C04C4F1200220FA02F001FA6F
:1081800004F340EA0300294630BD21FA04F02946F1
:1081900030BD94F0000F83F4801306BF81F480118A
:1081A0000134013D4EE77FEA645C18BF7FEA655CFD
:1081B00029D094EA050F08BF90EA020F05D054EACF
:1081C000000C04BF1946104630BD91EA030F1EBFD4
:1081D0000021002030BD5FEA545C05D140004941D8
:1081E00028BF41F0004130BD14F580043CBF01F5CB
:1081F000801130BD01F0004545F0FE4141F47001B1
:108200004FF0000030BD7FEA645C1ABF194610468B
:108210007FEA655C1CBF0B46024650EA013406BF8C
:1082200052EA033591EA030F41F4002130BD00BF4B
:1082300090F0000F04BF0021704730B54FF4806408
:1082400004F132044FF000054FF0000150E700BF89
:1082500090F0000F04BF0021704730B54FF48064E8
:1082600004F1320410F0004548BF40424FF00001D5
:108270003EE700BF42004FEAE2014FEA31014FEA18
:1082800002701FBF12F07F4393F07F4F81F0605167
:10829000704732F07F4208BF704793F07F4F04BFB2
:1082A00041F40021704730B54FF4607401F000458F
:1082B00021F000411CE700BF50EA010208BF7047EF
:1082C00030B54FF000050AE050EA010208BF7047E0
:1082D00030B511F0004502D5404261EB41014FF449
:1082E000806404F132045FEA915C3FF4D8AE4FF051
:1082F00003025FEADC0C18BF03325FEADC0C18BF34
:10830000033202EBDC02C2F1200300FA03FC20FA84
:1083100002F001FA03FE40EA0E0021FA02F11444D1
:10832000BDE600BF70B54FF0FF0C4CF4E06C1CEAEA
:1083300011541DBF1CEA135594EA0C0F95EA0C0F5B
:1083400000F0DEF82C4481EA030621EA4C5123EACE
:108350004C5350EA013518BF52EA033541F48011FD
:1083600043F4801338D0A0FB02CE4FF00005E1FBB0
:1083700002E506F00042E0FB03E54FF00006E1FBFA
:1083800003569CF0000F18BF4EF0010EA4F1FF043D
:10839000B6F5007F64F5407404D25FEA4E0E6D417D
:1083A00046EB060642EAC62141EA55514FEAC5208E
:1083B00040EA5E504FEACE2EB4F1FD0C88BFBCF50A
:1083C000E06F1ED8BEF1004F08BF5FEA500E50F1BB
:1083D000000041EB045170BD06F0004646EA010181
:1083E00040EA020081EA0301B4EB5C04C2BFD4EBB3
:1083F0000C0541EA045170BD41F480114FF0000EAC
:10840000013C00F3AB8014F1360FDEBF002001F019
:10841000004170BDC4F10004203C35DA0C341BDC93
:1084200004F11404C4F1200500FA05F320FA04F065
:1084300001FA05F240EA020001F0004221F0004199
:1084400010EBD37021FA04F642EB06015EEA430E0C
:1084500008BF20EAD37070BDC4F10C04C4F120053C
:1084600000FA04F320FA05F001FA04F240EA0200EF
:1084700001F0004110EBD37041F100015EEA430EC0
:1084800008BF20EAD37070BDC4F1200500FA05F2E0
:108490004EEA020E20FA04F301FA05F243EA02035F
:1084A00021FA04F001F0004121FA04F220EA02006E
:1084B00000EBD3705EEA430E08BF20EAD37070BDB4
:1084C00094F0000F0FD101F00046400041EB010194
:1084D00011F4801F08BF013CF7D041EA060195F076
:1084E000000F18BF704703F00046520043EB030330
:1084F00013F4801F08BF013DF7D043EA060370471D
:1085000094EA0C0F0CEA135518BF95EA0C0F0CD027
:1085100050EA410618BF52EA4306D1D181EA03016D
:1085200001F000414FF0000070BD50EA410606BF67
:108530001046194652EA430619D094EA0C0F02D1AC
:1085400050EA013613D195EA0C0F05D152EA0336F1
:108550001CBF104619460AD181EA030101F000410F
:1085600041F0FE4141F470014FF0000070BD41F058
:10857000FE4141F4780170BD70B54FF0FF0C4CF432
:10858000E06C1CEA11541DBF1CEA135594EA0C0F51
:1085900095EA0C0F00F0A7F8A4EB050481EA030E9E
:1085A00052EA03354FEA013100F088804FEA033385
:1085B0004FF0805545EA131343EA12634FEA022253
:1085C00045EA111545EA10654FEA00260EF0004114
:1085D0009D4208BF964244F1FD0404F5407402D266
:1085E0005B084FEA3202B61A65EB03055B084FEAF7
:1085F00032024FF480104FF4002CB6EB020E75EBF4
:10860000030E22BFB61A754640EA0C005B084FEA1B
:108610003202B6EB020E75EB030E22BFB61A754698
:1086200040EA5C005B084FEA3202B6EB020E75EBE3
:10863000030E22BFB61A754640EA9C005B084FEA5B
:108640003202B6EB020E75EB030E22BFB61A754668
:1086500040EADC0055EA060E18D04FEA051545EA57
:1086600016754FEA06164FEAC30343EA52734FEA00
:10867000C2025FEA1C1CC0D111F4801F0BD141EA79
:1086800000014FF000004FF0004CB6E711F4801FDE
:1086900004BF01430020B4F1FD0C88BFBCF5E06FBE
:1086A0003FF6AFAEB5EB030C04BFB6EB020C5FEACE
:1086B000500C50F1000041EB045170BD0EF0004E23
:1086C0004EEA113114EB5C04C2BFD4EB0C0541EA55
:1086D000045170BD41F480114FF0000E013C90E652
:1086E00045EA060E8DE60CEA135594EA0C0F08BF16
:1086F00095EA0C0F3FF43BAF94EA0C0F0AD150EA15
:1087000001347FF434AF95EA0C0F7FF425AF1046A7
:1087100019462CE795EA0C0F06D152EA03353FF4CF
:10872000FDAE1046194622E750EA410618BF52EA4C
:1087300043067FF4C5AE50EA41047FF40DAF52EA20
:1087400043057FF4EBAE12E74FF0FF3C06E000BFBD
:108750004FF0010C02E000BF4FF0010C4DF804CDCA
:108760004FEA410C7FEA6C5C4FEA430C18BF7FEA8A
:108770006C5C1BD001B050EA410C0CBF52EA430CB8
:1087800091EA030F02BF90EA020F0020704710F138
:10879000000F91EA030F58BF994208BF90422CBFC7
:1087A000D8176FEAE37040F0010070474FEA410CC0
:1087B0007FEA6C5C02D150EA013C07D14FEA430CDE
:1087C0007FEA6C5CD6D152EA033CD3D05DF8040B4F
:1087D000704700BF8446104662468C461946634681
:1087E00000E000BF01B5FFF7B7FF002848BF10F158
:1087F000000F01BD4DF808EDFFF7F4FF0CBF01209D
:1088000000205DF808FB00BF4DF808EDFFF7EAFF18
:1088100034BF012000205DF808FB00BF4DF808EDD3
:10882000FFF7E0FF94BF012000205DF808FB00BFC8
:108830004DF808EDFFF7CEFF94BF012000205DF852
:1088400008FB00BF4DF808EDFFF7C4FF34BF01205F
:1088500000205DF808FB00BF4FEA410212F500124C
:1088600015D211D56FF47873B3EB625212D94FEA77
:10887000C12343F0004343EA505311F0004F23FA61
:1088800002F018BF404270474FF00000704750EAB6
:10889000013005D111F0004008BF6FF00040704773
:1088A0004FF00000704700BF4A0011D212F50012CD
:1088B00011D20DD56FF47873B3EB62520ED44FEA38
:1088C000C12343F0004343EA505323FA02F07047B8
:1088D0004FF00000704750EA013002D14FF0FF30F6
:1088E00070474FF00000704753B94AB9002908BFDC
:1088F00000281CBF4FF0FF314FF0FF3000F06AB985
:10890000ADF1080C6DE904CE00F006F8DDF804E0E6
:10891000DDE9022304B070472DE9F047089D0C46BD
:10892000002B4ED194468C458646B2FA82F262D92B
:108930004AB1C2F12003914020FA03F30CFA02FC81
:10894000194300FA02FE4FEA1C471FFA8CF6B1FBEE
:10895000F7F44FEA1E4307FB141143EA014304FBFB
:1089600006F199420AD91CEB030304F1FF3080F0B1
:108970001381994240F21081023C6344591A1FFA54
:108980008EF3B1FBF7F007FB101143EA014300FB44
:1089900006F69E420AD91CEB030300F1FF3180F07A
:1089A000FD809E4240F2FA80634402389B1B40EAFD
:1089B000044000211DB1D3400022C5E90032BDE8CA
:1089C000F0878B4205D90DB1C5E9000100210846A9
:1089D000F5E7B3FA83F1002946D1A34202D39042CE
:1089E000C0F0F180861A64EB03030120002DE6D06D
:1089F000C5E90063E3E7002A40F09180A1EB0C0495
:108A00004FEA1C481FFA8CF70121B4FBF8F64FEA35
:108A10001E4308FB164443EA044307FB06F0984252
:108A200008D91CEB030306F1FF3402D2984200F28E
:108A3000CE8026461C1A1FFA8EF3B4FBF8F008FB12
:108A4000104443EA044300FB07F79F4208D91CEB9C
:108A5000030300F1FF3402D29F4200F2B1802046AE
:108A6000DB1B40EA0640A5E7C1F120068B4022FA55
:108A700006F71F4320FA06FC04FA01F343EA0C034D
:108A8000F44000FA01F8380C4FEA1349B4FBF0FE49
:108A90001FFA87FC00FB1E4449EA04440EFB0CF954
:108AA000A14502FA01F20AD93C190EF1FF3A80F011
:108AB0008580A14540F28280AEF1020E3C44A4EBD9
:108AC00009041FFA83F9B4FBF0F300FB134449EAED
:108AD000044403FB0CFCA44507D93C1903F1FF3007
:108AE00068D2A44566D9023B3C4443EA0E40A0FB51
:108AF0000293A4EB0C049C42CE469C4652D34FD02A
:108B000055B1B8EB0E0364EB0C0404FA06F6CB4047
:108B1000CC401E43C5E900640021BDE8F087C2F1E6
:108B2000200320FA03F10CFA02FC24FA03F3944028
:108B30000C434FEA1C4800FA02FE1FFA8CF7B3FB05
:108B4000F8F008FB1031230C43EA014300FB07F166
:108B5000994208D91CEB030300F1FF362CD299424D
:108B60002AD9023863445B1AA4B2B3FBF8F108FBBC
:108B7000113344EA034401FB07F3A34208D91CEB79
:108B8000040401F1FF3613D2A34211D9023964441F
:108B9000E41A41EA004138E70446EFE6084605E7F3
:108BA000C845ADD2B9EB020E63EB070C0138A7E75D
:108BB0003146EDE7034698E73046D4E7D6467EE7F0
:108BC000634402384CE70646234608460EE7023E59
:108BD00063442FE7704700BF08B5064B044613B146
:108BE0000021AFF30080044B1B6803B19847204677
:108BF00000F0CAFB00000000BC490020024B014607
:108C0000186800F0DBB900BF94140020014808F098
:108C100072BA00BF33510020014808F06DBA00BF9E
:108C200033510020242B2DE9F0478646904601D889
:108C3000012B06D100F098F9162303600020BDE84F
:108C4000F08736480D462A4615F8014B065D16F0AA
:108C50000806F8D12D2C24D12C780126951C2BBB8D
:108C6000302C30D00A2306F1004C0CF1FF3C0022DE
:108C7000BCFBF3F9104603FB19CAA4F13007092F16
:108C800028D83C46A34234DD571C07D081452DD35C
:108C900001D1A2452ADB00FB0340012215F8014B5C
:108CA000EBE72B2C04BF2C78951CD8E7102BDAD1DE
:108CB000302CD8D12A7802F0DF02582AD3D16C7830
:108CC00010230235CFE72B7803F0DF03582BF6D0C3
:108CD0000823C8E7A4F14107192F01D8373CD1E791
:108CE000A4F16107192F04D8573CCBE74FF0FF32AE
:108CF000D4E7531C08D12223CEF800306046B8F1E7
:108D0000000F9CD0691E06E006B14042B8F1000F8A
:108D100095D0002AF6D1C8F8001090E757D8030084
:108D200013460A46014602480068FFF77BBF00BFB2
:108D3000941400202DE9F043364E86460D46284611
:108D400015F8014B375D17F00807F8D12D2C26D107
:108D50002C780127851C3BBB302C32D00A234FF0E6
:108D6000FF380026B8FBF3F803FB08F96FEA09099E
:108D70003046A4F1300CBCF1090F29D86446A34257
:108D800037DDB6F1FF3F07D080452FD301D1A14594
:108D90002CDB00FB0340012615F8014BE9E72B2CE7
:108DA00004BF2C78851CD6E7102BD8D1302CD6D117
:108DB000287800F0DF005828D1D16C7810230235D4
:108DC000CDE72B7803F0DF03582BF6D00823C6E756
:108DD000A4F1410CBCF1190F01D8373CCFE7A4F145
:108DE000610CBCF1190F04D8573CC8E74FF0FF36AF
:108DF000D2E7731C06D12223CEF80030304632B9B8
:108E0000BDE8F08307B14042002AF9D006B1691EDF
:108E10001160F5E757D8030013460A460146024899
:108E20000068FFF787BF00BF941400202DE9F04FC2
:108E300085B09046464A029089461E460D462B460E
:108E400015F8014B175D17F00807F8D12D2C41D10B
:108E50002C7801279D1C002E41D1302C4CD00A26A5
:108E600007F1004A07F1FF3B0AF1FF3AF3173246D8
:108E7000584651460393FFF737FD019200228E4674
:108E8000844611461046A4F13003092B05D9A4F1FC
:108E90004103192B37D8A4F137039E423DDD541C02
:108EA00015D084457EEB010234D38E4508BF84453E
:108EB00002D1019A9A422DDB039A714300FB021101
:108EC000A6FB00020A44181842EBE371012215F8D0
:108ED000014BD8E72B2C04BF2C789D1CBBE7102E30
:108EE000BED1302CBCD12B7803F0DF03582BB7D187
:108EF0006C7810260235B3E72B7803F0DF03582B8C
:108F0000F6D00826ACE7A4F16103192B05D8A4F12B
:108F10005703C2E74FF0FF32D9E7531C0AD1029A38
:108F20002223136058465146B8F1000F0AD105B00C
:108F3000BDE8F08F17B1404261EB4101B8F1000F7D
:108F4000F5D00AB105F1FF39C8F80090EFE700BF8E
:108F500057D8030013460A46014602480068FFF747
:108F600065BF00BF94140020014B1868704700BF14
:108F70009414002070B50D4D0D4C641BA4100026F8
:108F8000A64209D10B4D0C4C08F0EAF8641BA41062
:108F90000026A64205D170BD55F8043B984701361E
:108FA000EEE755F8043B98470136F2E7AC15002090
:108FB000AC150020AC150020B015002038B50546D2
:108FC000002941D051F8043C0C1F002BB8BFE41815
:108FD000FFF71CFE1D4A136833B96360146028460E
:108FE000BDE83840FFF718BEA34208D92068211811
:108FF0008B4201BF19685B6809182160EDE71A46CA
:109000005B680BB1A342FAD911685018A0420BD18A
:1090100020680144501883421160E0D118685B68F1
:10902000536008441060DAE702D90C232B60D6E7BE
:10903000206821188B4204BF19685B68636004BF15
:10904000091821605460CAE738BD00BF804800207D
:1090500010B588B004460DF10D008DF80C2008F015
:1090600056F842230093224603AB0021012002F070
:1090700083FE08B010BD08B1D7F74ABF7047F2F7BA
:1090800087B808B501F05BFA01F066FADDF7EAFA95
:10909000FAE71FB50023039301220423009319214B
:1090A00003AB104602F0A7FE039805B05DF804FB81
:1090B0000020D8F72FBD704710B5E6F7EBFA012373
:1090C000037102F050FF0446E6F7BEFA14B100281F
:1090D00008BF0024204610BD08B502F0AAFB831E7D
:1090E0005842584108BD704708B5D9F7E9FABDE8BC
:1090F0000840E8F7E5BA08B5DDF7ACFD00F07BFB0A
:10910000DCF74CFBBDE80840D8F73CBF08B5DBF7FF
:109110008DF800F06AFBDBF795F8DFF7F5FBDFF77A
:10912000A3FCBDE80840DFF7DBBC70477047D8F709
:109130004FBF08B501F00CFBBDE8084001F036BB9D
:109140007047012070470120704738B5D8F73AFFC3
:10915000044601F03EF9051E18BF2546DFF75EFD07
:10916000041E18BF2C46FFF7ECFF002818BF20464E
:1091700038BD38B5DDF77CFB044601F02CF9042836
:1091800017D002284FF0000508BF012401F02CFB86
:10919000042810D0022808BF0124FFF7D4FF0428B8
:1091A0000BD0022808BF0124002D18BF0024204640
:1091B00038BD0125EAE70125EFE70024F7E7FF20A6
:1091C000704708B5FFF7FBFF002008BD07B5009208
:1091D000027D0B468189806802F037F8003818BF9D
:1091E0000120C00103B05DF804FB08B50020E5F7DD
:1091F0008DFA0020E6F7BAFF0020DFF71BFF002002
:10920000E0F7AEF90020E0F761FC0020E3F72EF86C
:109210000020E3F779FB0020E3F79AFF0020E4F752
:10922000ADFDBDE808400020E4F780BE08B5012090
:1092300001F04BFDBDE808400120E0F759B808B542
:109240000220E5F71BFB0220E7F776FA022003F085
:10925000BEFF022001F0ABFE0220E3F779FFBDE87C
:1092600008400220E5F796B8E0F784B902F08CBA1E
:109270007047E0F7BDBB704770477047704710B547
:109280000446E4F7ADFF204601F043FD2046E0F739
:10929000DFFE204601F0C0FD2046E3F743FD2046F7
:1092A000BDE8104001F073BF01F0A0BF01F0AABFFC
:1092B000E4F76EBD7047704701F04FBD70477047CF
:1092C00070477047704770477047E4F7E5BD7047D7
:1092D0007047704782B06B4683E8060093E806004B
:1092E00002B0DFF7ADBD70477047704701F011BFA6
:1092F00002F06EBE02F072BE70470020704702F0AE
:109300006FBE02F078BEFEE74FF4004070474FF4A6
:109310007A70704700230360704703680B60016038
:10932000704710B538B132B129B100230139D45C8E
:1093300014B90023037010BD8B42FAD200F8014B20
:109340000133F4E7034638B10020814204D01A5CAF
:1093500002B970470130F8E770474FF0FF31FFF76F
:10936000F1BF70B50C461646054660B15AB151B111
:10937000FFF7F3FF844206D9211A32462844BDE89C
:109380007040FFF7CEBF70BDFEE7704713B50446CF
:1093900001A8DAF721FE9DF80630238040F2011380
:1093A0006380DAF737FE6060002002B010BDDAF7A4
:1093B000CBBC08B5DAF7B8FC002008BD10B50446F0
:1093C00044EA010313F00303084609D1934201D193
:1093D000002010BD54F8231040F823100133F5E7A6
:1093E0009200214607F093FEF2E7704770B5022322
:1093F00083608E780C46002231460546D9F7FEF987
:109400002179627860790B0243EA026343EA004300
:10941000E07843EAC003E07908B143F00053207AD2
:1094200008B143F00403A07908B143F00203607A65
:1094300008B143F00103F3290FD176B9032A03D809
:1094400023F0706343F0806343EA46132B616E6937
:1094500026F4F21626F007060CE03206F4D543F0A7
:10946000E0032B616B6923F4F21323F0070326F06A
:1094700080061E43237846EA4346E37A0BB146F45E
:1094800080466B0103F18443A27A6E619A60EB6FB0
:10949000D5F88030EB6870BD08B5D9F771FB0130A5
:1094A00008BDEFF3108072B6704700B962B670471E
:1094B000602383F311887047EFF31180602383F3F7
:1094C0001188704780F31188704784B00B6800934F
:1094D0004B6801938B680293CB680393009B0360F6
:1094E000019B0360029B0360039B036000230093C6
:1094F00001930293039304B0704784B00368009310
:10950000036801930368029303680393009B0B6055
:10951000019B4B60029B8B60039BCB6000230093FD
:1095200001930293039304B0704730B5D1E902234D
:10953000D1E90054056004600260036030BD30B5BD
:109540000568046802680368C1E90054C1E90223A0
:1095500030BD7FB58A0704460B4610D06D4601F139
:109560001006186859682A4603C20833B3421546E4
:10957000F7D169462046FFF7D8FF04B070BD0091CF
:10958000009904B0BDE87040FFF7CFBF30B58B073E
:1095900085B00C4610D06946FFF7D1FF0D46234633
:1095A00004AC2A4603CAA24218605960154603F16A
:1095B0000803F6D105B030BD0091009905B0BDE8B3
:1095C0003040FFF7BCBF00F1424303F58013102A7F
:1095D00010B54FEA43130AD101221A6000F58870D2
:1095E000FFF773FF1031BDE81040FFF76EBF002298
:1095F0001A602430F7E7F0B50B46990789B00446A6
:1096000015462DD0082A19D16D4603F110061868A9
:1096100059682A4603C20833B3421546F7D10822D7
:1096200069462046FFF7CFFF03226B460020013A30
:10963000186003F10403FAD209B0F0BD6E4603F1DD
:10964000200718685968324603C20833BB421646E1
:10965000F7D12A4669462046FFF7B5FF0722E4E71F
:109660000093009909B0BDE8F040FFF7ACBF10B51A
:109670002030FFF742FF102A04D1BDE8104010311E
:10968000FFF73BBF10BD30B58B0789B00C461546C0
:1096900025D06946FFF7EBFF082D6A4613D104ADCC
:1096A000134603CBAB42206061601A4604F1080404
:1096B000F6D103226B460020013A186003F104033F
:1096C000FAD209B030BD08AD134603CBAB422060DF
:1096D00061601A4604F10804F6D10722EAE7009116
:1096E000009909B0BDE83040FFF7C1BF704770472F
:1096F0007047D9F743BFD9F7D3BE70B505460E46BC
:109700001446FFF7CEFE2B685C4034405C402C6072
:10971000BDE87040FFF7C9BEDAF75EBB0A7810B546
:109720000AB90223436000234362CB788C781B0480
:1097300043EA04634C7A2343CC7943EA84230C7ACA
:1097400043EA04234C7843EA84138C7A43EAC41333
:10975000CC7A43EA44130C7B43EA04138C7B43EA40
:1097600084334C7B43EAC4030C7943EA44334C7999
:10977000897943EA047343EA417303600AB1012320
:10978000436010BD10B5537814781B0643EA846318
:1097900094792343947843EA0443D47843EA043326
:1097A000147943EA8423547943EA0423D47943EABD
:1097B0008473147A43EA4473547A43EA0413947A20
:1097C000D27A063143EA8403090143EA0273435023
:1097D00010BD002070470020704700207047012016
:1097E0007047012070470F207047EBF783B94FF0A7
:1097F000FF3004F0C2BB704770B504460D46FFF75A
:1098000050FEA36A102B064604F10501284614BF3A
:1098100010220822FFF7EFFE05F1840004F14C014D
:10982000FFF797FE3046BDE87040FFF73EBE2DE9DA
:10983000F043074685B016461C460D4631B9DAF7A7
:1098400013FD054601463846FFF7D6FF44B3FFF740
:1098500028FE97F842308046F3B10E2200210DF128
:10986000020007F02EFC0E2CBB8DA14628BF4FF046
:109870000E095BBA31464A460DF10200ADF80030E0
:1098800007F045FC69462846DAF712FD0023A4EBF1
:1098900009044E4487F842302CB94046FFF705FED4
:1098A00005B0BDE8F083102C27464FF0100228BF0A
:1098B00010270021684607F004FC31463A46684606
:1098C00007F025FC69462846DAF7F2FCE41B3E4423
:1098D000E2E72DE9F04F8BB00546DDF85080169E8B
:1098E00017469A460C464FF0010900297BD1DAF75A
:1098F000BBFCCDF8009004462B6E2F714FF0000991
:109900005FFA88F7EB62C5F8449085F86C704246C0
:10991000514605F15C00019307F0F9FB159A019B94
:10992000C7F10F0B023AC7F10E07B3EB0903FFB201
:109930004FEA520247EAC20218BF012342EA8313E8
:10994000514642460DF109008DF8083007F0DFFB63
:1099500006AA4B465FFA8BFB9146D9B28B4547D896
:10996000002E59D166602660FFF79BFDAB6A01901F
:10997000102B14BF10220822691D2046FFF73BFE62
:10998000C4F8886002A9C4F888602046C4F88860DA
:10999000C4F88860DAF78CFC0198FFF786FD424630
:1099A00051460DF119008DF8187007F0B0FB08F161
:1099B00001005A463146484407F083FB01238DF8E5
:1099C0002730FFF76EFD04F1840706464946384606
:1099D000FFF7BFFD3046FFF768FD009B6BB9002025
:1099E0000BB0BDE8F08F002380F84290009383E72E
:1099F00002F8016D0133360AAFE7FFF752FD05F1BA
:109A00004C0106463846FFF7C1FD3046FFF74DFDD5
:109A10002046DAF733FCE2E76FF08600E0E7014426
:109A20000023884200D1704700F8013BF9E72DE997
:109A3000FF47DDF83890DDF848800C4606461746AB
:109A40009A46DAF711FC0C9BC6F860902246009308
:109A50000146CDE90187054653463046FFF739FFF9
:109A60000446C8B90D9A4B4629463046FFF7DFFE3B
:109A70003FB1109B00933A460F9B29463046DAF7D8
:109A800081FC119A434629463046DAF71FFC04460A
:109A900010B92846DAF7F2FB204604B0BDE8F0879B
:109AA0002DE9F8431546894607469846DAF7DCFB68
:109AB0000023436003600446FFF7F3FCB9F1100F85
:109AC00014BF102208223946064604F180072046BA
:109AD000FFF791FD41463846FFF73BFD3046FFF763
:109AE000E4FC012D0CBF05230623A360256915F0B6
:109AF0000205FBD1FFF7D5FC089906463846FFF76B
:109B000045FD3046FFF7D1FC2046DAF7B7FB284683
:109B1000BDE8F8832DE9F04190461E46054678B32E
:109B20008B422DD1DAF7A0FB00234360036004468B
:109B3000FFF7B7FC102E074614BF10220822294653
:109B40002046FFF758FD3846FFF7AFFC0523A3601A
:109B5000256915F00205FBD1FFF7A3FC102E14BFF9
:109B600010220822414607462046FFF78CFD384662
:109B7000FFF79BFC2046DAF781FB2846BDE8F08121
:109B80006FF08600FAE770470020704700207047AA
:109B9000C3681944836853F8210030F8023B13600E
:109BA000704710B5012380F888300378044653B11C
:109BB00000F064FA21462046DBF772F82046BDE843
:109BC000104000F050BA10BD38B50D460446DBF722
:109BD0004FF86B68C4F8B032A968204600F098F9D5
:109BE0004FF0FF33C4F8B4322046FFF7CDFF38BD45
:109BF000D0F8B432013310B5044601D0002010BDB6
:109C000000F0BFFAC4F8B4020130F7D194F8B802FA
:109C100080F00100F3E708B5DBF764F808BD0A78C7
:109C20002D2A08BF012200F1FF300CBF8918002245
:109C3000DBF7A2B807281BD8DFE800F0060A0D10F2
:109C4000131504170120704700220820DBF794B891
:109C500000221020FAE700222020F7E70820FFF773
:109C6000DEBF1020FBE72020F9E70846DBF7E6B867
:109C7000002070472DE9F7430728DDE90A760C46F6
:109C800090461D4608D8013806280AD8DFE800F0BB
:109C90001D27303A44574A00212850D003B0BDE870
:109CA000F083002211462046FFF7B6F83368C0B2B1
:109CB00005EB83013A6845F82300013348F8221088
:109CC00033603B6801333B60E8E7002211462046E1
:109CD000FFF7A2F8336880B205EB8301EAE70022C0
:109CE00011462046FFF798F8336805EB8301E1E75A
:109CF000002211462046FFF713F8336840B205EB07
:109D00008301D7E7002211462046FFF709F83368A0
:109D100000B205EB8301CDE7002211462046FEF795
:109D2000FFFFE1E700238DF8063089461E461D46F9
:109D300019F8013F7D2B06D125702D0A65703B680F
:109D400048F82340BDE7202BF2D006F0010201368F
:109D500012B98DF80430EBE71022002101A88DF82C
:109D60000530FEF7DDFF631901359870ADB2DFE70E
:109D70002DE9F04F9B4685B000238B45CDE902339A
:109D80008146884692466BDC1A461E4619F8034007
:109D9000FF2C08D15B4496B1013B434516DD2B20D7
:109DA00005B0BDE8F08F172C04D8102C28BF012275
:109DB0000133EBE7203C012C98BF0126F8E762B1A4
:109DC000013B4345EBDC3546374602E000252F4694
:109DD0002E46454504DB0020E2E79845F3D0DEE758
:109DE0005D453BDB19F80730202B18D109EB070341
:109DF0005B78FF2BD3D1CEB95AF825102046FFF758
:109E000019FF78B303AB019302AB00935AF8251006
:109E1000DDE90E232046FFF72DFF0135D9E7212B81
:109E20000ED109EB07035B78FF2BB8D1029B0E998B
:109E30005AF8252041F82320013302930126ECE74C
:109E4000A3F11004072C02D901371C46D3E709EB14
:109E500007035B78FF2BA2D1E4B2CCE70624CAE764
:109E600021209DE726209BE72DE9F04F85B0DDE915
:109E70000FABDDF8449007460E461546984604465B
:109E8000206808B3DAF80020D8F800108A421BDAFC
:109E90000E9B53F82210D8F79DFB48BBDAF8002040
:109EA0000132CAF800206268117BFE291BD10E9B8B
:109EB00010680093CDE902B9CDF804A043462A46C4
:109EC0000121FFF7D1FF04462B7843B999F8003000
:109ED0002BB97EB1012389F800303C462B70204617
:109EE00005B0BDE8F08F01238BF800302B70EBE755
:109EF0000C34C5E73446F2E710B50446236803B9CD
:109F000010BD237A13B92046DAF7CEFF0C34F5E7FB
:109F100010B541B10A7932B901249C300C71FFF7B8
:109F2000FCF9204610BD0020FCE72DE9F041BAB055
:109F300005460AAA084603A900F05FF90446B0B92D
:109F40000DF10A0301930DF10B038DF80A00009344
:109F50000AAA04AB03A92846DBF76CF99DF80A208E
:109F6000B2B19DF80B2048B12AB1DAF79DFF204627
:109F70003AB0BDE8F081FFF7BFFFF8E7D5F89C5095
:109F8000002DF4D0A86808B1FFF7B6FF2D68F7E7F9
:109F900000B3466803991AAB06F10C082AAF019387
:109FA0000097049B0AAA4046FFF7E2FE04460028F9
:109FB000DDD1039B0595CDE90637049B05A8CDE9C6
:109FC0000838DDF7C9FB05A83368984705A800F0F5
:109FD00032FBCCE72D24CAE710B50446AC3007F0BD
:109FE000A4F804F1AB031A180020934200D110BD6D
:109FF00013F8011F0029FAD00A2908BF0130F4E73D
:10A000000023F0B50B6013600646D0F8AC0278B1BF
:10A0100096F8AC0060B1012406F1AC07D6F8AC02AA
:10A02000844211D306F1AC00B3F5007F11D30120B7
:10A03000F0BD0D6801350D60156801351560F85CDF
:10A040000A2803F1010302D0B3F5007FF1D30134F4
:10A05000E4E7C15C0A29EAD00029E8D0116801319F
:10A0600011600133E0E710B5D0F88C2000210446E0
:10A0700007F027F80023C4E9243310BD73B5044664
:10A0800000F1AC0580212046FFF75CF94FF4007128
:10A0900006462846FFF756F90136C0F5007086429D
:10A0A00020461FD807F041F80646284607F03DF83D
:10A0B0000136421C2946A81906F0E9FF204607F0A0
:10A0C00034F821460246284607F021F8204607F0DA
:10A0D0002CF820440A2380F8AC300023C4F8AC32BA
:10A0E00002B070BDFFF778FF01AAC4F8AC02694660
:10A0F0002046FFF785FF009B2344002283F8AC2015
:10A10000C0E773B50D460446FFF766FF6B1C1FD111
:10A11000D4F8AC3213B1013BC4F8AC320025204670
:10A1200007F003F8A8421BD82046FFF79CFFD4F89D
:10A13000AC325BB101AA69462046FFF761FF28B146
:10A14000009D04F1AC06019BAB4214D802B070BD77
:10A15000012DFBD1D4F8AC328342F7D20133DBE7D7
:10A16000082000F01DF8202000F01AF8082000F068
:10A1700017F80135D3E7715D2046DBF78DF901351E
:10A18000E1E707B500200DF1070100F0EFF820B975
:10A190009DF8070003B05DF804FB4FF0FF30F9E7CE
:10A1A00010B5C1B20446002000F0D0F800280CBF62
:10A1B00020464FF0FF3010BD0FB407B504A951F889
:10A1C000040B0191E8F73EFA002003B05DF804EBC0
:10A1D00004B0704710B54C1C0B460119045D222CCD
:10A1E00003D07B2C01D05C2C05D1D21A184406F088
:10A1F0004EFF012010BD0020FCE72DE9F047054689
:10A200009146884606F091FF2A46064613460132DB
:10A2100019782029FAD0C9F800305C1B0123C8F84E
:10A2200000306FF0404AA64201D8002015E02F5DB3
:10A230007B2F05EB040112D0222F2ED1D8F800304D
:10A24000621C53442A4449F82320012C09D911F8EF
:10A25000013C13F0DF0F04D02120BDE8F0877D27FB
:10A26000F3E701342B5DBB4209D12B195B7813F066
:10A27000DF03F1D1222F00D12B550134D3E75C2B22
:10A2800007D1324621462846FFF7A4FF0028E3D035
:10A29000013E0134A642E5D8DEE75C2F08D1324604
:10A2A00021462846FFF796FF0028D5D0013EE4E777
:10A2B000202FE2D1631C0022B3420A70DDD2EA18DB
:10A2C000EB5C202BD9D0D8F800300F2B05DC49F8F7
:10A2D00023200133C8F80030CFE71E20BDE713B5B7
:10A2E00002230024684600948DF804408DF8053060
:10A2F000D9F70EFA204602B010BD70B50C461546CF
:10A3000010B9DBF72BFA38B143682BB12A46214646
:10A310000068BDE870401847232070BDF7B50D46B2
:10A3200016461C4648B103B901AC87685FB12346A5
:10A33000324629460068B84706E0DBF70FFA04B951
:10A3400001AC0028F1D1232003B0F0BD07B50122F4
:10A350008DF807100DF10701FFF7CFFF03B05DF88F
:10A3600004FB0B4601461846FFF7F0BF002301220D
:10A37000FFF7D4BF0EB403B503AA52F8041B019231
:10A38000DBF7F8F902B05DF804EB03B0704710B5E5
:10A3900000201C4603F01DF9002820600CBF1B2084
:10A3A000002010BD08B50020E8F70CFA002008BD19
:10A3B00008B5DBF70BFA80B208BD08B5DBF706FA83
:10A3C00008BD08B5FFF7F9FFFA23B0FBF3F080B240
:10A3D00008BD0120704704207047704770477047E0
:10A3E000032000F020B8012070470020704749BAD0
:10A3F00089B280EA0103C3F303125340180380B209
:10A4000058405B0103F4FF535840704742DE7047E9
:10A4100010B404460846114622465DF8044BDDF7A9
:10A4200019B8DDF759B8DDF797B810B404460846F7
:10A43000114622465DF8044BDDF7ACB8DDF72CB9C8
:10A440007047704708B50846E8F7E8F8002008BDEF
:10A45000104430B5054602B930BD01F00F030A2B98
:10A4600034BF302437242344013A05F8013D09095B
:10A47000D2B2F0E710B5FFF714F80446DBF7CAFFD5
:10A480002046BDE81040FFF710B87047FFF731B91C
:10A4900070477047012070474FF41670DCF7D2B850
:10A4A0002DE9FF410D4616461F460446A8B14FF060
:10A4B0000008C0F81C80DCF707FCBDF82C300293C4
:10A4C0009DF828304246CDE90073294633462046A0
:10A4D000DCF760FB04B0BDE8F0812220FAE7F0B5BC
:10A4E00087B01F4600230D4616468DF817300446E8
:10A4F000A8B1C3610DF11701DCF716FC9DF8172018
:10A500007AB9BDF8343002939DF830302946CDE950
:10A51000007320463346DCF73DFB07B0F0BD222038
:10A52000FBE70320F9E738B5FEF7C6FF0546DCF781
:10A53000DFFD04462846FEF7C5FF204638BD08B5B6
:10A54000D7F77EFDFEF7D0FDFEF7D5FDFEF7DEFD69
:10A55000BDE80840FEF7E9BD08B5FEF7E7FDFEF7E8
:10A56000E6FDFEF7E6FDBDE80840FEF7E9BD7047F1
:10A5700007B503469B0753BF6FEA01414FF6FF73D0
:10A5800043EA01416FEA11410422019120F00300E6
:10A590000DEB0201FFF7C0F803B05DF804FB41EAE0
:10A5A000000313F001032DE9F04104460E46154661
:10A5B0003FD1002A3BD04FF6FF7234F8131091427E
:10A5C00005D036F8131011B14B20BDE8F0810133EE
:10A5D000AB42F2D1D9F7A8FB012D01D0A3070ED5CC
:10A5E00031882046FFF7C4FF10B1D9F7ADFBEBE788
:10A5F000013D012D04F1020406F102060ED925F0F9
:10A6000001084FEA48073A4631462046FFF784F8EA
:10A610000028EAD13C443E44A5EB08052DB1318821
:10A620002046FFF7A5FF0028DFD1D9F78DFB0020DA
:10A63000CBE70120C9E701F042BDD0E9023253F86F
:10A64000223000211878E3F7D9BE704706F08EB8A3
:10A6500001F0CBBCC3688268013BDBB252F8233007
:10A660005B78652B02D10020E6F7D0B86E2B01D1C4
:10A670000120F9E7662B01D10220F5E77047D0E908
:10A68000023253F822301878DDF722BE7047E4F723
:10A6900001BE08B501F0AEFDBDE80840E5F7B4BF66
:10A6A00007B5C26883680432012153F822301B8841
:10A6B000ADF806300DF106020023DDF737FE03B0DA
:10A6C0005DF804FB2DE9F04F87B000250390894623
:10A6D0001E46ADF81450ADF816504FF01808144649
:10A6E0001AB3DDF840B00DF1140A04E0DDF844B00F
:10A6F00034460DF1160A00210846F2F71DFAAAF8B1
:10A70000000008B300273BF81730ADF810300222E4
:10A71000012304A95046F2F795FA10F0FF0813D16F
:10A720000137FAB2A242EED315B90125002EDDD1D0
:10A73000BDF848300093BDF81420BDF816300398DA
:10A74000494601F041FF8046404607B0BDE8F08F22
:10A7500008B5FFF775FEBDE80840F2F747BE10B533
:10A760001446DEF72FF92146BDE81040F2F750BB42
:10A7700008B5DEF727F9BDE808400021F2F748BB2D
:10A7800008B5DEF71FF9BDE80840F2F7DDBB08B5F4
:10A79000DEF718F9BDE8084004F073BD08B5DEF730
:10A7A00011F9BDE80840F2F71FBB704708B5FFF785
:10A7B00047FEFFF7FAFFFEF757FDBDE80840DEF75A
:10A7C0004DB9704738B50546FEF76BFE01210446CA
:10A7D0002846DBF7ABFE2046BDE83840FEF765BEF5
:10A7E000012070470120704708B5DEF717FA0028EE
:10A7F0000CBF0420012008BD704770B504460D460B
:10A80000164601F05AFC324629462046FEF72EFD38
:10A81000324629462046FFF7EFFFBDE8704001F0C1
:10A820004EBC2DE9F34104469DF820800D461646A6
:10A830001F4601F042FCCDF800803B4632462946D7
:10A84000204600F0C5FF02B0BDE8F04101F037BC82
:10A85000704708B501F031FCFEF70BFDFFF7F8FF7C
:10A86000BDE8084001F02BBC012070472DE9F04104
:10A8700004460D4616461F4601F01FFC3B46324675
:10A8800029462046FFF7F0FF3B46804632462946E0
:10A890002046FEF7F0FC01F012FC4046BDE8F081D6
:10A8A000012070472DE9F04104460D4616461F462B
:10A8B00001F003FC3B46324629462046FFF7F0FFF5
:10A8C0003B468046324629462046FEF7D5FC01F03D
:10A8D000F6FB4046BDE8F0812DE9F743DDF82C900A
:10A8E0009DF8288004460D4616461F4601F0E5FBFC
:10A8F000CDE900893B46324629462046FEF7BDFC9D
:10A9000003B0BDE8F04301F0DABB00207047F8B5B2
:10A9100004460D46164601F0D0FB32462946204635
:10A92000FFF7F3FF3246074629462046FEF7A6FC0E
:10A9300001F0C5FB3846F8BD10B5044601F0BDFB7B
:10A940002046FEF79CFC2046D6F788FBBDE8104069
:10A9500001F0B5BB704738B504460D4601F0ADFBBC
:10A9600029462046FEF7A0FC29462046FFF7F2FFC5
:10A97000BDE8384001F0A3BB704770B504460D46F2
:10A98000164601F09AFB324629462046FEF78EFC19
:10A99000324629462046FFF7EFFFBDE8704001F040
:10A9A0008EBB704738B504460D4601F086FB29463C
:10A9B0002046FEF77DFC29462046FFF7F2FFBDE862
:10A9C000384001F07CBB704738B5044601F075FB98
:10A9D000204600F0ABFE05462046FEF76BFC2946FC
:10A9E0002046FFF7F0FF01F06AFB284638BD7047AC
:10A9F00038B5044601F061FB2046E3F771FF0546D8
:10AA00002046FEF758FC29462046FFF7F0FF01F0EC
:10AA100056FB284638BD704710B5044601F04DFB83
:10AA20002046FEF749FC2046FFF7F5FFBDE8104041
:10AA300001F045BB704738B504460D4601F03DFBBB
:10AA400029462046FEF73AFC29462046FFF7F2FF4A
:10AA5000BDE8384001F033BB704770B504460D4681
:10AA6000164601F02AFB324629462046FEF727FC0F
:10AA7000324629462046FFF7EFFFBDE8704001F05F
:10AA80001EBB704738B504460D4601F016FB29463B
:10AA90002046FEF715FC29462046FFF7F2FFBDE8E9
:10AAA000384001F00CBB704710B5044601F005FBBF
:10AAB0002046FEF706FC2046FFF7F5FFBDE81040F4
:10AAC00001F0FDBA704710B5044601F0F6FA2046D1
:10AAD000FEF7F8FB2046FFF7F5FFBDE8104001F058
:10AAE000EEBA704738B504460D4601F0E6FA29463D
:10AAF0002046FEF7E8FB29462046FFF7F2FFBDE8B7
:10AB0000384001F0DCBA704710B5044601F0D5FAC0
:10AB10002046FEF7D9FB2046FFF7F5FFBDE81040C1
:10AB200001F0CDBA704738B504460D4601F0C5FABC
:10AB300029462046FEF7C9FB29462046FFF7F2FFCB
:10AB4000BDE8384001F0BBBA704770B504460D4609
:10AB500001F0B3FA29462046FEF7B9FB2046F1F78B
:10AB600041FF06462046F1F721FFF1B20246284692
:10AB7000FFF7EAFFBDE8704001F0A1BA704730B5B9
:10AB8000044685B001F099FA2046FEF7A1FB0023A8
:10AB90000DF10F008DF80E308DF80F30FCF704FC2E
:10ABA0000DF10E00FCF7F8FB6088F1F71BFF05467E
:10ABB0006088F1F7FBFEEDB2019000959DF90F3032
:10ABC0009DF80E2061782078FFF7D8FF01F077FA22
:10ABD00005B030BDB5207047B520704738B5044684
:10ABE00001F06BFA2046FFF7F7FF05462046FEF717
:10ABF00070FB2046FFF7EEFF01F061FA284638BDF2
:10AC000082B002AB03E9060002B0704737B50546D3
:10AC10006C4684E8060001F050FA94E806002846E5
:10AC2000FEF758FB94E806002846FFF7E9FF03B05B
:10AC3000BDE8304001F043BA002070470020704763
:10AC400038B5044601F039FA2046FFF7F7FF05460C
:10AC50002046FEF748FB2046FFF7EEFF01F02FFAF3
:10AC6000284638BD704708B5FEF73EFBFFF7FAFFF0
:10AC700008BD08B501F021FAFEF737FBFEF7FFF932
:10AC8000BDE8084001F01BBA0020704770470B6810
:10AC9000DA7B10B50AB1812010BDDC7C002CFAD122
:10ACA000DEF732F80028F6D02046F5E7704708B501
:10ACB000DEF746F8BDE80840DEF746B9DEF740B8F3
:10ACC0007047DEF741B9DEF747B908B5DEF73CF962
:10ACD000BDE80840DEF740B90121DEF781B9022165
:10ACE000DEF77EB90421DEF77BB90821DEF778B9FB
:10ACF0001021DEF775B908B500F026F808B100207C
:10AD000008BDDEF7A1F90028F9D1DEF7AFF901207F
:10AD1000F6E7902808B503D1BDE80840DEF79AB9F8
:10AD2000F3F75EFE60B900F084FD032806D100F061
:10AD300009F828B9BDE80840FFF7DDBF0028EBD0CF
:10AD400008BD7047002070470020704708B5DEF747
:10AD500071FBFA23B0FBF3F008BD0321DEF79ABBC9
:10AD600070477047DEF78EBC13B50DF1060104463F
:10AD7000DEF756FC38B9BDF8061009B1013989B2C1
:10AD80002046DEF765FC02B010BD09B9DEF77ABCDB
:10AD90007047086808B5C37B0BB1812008BDC37C30
:10ADA00023B1012BF9D1DEF7CDFC01E0DEF7A0FCE9
:10ADB0000028F2D00020F1E700207047DEF71EBE29
:10ADC00007B50023012101A80193D7F703FB08B9B8
:10ADD000D7F78CFA012003B05DF804FBD0E902320A
:10ADE00053F822301878003818BF0120E0F778BCFB
:10ADF000E0F77CBC00207047002070477047FF20C0
:10AE00007047FF20704700207047002070470020E7
:10AE100070477047062070477047DFF73DBF08B5A1
:10AE20000868E0F7F9FB00280CBF8120002008BD6E
:10AE300008B502F0CEF9052803D0003818BF01206C
:10AE400008BD0220FCE770B50D46044600212846E7
:10AE5000164601F018F9324620800221284601F0FA
:10AE600012F9324660800421284601F009F90023D6
:10AE7000A360E3606060082070BD034641B1814279
:10AE80004FF0640005D94343B3FBF1F0C0B2704703
:10AE900008467047E0F7A8BCE0F76CBFE1F774B86C
:10AEA000B0F5807F05D0A0F50073584258414001AD
:10AEB00070470820704730B599B00D466946144672
:10AEC000E0F7C6FF30B915B1BDF802302B600CB108
:10AED0000D9B236019B030BD2DE9F04788B00E46B8
:10AEE000904604A905AA07461D46FFF7E4FF04465D
:10AEF00038BB28800DF10C09DDE904A39A4520D266
:10AF0000CDF8009006AB062251463846E0F7BCFF6C
:10AF1000D8B9039B062B18D12A88DDF81A30424590
:10AF20000ED2BDF8181026F832102A8806EBC2029D
:10AF300053602A885344013206332A800493DBE7A6
:10AF4000F7D9204608B0BDE8F0870124F9E72DE9DC
:10AF5000F0418EB00E46174601A9002204469846DD
:10AF6000FFF7A9FF70B90DF10203062202A92046DE
:10AF7000FFF7B2FF30B9BDF80210019C0546EBB2F5
:10AF80008B4201D301200CE00EAA02EBC30306346E
:10AF900053F82C2C33F8303CB34205D13C60C8F850
:10AFA00000200EB0BDE8F08101351444E7E7E0F77A
:10AFB000E1BE08B500F073F8002008BD08B51346DF
:10AFC0000A4601461846E1F71BFA80F00100C0B2BC
:10AFD00008BD70B50024012602F0D5F8E5B28268FC
:10AFE00006FA05F59542234604F10104F4D3D8B2DC
:10AFF00070BD70B586B0E1F7A7FA00F11006E6F76C
:10B000004BFB00240546142201A9301902F0C2F8B6
:10B010001CB99DF80430FF2B16D0002303F1180251
:10B020006A4412F8142CFF2A06D11C44601E90FBBF
:10B03000F5F080B206B070BD2B44DBB2132BEDD916
:10B040001434B4F5826FDED14FF0FF30F2E7E1F750
:10B05000ADB807B504220DEB020102F09BF8019890
:10B0600003B05DF804FB37B5054608460C46FFF70C
:10B07000F0FFA84206D004220DEB02012046019504
:10B08000E6F75CFB03B030BD07B50B46009200212C
:10B0900002460120E1F71CF903B05DF804FB08B596
:10B0A0000121E1F74DF8BDE80840E6F7D5BC70474F
:10B0B00070B586B00646084602A905F048FB18B9E7
:10B0C0009DF80840012C02D0002006B070BD9DF80C
:10B0D0000930B342F8D1BDF80A30202BF4D16946CB
:10B0E000F2F7BEF90028EFD1082269460DF10D00F4
:10B0F00005F0BDFF0028E7D12046E6E707B50023AD
:10B100000A4600932021012300F076FA03B05DF88F
:10B1100004FBE1F77FBB086808B5C37B0BB1812056
:10B1200008BDC37C032BFAD8DFE803F002080B0E3E
:10B13000E1F708FD0028F2D00020F1E7E1F7B0FCCC
:10B14000F8E7E1F789FDF5E7E1F7B8FDF2E7002060
:10B15000704730B49DF80C50029C1DB1029430BC75
:10B1600000F0A2B930BC70470246062A084604D84F
:10B170001423D2B22021FFF74BB9704706280A46A4
:10B1800004D8C1B214232020FFF74BB97047902890
:10B1900008B505D1E1F7F6FEBDE80840E1F77EBF4E
:10B1A00008BD10B50346026808684240FF2A17D858
:10B1B00058684A68504030F07F4011D11C890A8994
:10B1C00094420CD11C780A78A24208D152B1DB68B3
:10B1D000CA68534033F07F430CBF0120002010BDEC
:10B1E0000020FCE70120FAE70020704713B5002398
:10B1F0000C46CDE9003301461A46E0B2E2F730FDD5
:10B2000002B010BD13B50023144601900093012233
:10B21000E0B2E2F725FD02B010BDD0E9023253F8EA
:10B2200022301868E2F77CBE7047194491420ADC6C
:10B230004218002003B9704712F8011D013B01EBD1
:10B240000020DBB2F6E7002070472DE9F04F85B013
:10B2500007460E46144600934FF0000A009B1A78EA
:10B260005FFA8AF39A4203D8002005B0BDE8F08F58
:10B27000009A02EB430307EB040893F8019093F85C
:10B2800002B019F0400309F03F0504D06319B3423E
:10B2900017DC2B4634E0042D07D865B1AB1E022B1A
:10B2A0000BD8DFE803F01F3746003E2D4DD03F2D71
:10B2B0005FD03D2D61D00320D7E7B4424FF00105A8
:10B2C000E7D319F0800F65D00E9B2A4603EB0B00E5
:10B2D000002105F0F6FE3446002323449CB20AF117
:10B2E000010ABBE7A31CB342EBDC02233246214632
:10B2F0003846FFF79AFF0DF10A08ADF80A0002235D
:10B3000001930E9B2A4603EB0B00414605F0FFFE1E
:10B31000019BE2E7E31CB3423ADC032332462146B9
:10B320003846FFF782FF0425039003230DF10C0834
:10B33000E6E7231DB342C4DC0423324621463846E7
:10B34000FFF773FF04230390F0E7731E9C421FDA9C
:10B350000223324621463846FFF767FF4FF6FF7358
:10B3600080B298421ABF023083B202231A19964261
:10B370000EDB0E9A42F80B80AFE7B44208D298F881
:10B380000030FF2B14BF01330123E218B242F0DD7D
:10B39000042596E7022068E710B586B00881089C6E
:10B3A00004940024CDE902440124CDE9003413467D
:10B3B0000A4601460320E2F73BFE06B010BD13B576
:10B3C00000240094FFF7E8FF02B010BD2DE9FF4113
:10B3D0000E461746054680B379B372B34FF00008A6
:10B3E00069465FFA88F005F0B2F9044640B99DF865
:10B3F0000030032B08D008F10108B8F1100FEFD18D
:10B40000204604B0BDE8F0819DF801202B799A42D6
:10B41000F1D1BDF802206B889A42ECD19DF804303E
:10B42000BDF805006B7128813B4632462946FFF77F
:10B43000C6FF0028DFD00446E2E70224E0E710B5AB
:10B4400086B0089C04940024CDE902440124CDE98F
:10B45000003413460A4601460620E2F7E9FD06B02D
:10B4600010BDF0B502288BB005460E4614461F46A7
:10B470000AD106A9F0B205F06AF998B99DF8193019
:10B4800023719DF81C306371119B04930023CDE957
:10B4900002330193109B009322463B4631462846D7
:10B4A000E2F7C6FD0BB0F0BD13B500240194049C77
:10B4B0000094FFF7D6FF02B010BD2DE9F04305461A
:10B4C0008BB00F4690469946002606A9F0B205F0CB
:10B4D0003EF9044630B99DF81830012B06D00136EC
:10B4E000102EF2D120460BB0BDE8F0839DF8192054
:10B4F0002B799A42F3D1BDF81A206B889A42EED18B
:10B500009DF81C306B712A46CDE90309CDE9010095
:10B51000CDF800803B46B1B20220E2F789FD002859
:10B52000DDD00446DEE72DE9F04788B099460C46A9
:10B530009246BDF84080119F0646FBF73DFFCDE9DE
:10B54000034705468DF80860ADF81480ADF8160085
:10B550008DF818A08DF8199000F06DF98DF81A008B
:10B5600000F06BF900238DF81B0002A88DF81C3049
:10B5700000F030FDA8B943463A4621462846E4F794
:10B58000B3FE70B943463A4621462846E2F76EFFBD
:10B5900038B9CDE9005043463A4631462046E5F7F2
:10B5A00027FA08B0BDE8F0870020704770B506465E
:10B5B0001D46E3F78BF8044608B9022070BD3046FB
:10B5C000E3F714FB0028F8D0A0682A46FF21FFF714
:10B5D000C6F89DF8103063719DF81430A3710020F7
:10B5E000ECE713B59DF81040CDE900341346012275
:10B5F000FFF7DCFF02B010BD13B59DF81040CDE998
:10B60000003413460022FFF7D1FF02B010BD07B58A
:10B6100000230093FFF7F0FF03B05DF804FB08B5CB
:10B62000E3F754F828B18068FF21FFF7A9F800205C
:10B6300008BD0220FCE70122FFF7F1BF0022FFF75F
:10B64000EEBF1FB50B466A460146184604F02EFDB4
:10B650006A460823002032F8021B013B13F0FF0367
:10B6600080EA0100F7D1012838BF012080B205B07F
:10B670005DF804FB2DE9F74F9846DDE90C3B0746E2
:10B680000E461446414600221846BDF838909DF8F3
:10B690003CA0019303F0F9FB0546002840D0019B34
:10B6A00041461846FFF7CDFFABF80000062F3BD808
:10B6B000DFE807F00404040D162A21002B46224679
:10B6C0003146384603B0BDE8F04FF7F729BB0C22EE
:10B6D0002B461146204603B0BDE8F04FF7F70ABBF2
:10B6E000E27A2B4611462046CDE90C9A03B0BDE81C
:10B6F000F04FF7F7DDBA2B460C222146304603B057
:10B70000BDE8F04F04F0EDBE0D95E37A0C93524680
:10B7100023463146484603B0BDE8F04FF7F7B2BACA
:10B72000182003B0BDE8F08F0220FAE77FB5054688
:10B7300003F03DFE48B16B88B3F5006F05D1681D7D
:10B7400004B0BDE8704000F03BBC284600F051FC5E
:10B750000446B8B9E6B26946304604F0F8FF9DF8F1
:10B7600000301843C0B248B929463046FAF7FCF811
:10B7700010B1752806D08C2004B070BD0134102C97
:10B78000E8D1F8E78D20F7E72DE9F04385B00546CD
:10B790000DF10E0014460E46FBF7FEFD0DF10F00F5
:10B7A000FBF702FE20469DF80E809DF90F90F1F701
:10B7B00019F907462046F1F7F9F84B46CDE9007034
:10B7C000424631462846FFF7AEFE05B0BDE8F0839D
:10B7D0002DE9FF47054618461E4690460F469DF840
:10B7E00030A0F1F7E3F881463046F1F7FBF8044664
:10B7F00051462846E4B201F087FC21464846FFF74F
:10B8000020FF5346CDE90190424639462846009430
:10B81000E2F7A8FE3346424639462846CDF830A026
:10B8200004B0BDE8F047FDF723BD03F0C0BD03F051
:10B83000DBBDF1F7E1BCF7F7E9BA1FB56846FBF7E6
:10B84000C9FDC8B902A9FAF711FA082269460DEB39
:10B85000020005F00CFC10B9002004B010BD02A9D4
:10B860000120FAF703FA082269460DEB020005F001
:10B87000FEFB90B90120F0E7FBF79EFD4FF6FF734A
:10B880009842044609D00020FAF708FA8442E3D02F
:10B890000120FAF703FA8442ECD0FF20DDE7E2F75B
:10B8A000CDBFE2F789BFE2F7ABBFF3F74DBA002097
:10B8B000704710207047F3F7B9B8E3F773B870B565
:10B8C00006460C46154600F01FF860B10CB9002082
:10B8D00070BD002DFBD0204600F0DBFB013080B2B4
:10B8E000A842F4D8F4E7304600F014F840B1002C38
:10B8F000EDD0012DEBD9204600F0D0FB0230EEE771
:10B900003046E3F70DF8EBE7413801288CBF002003
:10B9100001207047433801288CBF00200120704768
:10B9200000207047002070470388B3F57C4F01D397
:10B93000FFF7F8BF0846FFF7F3BF10B54A88048841
:10B94000A2420DD1037B0C79234009D0B2F57C4F84
:10B9500008D3FFF7E7FF0B891B1A5842584110BD67
:10B960000020FCE70120FAE738B50D88D488A5420D
:10B970000AD10388B3F57C4F08D2FFF7D5FF1389AE
:10B980001B1A5842584138BD0020FCE70120FAE755
:10B9900010B586B01C46ADF812200023BDF820205B
:10B9A0008DF80C00ADF80E10ADF8142000931A4677
:10B9B00002A903A802938DF81040E3F703F8029858
:10B9C00006B010BD2DE9F0410779064600254FF07D
:10B9D0001408E8B2874201D800241AE0D6F800C063
:10B9E00008FB05F00CEB00043CF8000081421AD182
:10B9F00032B1802A10D194F90CC0BCF1000F12DAD8
:10BA0000B0F57C4F05D32046FFF78CFF834200D072
:10BA10004BB92046BDE8F081402A04D194F80CC00F
:10BA20001CF0400FECD10135D3E70121E2F78ABFCA
:10BA300008B513460022E3F7EBF8003818BF0120E1
:10BA400008BD08B513464022E3F7E2F8003818BFF6
:10BA5000012008BD08B513468022E3F7D9F8003865
:10BA600018BF012008BD0023E3F7D2B80021E2F798
:10BA700069BF4022E3F7F4B80021E3F75FB910B5DE
:10BA800001210446E3F75AF92046BDE81040FDF7CE
:10BA90002DBC7047F8B516461F469DF81820BDF816
:10BAA0001C300546E3F7B4F878B10421E3F7CCF98C
:10BAB000044650B1284600F00EFB3A46314628466F
:10BAC000A047BDE8F84000F0FABAF8BD2DE9F74FFD
:10BAD000DDF830909DF834B01E460746BDF838308A
:10BAE000884614462AB3B9F1000F22D00EB392F85B
:10BAF00004A099F80020618812F0080F0CBF802282
:10BB000040225046E3F784F898B10821E3F79CF906
:10BB1000054670B1504600F0DEFACDE9009B334691
:10BB2000224641463846A84703B0BDE8F04F00F032
:10BB3000C6BA03B0BDE8F08FF8B5BDF81870164668
:10BB40001A463B460446E3F763F8E0B177B90221B1
:10BB5000E3F77AF90546B0B1204600F0BCFA314669
:10BB60002046A847BDE8F84000F0A9BA1021E3F745
:10BB70006BF9054638B1204600F0ADFA3A46314639
:10BB80002046A847EEE7F8BD73B5BDF81840164645
:10BB90001A4623460546E3F73BF8B8B1C4B920215D
:10BBA000E3F752F9044670B1284600F094FA099B75
:10BBB00000939DF81C209DF8203031462846A04770
:10BBC000044600F07CFA204602B070BD8624FAE7F5
:10BBD0000024F8E72DE9F04186680446007800F07B
:10BBE0007AFA002514273279EBB29A4203D8BDE8DD
:10BBF000F04100F064BA7B4332682078D15A02EBFE
:10BC0000030800F0BCF901214046E3F71DF90346A3
:10BC100008B1207898470135E5E72DE9F04F89B064
:10BC20001C46BDF848809DF84C3001939DF850307B
:10BC3000029392464346224607460D46E2F7E8FF46
:10BC40008DF81470ADF816508DF81840ADF81AA0A4
:10BC5000ADF81C80064618B9012009B0BDE8F08F88
:10BC600005A9FFF76AFE0028F6D000252F46A84652
:10BC70002C4634E00C2331881FFA85F903FB09F9BF
:10BC80007368B1F57C4F33F8092003EB090B1AD325
:10BC900033F8090050452CD3019BA3422DD900F065
:10BCA000B5F99BF80200E3F719FD029B43B19BF83D
:10BCB000043013F0010F0CBF05200720E3F70EFD41
:10BCC0000134A4B219E0ADF81A20594605AA30464D
:10BCD0000393FFF749FE039B0028D9D10135328930
:10BCE000ABB29A42C6D804EB0800C31B5842584175
:10BCF000B3E708F101081FFA88F80137BFB2EDE792
:10BD00002DE9F04786B00446DDF83C909DF840A050
:10BD1000BDF83880CDF80080CDE9019A0D46164671
:10BD20001F4600F026F9A8B1431EDBB2012B0ED846
:10BD300000230493831E58425841CDE902A0CDE967
:10BD400000893B46324629462046E3F793F906B080
:10BD5000BDE8F0870120FAE730B587B0002401255F
:10BD6000CDE903549DF82C5002950A9DCDE900457C
:10BD7000E3F780F907B030BD30B587B00024012566
:10BD8000CDE903549DF828500094CDE901354023B6
:10BD9000E3F770F907B030BD10B586B04FF0010C75
:10BDA0000024CDE9034C9DF828400294099C01949D
:10BDB000BDF820400094E3F75DF906B010BD1FB553
:10BDC000089C03949DF81C400294069C0194002456
:10BDD0000094E3F733FA04B010BD30B585B0002409
:10BDE0009DF820500394CDE9013500944023E3F7FA
:10BDF00025FA05B030BD30B585B000249DF820503F
:10BE00000394CDE9013500948023E3F717FA05B0D8
:10BE100030BD2DE9F84F02290C9D0746884604D80D
:10BE20004FF0000A5046BDE8F88F1BBB027001249A
:10BE3000E4F7E2FC04F1020A385501349DF8283099
:10BE40003B554FF000090B9A5FFA89F3D45C002C44
:10BE5000E8D0732C18D82E464C2C56F804BB45D08D
:10BE6000532C1DD0622C4DD1AC8805F1080600235F
:10BE70001A461EE00429D3D942F0040243701B0A7B
:10BE8000027083700324D3E7A4F17503032BC7D892
:10BE9000763C2E1D022C52D8DFE804F0565A58008A
:10BEA0006A6894B2D2B2B2F1FF0305F1080618BF76
:10BEB00001230AEB040119448845B1DB50461946B9
:10BEC000002947D153441FFA83FA5CB1BBF1000F3C
:10BED000A6D0224607EB0A00594605F018F954444B
:10BEE0001FFA84FA09F101093546ACE76A684FF692
:10BEF000FF7394B205F1080622469C4214BF022348
:10BF00000023D6E76C2C05D1584600F0C7F8841CF6
:10BF1000A4B2ACE7732C04D1584600F0BAF8441C24
:10BF2000F6E7A4F13003DAB2092A01D89CB29EE701
:10BF3000A4F14103062B3FF673AF373CE8E701233A
:10BF400000242A68A346B4E70223F9E70323F7E7AE
:10BF50000423F5E700F1010C01393A54C9B2120A81
:10BF60001FFA8CF0ACE70020E3F75EBB0022E3F79A
:10BF70007BBB01207047012070470120704770474C
:10BF80000020704700207047002070470020704755
:10BF90000020704700207047704701207047012043
:10BFA0007047B52070470020704700207047002080
:10BFB000704700207047704700207047B5207047D9
:10BFC00084207047704700207047704700207047FA
:10BFD0000020704700207047002070470020704705
:10BFE00000207047002070477047B5207047002040
:10BFF0007047002070470020704770477047B52099
:10C0000070477047002070470020704738B50546DC
:10C01000C0B2E3F763FB0446280AE3F75FFB14B101
:10C02000002808BF0024204638BDF8B50546C0B238
:10C03000E3F754FB0446C5F30720E3F74FFB07463D
:10C04000C5F30740E3F74AFB0646280EE3F746FB35
:10C0500024B12FB136B1002808BF00242046F8BD16
:10C060003C46FBE73446F9E710B4CC18944203DCB5
:10C070005DF8044BFFF7D9B800205DF8044B70471A
:10C080000423FFF7F1BF08B50223FFF7EDFF80B2ED
:10C0900008BD0078FF2808BF0020704708B50222BD
:10C0A0000021FFF7F0FF4FF6FF73984208BF002012
:10C0B00008BD002818BF702070470020704700207E
:10C0C000704708B5FFF7B1FCFF284FF0FF3018BFED
:10C0D0000020C0B208BD08B5FFF7F3FFFF280CBF72
:10C0E000A320002008BDF8B506460C4615461F469D
:10C0F00000F011F810B12544AC4200D1F8BD14F89D
:10C10000012B39463046E3F7C5FBF5E7014600222F
:10C110000220E3F74FBB0120704773B50646E1F7F5
:10C1200065FF81250446019614B9284602B070BD0A
:10C130002378B3B9336862685B889A4211D1A368E7
:10C14000F27B99B292B1328A91420AD1727DB2EBFE
:10C15000134F06D1E36801A90020984710F0FF05AE
:10C16000E3D02046E1F74AFF0446DDE74FF6FF72D1
:10C17000EAE738B50446436808460D469847B4F9DF
:10C180000830002B02DB2B78042B06D100236360E0
:10C190002046BDE83840E3F733BF38BDF0B504466C
:10C1A00085B00D462020002117461E46F0F7C4FC3E
:10C1B000ADF80E00D0B102210DF10E0002F087FFA4
:10C1C0003A460021BDF80E0002F0F7FFBDF80E2040
:10C1D000002E4FF48A53009329460ABF13460023CA
:10C1E0000022204600F0F0F905B0F0BD1820FBE772
:10C1F000FFF704BFFFF7D7BE1FB50223009300224D
:10C200000DF10E030321FFF7E8FD38B9BDF80E006C
:10C21000003818BF012005B05DF804FB0020FAE7E4
:10C2200008B5F2F7DDFB20B9F0F7E6FF08B9E1F752
:10C230000BF9FFF7D9FEBDE80840FFF7E2BE00208A
:10C24000E4F710BB0021E4F7A5BB0022E4F764BBD0
:10C25000D28812F0200F10B503460CBF5224492497
:10C260000846510544BF083CE4B2110544BF083CF0
:10C27000E4B2120444BF023CE4B2032B11D8DFE85D
:10C2800003F005020A0EC0B2F9F708FDFFF794FEAD
:10C29000201AC0B210BDC0B2F9F718FBF6E7013C96
:10C2A000E4B24FF6FD70F1E7F8B5064617460D46C5
:10C2B00081B10C78FF2C0BD00846FFF7EAFEB8429C
:10C2C00028BF3846C4B22246691C701C04F0DFFE49
:10C2D0003470F8BD0C46FBE770B5044615460E46B3
:10C2E00011B94170017070BD0B78FF2B05D14B78EF
:10C2F000FF2B02D103704370F5E73046FFF7CEFE07
:10C30000A84228BF284685B22A46B11CA01C04F0CA
:10C31000BEFE25702D0A6570E5E7F0B523B9013A38
:10C32000531C2FD1002020E0042AFBD80023551EE7
:10C330001C466E1C1AD1042A10D0D2000121501EB6
:10C3400001FA00F020421EBF914049420C431842BE
:10C350001EBF4FF0FF3101FA02F213439C4216DC7C
:10C36000B4BF4FF0FF30002040B2F0BD40B1465D99
:10C37000EF00BE4034434E5DBE403343013DD8E73D
:10C380000646F5E78C5C20B1835CA34202D901200C
:10C39000EBE70346A34202F1FF32C1D24FF0FF3078
:10C3A000E3E7283807288CBF0020012070471D28AC
:10C3B00013D004D860B11C2805D08A2070471E38DD
:10C3C000C0B20128F9D81B2934BF00208A20704749
:10C3D0000B390F2988BF8A2070470929F4E700200C
:10C3E00000217047F7B59DF820409DF82460082C87
:10C3F00005461946104636D800222C441346AC4256
:10C4000008D106F0FD04382C0ED10096FFF7E7FFA7
:10C4100003B0F0BD14F8017D1B0243EA126312025F
:10C42000BA1843F10003EAE7392E10D107EE100ADB
:10C4300007EE902AB4EEE77AF1EE10FACCBF77EE71
:10C44000677A77EEC77A002117EE900AE0E782421A
:10C4500073EB010403D2801A61EB0301D8E7101AD1
:10C4600063EB0101D4E700200146D1E72DE9F34158
:10C47000164601AA1D469DF82040FDF789FB019B49
:10C480009D4238BF0195019F804604B1EC1B2246B6
:10C490000021304604F015FE3A464146301904F0BA
:10C4A000F6FDF8B202B0BDE8F08173B51546002480
:10C4B00001AA1E460194FDF76BFB019B072B0AD9CD
:10C4C0002146CCB216B1C4F10704E4B2425C2A554D
:10C4D00001310829F5D1D8B202B070BD1FB5030AE9
:10C4E0008DF80E300323009303AB8DF80D0000F0A0
:10C4F0000AF905B05DF804FB1FB5030A8DF80F10AB
:10C5000004218DF80E30009103AB8DF80D0000F082
:10C51000FAF805B05DF804FBF0B589B016689DF82F
:10C520003C50CDF809608DF811305668BDF83830B0
:10C53000109FBDF84440CDF80D60012DADF81230CC
:10C540008DF8145014D0032D19D13B68CDF8153057
:10C550007B68CDF819309DF848308DF81D301623D2
:10C560000093BDF84C2002AB00F0CDF809B0F0BD4F
:10C570008DF81540240A8DF816400F23F0E70120AE
:10C58000F4E71FB50446084611461A4602238DF803
:10C590000D100093214603AB00F0B5F804B010BDB8
:10C5A00010B586B014461A460B68CDF80D304B68AE
:10C5B000CDF811300A230093342103AB8DF81540D8
:10C5C00000F0A1F806B010BD2DE9F04F89B00D467E
:10C5D00001901C4616463AB31046F0F703FAC0F332
:10C5E00047091CB32046F0F7FDF9C0F34707E4F70D
:10C5F000B5FB019B8DF818008DF819308DF81B5094
:10C600001B0A2D0A0022062106A88DF81A308DF883
:10C610001C508DF81D9002F038FCADF8160038B9AA
:10C62000182009B0BDE8F08F9146DAE72746DEE72B
:10C630004FEA4901C9B28B1D07315FFA81F801EB5E
:10C640004701DBB2C9B20DF11600029302F03FFDC3
:10C6500082460028E4D103460625D9B28945BDF8B3
:10C6600016B012D802993A465846F0F7A3FB5FFA83
:10C670008AF5AF42BDF8166025D8BDF8482001986C
:10C6800033460621E4F774FBCBE7490001F0FE01D5
:10C6900030460393F0F77AFB294602465846F0F7F6
:10C6A00089FB691FC9B23046BDF816B0F0F76EFBC2
:10C6B000691C0246C9B25846F0F77CFB039B023561
:10C6C0000133EDB2C9E76D00EDB229462046F0F71F
:10C6D0005DFB414602463046F0F76CFB691CC9B26F
:10C6E0002046BDF81660F0F751FB08F10101024643
:10C6F000C9B2304608F10208F0F75CFB0AF1010A02
:10C700005FFA88F8B3E72DE9F0411C469DF81880E0
:10C710000E4617460546E4F721FB002220704146ED
:10C72000204602F0B2FB034630B13A463146284675
:10C73000BDE8F041E4F71CBB1820BDE8F08130B53E
:10C7400089B00446ADF806108DF81020F0F7E2FC31
:10C7500005462046F0F7EEFC03469DB1BDF8060005
:10C76000ABB902F017FEFF2808BF00208DF80F00BC
:10C770000DF10F030593DDE904122046FEF746FA9A
:10C7800009B030BD0028F6D00DF10603F2E702F043
:10C7900001FEFF28BDF80630ADF81A3008BF0020B2
:10C7A0008DF80F008DF8180006ABE3E7704770476F
:10C7B0007047704770477047002070477047704758
:10C7C000002070477047704710B51C4602F025FBEB
:10C7D00002F0EDF900232370C0F34020400010BDAB
:10C7E000002208B50B461146FFF7EEFF023818BFCE
:10C7F000012008BD70470020704770470020704737
:10C800007047B5207047012070477047012070477E
:10C810001422002104F055BC704730B5407801283F
:10C8200087B00C464FF0110301F1100516D102221A
:10C8300001A9F0F703FC234601AC186859682246A9
:10C8400003C20833AB421446F7D11123022201A9D7
:10C850000020F0F7F3FB002007B030BD062201A94D
:10C860000120F0F7EBFB234601AC1868596822461B
:10C8700003C20833AB421446F7D111230622E6E780
:10C8800030B5407887B001280C464FF011030BBF3C
:10C890000222062201A901A918BF0120F0F7CEFB50
:10C8A00005AD01AA2346144603CCAC42186059607A
:10C8B000224603F10803F6D1002007B030BD10B5C1
:10C8C00088B00C461A23082201A90120F0F7B6FB14
:10C8D00021460DF10E0304F1100251F8040B43F848
:10C8E000040B9142F9D11A23082201A90020F0F784
:10C8F000A5FB002008B010BDF0B58BB004460D4676
:10C9000002F055FDB0B101A8F7F7A6F990B1667B2A
:10C9100016F0020F04F1040705D0082201A93846D9
:10C9200004F0A5FBD0B901AB03CB46F00206606072
:10C93000796066731A23082203A90120F0F77EFBB1
:10C940000DF1160329460DF1260253F8040B41F8A8
:10C95000040B9342F9D100200BB0F0BD2D20FBE772
:10C9600070B505468AB00C46252200210DF1030062
:10C9700004F0A7FB6B68CDF81D30AB68CDF8213013
:10C98000234603F1100601AC18685968224603C219
:10C990000833B3421446F7D16A7B012312F0040F27
:10C9A0008DF802300CBF4FF480734FF4A073110761
:10C9B00048BF43F48063ADF80030930748BFBDF82B
:10C9C0000030684644BF43F00803ADF80030F5F787
:10C9D000EBFC003818BF01200AB070BD30B5427BB7
:10C9E0000D46D1078BB0044607D5407801A9F5F76D
:10C9F0003FFDD8B12D200BB030BD9307FAD5C2F35F
:10CA0000800310074FEA8313ADF8023044BF43F4AC
:10CA10008063ADF80230BDF80220201D0AB10DF18F
:10CA2000020201A903F05FFB0028E3D001AB03CBB6
:10CA30009DF814302373BDF81030A160590648BF2B
:10CA4000627B606044BF42F0040262735A0542BFD9
:10CA5000627B42F0080262731B0742BF637B43F0B4
:10CA6000020363732B4606AC0AAD224603CAAA42F0
:10CA700018605960144603F10803F6D10020BAE7A4
:10CA8000F0B5044693B00D46252200210DF1230098
:10CA900004F017FB6368CDF83D30A368CDF8413052
:10CAA00004F1040C2B4609AE05F11007186859680B
:10CAB000324603C20833BB421646F7D105238DF830
:10CAC0002230637B5B0103F40073ADF820306378A0
:10CAD000FF2B19D100231A4601A9604600F01DFA68
:10CAE0009DF80530FF2B0CD100231A46184601A9EA
:10CAF00000F013FA9DF80530FF2B02D11C2013B073
:10CB0000F0BD9DF805306370617808AA002000F040
:10CB1000D1FA0646F0B919231946627801A8FDF743
:10CB200077FC2B4603AD186859682A4603C20833C0
:10CB3000BB421546F7D1637B6178DB0642BF9DF8A7
:10CB40001C3063F07F038DF81C30192301AA1846AE
:10CB5000FDF767FC301E18BF0120D0E710B5044672
:10CB60008AB02422002101A804F0ABFA637B5907A4
:10CB700044BF4022ADF810201A0742BFBDF8102074
:10CB800042F48062ADF81020DB070FD5607801A970
:10CB9000F5F76EFC10B12D200AB010BD01AB03CB30
:10CBA000637B606043F00203A160637304A9201DEE
:10CBB00003F09BFA0028EED00020EDE71FB5694690
:10CBC00000F08DF8002818BF2D2005B05DF804FB9B
:10CBD00073B50D4614460646E4F726FA6B881A0725
:10CBE0001AD522463146102003F060FA2046E4F7B9
:10CBF0001BFA6B88D90717D50023224601210DF1B6
:10CC000007008DF80730E4F775FA6B88002B0CBF2E
:10CC10002120002002B070BDDE06EAD522460821A0
:10CC2000281DE4F767FAE1E79A0701D50223E4E754
:10CC30005B07EAD50323E0E70F20704710B586B005
:10CC4000044601A9022211230120F0F7F7F99DF80B
:10CC50001430E37001A803F03EFD80F001000622CD
:10CC600001A9607011230120F0F7E8F99DF8143054
:10CC7000A37001A803F02FFD80F001002070F5F7EC
:10CC800073FC6060002006B010BD1FB50C466946FD
:10CC900000F025F810222146684604F0E8F9B0FAC1
:10CCA00080F0400904B010BDB8B1B1B14388A3B958
:10CCB0000378013B082B10D8DFE803F00507090BC8
:10CCC0000F0F0F0F0D00FFF7A8BDFFF7F8BDFFF71F
:10CCD00047BEFFF7D5BEE4F753BB2120704738B5F8
:10CCE0000D4609B300B30378013B082B1AD8DFE8DF
:10CCF00003F0050D1013191919191600FFF7C0FDDF
:10CD00000446284603F0D1FB204638BDFFF7F4FD6A
:10CD1000F6E7FFF763FEF3E7E4F79EF9F0E7E4F7E1
:10CD200039FBEDE72124ECE72124EDE770B586B06F
:10CD3000064601A80C461546FFF76AFD04238DF848
:10CD400004301CB12068616802AB03C3294601A806
:10CD50008DF80560FFF7A8FF06B070BD70B50446FA
:10CD600086B001A80D461646FFF752FD206861689F
:10CD70008DF8116003238DF8043002AB03C32946FC
:10CD800001A8FFF791FF06B070BD10B5044686B04C
:10CD90001123062201A90120F0F750F9A3789DF88C
:10CDA00014209A4207D08DF814300622112301A9CD
:10CDB0000020F0F743F91123022201A90120F0F726
:10CDC0003DF9E3789DF814209A4207D08DF814308D
:10CDD0000222112301A90020F0F730F906B010BD9E
:10CDE00030B5437B13F001028BB004460D4607D0EB
:10CDF000407801A9F5F73CFB70B12D200BB030BD98
:10CE00009B07FAD5ADF8022001A90DF1020204300A
:10CE100003F069F90028F0D000210E22A81C04F0CC
:10CE200050F9BDF810302B80039BAB60BDF8123079
:10CE3000AB819DF81430237301AB03CB6060A1601C
:10CE40000020DBE770B5437BDB078AB005460E4662
:10CE500002D42D200AB070BD4078694600F028F950
:10CE600004460028F5D1DDF81D306B60DDF8213077
:10CE7000AB606B7B43F002036B730E220146B01C68
:10CE800004F01FF9BDF80030069AB26043F00403C5
:10CE90003380059B73602046DCE70B4610B50446E3
:10CEA00010220021184604F00CF92278032A09D038
:10CEB000042A0DD0022A11D101462046BDE81040B7
:10CEC000E4F772BA01462046BDE81040FFF788BF7C
:10CED00001462046BDE81040FFF7B4BF262010BD34
:10CEE000F8B50C460746084616461D46FFF790FC67
:10CEF00004232370637B677043F00103637331463F
:10CF00002046FFF7ECFE08B12D20F8BD294620464B
:10CF1000FFF7C3FF0028F8D0F6E7F8B50C46054642
:10CF200008461F461646FFF773FC0423237025B1FD
:10CF300008222946E01804F0AAF8637B43F00203B4
:10CF400063734EB932460121284600F0BAF8FF2833
:10CF5000607007D12D20F8BD31462046FFF7BFFE97
:10CF60000028F7D1637B43F0010363730DB9002000
:10CF7000F1E7002FFBD039462046FFF78EFFF6E79A
:10CF8000F8B50C460746084616461D46FFF740FC16
:10CF90002046032300F8043B3946082204F077F8C2
:10CFA000637B43F00203637331462046FFF797FE2D
:10CFB00008B12D20F8BD29462046FFF76EFF002856
:10CFC000F8D0F6E7F8B50C460746084616461D4663
:10CFD000FFF71EFC03232370637B677043F001039C
:10CFE000637331462046FFF77AFE08B12D20F8BD65
:10CFF00029462046FFF751FF0028F8D0F6E718B180
:10D000008022012100F05DB8FF20704730B589B063
:10D010000D46FFF7F4FFFF28044612D019230246FD
:10D02000194601A8FDF7F4F92868696801AB03C344
:10D030001923184601AA2146FDF7F3F9002009B08B
:10D0400030BD2D20FBE707B5002300931A46194693
:10D05000F6F71EFEB0FA80F0400903B05DF804FB5D
:10D06000704770470020704770470F2070470F20AF
:10D070007047002070470F20704700207047002045
:10D08000704784B08DE80F00002004B070477047EF
:10D09000704700207047704700207047704700209D
:10D0A000704701207047704700207047012070478B
:10D0B000B5207047B5207047B520704700207047F5
:10D0C0007047FF207047704770471FB501248DF8E7
:10D0D0000F400DF10F0401949DF818400094FDF7E6
:10D0E000FBFB04B010BD07B501230DF107028DF85D
:10D0F0000730FDF70CFC03B05DF804FB7047704788
:10D100004FF0FF30704770477047704770470020FE
:10D110007047704770477047002070477047002085
:10D12000704700207047002070477047704700200C
:10D1300070470020704770470020704700207047FC
:10D140007047002070477047E4F7DEB908B5D5F79F
:10D15000A7F8002814BF8620002008BD08B5D5F721
:10D1600001FA003818BF012008BD08B5D5F7DCF971
:10D17000003818BF012008BD08B5D5F711FA0038EE
:10D1800018BF012008BD08B5E4F79AFABDE80840C9
:10D19000E4F74CBA70B504460D461646E4F790FA2B
:10D1A0000420E4F735FA324629462046FFF7DDFF32
:10D1B00004460220E4F72CFA204670BD08B5E4F7D7
:10D1C0007FFABDE80840D5F797B9E4F793BDE4F7D7
:10D1D00073BD08B5E4F770FD20B1BDE8084000203C
:10D1E000E4F7A4BE112008BD38B50546FCF759F98F
:10D1F00004462846FBF702FD2046BDE83840FCF710
:10D2000054B910B50446C069FFF7EEFF204624224A
:10D21000BDE81040002103F054BF70472DE9F84FDE
:10D2200098460D9B15469A07DDE90B4906460F46C1
:10D2300023D02A460A9B03EB040A1444A24220D1BD
:10D240000D9B9B0705D5A2EB050AD14505EB0A040A
:10D2500020D82046BDE8F88F434639462020B04705
:10D260000AF1010ACA450AEB0B02F5D3A9EB040245
:10D270004C4588BF00222A44DCE7A246A5EB040BFC
:10D28000F0E702F1010B1AF8010D43463946B047A9
:10D290005A46D3E74346224639462020B0470AF192
:10D2A000010AD2E72DE9F0479E46DDE90D3C1CF06E
:10D2B000020FDDE90874DDE90B659DF828801FD1B8
:10D2C0000CF001094BB1B9F1000F06D0B8F1000F15
:10D2D00002D11CF00C0F00D0013B4FF0300A02E0ED
:10D2E00007F804A00134A54201D9202CF8D1B9F1E6
:10D2F000000F05D04FF03009A34201D9202C1BD1DB
:10D300001CF0100F15D01CF4806F32D1C4B1AC42A8
:10D3100001D09C422DD1651E12D0102E3FD11CF0A1
:10D32000200FA4F1020456D178263E5530267E55B2
:10D330006C1C202C29D00DE007F804900134DBE7A9
:10D34000102E10D11CF0200F2FD178243C703024E7
:10D350007C700224B8F1000F31D02D253D550134E9
:10D3600014E06224F2E7022EFBD030243C7001244A
:10D37000F0E7102E1BD11CF0200F2AD1202C04D056
:10D38000651C78263E55202DD0D12024CDE90A3CBD
:10D39000CDE908747346BDE8F047FFF73FBF022EA2
:10D3A000C4D162247C550135EDE75824CEE7022E26
:10D3B00003D1202CE9D02546F3E72546E3E71CF00E
:10D3C000040F01D02B25C9E71CF0080FDED0202563
:10D3D000C4E7202CD9D0651C5826D3E72DE9F043AB
:10D3E00091B0189D1A9F1D9E2DB926F0100416F4B9
:10D3F000806F264622D116F0200F14BF4FF0410E49
:10D400004FF0610EAC460DF120080025AEF10A0E7A
:10D41000BCFBF7F907FB19C95FFA89F4B9F1090FE9
:10D4200094BF30347444E4B2BC4508F8014BBCFBF3
:10D43000F7F405F1010501D3202D10D11C9C0594B2
:10D440001B9C0696CDE903749DF86440CDE9015418
:10D4500008AC0094FFF726FF11B0BDE8F083A446A6
:10D46000D6E72DE9F04F95B0DDE91E76CDE90A2328
:10D4700057EA0603CDE90801DDE9229B269C05D188
:10D4800024F0100314F4806F1C4637D114F0200FE1
:10D4900014BF412361230DF1300A0025A3F10A08CE
:10D4A00031464A465B463846FBF71EFAD2B2092A95
:10D4B00094BF303242444F45D2B276EB0B060AF8A5
:10D4C000012B05F1010501D3202D14D1259B0593D6
:10D4D000249B0694CDE903939DF88030CDE9015358
:10D4E0000CAB0093DDE90801DDE90A23FFF7DAFE62
:10D4F00015B0BDE8F08F07460E46D1E70025E5E7F9
:10D5000008B100F014B8704710B1D1E900311847E4
:10D51000704738B5441E14F8015F25B90A2000F0A1
:10D5200006F8284638BD284600F001F8F3E7014622
:10D530000020FCF70BBF0369C26893429CBF81685F
:10D540005B18013B981A70472DE9F041D0E902843D
:10D550000546A8EB04064068964220440F46144452
:10D5600004D903F0D4FDEC60BDE8F0813246A4EBB1
:10D57000080403F0CCFD68682246B919F1E72DE9EB
:10D58000F843C5680646894617464FF000083369D8
:10D59000B46870689D4228BF1B19641BBC4203F12C
:10D5A000FF3328BF3C465B1B9C4228BF1C464946B4
:10D5B0002844224603F0ABFDB3682544AB4208BFC4
:10D5C00000253F1BA044A144F560E0D14046BDE8E2
:10D5D000F88310B50B46EFF311844FF0200181F36F
:10D5E00011881946E5F77CF884F3118810BD43696A
:10D5F000406CDA1C1438B2FBF0F203EBC203CA1D14
:10D60000B2FBF0F2013201EBC2010333B3FBF0F3E2
:10D61000023300FB0310704738B5446905462146C4
:10D62000FFF7E5FF6A6CE31D143AB3FBF2F3013335
:10D6300004EBC304204438BD73B506460D460024F0
:10D64000F36B01225B6901A928199847019B0133FB
:10D6500009D1736C043462196A405B421A42EFD0FC
:10D66000204602B070BD0024FAE770B505460C46AE
:10D67000D5F7B6F8EB6B2046DB68BDE8704018477D
:10D6800070B5002586B004460562E369AB4202D856
:10D69000206A06B070BD666C2068E36B05225B698A
:10D6A00001A906FB0500984701A800F009FC00F05D
:10D6B0002CFC10B1236A013323620135E5E738B54C
:10D6C0000446456C006804F1400305FB0101E06B72
:10D6D00000F028FC05462046FFF7D2FF284638BD5B
:10D6E000F0B5054687B00026EC69013CB44203D88A
:10D6F0000C46204607B0F0BD01B14C1E6F6C286887
:10D70000EB6B05225B6901A907FB0400984701A8A0
:10D7100000F0D6FB00F0F9FB0028EAD101362146E3
:10D72000E2E7F0B50446466CE36B00685B6987B0DE
:10D730000D46052201A906FB0500984701A800F047
:10D74000BFFB00F0E2FB20B101A800F090FB07B0A6
:10D75000F0BD29462046FFF7C3FF676CE36B064622
:10D7600020685B69052201A907FB0600984701A80C
:10D7700000F07DFB431CEAD0B54238BF0130E6E73C
:10D780002DE9F043D0F824804FF6FF7987B00446A6
:10D790000E46C84514BF454600250027E369BB4235
:10D7A00002D807B0BDE8F083E26B2368606CD2F862
:10D7B00014C001A9052200FB0530E04701A800F0D4
:10D7C0007FFB022806D0C8450CD1721C2946204692
:10D7D000FFF775FFE36901350137B5FBF3F203FB92
:10D7E0001255DBE729462046FFF79BFFB0F1FF3FCC
:10D7F00014BF024632460132E8E7F0B5036887B04D
:10D8000006460025CC1A436CB4FBF3F4F369376881
:10D81000706C5A1E954208D3706C336800FB04305C
:10D8200007B0BDE8F04000F07BBB0134B4FBF3F27D
:10D8300003FB1244F36B05225B6901A900FB047032
:10D84000984701A800F03CFB00F05FFB0028E3D103
:10D850000135DBE710B423F0030422449B070A449C
:10D86000436C18BF04325B4282EA0104234203D0B6
:10D870005DF8044BFFF7C1BF10465DF8044B7047DD
:10D880002DE9F041D0E90A369E4286B0044628D1FF
:10D89000C3694568142202FB1355284606B0BDE84B
:10D8A000F0812068676CE26B331AD2F81480B3FB06
:10D8B000F7F3052201A907FB0300C04701A800F008
:10D8C000FFFA012804D0636C1D44013B3340ED1A7C
:10D8D00031462046FFF791FF0646A36AB342E0D1E6
:10D8E000DBE70025F9E7F0B5002587B004462E46B2
:10D8F000E369B34202D8284607B0F0BD636C2768DD
:10D9000003FB0677E36B05225B6901A9384698475C
:10D9100001A800F0D5FA00F0F8FA58B1384600F046
:10D92000FFFA01462046FFF787FE636C143B8342F3
:10D9300008BF01350136DBE708B508301346D1E9E9
:10D940000012E6F793FB012008BD13B50C46002139
:10D9500021760093616813462246E4F7AFFF18B1C1
:10D96000E37D03B1A07EA075A07D02B010BD73B5AC
:10D9700000F1080516460C460DF107020968284615
:10D9800000F09AF9032E06D16368834203D121681F
:10D99000284600F077F9012002B070BDD01E009B30
:10D9A00042424241187E824211D11A688A420ED800
:10D9B0005A688A420BD35A6901325A61D3E9030289
:10D9C00082423FBF986840F8221001321A6101205C
:10D9D000704710B5032A029C07D1A26A5340626CBB
:10D9E0005242134201D100F04DF9012010BD08B59B
:10D9F000C36800209847BDE80840D4F7F9BE70B569
:10DA0000002401281C7014BF04200220CC7D424356
:10DA1000101D02F002024CB91AB1012220F00300DD
:10DA20001A7000F108034868184470BD1AB1012249
:10DA300020F003001A700C7E002301F12005DAB2F9
:10DA4000944201D80020F0E735F83320824203F1F8
:10DA5000010606D901EBC30300F10802D86910449E
:10DA6000E3E7801A3346EAE773B590F8426005466B
:10DA70001C4630460DF10303FFF7C1FFEB6B012E8F
:10DA80005B690DD1324601A998479DF8033013B167
:10DA9000BDF806300193BDF80430236002B070BDBC
:10DAA0000122214602B0BDE870401847F0B5054696
:10DAB00087B04868EB6B00245B6902940E46012234
:10DAC00002A908309847274695F84230012B40F0CC
:10DAD0008480632C02D9029807B0F0BD612C08D86D
:10DAE00005AB224631462846FFF7BEFF9DF81430AD
:10DAF0001BB305AB2246314628468DF81070FFF760
:10DB0000B3FF95F84230012B059B55D14FF6FF72BC
:10DB1000934200F09680082205A904A800F057F966
:10DB2000059B9DF81010C3F30722914240F08980B5
:10DB3000DBB2029A1A44029283E095F84230012B3C
:10DB400030D103AB224631462846FFF78DFF04ABA8
:10DB5000621C31462846FFF787FF05ABA21C314601
:10DB60002846FFF781FF102208230DEB02010DF17B
:10DB700007008DF8073000F02AF9102205A90DF1F1
:10DB8000070000F024F9039BDAB2002A52D19DF875
:10DB90000720B2EB132F4DD1DDE9043203EB024332
:10DBA000029347E0302C2BD944E09DF80720B2EBDC
:10DBB000134F3FD1049BF3E7013342D0102205A954
:10DBC0000DEB020000F003F9059B9DF81010C3F364
:10DBD0000742914235D19BB2ABE7312C3FF67BAF88
:10DBE00087D005AB224631462846FFF73DFFBDF8FA
:10DBF0001430002B7FF47DAF95F84230012BA0D07C
:10DC000003AB224631462846FFF72EFF04AB621CC9
:10DC100031462846FFF728FF102320220DEB030191
:10DC20000DF107008DF8073000F0D1F8039B9AB290
:10DC3000002ABAD095F84230012B14BF01230223E9
:10DC40001C44013440E713B500240194049C009463
:10DC5000E5F7C8F902B010BD30B5446800234FF0B5
:10DC6000FF329C4202D10023037230BD016801EBF8
:10DC7000C30541F833206A600133F2E7C0E90012BE
:10DC8000FFF7EABFF0B5456800239D4211D0046854
:10DC900054F83320B2F1FF3F4FEAC30704EBC30649
:10DCA00008D0C2F31302914204D14FF0FF33E35185
:10DCB0007360F0BD0133E8E7F0B5456800239D428D
:10DCC00002D14FF0FF300FE0046854F83340671C76
:10DCD0004FEAC30609D0C4F31307B94205D1240D96
:10DCE0001470036833445868F0BD0133E7E713B597
:10DCF0000446002301461B220DF107008DF8073072
:10DD000000F065F822689DF80730B3EBD26F0CBFC6
:10DD10000120002002B010BD13B5002304460146C7
:10DD200020220DF107008DF8073000F050F80DF1BA
:10DD300007001A22211D00F04AF862689DF807309A
:10DD4000B3EB926F0CBF0120002002B010BD006841
:10DD5000431C584258417047006810F07E0F0CBFBA
:10DD6000C0F3C160002070470068C0F3D310704753
:10DD7000006800F07F0001288CBF00200120704760
:10DD8000036813F07E0F14BF042008207047036857
:10DD900013F07E0F03D1406820F07C40704713F0F1
:10DDA00078001CBF03F07F03D81F7047006800F0A5
:10DDB0007F007047032809D0022803D1C1F1020176
:10DDC000C8B2704700290CBF0720002070471F2AE7
:10DDD0000B689EBF4FF0FF3191408B43590801F013
:10DDE00055315B1A03F033319B0803F033330B4496
:10DDF000017803EB13130A4403F00F334FF00131A2
:10DE00004B43A2EB13620270704737B501F10C046B
:10DE1000436905466946012220469847BDF800300F
:10DE200001930122AB6901A92046984703B030BD98
:10DE300037B501F10C0443690122694605462046C5
:10DE40009847009B4FF6FF7299B291420DD11B0C7F
:10DE50001B0443F4254343F0A50301930122AB695E
:10DE600001A92046984703B030BD0020FBE737B535
:10DE700004461B22011D00250DF107008DF80750F7
:10DE8000FFF7A5FF60689DF80720B2EBD06F03D1C4
:10DE900020F0784003B030BD0DF107001B2204F1E3
:10DEA00008018DF80750FFF792FFA0689DF8073032
:10DEB000B3EBD06F01D1C043EAE74FF0FF30E9E7A1
:10DEC00003684BF29A22B2EB134F10B5044613D1FC
:10DED0009BB2012B13D1FFF7CAFF01300CD0E068D1
:10DEE0004FF6FF72B2EB104F4FEA104309D180B2E8
:10DEF000C01A18BF012010BD2368013303D00420CD
:10DF0000F9E70220F7E70320F5E701288CBF00209E
:10DF100001207047033801288CBF00200120704782
:10DF2000143070472DE9F0410546984603690846CC
:10DF30000E4617469847044638B943463A46314696
:10DF40002846E6F76FF9044618B131462846FFF730
:10DF50005CFF2046BDE8F0817047431E012B03D9CA
:10DF6000031F5842584170470120704700F06BB9B9
:10DF70004FF4A472002103F0A4B8013001D1E7F7F7
:10DF8000EBBE0120704710B50021044600F09AF85E
:10DF90002046BDE81040EAF795BFEAF7BDB9EAF7B9
:10DFA000E5BB00F07FBAEAF7E7BB00F08BBAD0F828
:10DFB0008C0070B5C468002324259C4201D1012047
:10DFC00070BD826805FB0322D6898E4202D8128A70
:10DFD0008A4201D20133F0E70020F1E7F8B50546A7
:10DFE0000E46E6F7C7F9D5F88C307BB15B696BB1AB
:10DFF000E7F76CFFD5F88C305B691B1A584240F28A
:10E000006B124FF042015841E6F786FBF768002299
:10E010004FF6FF734FF0240CD0B2B84208D31C4621
:10E0200021462846E6F736FB00F010F92046F8BDF9
:10E03000B1680CFB0011CC899C4202D2002CEFD0BD
:10E0400023460132E8E7008B70470A7838B5054669
:10E050001046FFF782FF60B14C782046FFF77DFF46
:10E0600038B12243530704D42846BDE83840EAF7C4
:10E07000A3BB012038BD10B504460878FFF76DFF3B
:10E0800058B14A781046FFF768FF30B1042A04D02F
:10E090002046BDE81040EAF7C7BB012010BDEAF7F3
:10E0A000E1B8EAF74DBEEAF763BA38B504460D4663
:10E0B000E6F7F0FA28B929462046BDE83840EAF7E5
:10E0C00023BA38BDEBF720BA70B516460C46FBF7FD
:10E0D000E8F9314605462046E8F7A6FC04462846FE
:10E0E000FBF7E3F9204670BD00F0D6B938B5044619
:10E0F00048880D4600F0A8F8D4F8A0302BB929467E
:10E100002046BDE83840EAF7C5BB022038BD00F024
:10E110009CB800F018BA73B5044600200D4600F014
:10E1200093F8D4F8A06069462046FFF7F2FF5EB985
:10E130009DF800102A462046D5F788FF0146204664
:10E1400000F0CDF902B070BD00231A4629462046E2
:10E15000B047F7E7EAF77AB8E7F7CAB838B505463F
:10E160000C46FBF79EF92B6B1C40EB6A2343EB62DA
:10E17000FBF79BF9211E18BF01210020490238BD81
:10E1800038B504460D46FBF78CF9236B1D40E36A56
:10E1900023EA0505E562FBF788F9284638BDC06A21
:10E1A000704710B501210446FFF7EAFF2046BDE89D
:10E1B0001040E8F755BA38B504460D464FF48811BB
:10E1C000FFF7DEFF29462046BDE83840E6F7E2BC0F
:10E1D0000846E7F71FBD00F084B8E7F7ABBB084778
:10E1E000022A01D800F0CBBA01207047022A01D8D8
:10E1F00000F0D6BA01207047022A01D800F0E2BA36
:10E2000001207047EBF762BA0846EBF781BA00F0DD
:10E2100016BB002070470020704738B50D680446D3
:10E220002846E6F7A9FCD4F8903043B15B6933B1D6
:10E23000013504BF6FF001020A600A681A6000200D
:10E2400038BDEBF735B97047704770477047704776
:10E2500038B50D460446E7F739FEAC4042F210737C
:10E2600064095C436423B0FBF3F0B4FBF0F038BD09
:10E27000022807D0062807D0003818BF01204042E6
:10E28000C0B27047012070470020704730B51F238F
:10E29000B0FBF3F35D1CEDB24FF0FF34C3EB43135F
:10E2A000AC40C01AE4430130E4B2C0B2146008606C
:10E2B00030BD70B505460E46C0B201F00F01FFF744
:10E2C000C7FFC6F303110446C5F30720FFF7C0FFDD
:10E2D000C6F303210444C5F30740FFF7B9FF204408
:10E2E00070BD08B5E7F768FABDE80840E7F7EEBA91
:10E2F00010B50446E7F760FA844288BF01F1FF31A8
:10E30000204601F00301BDE81040E7F7DFBA38B559
:10E310000446FFF7E6FF0546FFF7E3FF431BA34272
:10E32000FAD338BD0020704700F03003202B10B521
:10E3300013D110F4E02FC0F302440AD010F4C01F30
:10E34000C0F3C423B3FBF4F418BF6400052C0ED84B
:10E350006408E7F7B5FE604310BDC0F382136FF0A9
:10E3600012041C4104F00104C4F10204F1E7042486
:10E37000EFE710B5044651B10B6843B15B6833B1A8
:10E380001A68032A03D99C6A640E204610BDFBF765
:10E3900088F801462046E8F789F804460846FBF766
:10E3A00084F8F2E738B14FF47A735843A0F6AC50D2
:10E3B000401AE8F7BDB94CF25030FAE7E9F710B966
:10E3C000E9F70EB9E9F70CB9E9F70AB9E9F708B9BD
:10E3D0007047436B03F06003402B0DD0602B03D0DC
:10E3E000203B58425841704749B10B68012B06D970
:10E3F000486940F00100704740F20110704700206A
:10E400007047034670B10268022A0BD9426A12F4BF
:10E410007F4FC2F3072006D01B6AD2B25A43B2FB29
:10E42000F0F0704700207047F0B5144687B01E46E4
:10E430000F4619B90024204607B0F0BD002AF9D0D4
:10E440000028F7D001A9EBF721FC0028F2D0BDF895
:10E450000630BDF80850A2199A42C4BF9B1B9CB25B
:10E46000B54212D90399AD1BADB23144A542039117
:10E47000ADF808500DD22A46384602F048FE0499FD
:10E48000621B781902F043FED5E70499761B3144EC
:10E49000049122463846F5E70846E7F79DBE02207C
:10E4A000E7F774B9D0F894304BB11A68022A06D94C
:10E4B00093F8250028B11B6AB3FBF0F07047FFF713
:10E4C0006EBD704708B50146D0F89400FFF799FF7C
:10E4D00020B9BDE808400846FFF765BD08BD10B586
:10E4E00090F8D0300E2B04462BD00175D0F8900058
:10E4F00020B3D4F8A0304BB994F8D9308B420BD369
:10E5000020460022BDE81040EAF71EBAB4F92420E4
:10E51000B0F912309A42F3DD94F8D9100022204667
:10E52000EAF712FA60B9C4F890002046FFF78BFDB5
:10E5300001462046BDE81040E6F7ACB8FF236375FE
:10E5400010BD0220FCE70346D0F8D0000860B3F805
:10E55000D4308B800020704790F8D0300E2B14BF41
:10E56000407DFF207047F8B50C4640210546E9F78D
:10E5700095FC4FF40061074606462846E9F78EFCF5
:10E5800030B17CB195F8CA3073B16FB93046F8BD7F
:10E5900022024FF480712846E9F76CFC061E18BF72
:10E5A0000126F3E72246F4E74FF48072F1E74FF4D7
:10E5B0008071E9F773BC4A024FF40071E9F75ABC65
:10E5C0008A024FF48061E9F755BC4FF40071E9F716
:10E5D00065BC70B506468D880C46EAF7D3F8727CA8
:10E5E000053AEB00012A98BF033388B1B3F5803FA9
:10E5F0000ED842094FF2244101FB0323226800098F
:10E60000B3FBF0F31A4407232260A371002070BD0E
:10E610000220FCE73F2B084610B5114619D9B3FA82
:10E6200083F3C3F11902D2B2062A01D8192B0ED0F6
:10E63000062A28BF0622931DDBB201249C40A4B207
:10E64000A14228BF2146EBF739F9204610BD002230
:10E65000F1E70024F9E713883F2B10B5084616D9D7
:10E66000B3FA83F3C3F11901C9B2062901D8192BF2
:10E670000BD0062928BF06218C1DE4B20123A3403C
:10E680001380EBF739F9002010BD0021F4E70120D9
:10E69000FAE7E9F749BC10B5084614460121E7F747
:10E6A00023FC20460121BDE81040E7F71DBCF8B56A
:10E6B00004460E461746FAF7F4FE3A46054631463A
:10E6C000204600F0CEF904462846FAF7EEFE204632
:10E6D000F8BD0220704703207047E7F74FB810B528
:10E6E000EAF72AFD044608B9E8F792FD204610BD76
:10E6F00038B50446817515464AB100F0A7F808B947
:10E70000002016E0237C43F080032374F8E70846DA
:10E71000E6F7F4FDFF28A07508D0204600F096F833
:10E720000028EDD0237C65F3C713EEE7E6F73CFE47
:10E73000012038BD704770B505460E461446FFF7F8
:10E7400086FD31462846FFF749FCFFF780FD04F0BF
:10E750000903082B04D10B2C9CBF24F00804A4B29D
:10E7600021462846E9F7F8FD00224FF400312846FB
:10E77000E9F780FB002070BD8021E9F78FBB7FB5F2
:10E78000531C05AAADF81410029202210022CDE913
:10E790000021DBB21146E9F78BFB07B05DF804FB03
:10E7A0007FB5531C05AAADF8141002920421022271
:10E7B000CDE90021DBB200220121E9F779FB07B0A6
:10E7C0005DF804FB1FB5531C029100220821CDE91E
:10E7D00000210122DBB21146E9F76AFB05B05DF8C2
:10E7E00004FB07B591F82830009391F82B3091F88D
:10E7F000292091F82A10EAF74DFF03B05DF804FBD9
:10E8000038B50546E9F7A2FD04462846E9F77CFD40
:10E81000072811D1D5F89030DB6924F47F4121F02D
:10E82000080103B15B7841EA032141F02001284649
:10E83000BDE83840E9F790BD24F02001F7E7081E55
:10E8400018BF012070470020002170474021E9F7E0
:10E8500025BB002070470220704700207047012030
:10E86000704700207047002070470120704700204B
:10E870007047EAF76DBE08461146E5F7B9BD70B5B9
:10E8800005460C4611461A46EAF772FF06682B4603
:10E890002046B446BDE87040604710B5EAF768FF0F
:10E8A000BDE8104083681847E7F734BC4942FFF7DA
:10E8B000FBBF73B50D7806460C4635B304238DF8BF
:10E8C000043023798DF8053001A93046FFF7D3FBDA
:10E8D0000546B8B92278A37952BB8DF80430E379A4
:10E8E0008DF8053001A93046FFF7AFFB054648B962
:10E8F00023783BB161883046EAF7CEF801213046F3
:10E90000FFF731FE284602B070BD2946FFF72BFE07
:10E9100029463046FFF74FFE29463046FFF750FEA6
:10E920002378002BCAD123798DF804306379C9E7A5
:10E9300002228DF80420D3E7FFF73DBEFFF745BE66
:10E94000FFF768BEFFF787BE08461146EBF79EB992
:10E95000C0F89C1000207047EAF7DCB870B5144688
:10E9600086B005460E46122200210DF1060002F087
:10E97000A8FB2368009369462846ADF80460FFF7BA
:10E9800028FE009B236006B070BD38B504461546CE
:10E9900009B1FFF77EFE25B12046BDE83840EAF711
:10E9A000B3B938BD084611461A46BDF80030FFF726
:10E9B0003BBD2DE9F74F1C469DF8303001930368AD
:10E9C00003F00703063301259D400646174605F16F
:10E9D000FF380B46A1B1416804EA080BA5EB0B0A0E
:10E9E00041F00059524509EB0B0114D95246184623
:10E9F00002F08DFB7A1B5A444946504402F087FBD3
:10EA0000019B2BB13C4448EA050804EA0804F46081
:10EA100003B0BDE8F08F1846F0E737B50025009544
:10EA20001446FFF7C6FF204603B030BD026802F06F
:10EA30000702063201239340026AC2F30C028A42A3
:10EA400010B584BF4468C26803F1FF3388BF8918DA
:10EA50009BB285BF44F0005019404FF0FF30405C3E
:10EA600010BDF7B505460F4668461146EBF7DCF9D1
:10EA7000064698B197B1DDE900311B0A43EA01630C
:10EA8000A5FB0343090A05FB0135E7F71FFA00233D
:10EA9000024629462046F9F727FF3860304603B082
:10EAA000F0BD00228A4202D14FF0FF30704750F88B
:10EAB000223093FAA3F30BB90132F3E7B3FA83F0F0
:10EAC00000EB4210704710B50446EBF7C7FA214639
:10EAD0000020EDF771F9BDE81040002000F0B5B955
:10EAE000704708B5EEF7A6F880F00100C0B208BD87
:10EAF000FFF771BB704700207047704770B5144630
:10EB000081F0010519B90D2A07D1FF2018E00D2A5F
:10EB100003D100780538C0B212E0084400F047F88D
:10EB2000C5F1040110F440660246C9B209D1042CB3
:10EB3000084605D0052C16D112F0400F18BF084624
:10EB400070BDC5F10603042CD8B2F9D0B6F5006F3C
:10EB500003D1C5F10805E8B2ECE7B6F5406FE9D19D
:10EB6000C5F10E05F7E712F4404107D1062CE7D0B6
:10EB7000072CE5D0082C13D10130CCE755065CBF3B
:10EB8000831CD8B2062CDBD0B1F5004F02D1831C18
:10EB9000D8B2EDE7B1F5404FEAD100F10803F7E74D
:10EBA000130744BF0530C0B20C2CC9D9ADE70088AB
:10EBB00070470170090A4170704710B50024E3B234
:10EBC00010B9C3F10303DBB20134042CCA544FEA79
:10EBD0001222F4D110BD10B50B784C788A78C97820
:10EBE00028B910462246044608461946034642EA1A
:10EBF000012043EA042343EA004010BD10B50C464F
:10EC0000EDF7D4FE048010BD38B50C461546EDF77F
:10EC1000CDFE03881DB11C43A1B2018038BD23EA9B
:10EC2000040189B2F9E708B5EDF7C0FE008808BD18
:10EC300008B5EDF7BBFEC07808BD08B5EDF7B6FE28
:10EC4000008800F00C0008BD08B5EDF7AFFE0088A5
:10EC500000F00C00031F5842584108BD38B5054666
:10EC6000EDF7A4FE04462846FFF7EEFF30B904F1A5
:10EC70001000FFF79CFF00F4406038BD4FF40060C7
:10EC8000FBE738B50546EDF791FE04462846FFF749
:10EC9000DBFF014648B9103420460422ECF73AFB6A
:10ECA0002044BDE83840FFF782BFA08838BD10B5CA
:10ECB0000C46EDF77BFE848010BD38B50546EDF7B8
:10ECC00075FE04462846FFF7BFFF30B904F1100077
:10ECD000FFF76DFF00F4404038BD4FF40060FBE7E4
:10ECE00038B50546EDF762FE04462846FFF7ACFF4F
:10ECF000014648B9103420460622ECF70BFB2044AD
:10ED0000BDE83840FFF753BFA08838BD38B5054689
:10ED1000EDF74CFE04462846FFF796FF014608B182
:10ED2000201D38BD103406222046ECF7F3FA2044AB
:10ED3000F7E708B5EDF73AFE007A08BD08B5EDF73C
:10ED400035FE90F9090008BD08B5EDF72FFE807A71
:10ED500008BD08B5EDF72AFEC06808BD10B50C4621
:10ED6000EDF724FE047210BD10B50C46EDF71EFE43
:10ED7000447210BD10B50C46EDF718FEC46010BD0E
:10ED80002DE9F8430F468046002107F11000164692
:10ED90009946EDF7D1FE0446D0B1EDF707FE0546E2
:10EDA0002046EDF71FFE00210246284602F089F9B1
:10EDB0000023AB7049F004012046FFF71FFFA5F8C0
:10EDC00004802EB13A46314605F1100002F09FF959
:10EDD0002046BDE8F883F8B505460F46102000210F
:10EDE000EDF7AAFE0446B0B1EDF7E0FD0646204679
:10EDF000EDF7F8FD00210246304602F062F90023EB
:10EE0000B37039462046FFF7F9FE25B12A460121A5
:10EE10002046EDF769FE2046F8BD08B5EDF7C6FDC2
:10EE2000103008BD08B5EDF7DDFD1038C0B208BDE3
:10EE300010B50C46098821B90846F8F797FB2080E1
:10EE400008B1012010BD0220FCE70020ECF7E0BE75
:10EE500008B5EDF765F9002008BD4088C0F30C0047
:10EE60000330800840000430704708B520B1EDF74A
:10EE7000B1FB00F0010008BD0120FAE708B5EDF78D
:10EE8000FBFABDE80840FFF7F0BF70B50E46054637
:10EE900011463046EDF750FE044635B128B1EDF786
:10EEA00085FD3246294602F0F2F8204670BD008802
:10EEB000B0FA80F040097047008810B1C9B2EDF790
:10EEC000FFBD70472DE9F041B0F8008006460C46C2
:10EED000D5B2B8F1000F11D029464046EDF7F0FD4C
:10EEE0002246074629464046EDF7FEFD3A462946AA
:10EEF0002046EDF7F9FD3480BDE8F0810F46F5E7D7
:10EF000038B5058800220446FFF7DCFF05B12580EF
:10EF100038BDF8B507460D46008800211646EDF7C6
:10EF2000CFFDB042044605D129463846BDE8F84039
:10EF3000FFF7E6BF00212046EDF7C2FDB04205D045
:10EF400020460021EDF7BCFD0446F3E72A462046A3
:10EF50000021EDF7C9FD324628460021BDE8F84002
:10EF6000EDF7C2BD034608461B888B4202D0002144
:10EF7000EDF7A6BD00207047F8B5058807467DB1BE
:10EF8000CCB221462846EDF79BFD8542064609D1C5
:10EF900000233B80002221463046EDF7A5FD354693
:10EFA0002846F8BD2146EDF78BFD2146024628464E
:10EFB000EDF79AFDEEE72DE9F0470788824688468F
:10EFC00014465FB33846EDF70DFD3D460646E4B204
:10EFD00021462846EDF774FD4045814616D121466D
:10EFE000EDF76EFD214602462846EDF77DFD4745CB
:10EFF00004D1454508BF0025AAF80050002221464B
:10F000004046EDF771FD3046BDE8F0878742FAD003
:10F01000EDF7E8FC304486B24D46D9E73E46F2E7CC
:10F020002DE9F04780460F4602F1FF3906460024DD
:10F03000BC4202D219F8015F25B9A6EB0800C0B2A4
:10F04000BDE8F0879A46A5F13102012A5AF8041B5F
:10F0500010D83246322D02F8011B06D10134E4B239
:10F06000A74232D30912B21C71700134E4B2534684
:10F070001646DDE7342D0CD10334BC42DDDA0B0A31
:10F08000317073700B0C090EB370321DF170E4B265
:10F09000EBE7A5F13302062A0DD8303DEDB22B196E
:10F0A000BB42CADA2A463046013C01F0F0FF55FA6D
:10F0B00084F47219EBE7A5F14102062A01D8373D25
:10F0C000ECE71D7903F1080AE9E71646B5E770B5E4
:10F0D000054600880C46EDF785FC844228880AD94D
:10F0E000EDF780FC0023221AD2B228461946BDE86B
:10F0F0007040EDF7A7BD2146EDF790FC002070BDF4
:10F100002DE9F8430746084616469DF820908846A4
:10F110001C46EDF74BFC8519CCB1C5B14046EDF767
:10F1200061FC2644864214DC2246B9F1000F06D168
:10F130002946384601F0ABFF0020BDE8F883B9F15D
:10F14000010F39462846F5D001F0E1FFF4E7212010
:10F15000F3E71D20F1E738B50546EDF727FC044637
:10F160002846EDF73FFC002201462046BDE8384026
:10F17000FFF78BBEF8B516460C461D46BDF8187055
:10F18000EDF714FC04443046EDF710FC3A46411903
:10F190002046BDE8F84001F07ABF70B50C46013159
:10F1A000C9B20646EDF7F2FD214605463046EDF7B9
:10F1B000EDFD00EB052080B270BD1FB50123ADF859
:10F1C0000C2000930A460223014603A8FFF798FF8C
:10F1D00005B05DF804FB73B504460D4640200021E0
:10F1E0001646EDF7A9FCADF80600EDF7DFFBBDF81C
:10F1F000063013B9002002B070BD402133462A46C4
:10F200002044FFF70DFF2118C9B20DF10600FFF7EA
:10F210005EFF0028EED1BDF80600ECE70EB403B5A2
:10F2200003AA52F8041B0192FFF7D5FF02B05DF864
:10F2300004EB03B0704700220123C0E900237047AC
:10F24000F8B5044601270026FAF736F923683BB9DA
:10F25000FAF738F963680022012B0ED16360F8BD1C
:10F260001D691F612660FAF72DF9012DF2D02B469A
:10F270002D691E61012DFAD1E6E719691A610B4665
:10F28000EAE70069003818BF01207047036823B916
:10F290004068012803D0EDF7A7BD002070474FF06C
:10F2A000FF307047F8B50546FBF787F8012306469F
:10F2B000A8602B730027FAF7FFF82B6802467BB192
:10F2C0001C692169A1420CBF2F601961276110469A
:10F2D000FAF7F8F8012C08D0636820469847EAE767
:10F2E0006C68012C04D1FAF7EDF800232B73F8BDFC
:10F2F0006169711AB1F1004FF5D821696960236124
:10F30000E5E7702070477020704700207047014487
:10F31000884201D10120704710F8013B9342F7D099
:10F320000020704730B5014693B005460020EBF74A
:10F3300087FC10F0FF040BD16A4621462046ECF70B
:10F340005DFC6A46214620468DF80250ECF736FFF8
:10F35000204613B030BD00B5002193B06A46084680
:10F36000ECF74CFC9DF9020013B05DF804FB00B50E
:10F37000002193B06A460846ECF740FC9DF8000077
:10F3800013B05DF804FB08B5EBF7A0FF003818BF19
:10F39000012008BD002070477047704770477047D4
:10F3A00070477047704770477047F6F7BDBC00B5AF
:10F3B000002193B06A460846ECF720FCBDF8060031
:10F3C00013B05DF804FB10B5002192B004466A4604
:10F3D0000846ECF713FC00216A460846ADF80640E3
:10F3E000ECF7ECFE12B010BD00B5002193B06A46F8
:10F3F0000846ECF703FCBDF8040013B05DF804FB0D
:10F4000010B5002192B004466A460846ECF7F6FBB8
:10F4100000216A460846ADF80440ECF7CFFE12B072
:10F4200010BD70472DE9F04F85B00C4691468046DF
:10F43000FFF703FC671C05463846FFF7B8FB042DB1
:10F4400040F08B804046FFF7E8FC037803F00303AD
:10F45000012B4FF009024FF00101204614BF4FF07D
:10F46000020B4FF0030BEBF755FF09220021054675
:10F470002046EBF74FFF21788DF80F00013900226D
:10F4800089B22046FFF701FD04EB090A0646D0B118
:10F490002A4601460DF10F035846FBF703FA0228EE
:10F4A000054626D13046EDF79DFAC0B22070002304
:10F4B000013800930122C3B231463846FFF720FEDF
:10F4C0002378013323704046FFF7ADFB020424D4B8
:10F4D0009AF8013021789B071FD50139A1EB09016A
:10F4E0004246C9B25046F1F711FC23781844207007
:10F4F00013E020B92070284605B0BDE8F08F03283E
:10F5000009D15046FFF753FB20F4007189B25046F1
:10F51000FFF74FFBD7E70428D5D10125217800223A
:10F520002046FFF7B2FC06460028E4D0002301463F
:10F5300001221846FBF7B6F9022819D13046EDF73B
:10F5400051FAC0B220700023013800930122C3B2E7
:10F5500031463846FFF7D4FDCDE780F0800520F036
:10F56000800081B23846C5F3C015FFF722FBD5E70E
:10F570000028C0D12070BEE708B50020FFF7B1FA1F
:10F5800080F00100C0B208BD0A4608B5014600205F
:10F59000EDF7D2FFB0FA80F0400908BD0020ECF78B
:10F5A0003FBF00210846ECF7B7BB0020EBF726BBB6
:10F5B00008B5EEF729F8003818BF012008BD012072
:10F5C0007047EEF745B910B50C46098821B90846D1
:10F5D000F7F7B0FF208008B1012010BD0220FCE742
:10F5E00010B50446FDF7A8FD08B9FDF7A7FD030512
:10F5F0000FD40C231B2B01D1002009E020FA03F1CA
:10F60000C90703F1010206D5DBB2E31A584258419B
:10F6100010BD0B23F9E71346ECE710B50C4609883B
:10F6200019B90846F7F7A2FF2080012010BD402934
:10F6300008B5104604D009D811B13F290CD0C9B281
:10F6400000F0F5FABDE80840FBF70DBB412905D0F5
:10F650004C29F4D18D21F3E73121F1E74221EFE785
:10F6600070B592B004460D4616466A46ECF7C6FAE7
:10F670006A46294620468DF81F60ECF79FFD12B0C0
:10F6800070BD07B50DF10701EEF712FB20B19DF833
:10F69000070003B05DF804FBFF20FAE710B50C4645
:10F6A000EEF70CFC2046BDE81040EEF71DBB01292B
:10F6B000F8B505460C461DD003291ED0052920D0DB
:10F6C000072922D00026002400270120EBF78CFD1B
:10F6D000304485421DDA0320EBF786FD2044854245
:10F6E00019DA0520EBF780FD38448542B4BF0720C6
:10F6F0000520F8BD6FF00406E5E76FF00404052669
:10F70000E2E700266FF00407DFE70024264605271E
:10F71000DBE70120EDE70320EBE738B1437949004F
:10F7200023F00C0301F00C010B434371704710B53B
:10F73000044678B141794088490801F00601013159
:10F74000000AFFF7B4FF024601462046FFF7E5FF37
:10F75000104610BD0722FBE738B50D46EEF79CFBBF
:10F76000044608B9002038BDFFF7E1FF002DFAD1AB
:10F77000237913F00703F5D0984238BF1846C0B27A
:10F78000F1E70022EEF7E6BD002108B50122EEF711
:10F79000E1FD401A18BF012008BD38B51546FFF736
:10F7A000F0FF04462846FFF76CFF84B1FF2804D021
:10F7B000626822FA00F3DB0701D5012038BD01237E
:10F7C000834013436360E3780133E370F5E7204639
:10F7D000F4E7EFF705B80146102307220120EDF703
:10F7E0002DBC10B5EDF7E2F800F110042046FFF74C
:10F7F000DEF920F4007189B22046BDE81040FFF721
:10F80000D8B92DE9FF418DF80D301B0A15468DF84A
:10F810000E3001919DF82C308DF80C0001218DF8EF
:10F820000F300091042303AA28469DF828809DF8F4
:10F8300030709DF8346001F079FA044670B12946C1
:10F84000FFF735FAB8F1000F02D12046FFF7C9FFE4
:10F850002FB146B93146204601F0D2F800242046A7
:10F8600004B0BDE8F081002211462046EEF744FFC7
:10F87000F4E74FF47A70EFF78DB808B5EDF764FB55
:10F88000BDE808400020EFF78BB91FB50446684675
:10F89000FFF7A1FF54B100238DF805301023072294
:10F8A00069460020EDF7CAFB04B010BDFFF77FFDED
:10F8B000ADF80600FFF798FDADF80000EEE700B5E3
:10F8C0008BB06846FFF787FF009BBDF806000693E4
:10F8D00004A9EFF705F80BB05DF804FB1FB504466B
:10F8E0006846FFF778FF02AB03CB2060616004B08D
:10F8F00010BDFF22EFF740BA38B5D31E012B0446E6
:10F900000D46104607D8EFF755F929462046BDE8C1
:10F910003840FFF7EEBF022038BD1FB5062304466E
:10F920008DF80C30EFF782FA0023CDE900338DF823
:10F930000D00022303AA0121204601F0F7F904B0CB
:10F9400010BD38B5002208210546FFF7E0FC04464B
:10F9500098B9FFF72CFD22464FF6FF71EFF7A2FB97
:10F96000297C2846EFF74CF9287C6A69E98900F080
:10F970006FF8EFF7BDF8204638BD0120FCE770B501
:10F980000C4605460120EFF7D9FF237B4BB1FFF76B
:10F990000EFD014623462A460120BDE87040EFF7E0
:10F9A0009FBB4FF6FE71F5E7F8B50E460746FFF729
:10F9B00034FA0546FFF7FBF800F44040B0F5404F3D
:10F9C00014BF0022062202F10A030B32EB5C5C003A
:10F9D00004F00E045B08144403F0380338461C445A
:10F9E000FFF720FA844208D2001BC2B20F2A28BFB8
:10F9F0000F222919304601F08AFB2046F8BDEDF7A9
:10FA0000A3BAFF224FF6FF71F0F7FEBD0020FFF70B
:10FA1000F8BF37B5082305460C4609226946012080
:10FA2000EDF70CFB15B19DF806302B700CB1009B67
:10FA30002360BDF8040003B030BD07B500210DF10F
:10FA40000700FFF7E6FF9DF8070003B05DF804FB31
:10FA500007B508238DF80600ADF80410009269463A
:10FA600009220020EDF7EAFA03B05DF804FB13B5B4
:10FA7000044601A90020FFF7CCFF019A0146204669
:10FA8000FFF7E6FF204602B010BDF0B50F4600219B
:10FA900087B0044608461646FFF7BBFF012305461C
:10FAA0000DF10A008DF808408DF80930FFF716FFB8
:10FAB000092C1DD131460DF11200FFF77AF805AB84
:10FAC00002AA9B1A0021CDE900112846DBB264216D
:10FAD00001F02CF90546E0B1092C15D1F0F708FF2B
:10FAE000044688B12846F0F717FF204607B0F0BD5E
:10FAF00031460DF113008DF812704FF6FF75FFF7C8
:10FB000058F80DF11503DBE7284600F014F8044619
:10FB1000EBE70446E9E738B504460D4600F092FFEE
:10FB200040B1AC4206D0204600F07DFFBDE8384031
:10FB300000F05EBF38BD10B50446FFF76EF9023025
:10FB4000FFF735F84FF6F7739842204603D9BDE822
:10FB50001040F1F75DB8F1F79DF8B0FA80F0400978
:10FB600010BD0022F0F78CBF70B504460088FFF787
:10FB700054F905460430FFF71AF80646A81CFFF7AB
:10FB800016F80546FAF714FC3046F2F753FA30B986
:10FB90002846F2F74FFA10B1284600F053FFA37839
:10FBA00023F00F03A370002070BD70B50546FFF76A
:10FBB00034F90646284601F0DDF801462846EDF7FF
:10FBC000E5F804462846FFF75CF84FF6F7739842CD
:10FBD00008D8337803F00303012B05D1A31E584244
:10FBE000584170BD0120FCE70020FAE730B585B030
:10FBF00041F203330D46ADF808300446FFF7D7FB5A
:10FC00008DF80A00FFF7D3FB0021000A8DF80B00E6
:10FC1000CDE90011052302AA20468DF80C5001F011
:10FC200085F810B12146FFF79CFF05B030BD70B5D7
:10FC300004460D4691B131294FF0000600D13546FA
:10FC40002046FEF7FAFF08280AD101212046ECF7EA
:10FC500037FF2946BDE87040FAF744BF0126EFE7B9
:10FC60002046FEF7EAFF024630B9BDE870404FF685
:10FC7000FF710120FCF763BD2046FEF7EFFFB0F5F2
:10FC8000006F0ED12046FEF7FCFF4FF6FF7398423F
:10FC9000014617D0002D0CBF032005200022FCF7E1
:10FCA0004EFD29462046EEF7D9FD68B92946204683
:10FCB000F2F76CF940B9324629462046BDE870405B
:10FCC000F1F732B90120E9E770BD7047704737B5E9
:10FCD0004FF6F675D6F7BCF9431E9BB2AB4204460D
:10FCE000F8D8EEF7D9F80028F4D169462046EDF7A8
:10FCF000B7FB0028EED0204600F05BFE0028E9D1DB
:10FD00002046FFF741FD0028E4D12046F2F792F9A2
:10FD10000028DFD1204600F095FE0028DAD12046E9
:10FD2000FCF74EFD0028D5D1204603B030BD73B599
:10FD300004460E46F2F77EF9054688B92046F2F7EA
:10FD4000D3F9214600952B460D224FF6FD7000F0A9
:10FD500053F83146204602B0BDE87040F2F786B94C
:10FD600002B070BD37B5054614460C2914D8DFE83B
:10FD700001F0291329131313071313131324240059
:10FD80006946EDF76DFB18B901216846F6F796F85C
:10FD900042202946FDF7B7F9BCB12046FFF73DF8F0
:10FDA0000230FEF704FF4FF6F77398420DD9204654
:10FDB00003B0BDE83040F0F7E1BF0B2914BFAA2023
:10FDC000A920E6E700F0FCFDE6E703B030BD1FB573
:10FDD0000346084603218DF80C108DF80D300021E4
:10FDE0000123CDE90031ADF80E20042303AA00F071
:10FDF0009DFF05B05DF804FB2DE9F34106469DF833
:10FE000020800F4614461D46FFF7D1FAB04207D1B5
:10FE100000222146384602B0BDE8F041FFF7A2BFFC
:10FE20003A4631462046FFF7D2FFADF8060060B1F2
:10FE30000D2C05D100224FF6FF712820FCF77FFC26
:10FE400035B9BDF80600FFF776FE02B0BDE8F081D7
:10FE50000123424629460DF10600ECF7F3FEBDF8FA
:10FE60000630002BEDD1F0E7F7B50C460546FEF75E
:10FE7000D4FF611CC9B206462846ECF787FFA11CD7
:10FE80000746C9B22846FFF788F9014604463846B6
:10FE9000FAF7F8FD0D2F34D12046F2F7CBF878B100
:10FEA000301DFEF784FE04462846F679FEF718FF5B
:10FEB00031460246204603B0BDE8F040FFF76DBC76
:10FEC000B01CFEF774FE4FF6F773984202D928462D
:10FED000F0F754FF2046F2F707F9FFF768FAA0425F
:10FEE00005D1002003B0BDE8F040FFF7EEBEB068DA
:10FEF000F1686B4603C369462046F2F7B7F803B0D2
:10FF0000F0BD2A463946204603B0BDE8F040FFF771
:10FF100029BF1422002101F0D4B82DE9F0470B07C6
:10FF20008EB004460E4615465CD10120E1F70CFA6E
:10FF300009A8FCF76DFC092309A88DF82430FCF70B
:10FF40006BFC09A8E1F7D2F901A909A8FCF7C7FEE3
:10FF500026F00F072F4404F1100804F10F09BD42E9
:10FF600011D123693344236101A909A8FCF79CFE40
:10FF70000020E1F7E9F9B6F1005F2CBFB1200020C5
:10FF80000EB0BDE8F08705AA234696461868596862
:10FF90009446ACE80300083343456246F6D12B464D
:10FFA000224605F1100A53F8041B42F8041B53457E
:10FFB000F9D1714609A8FCF777FE09A8E1F796F98F
:10FFC000224621460120E1F751F9013D631E13F855
:10FFD000012F15F8011F4B4582EA01021A70F6D174
:10FFE0005546BCE77020CBE7F0B585B0174605460F
:10FFF0000C4610220021684601F063F8BFB3C4B379
:020000023000CC
:100000000F2C04F00F0608D924F00F043A462146BD
:100010002846FFF782FF40BB2744324639466846F0
:1000200001F075F82F6906F1100337446B44802204
:10003000B7F5005F03F8102C2F61C6F110061AD334
:10004000062E1FDDFB001A0E8DF80A201A0C5BBA73
:100050008DF80B20ADF80C306A4610212846FFF7CA
:100060005CFF2B69103B2B61002005B0F0BD3E46C4
:10007000D8E72646D6E7022E04DDFB005BBAADF8D2
:100080000E30E9E76A4610212846FFF746FF2B6944
:10009000A3F110042C6110220021684601F011F830
:1000A000B7F5005F4FEAC403CDD2E7E770B586B07D
:1000B0000E46054601A81446FFF72BFF3246294697
:1000C00001A8FFF791FF05AE054601AB22461C468D
:1000D00003CCB44210605160234602F10802F6D10D
:1000E000284606B070BDF2F7A7B80A460021F2F71D
:1000F000A3B8F0B58BB00C4601A9F2F79DF8054600
:1001000088B325220021E01C00F0DBFFBDF8107051
:100110000123A370FA054FF00E03238010D5234668
:100120004FF4877223F8042B06AE0DF1280C3246EB
:1001300003CA624518605960164603F10803F6D1F8
:100140003B0605D5238843F080032380069B63602C
:1001500001AB03CB039BC4F81D00C4F82110A361BD
:10016000F3F776F9606128460BB0F0BD30B505466F
:1001700087B001A80C46FCF74BFB2868696802AB06
:1001800003C39DF8113043F002028DF8112074B1C1
:100190002288510644BF43F006038DF81130530501
:1001A00042BF9DF8113043F008038DF8113001A8CB
:1001B000FCF7D4FCB0FA80F0400907B030BD2DE95F
:1001C000F3410F4605461646ECF70CFCC41BE4B29F
:1001D0004FF000082946CDF8008023463A463046C5
:1001E000FEF78EFF01212846ECF76AFC88B1012159
:1001F0002846ECF765FC0746ECF7F4FBC5B22B4646
:100200003019CDF8008042463946FEF779FF254483
:10021000ECB2204602B0BDE8F0812DE9F74F0C9E0C
:100220009DF834808946054693461C46ECF7DAFB78
:10023000012723464A462946824600975846FEF73C
:100240005FFF39462846ECF73BFC4C4428B339465F
:100250002846ECF735FC5FFA8AFA5445814611DAF4
:10026000E4B2AAEB040B5FFA8BFB22463046009700
:100270005B4629464444FEF743FFA4EB0A045E4470
:1002800004F0FF0801230C93002243464946304600
:1002900003B0BDE8F04FFEF733BF0C974346E2B220
:1002A0002946F4E72DE9F04186B0002607460846C6
:1002B0000C4615469846CDE9026604968DF8146002
:1002C000ECF790FB411BCBB20D2B28BF0D23009602
:1002D0002A46214602A8FEF713FF424602A93846E5
:1002E000F2F7FEF89DF80820064629462046ECF76E
:1002F00061FD304606B0BDE8F0812DE9F04F0E46B5
:10030000CBB00121054617461C46ECF7D9FB234626
:100310003A462946814606A8FFF7C4FF0DF1280A90
:1003200000EB070B5FFA8BFB524631462846FFF77E
:1003300046FFB34503D200204BB0BDE8F08FABEBD6
:1003400006085FFA88F808F104039842F3DB331FCC
:100350001844C4B204230193A31BDBB20093CDF86D
:1003600008A043465246002106A8E0F705FFC0B2A8
:100370000028E0D1A4EB0B040AEB0803E4B25246D8
:1003800028460093314643460194FFF746FF39461D
:100390002846ECF7FBFC394600F0F8022846ECF75B
:1003A00009FD01212846ECF78BFB002818BF4D46BC
:1003B0002846ADF81650ECF715FB011FC9B20DF138
:1003C0001600FEF784FE0120B6E72DE9F041044651
:1003D00000F0D0FC411C074689B2204600F09DFC8D
:1003E00098B397B339462046ECF7D0FC00F00C03E5
:1003F000042B054629D000F00308B8F1020F00D104
:100400001BBB284600F021FD2B060744BEB216D5C3
:10041000711C89B2204600F080FCB0B1F9B22046D0
:10042000ECF7B4FCB8F1010F014600F003030CD067
:10043000032B0AD0284600F017FD304486B231461F
:100440002046BDE8F04100F068BC0020BDE8F08126
:10045000F8B5064600F050FC054604463046FEF767
:10046000DCFC43785B0718D5AC1CA4B221463046AF
:1004700000F053FCB8B129463046ECF787FC691C04
:100480000746C9B23046ECF781FC1FB1874201D85C
:10049000FF2808D104EB4704A4B221463046BDE84A
:1004A000F84000F03ABC0020F8BD13B5044601A89E
:1004B000F2F726FABDF80430DA0710D49B0707D408
:1004C00010220021204602B0BDE8104000F0F9BD26
:1004D000224621461020FFF7E9FD0028F0D102B0A6
:1004E00010BD13B50024CDE9003413460A46014679
:1004F0000620F2F731FA02B010BD08B50246F2F755
:1005000021FA510544BF0838C0B2130544BF08386A
:10051000C0B208BDF0B5D3078BB005460C4649D52F
:10052000008800F027FC00230646029314B9CDE9A9
:10053000034403AC002208212046FEF7E8FEA0B1E8
:100540002888FEF76AFC0230FEF731FB2146074699
:10055000ECF786FF48B1002240231146384600F0F0
:1005600008FABE2528460BB0F0BD31462888ECF7C6
:100570000DFC10F0030F0CBF01260026F1F7A0FEC2
:1005800046EA4000C0B2009002AB05AA0021204616
:10059000F3F77EFB0546F1F793FE0028E2D0002D2D
:1005A000E0D0009602AB05AA00212046F3F770FBCD
:1005B0000546D7E7A625D5E701461A2308220120DC
:1005C000ECF73CBD00231A46F3F7D0BA30B58BB038
:1005D00005AD04462846FCF71BF9022301A928466D
:1005E0008DF81430FCF77BFB01AA2346144603CC9C
:1005F000AC4218605960224603F10803F6D10BB0F3
:1006000030BD08B50023024619461846F3F7AEFA86
:10061000012008BD37B504466846F3F71DFB0546C3
:1006200048B108222146684600F021FDB0FA80F06A
:10063000400903B030BDFF2208212046FEF767FEC7
:10064000034628B106212846FFF7BCFF0120F0E74A
:1006500022460146F3F78AFAF8E707B56846F3F74A
:10066000FBFA10B16846FCF7EEFC00F0010003B0A5
:100670005DF804FB0120F3F7BFBF704730B589B0C8
:10068000054603A8FCF7C4F8012401A88DF80C4026
:10069000FCF7D4FA9DF806209DF80730AA4209D04D
:1006A000AB4209D103A88DF80D40E0F71FFE0120F1
:1006B00009B030BD0024F5E70020F9E708B50022B5
:1006C00011461046F4F78CFABDE8084000214FF6B9
:1006D000FF70FFF777BF00221021FEF718BE7047AA
:1006E0007FB502460D460D2317216846F9F790FEA7
:1006F00002AE6B462A461C4603CCB44210605160E1
:10070000234602F10802F6D12068106023791371A4
:1007100000236B7304B070BDF0B585B06C4606461F
:100720000B4601F10807224618685968254603C59B
:100730000833BB422C46F7D1186828601B792B710F
:1007400031460D231720F9F76CFE05B0F0BD38B522
:1007500004460D46E0F740FBA04205D92046294655
:10076000FFF7BEFF002038BD6920FCE730B585B03B
:1007700000248DF80040E0F72FFBE5B2A84204D832
:10078000F5F7FEF9002005B030BD69462846FFF7B1
:10079000C3FF0134EFE738B50446002000F041F90B
:1007A000FF2805460FD000F046F910F0010009D0EF
:1007B000284600F040F9400840EAC17080F001008E
:1007C00000F0010038BD04F00100FBE7F8B5014678
:1007D00006460020F5F70EF9FF2801D00120F8BDEC
:1007E000E0F7EAFA00240546871CE0F7E9FAE3B2ED
:1007F000984201D80020F2E735F82430B34203D103
:1008000017F82430002BE9D10134EEE738B50D4656
:1008100001210446ECF754F930B101212046ECF7F0
:100820004FF92880012038BD2C80204600F07BFB4A
:100830000130C0B2F7E72DE9F04788B00746894696
:1008400010460DF10A011D469046FFF7DFFFBDF887
:100850000A6004464FF0000A3046CDE905AACDF8FB
:100860001BA0ECF7BFF8031BDBB20B2B28BF0B233D
:10087000CDF800A02246314605A8FEF741FC48F21B
:100880001F039D4243D00BD885F40043012B15D99B
:1008900000972346424649462846FCF7E6FB33E0EC
:1008A00048F23A039D42F3D1FEF781FDB8422BD0C6
:1008B0002246414605A8FCF729FC25E09DF81430A6
:1008C00013BBBDF81D40DDF81500DDF8191003ABB2
:1008D00003C303A92046E0F7E9F9012203A9204652
:1008E000F1F746FCA74206460ED0012103A8F5F712
:1008F000E5FA48F201039D4206D12EB9334632464D
:1009000039462046FCF7E0FB08B0BDE8F0879DF8CB
:100910001450002DF8D102349DF81570E4B2A846A9
:10092000EBB2BB42F0D2224608233146CDF800801C
:1009300003A8CDE90388FEF7E3FB03A800F06EF8F7
:1009400000F071F8083400F053F80135E4B2E7E73D
:1009500010B50024848041800480C280038110BDD2
:1009600013B5BDF8104001900094F5F751FE02B0A8
:1009700010BD07B500930123FFF7F2FF03B05DF848
:1009800004FB0123F5F7DABE38B50546EFF7B0FFF3
:100990000446E0F72DFAA40144EA4020284038BD7F
:1009A0007047704700207047FF2070470020704755
:1009B0007047002070474FF6FF7070470020704767
:1009C0007047002070477047002070477047002034
:1009D000704700207047704770470020704770478D
:1009E0007047002070474FF6FF70704793207047A4
:1009F00070477047704770477047704701207047D5
:100A00000120704700207047002070470020704789
:100A10007047704770474FF6FF7070474FF6FF7092
:100A20007047FF207047FF207047FF20704700206D
:100A30007047002070470020002170470020704759
:100A400000207047002070477047002070472DE954
:100A5000F04F002785B081460C467E203946BDF810
:100A60003CB09DF844A0BDF84C5001929846ADF8BA
:100A70000E70ECF761F80646002800F0AA80EBF74C
:100A800095FF39467E2200F01CFB3046EBF78EFFC7
:100A900000903046EBF78AFFB9F1FF0F14BF44F026
:100AA000030727463B0A14F44062077043705FD186
:100AB000C31C4FF0080818460199424600F0E7FAB7
:100AC00004F440440346434484B1790606D41946ED
:100AD0004FEA1B2201F802BB5A700B46B4F5004FD7
:100AE00056D0A4F5404254425441E40022461846F0
:100AF0000E9900F0CCFA009A03462044A0EB0208BD
:100B00005FFA88F89DB14FF47C521A53841C284632
:100B1000EBF74CFF83462846EBF764FFC5B22A4645
:100B20005946204600F0F3FA60190235EDB2B9F1EA
:100B3000FF0F2FD0109900F8019B524600F0E7FA02
:100B400008F101015AFA81F129443046EBF766FFBA
:100B50000C21FF00002207F0800739431046FEF702
:100B60003AF9ADF80E00E8B9002005B0BDE8F08F05
:100B7000B2F5006F80F803804FEA182880F80480EF
:100B800000F1050314BF4FF008084FF0020892E788
:100B90000224ABE708EB0A0129443046EBF73EFF9D
:100BA0000821D6E73046EBF701FF04463046EBF765
:100BB00019FF0123C2B221460DF10E00ECF742F8F5
:100BC0000028D1D1BDF84820BDF80E000121EBF777
:100BD0008BFFBDF80E00C8E7F8B506460D46F6F7E0
:100BE00013FD0328044621D02846F6F70DFD0328FF
:100BF00007461BD010F0020318D1A0070DD5F90746
:100C000016D401233C43E20704D431892A89914256
:100C100018BF002303F00100F8BD08222946304622
:100C200000F025FAB0FA80F35B09EBE70020F3E768
:100C30001846F1E770B50D4600210646FEF73CF96F
:100C4000044630B1EBF7B2FE01462846FFF7C4FF79
:100C500008B1204670BD21463046FEF783F9EFE724
:100C60007FB54FF6FF7101AAF6F764FD20B1BDF81C
:100C70000C0007B05DF804FB4FF6FF70F9E708B50C
:100C80001046EDF747FABDE80840EDF701BB2DE946
:100C9000F7430F46012181461646EBF711FF054643
:100CA00058B1FEF758FA308088B92846EBF79AFE1B
:100CB00068B1182003B0BDE8F0834846EBF792FE18
:100CC000FF2FA0EB0704E4B214D014B93480002045
:100CD000F0E72A4621462846FEF7D7F88046002846
:100CE000E7D000943B464A462946FEF743FAA6F869
:100CF0000080ECE70120DDE708B5FEF78EF84378C9
:100D000003F001001A074CBF10300830DB0644BF67
:100D10000830C0B21030C0B208BD10B50C46EBF7B9
:100D200061FEA04234BF0020012010BD7FB59DF8B8
:100D300020600091144641F20921024641F6092043
:100D4000002E18BF01461D460020099BF6F788FDBE
:100D5000ADF80E0010B9002004B070BD01232A4682
:100D600021460DF10E00EBF76DFF0028F3D1BDF821
:100D70000E00F1E738B50546FFF7BEFF04462846EA
:100D8000EBF730FE631C9BB283420FD82846FEF778
:100D900044F843785B0707D521462846EBF7F6FF72
:100DA000013004EB4004E4B2204638BD0024FBE7E8
:100DB00030B585B0ADF80E00EBF714FE0446BDF873
:100DC0000E00FFF7D7FF00F10E03DBB2E5B2BDF86E
:100DD0000E20ED1AADB2014600951046FEF7CAF995
:100DE000A4F10E01C9B20DF10E00FEF770F905B0C5
:100DF00030BD4278034612F0080006D0D20702D474
:100E000003F10800704703F10900704737B5054644
:100E10000C46FEF702F8437813F0100211D094B19B
:100E200003F001021B074FF00003009354BF183278
:100E30002032082329462046FEF762F9012003B03C
:100E400030BD1046FBE72046F9E700F00303012B15
:100E500008D0C30606D400F00C000C2814BF0820EC
:100E60000920704702207047034611F0030005D0A7
:100E700003F00303022B14BF0220032070472DE967
:100E8000F0414E1C07460D46EBF7ACFD864203D9F8
:100E900000242046BDE8F08129463846EBF776FF6E
:100EA0008046FFF7D2FF18F0800F0446F1D00644C9
:100EB0003846EBF797FDB6B28642E9D82919C9B290
:100EC0003846EBF763FF01464046FFF7CDFF20446D
:100ED000C4B2DEE7F8B506460D46FFF7D0FF04467C
:100EE00010B900242046F8BD29463046EBF74EFFE6
:100EF0008206F7D53046EBF775FD6F1C2744BFB26D
:100F00008742EED82919C9B23046EBF73FFF00F00F
:100F10001803082B14BF05340634E4B2830644BF1B
:100F20000834E4B2DEE738B50546FFF723FF044690
:100F300008B9002038BD01462846FFF7CBFF00283E
:100F4000F7D02044C0B2F5E72DE9F04387B005465D
:100F50000C46FDF762FF8046FDF729FE074628464E
:100F6000FFF708FF064601462846FFF788FF0022E4
:100F7000034600922946324602A8FEF7C1F89DF8C2
:100F8000086006F00C030C2B06F003090BD0B9F136
:100F9000010F59D0F10657D49DF809300DF10A051B
:100FA0006371002007E0FF2363710DF10900FDF775
:100FB000FEFD0DF10B05208198F80130DA0704D50C
:100FC00008F10200FDF7F3FD2081B9F1010F5FFA8E
:100FD00089F83DD0F3063BD42846FDF7E8FD608054
:100FE000A81CFDF7E4FD053515F8013C20802371B0
:100FF0002B78A372B00606F0400348BF43F02003ED
:10100000390627D543F40073F80448BF43F48063DE
:10101000390548BF43F400633206E38011D56A788E
:1010200012F003020DD0A9786FEA43436FEA5343ED
:10103000B8F1020FE3800B4611D1EB7841EA0321AE
:10104000218107B0BDE8F083FF230DF10905A7E773
:10105000FF23CCE77A0648BF43F48073D4E7012A24
:1010600004BF0B029BB22381EBE7EDF725B910B566
:1010700001390244904201D1002005E0037811F8C3
:10108000014FA34201D0181B10BD0130F2E7884286
:1010900010B501EB020402D98442234607D8431E4F
:1010A000A14208D011F8012B03F8012FF8E7024400
:1010B00001468A4200D110BD13F8014D02F8014DDE
:1010C000F7E702440346934200D1704703F8011B3F
:1010D000F9E710B56AB10139841810F8012B11F83D
:1010E000013F9A4203D1A04201D0002AF5D1D01A83
:1010F00010BD1046FCE77047704710F8012B11F83F
:10110000013B012A28BF9A42F7D0D01A70470A44FF
:10111000914200F1FF3300D1704710B511F8014B37
:1011200003F8014F9142F9D110BD034613F8012B8A
:10113000002AFBD1181A01387047431C08BF002051
:10114000E7F7D8B900000000000000000000000030
:10115000000000000000000000000000000000008F
:10116000F8B500BFF8BC08BC9E467047F8B500BF94
:10117000F8BC08BC9E4670475FF800F0951500204B
:10118000000000000000000000000000000000005F
:10119000000000000000000000000000000000004F
:1011A000312E302E31350032303236303930340085
:1011B0001C0C6400B80B5000540B4100BE0A3200F6
:1011C000280A2300C409190060090F002E0908002D
:1011D000FC08000000010203030F000504000505E0
:1011E0000100020175757675750075757575007568
:1011F00076767676757500757676767575007A6989
:10120000676265655F7072696E7400706C7567699E
:101210006E006E6574006B657973006F7074696F32
:101220006E00706C7567006368616E67656B6579E9
:10123000006368616E67656B007A646F0070726945
:101240006E742072656C6174656420636F6D6D618E
:101250006E64732E0061747472005A646F2072653C
:101260006C6174656420636F6D6D616E64732E00D4
:10127000726F75746500706F776572006D676D745D
:101280002D6C7169006D676D742D62696E64006C00
:101290006561766500616374697665006E6F64658B
:1012A0000073696D706C65006965656500756E62D7
:1012B000696E64006E776B2D757064006F75742DA8
:1012C000636C2D6C69737400696E2D636C2D6C6991
:1012D0007374005A646F20696E2D636C2D6C697392
:1012E000742072656C6174656420636F6D6D616EEE
:1012F00064732E0061646400636C656172005A64FB
:101300006F206F75742D636C2D6C6973742072651A
:101310006C6174656420636F6D6D616E64732E0023
:101320005A646F206E776B2D7570642072656C61E6
:1013300074656420636F6D6D616E64732E007363FA
:10134000616E2D6368616E2D6D61736B00736361F7
:101350006E006368616E5067006368616E005A6476
:101360006F20756E62696E642072656C617465646D
:1013700020636F6D6D616E64732E0067726F7570A0
:1013800000756E6963617374006368616E67656B95
:1013900065792072656C6174656420636F6D6D6141
:1013A0006E64732E006C696E6B004F7074696F6EA3
:1013B0002072656C6174656420636F6D6D616E642D
:1013C000732E007265676973746572007461726769
:1013D0006574006469736300696E7374616C6C2D6D
:1013E000636F64650062696E64696E672D74616223
:1013F0006C65007072696E742D72782D6D736773F1
:1014000000617073726574727900736563757269D7
:1014100074790053656375726974792072656C61C3
:1014200074656420636F6D6D616E64732E00736507
:10143000742D616C6C6F772D74727573742D636588
:101440006E7465722D72656A6F696E2D7573696E43
:10145000672D77656C6C2D6B6E6F776E2D6B657974
:10146000007365742D616C6C6F772D747275737475
:101470002D63656E7465722D72656A6F696E2D7568
:1014800073696E672D77656C6C2D6B6E6F776E2D43
:101490006B65792D74696D656F7574007365742D56
:1014A0006B65792D726571756573742D706F6C69DC
:1014B0006379006170730053656375726974792094
:1014C0006170732072656C6174656420636F6D6D0B
:1014D000616E64732E0041505320726574727920DE
:1014E000666C616720666F72636520636F6D6D6106
:1014F0006E64730064656661756C7400456E61624C
:101500006C65732F44697361626C657320707269D6
:101510006E74696E67206F66205278206D657373F4
:10152000616765732E00656E61626C650064697346
:1015300061626C650042696E64696E672074616205
:101540006C652072656C6174656420636F6D6D619C
:101550006E64732E005365637572697479206B65D0
:1015600079732072656C6174656420636F6D6D6161
:101570006E64732E0064656C657465004E657477E7
:101580006F726B2072656C6174656420636F6D6D42
:10159000616E64732E00666F726D0072656A6F69AA
:1015A0006E0072656A6F696E2D646966662D64658A
:1015B000766963652D747970650065787470616E05
:1015C00069640069736F70656E0062726F61642D8B
:1015D000706A6F696E006368616E67652D6368612C
:1015E0006E6E656C00696E6974006368616E676534
:1015F0002D6B6565702D616C6976652D6D6F646509
:101600000074696D656F75742D6F7074696F6E2DE0
:101610006D61736B006D756C74692D7068792D73D5
:1016200074617274006D756C74692D7068792D73B6
:10163000746F700066696E64006E6574776F726BAC
:101640002066696E6420636F6D6D616E64732E0039
:101650006A6F696E61626C6500756E7573656400B2
:10166000736C6F742D6D616E616765720069646C77
:10167000652D736C65657000636F756E746572734C
:1016800000656E642D6465766963652D7375707091
:101690006F7274006964656E74696679006E657452
:1016A000776F726B2D7374656572696E67006F7406
:1016B000612D626F6F746C6F6164006F74612D6374
:1016C0006C69656E74006F74612D73746F726167FD
:1016D000652D636F6D6D6F6E006F74612D73746F28
:1016E000726167652D656570726F6D0075706461FC
:1016F00074652D74632D6C696E6B2D6B6579007547
:1017000070646174652D74632D6C696E6B2D6B65EF
:10171000792072656C6174656420636F6D6D616EB4
:1017200064730074696D6572007265706F727469BC
:101730006E672072656C6174656420636F6D6D61A6
:101740006E64732E0072656D6F766500636C656103
:10175000722D6C6173742D7265706F72742D746963
:101760006D6500746573742D74696D696E67006FC3
:1017700074612D73746F726167652D656570726F2A
:101780006D2072656C6174656420636F6D6D616E50
:1017900064732E0077697065006F74612D73746FC8
:1017A000726167652D636F6D6D6F6E2072656C6120
:1017B00074656420636F6D6D616E6473007072692F
:1017C0006E74496D616765730072656C6F6164006A
:1017D00073746F726167652D696E666F0064617402
:1017E000612D7072696E74006F74612D636C696530
:1017F0006E742072656C6174656420636F6D6D61D9
:101800006E64732E0076657269667900626C6F6330
:101810006B2D7465737400706167652D72657175E9
:1018200065737400757067726164652D726571759A
:101830006573740064697361626C652D646F776EA3
:1018400067726164657300656E61626C652D646FBB
:10185000776E677261646573006F74612D626F6F7C
:10186000746C6F61642072656C6174656420636F71
:101870006D6D616E6473006E6574776F726B2D733E
:1018800074656572696E672072656C617465642049
:10189000636F6D6D616E64732E007072652D636F82
:1018A0006E666967757265642D6B65792D736574F5
:1018B000006D61736B2072656C6174656420636F89
:1018C0006D6D616E642E0073756274726163740075
:1018D0006964656E746966792072656C61746564AB
:1018E00020636F6D6D616E647300656E642D646559
:1018F000766963652D737570706F72742072656C94
:101900006174656420636F6D6D616E64732E007029
:101910006F6C6C2D636F6D706C657465642D6361A5
:101920006C6C6261636B00666F7263652D73686FC8
:1019300072742D706F6C6C00656E61626C655F74A3
:1019400079706500737461636B00636F7265006129
:101950007070007A636C006C65676163795F6166C3
:101960005F646562756700636F756E74657273207E
:1019700072656C6174656420636F6D6D616E647314
:101980002E007072696E742D636F756E7465722DA2
:10199000747970650073696D706C652D7072696E15
:1019A00074007072696E742D7468726573686F6C00
:1019B0006473007365742D7468726573686F6C640A
:1019C0000072657365742D7468726573686F6C64FA
:1019D000730073656E642D72657175657374004371
:1019E0006F6D6D616E647320746F20636F6E7472BF
:1019F0006F6C2069646C696E672F736C65657069C4
:101A00006E67206F6620746865206465766963651B
:101A100000666F7263652D6177616B650061776148
:101A20006B652D7768656E2D6E6F742D6A6F696EAC
:101A3000656400656570726F6D207574696C69749A
:101A4000792072656C6174656420636F6D6D616E81
:101A5000647300536C6F74204D616E616765722012
:101A600072656C6174656420636F6D6D616E647323
:101A700000626F6F742D736C6F74006572617365B3
:101A80002D736C6F74006578742D666C6173682DAE
:101A9000696E666F00736C6F74732D696E666F008C
:101AA0005072696E74732074696D652E005072698E
:101AB0006E7473206174747269627574652E00436C
:101AC0006C6561727320746865205A444F206C699C
:101AD0007374206F6620636C69656E742028696E6C
:101AE0002920636C7573746572732E00416464738E
:101AF00020636C75737465727320746F20746865ED
:101B0000206B6E6F776E20636C69656E7420286938
:101B10006E2920636C757374657273206F6E207408
:101B2000686973206465766963652E00436C65613E
:101B3000727320746865205A444F206C6973742056
:101B40006F6620636C69656E7420286F7574292038
:101B5000636C7573746572732E00416464732063E3
:101B60006C75737465727320746F20746865206B74
:101B70006E6F776E20636C69656E7420286F757464
:101B80002920636C757374657273206F6E2074689E
:101B90006973206465766963652E0053656E6473AE
:101BA00020616E20757064617465206368616E6E7B
:101BB000656C20726571756573742E006368616E63
:101BC0006E656C1F0053656E647320616E207570C6
:101BD00064617465206368616E6E656C2070616716
:101BE00065207265712E2054686520737461636B83
:101BF0002073656E6473206E776B20656E68616E0E
:101C00006365642075706461746520726571206617
:101C10006F72206E6F6E2D7A65726F2070616765CE
:101C20002E006368616E6E656C1F706167651F00D2
:101C3000506572666F726D7320616E20656E65729D
:101C40006779207363616E2E007461726765744EEC
:101C50006F646549641F7363616E44757261746972
:101C60006F6E1F7363616E436F756E741F004272F7
:101C70006F616463617374732074686520494420E4
:101C80006F6620746865206E6577206E6574776F67
:101C9000726B206D616E6167657220616E64206198
:101CA0006374697665206368616E6E656C732E007F
:101CB0006E776B4D676549641F6368616E6E656C16
:101CC0004D61736B1F00506572666F726D7320619A
:101CD0006E20656E65726779207363616E206F6E2A
:101CE00020676976656E206368616E6E656C206D35
:101CF00061736B2E007461726765744E6F64654921
:101D0000641F7363616E4475726174696F6E1F73D3
:101D100063616E436F756E741F6368616E6E656C90
:101D20004D61736B1F0053656E64732061206E6597
:101D300074776F726B20616464726573732072656F
:101D4000717565737420666F7220746865206769A9
:101D500076656E20494545452061646472657373FC
:101D60002E00696565651F00526571756573747332
:101D700020616E2049454545206164647265737336
:101D8000206261736564206F6E20612067697665EB
:101D90006E206E6F64652049442E006E6F64654945
:101DA000641F0053656E647320612073696D706CED
:101DB000652064657363726970746F7220726571F7
:101DC0007565737420666F72207468652073686F20
:101DD0007274206164647265737320616E6420653F
:101DE0006E64706F696E742073706563696669658F
:101DF000642E00646573741F746172676574456E48
:101E000064706F696E741F0053656E647320612087
:101E10006D6174636844657363726970746F727323
:101E20005265717565737420746F207468652067DE
:101E30006976656E2064657374696E6174696F6E2E
:101E400020776974682074686520676976656E20FC
:101E500070726F66696C652E006E6F646549641FF1
:101E600070726F66696C651F0053656E64732061E4
:101E7000206E6F64652064657363726970746F723D
:101E8000207265717565737420746F2061206769B5
:101E900076656E2074617267657420646576696327
:101EA000652E007461726765741F0053656E6473FC
:101EB0002061205A444F2042696E6420636F6D6D2B
:101EC000616E6420746F20612064657669636520AB
:101ED00073706563696669656420696E20746865FE
:101EE00020636F6D6D616E6420617267756D656EE4
:101EF00074732E0044657374696E6174696F6E1F2C
:101F0000536F7572636520656E64706F696E741FC0
:101F100044657374696E6174696F6E20656E647078
:101F20006F696E741F636C757374657249441F72B8
:101F3000656D6F746545554936341F646573744526
:101F4000554936341F0053656E647320616E2061FD
:101F5000637469766520656E64706F696E74207253
:101F600065717565737420746F207468652064658D
:101F7000766963652077697468207468652067698D
:101F800076656E2073686F72742049442E00536525
:101F90006E647320616E20756E62696E6420726576
:101FA000717565737420666F72206120756E696348
:101FB0006173742062696E64696E6720746F207447
:101FC000686520746172676574206465766963650D
:101FD0002E007461726765741F736F75726365207C
:101FE00065756936341F736F7572636520656E643D
:101FF000706F696E741F636C757374657249441FEA
:1020000064657374696E6174696F6E4555493634E1
:102010001F64657374696E6174696F6E20656E64A8
:10202000706F696E741F0053656E647320616E205B
:10203000756E62696E642072657175657374206671
:102040006F722061206D756C7469636173742062B6
:10205000696E64696E6720746F20746865207461AE
:1020600072676574206465766963652E00746172B9
:102070006765741F736F75726365206575693634A3
:102080001F736F7572636520656E64706F696E741F
:102090001F636C757374657249441F67726F757046
:1020A000416464726573731F0053656E64732061CD
:1020B000205A444F204D616E6167656D656E7420D6
:1020C0004C6561766520636F6D6D616E6420746F21
:1020D0002074686520746172676574206465766930
:1020E00063652E007461726765741F72656D6F762B
:1020F000654368696C6472656E1F72656A6F696EAC
:102100001F0053656E64732061205A444F204D4771
:102110004D542D42696E64202842696E64696E6771
:10212000205461626C652920526571756573742055
:10213000746F2074686520746172676574206465CB
:10214000766963652E007461726765741F737461CC
:102150007274496E6465781F0053656E6473206104
:10216000205A444F204D474D542D4C514920284C66
:102170005149205461626C652920526571756573FF
:102180007420746F207468652074617267657420B0
:102190006465766963652E0053656E647320612003
:1021A0005A444F20506F776572204465736372699B
:1021B00070746F72205265717565737420746F202E
:1021C00074686520746172676574206465766963FC
:1021D000652E0053656E64732061205A444F20724F
:1021E0006F757465207265717565737420636F6DAA
:1021F0006D616E6420746F2074686520746172670D
:1022000065742E007461726765741F696E64657809
:102210001F00696E6465781F65756936341F696EC5
:102220007374616C6C436F64651F00696E646578DC
:102230001F65756936341F6B65791F005443206C28
:10224000696E6B206B65792072657175657374209A
:10225000706F6C6963791F417070206C696E6B20C0
:102260006B6579207265717565737420706F6C6928
:1022700063791F0074696D656F75741F00426F6F1D
:102280006C3A20616C6C6F77207472757374206384
:10229000656E7465722072656A6F696E2075736908
:1022A0006E672077656C6C2D6B6E6F776E206B653B
:1022B000791F0070726F66696C6549641F636C7585
:1022C0007374657249641F00746172676574496450
:1022D0001F00456E61626C6573207072696E74696F
:1022E0006E67206F66205278206D65737361676535
:1022F000732E0053657473207468652062696E6480
:10230000696E67207461626C6500696E6465781F30
:10231000636C75737465721F6C6F63616C45701FBD
:1023200072656D6F746545701F65756936341F0081
:10233000436C65617273207468652062696E6469BC
:102340006E67207461626C652E005072696E7473E2
:10235000207468652062696E64696E6720746162CA
:102360006C6520746F2074686520636F6D6D616E9D
:1023700064206C696E652E00436C65617273206128
:102380006C6C207365637572697479206B65797301
:102390002E0044656C6574652074686520737065F3
:1023A000636966696564206C696E6B206B65792072
:1023B000696E6465782E005072696E747320616C6A
:1023C0006C207365637572697479206B6579732EFF
:1023D000005465726D696E61746573207468652060
:1023E0006D756C74692D50485920696E74657266FC
:1023F000616365005573656420746F207374617246
:1024000074206D756C74692D50485920696E74651F
:102410007266616365206F74686572207468616EAE
:10242000206E617469766520616E6420666F726DDE
:1024300020746865206E6574776F726B2E20546807
:102440006520737461636B20757365732073616DB0
:10245000652050616E4964206173206E61746976F5
:102460006520726164696F206E6574776F726B2E80
:1024700000706167651F6368616E6E656C1F706FC9
:102480007765721F6F7074696F6E734D61736B2027
:10249000284269742030203D20526F757465727334
:1024A00020616C6C6F7765642C2042697420312048
:1024B0003D2042726F61646361737420616C6C6F64
:1024C000776564291F00417474656D70747320749E
:1024D0006F206368616E6765207468652063686952
:1024E0006C642074696D656F7574206F7074696FAA
:1024F0006E206D61736B20746F2066696C746572F9
:10250000206F757420756E646573697261626C65A5
:102510002076616C7565732028652E672E206E6F9E
:10252000206D6F7265207468616E2033206461795C
:1025300073292E0074696D656F7574206F707469EE
:102540006F6E206D61736B1F0053776974636865EC
:1025500073206265747765656E206469666665726E
:10256000656E74206B65657020616C697665206DA1
:102570006F64657320737570706F72746564206228
:1025800079206120726F757465722E004B656570DD
:1025900020616C697665206D6F64651F00507269FB
:1025A0006E7473207468652063757272656E742032
:1025B0004E6F64652049442C2045554936342C2003
:1025C000616E642050616E2049442E00496E69742A
:1025D00069616C697A65732061206E6574776F72CA
:1025E0006B3B207468697320697320612074657384
:1025F0007420636F6D6D616E642075736564206611
:102600006F722074632D737761702D6F75742074F1
:10261000657374696E672E00536574732074686502
:10262000206E6574776F726B20696E6465782075B3
:1026300073656420627920616C6C206675747572B4
:102640006520434C4920636F6D6D616E64732E206D
:10265000204265666F726520657865637574696E82
:1026600067206120434C4920636F6D6D616E642C5F
:1026700020746865206672616D65776F726B207378
:102680007769746368657320746F20746869732058
:102690006E6574776F726B2E2020416674657220B0
:1026A00074686520636F6D6D616E642066696E6924
:1026B0007368657320657865637574696E672C202F
:1026C000746865206672616D65776F726B207377D1
:1026D000697463686573206261636B20746F207432
:1026E00068652070726576696F7573206E657477A2
:1026F0006F726B2E202054686520434C49207573FF
:102700006573207468652073616D65206E657477EC
:102710006F726B20696E64657820756E74696C20C9
:102720007468652064657669636520726573657495
:1027300073206F72206974206973206368616E670B
:102740006564207468726F756768207468697320A7
:10275000636F6D6D616E642E00417474656D70748D
:102760007320746F206368616E67652064657669A5
:102770006365206F76657220746F206120646966DE
:10278000666572656E74206368616E6E656C206745
:102790006976656E20696E20746865206368616E75
:1027A0006E656C20617267756D656E742E0054687D
:1027B00065206368616E6E656C20746F206368616C
:1027C0006E676520746F1F0066696E64556E757361
:1027D000656450616E49640066696E644A6F696E33
:1027E00061626C654E6574776F726B005065726DD7
:1027F000697473206A6F696E696E67206F6E2074EA
:102800006865206E6574776F726B20666F722061E9
:1028100020676976656E206E756D626572206F66E1
:10282000207365636F6E647320414E442062726F43
:10283000616463617374732061205A444F204D6753
:102840006D74205065726D6974204A6F696E696E8F
:1028500067207265717565737420746F20616C6C8C
:1028600020726F75746572732E00412073696E67F4
:102870006C65206279746520696E6469636174694E
:102880006E6720686F77206C6F6E672074686520B4
:102890006465766963652073686F756C6420686130
:1028A0007665207065726D6974206A6F696E696EF5
:1028B00067207475726E6564206F6E20666F722E6D
:1028C00020412076616C7565206F662030786666E1
:1028D000207475726E73206F6E207065726D6974EE
:1028E000206A6F696E20696E646566696E697465D9
:1028F0006C792E1F00436865636B73206E65747777
:102900006F726B20706A6F696E2073746174757377
:102910002E00577269746573207468652065787439
:10292000656E6465642070616E20494420666F7234
:1029300020746865206465766963652E0065787427
:1029400070616E69641F0052656A6F696E73206101
:102950006E206578697374696E67206E6574776F31
:10296000726B20696E206120736563757265206FDC
:102970007220696E736563757265206D616E6E6538
:102980007220776974682061206469666665726583
:102990006E742064657669636520747970652E00B5
:1029A000426F6F6C65616E206E6574776F726B201D
:1029B0006B657920617661696C6162696C697479B3
:1029C0001F4368616E6E656C206D61736B1F416E95
:1029D00020656E756D65726174696F6E20696E64D5
:1029E00069636174696E67207468652064657669DF
:1029F0006365207479706520746F2072656A6F69F1
:102A00006E2061732E54686520737461636B206F50
:102A10006E6C79206163636570747320454D424527
:102A2000525F454E445F44455649434520616E64BC
:102A300020454D4245525F534C454550595F454EE8
:102A4000445F4445564943452E1F0052654A6F690D
:102A50006E732061206E6574776F726B2E00426F0B
:102A60006F6C65616E206E6574776F726B206B653D
:102A70007920617661696C6162696C6974791F4360
:102A800068616E6E656C206D61736B1F004C6561D3
:102A90007665732061206E6574776F726B2E0054BB
:102AA00075726E73207065726D6974206A6F696EDD
:102AB000696E67206F6E20666F7220746865206192
:102AC0006D6F756E74206F662074696D6520696E18
:102AD000646963617465642E00412073696E676C7C
:102AE00065206279746520696E6469636174696EDA
:102AF0006720686F77206C6F6E672074686520644C
:102B000065766963652073686F756C6420686176AB
:102B100065207065726D6974206A6F696E696E6791
:102B2000207475726E206F6E20666F722E204120A9
:102B300076616C7565206F662030786666207475E6
:102B4000726E73207065726D6974206A6F696E2091
:102B5000696E646566696E6974656C792E1F004ADA
:102B60006F696E732061206E6574776F726B206F72
:102B70006E206120676976656E206368616E6E65A0
:102B80006C2C2077697468206120676976656E20F7
:102B9000545820506F77657220616E642050414E0A
:102BA0002049442E00546865206368616E6E656C30
:102BB000206F6E20776869636820746F206A6F6980
:102BC0006E20746865206E6574776F726B1F4F6E30
:102BD000652D62797465207369676E65642076611E
:102BE0006C756520696E6469636174696E672074D1
:102BF000686520545820506F77657220746861743E
:102C00002074686520726164696F2073686F756CE9
:102C1000642062652073657420746F1F546865209A
:102C200050414E204944206F6E20776869636820C8
:102C3000746F206A6F696E20746865206E657477A2
:102C40006F726B1F00466F726D732061206E65742A
:102C5000776F726B206F6E206120676976656E20DA
:102C60006368616E6E656C2C2077697468206120E2
:102C7000676976656E20545820506F7765722061C1
:102C80006E642050414E2049442E005468652063F4
:102C900068616E6E656C206F6E207768696368206E
:102CA000746F20666F726D20746865206E6574772E
:102CB0006F726B1F4F6E652D627974652073696743
:102CC0006E65642076616C756520696E6469636108
:102CD00074696E672074686520545820506F77655A
:102CE0007220746861742074686520726164696F11
:102CF0002073686F756C642062652073657420743E
:102D00006F1F5468652050414E204944206F6E204B
:102D1000776869636820746F20666F726D207468CD
:102D200065206E6574776F726B1F0054686973203D
:102D300073657473207468652074686520616D6FB5
:102D4000756E74206F662074696D65206265747796
:102D500065656E2073756273657175656E74207438
:102D6000727573742063656E746572206C696E6B26
:102D7000206B6579207570646174657320696E20BD
:102D80006D696C6C697365636F6E64732E00546853
:102D90006520616D6F756E74206F662074696D6556
:102DA000206265747765656E2073756273657175F1
:102DB000656E742074727573742063656E746572C9
:102DC000206C696E6B206B65792075706461746529
:102DD0007320696E206D696C6C697365636F6E64D6
:102DE000731F00464F522054455354494E472050BC
:102DF0005552504F534553202D20676174686572BA
:102E00002074696D696E67206D65747269637320E3
:102E1000666F72207265706F7274696E672074617C
:102E2000626C65206F7065726174696F6E732E00DD
:102E3000436C6561727320746865206C61737420E3
:102E40007265706F72742074696D65206F662061A1
:102E50007474726962757465732E004164647320C2
:102E600061206E657720656E74727920746F2074AE
:102E70006865207265706F7274207461626C652E73
:102E800000546865206C6F63616C20656E64706FC0
:102E9000696E742066726F6D20776869636820744C
:102EA0006865206174747269627574652069732045
:102EB0007265706F727465641F54686520636C7509
:102EC0007374657220776865726520746865206127
:102ED0007474726962757465206973206C6F6361C4
:102EE0007465641F546865204944206F66207468C7
:102EF0006520617474726962757465206265696EBB
:102F000067207265706F727465641F3020666F721F
:102F100020636C69656E742D7369646520617474D7
:102F200072696275746573206F72203120666F72EA
:102F3000207365727665722D73696465206174749F
:102F4000726962757465731F546865206D696E6976
:102F50006D756D207265706F7274696E6720696E31
:102F600074657276616C2C206D6561737572656431
:102F700020696E207365636F6E64732E1F546865DD
:102F8000206D6178696D756D207265706F727469FE
:102F90006E6720696E74657276616C2C206D656158
:102FA000737572656420696E207365636F6E6473F8
:102FB0002E1F546865206D696E696D756D2063689C
:102FC000616E676520746F20746865206174747227
:102FD000696275746520746861742077696C6C200F
:102FE000726573756C7420696E2061207265706FF4
:102FF0007274206265696E672073656E742E1F009F
:1030000052656D6F76657320616E20656E7472799E
:103010002066726F6D20746865207265706F7274BF
:10302000207461626C652E0054686520696E646569
:1030300078206F6620746865207265706F727420E6
:10304000746F2062652072656D6F7665641F004342
:103050006C6561727320616C6C20656E7472696559
:10306000732066726F6D20746865207265706F7270
:1030700074207461626C652E005072696E747320E6
:10308000746865207265706F7274207461626C651B
:103090002E00576970657320616C6C2064617461E7
:1030A00020696E207468652073746F726167652093
:1030B0006465766963652E005072696E7473206171
:1030C0007262697472617279206279746573206FBB
:1030D0006620746865204F544120696D61676520E2
:1030E0006F6E206469736B2E0054686520696E648E
:1030F0006578206F662074686520696D616765205A
:10310000746F207072696E742069747320646174C6
:10311000611F546865206F666673657420696E74FC
:103120006F20746865204F544120696D6167652088
:10313000746861742077696C6C20626520707269B4
:103140006E7465641F005072696E747320696E66D8
:103150006F726D6174696F6E2061626F7574207437
:1031600068652073746F7261676520646576696352
:10317000652E0052656C6F616420746865207374FD
:103180006F72616765206465766963652E004465CA
:103190006C657465732074686520696D616765206E
:1031A000617420746865207370656369666965641D
:1031B00020696E6465782E0054686520696E6465C8
:1031C0007820617420776869636820746F20626575
:1031D00067696E2064656C6574696E6720746865E4
:1031E00020696D6167651F005072696E7473207489
:1031F000686520696D616765732E00456E61626C5C
:103200006573204F544120646F776E677261646507
:10321000732E0044697361626C6573204F544120C2
:10322000646F776E6772616465732E0053656E64B8
:103230007320616E2055706772616465456E6452DB
:1032400065717565737420746F20616E204F5441F1
:10325000207365727665722E0043616E2062652070
:103260007573656420746F2064796E616D69636144
:103270006C6C79207475726E206F66662073656E53
:1032800064696E672070616765207265717565732A
:103290007473206F6E2074686520636C69656E744A
:1032A00020736964652C20696620746865207365E5
:1032B0007276657220646F65736E27742073757003
:1032C000706F7274207468697320666561747572BA
:1032D000652E00426F6F6C65616E2076616C75655E
:1032E000207475726E696E67206F6E2028312920F8
:1032F0006F72206F66662028302920746865207000
:10330000616765207265717565737420666C6167AD
:103310001F0053656E647320616E20696D6167657F
:1033200020626C6F636B20726571756573742066C3
:103330006F7220612066696C652074686520736512
:10334000727665722073686F756C64206E6F74207E
:10335000686176652E202054657374206861726EF2
:10336000657373206F6E6C792028746573742063A5
:1033700061736520392E352E36202D204D697373EB
:10338000696E672046696C6529005072696E7473B6
:1033900020696E666F726D6174696F6E206F6E204A
:1033A0007468652063757272656E742073746174DD
:1033B00065206F6620746865204F544120636C69F6
:1033C000656E7420646F776E6C6F61642E00537449
:1033D0006F707320746865204F544120737461745A
:1033E00065206D616368696E652E00537461727447
:1033F0007320746865204F544120636C69656E7456
:10340000207374617465206D616368696E652E2038
:10341000546865207374617465206D616368696EBA
:103420006520646973636F766572732074686520C4
:103430004F5441207365727665722C2071756572E8
:1034400069657320666F72206E657720696D6167AC
:1034500065732C20646F776E6C6F61647320746881
:103460006520696D6167657320616E6420776169AD
:10347000747320666F722074686520736572766558
:103480007220636F6D6D616E6420746F207570675C
:10349000726164652E005072696E74732074686581
:1034A000206D616E75666163747572657220494442
:1034B0002C20496D61676520547970652049442C42
:1034C00020616E642056657273696F6E20696E6646
:1034D0006F726D6174696F6E2074686174206172BF
:1034E000652075736564207768656E20612071754D
:1034F000657279206E65787420696D6167652069F1
:10350000732073656E7420746F2074686520736512
:10351000727665722062792074686520636C6965D3
:103520006E742E00506572666F726D7320736967DA
:103530006E6174757265207665726966696361741F
:10354000696F6E206F6E2074686520696D616765B4
:1035500020617420746865207370656369666965AD
:103560006420696E6465782E0054686520696E6415
:10357000657820617420776869636820746F2062C1
:103580006567696E20766572696669636174696FE3
:103590006E206F662074686520696D6167651F0025
:1035A000426F6F746C6F6164732074686520696D1D
:1035B0006167652061742074686520737065636954
:1035C0006669656420696E6465782062792063614C
:1035D0006C6C696E6720746865204F544120626F7F
:1035E0006F746C6F61642063616C6C6261636B2EDD
:1035F0000054686520696E6465782061742077687E
:1036000069636820746F20626567696E20626F6FFE
:10361000746C6F6164696E672074686520696D61A0
:1036200067651F005072696E747320696E666F2043
:1036300061626F75742074686520696E7374616C63
:103640006C656420626F6F746C6F616465722E00CC
:103650005375627472616374732061206368616E74
:103660006E656C2066726F6D206569746865722086
:10367000746865207072696D617279206F72207351
:1036800065636F6E64617279206368616E6E656CEC
:10369000206D61736B206F6620746865206E6574A1
:1036A000776F726B2D7374656572696E6720636FD7
:1036B0006D706F6E656E742E00546865206368616E
:1036C0006E6E656C206D61736B20746F2073756214
:1036D000747261637420746865206368616E6E65DE
:1036E0006C2066726F6D1F546865206368616E6E32
:1036F000656C20746F2073756274726163742074DA
:103700006865206D61736B2066726F6D1F00416488
:1037100064732061206368616E6E656C20746F2035
:1037200065697468657220746865207072696D617E
:103730007279206F72207365636F6E646172792095
:103740006368616E6E656C206D61736B206F6620BF
:10375000746865206E6574776F726B2D7374656520
:1037600072696E6720636F6D706F6E656E742E0088
:10377000546865206368616E6E656C206D61736B63
:1037800020746F206164642061206368616E6E65DF
:103790006C20746F1F546865206368616E6E656C81
:1037A00020746F2061646420746F20746865206DDC
:1037B00061736B1F0053657473206569746865726B
:1037C00020746865207072696D617279206F722053
:1037D0007365636F6E64617279206368616E6E6594
:1037E0006C206D61736B2E00546865206368616E98
:1037F0006E656C206D61736B20746F2073756274DD
:103800007261637420746865206368616E6E656CB4
:103810002066726F6D1F5468652076616C75652037
:10382000746F2073657420746865206368616E6EC0
:10383000656C206D61736B20746F2E1F005365746F
:103840007320746865207072652D636F6E6669679A
:1038500075726564206B657920736F20746861747C
:1038600020746865206A6F696E696E67206465768A
:103870006963652063616E20656E7465722074688B
:1038800065206E6574776F726B2E005365747320BC
:1038900074686520707265636F6E666967757265BE
:1038A00064206B65791F0053746F707320746865B2
:1038B000206E6574776F726B207374656572696EC4
:1038C000672070726F636573732E00537461727436
:1038D0007320746865206E6574776F726B207374E3
:1038E000656572696E672070726F636573732E0011
:1038F00041206D61736B206F66206F7074696F6E0D
:103900007320666F7220696E6469636174696E67A3
:1039100020737065636966696320626568617669B2
:103920006F722077697468696E20746865206E65AF
:1039300074776F726B2D7374656572696E67207032
:10394000726F636573732E1F00446973706C6179C5
:1039500073207468652063757272656E7420737469
:1039600061747573206F6620746865206E65747766
:103970006F726B207374656572696E672070726F09
:10398000636573732E005072696E74207768696383
:103990006820656E64706F696E7473206172652053
:1039A0007265706F7274696E672E00536574732050
:1039B000776865746865722074686520434C492097
:1039C000666F7263657320746865206465766963E9
:1039D0006520746F2073686F727420706F6C6C2E2A
:1039E000005468652076616C756520696E64696352
:1039F0006174696E672077686574686572207468A1
:103A000065206465766963652073686F756C6420F2
:103A100073686F727420706F6C6C1F0053657473E1
:103A200020776865746865722074686520646576BF
:103A30006963657320706F6C6C20636F6D706C656B
:103A40007465642063616C6C6261636B2066756E83
:103A50006374696F6E20697320656E61626C656462
:103A60002E005468652076616C756520696E646906
:103A7000636174696E672077686574686572207425
:103A80006865206465766963657320706F6C6C206F
:103A9000636F6D706C657465642063616C6C6261EA
:103AA000636B2066756E6374696F6E206973206541
:103AB0006E61626C65641F00446973706C61797338
:103AC0002074686520737461747573206F66207448
:103AD000686520456E64204465766963657320706F
:103AE0006F6C6C696E672E00456E61626C652F6449
:103AF000697361626C6520646562756720606C65DE
:103B00006761637920617070206672616D65776F9F
:103B1000726B20646562756760207072696E7420D4
:103B2000747970652E00456E61626C652F646973EF
:103B300061626C651F00456E61626C652F6469731C
:103B400061626C6520646562756720607A636C6091
:103B5000207072696E7420747970652E00456E61F4
:103B6000626C652F64697361626C6520646562755F
:103B700067206061707060207072696E7420747963
:103B800070652E00456E61626C652F6469736162B9
:103B90006C652064656275672060636F7265602084
:103BA0007072696E7420747970652E00456E616262
:103BB0006C652F64697361626C652064656275670A
:103BC0002060737461636B60207072696E7420741E
:103BD0007970652E0053656E647320612072657183
:103BE0007565737420666F72204F544120636F7542
:103BF0006E746572732E0052657365747320616C08
:103C00006C207468726573686F6C64732076616C85
:103C100075657320746F203078464646462E0053F3
:103C20006574732061207468726573686F6C6420BA
:103C300076616C756520666F7220612070617274A8
:103C40006963756C61722074797065206F6620639A
:103C50006F756E7465722E0054797065206F6620E2
:103C6000636F756E7465721F5468726573686F6CEC
:103C7000642056616C75651F005072696E74732004
:103C8000746865207468726573686F6C6473206F04
:103C90006620616C6C2074686520636F756E746556
:103CA00072732E00436C6561727320616C6C2063CB
:103CB0006F756E7465722076616C7565732E005039
:103CC00072696E747320616C6C20636F756E7465BD
:103CD000722076616C7565732E005072696E747314
:103CE000207468652076616C7565206F6620746845
:103CF000697320706172746963756C617220636F9F
:103D0000756E7465722E0054686520636F756E74ED
:103D10006572207479706520746F207072696E749A
:103D20001F005072696E747320616C6C20636F7534
:103D30006E7465722076616C75657320616E6420A7
:103D4000636C65617273207468656D2E00536574D1
:103D5000206F7220636C65617220737461792061D9
:103D600077616B65207768656E206E6F74206A6F6F
:103D7000696E656400536574206F7220636C6561C1
:103D80007220666F726365206177616B65004469BC
:103D900073706C61792074686520736C6565702040
:103DA000737461747573006F66667365741F005079
:103DB00072696E747320696E666F726D6174696F7B
:103DC0006E20666F7220616C6C20617661696C6137
:103DD000626C6520736C6F74732E0052656164733E
:103DE0002072617720646174612066726F6D206655
:103DF0006C6173682073746F726167652E00416433
:103E0000647265737320746F20726561641F4E75F0
:103E10006D626572206F6620627974657320746FBD
:103E200020726561641F005072696E747320666C45
:103E30006173682073746F7261676520696E666F65
:103E4000726D6174696F6E2E0045726173657320C7
:103E50007468652073706563696669656420736C56
:103E60006F742049442E0053746F7261676520732C
:103E70006C6F74206E756D6265721F00426F6F7497
:103E8000732074686520696D61676520696E2074B0
:103E900068652073706563696669656420736C6F1B
:103EA000742049442E000000E51603007449030005
:103EB00000000000FE11030038480300000000006D
:103EC0000B120300B844030000000000947A0300C2
:103ED000904303000000000012120300904303000F
:103EE0000100000016120300504303000000000010
:103EF0001B1203009441030000000000C955030099
:103F000094410300010000000B120300B8440300B9
:103F10000000000022120300B8440300010000006A
:103F2000271203006041030000000000311203006B
:103F3000604103000100000039120300903F0300BC
:103F400000000000BC6A03005C3F030000000000AA
:103F50000000000000000000000000006C3F0300B3
:103F60003D1203000E560300FE0000005512030030
:103F70001C4A0300000000005E1703000C4A030007
:103F80000000000000000000000000000000000031
:103F9000A03F03005A1203000E560300FE0000006B
:103FA000701203009C4B0300000000007612030017
:103FB0008C4B0300000000007C1203007C4B0300CC
:103FC00000000000851203006C4B0300000000009D
:103FD0008F1203005C4B03000000000095120300E9
:103FE000244B0300000000008A120300104B030062
:103FF000000000009C120300004B030000000000C2
:10400000FB6A0300F04A030000000000A112030055
:10401000E04A030000000000A8120300D04A030099
:104020000000000080750300C04A0300000000008B
:10403000AD1203002C41030000000000B412030085
:10404000D440030000000000BC120300A0400300A5
:1040500000000000C81203006C40030000000000D4
:104060000000000000000000000000007C40030091
:10407000D31203000E560300FE000000F4120300EA
:104080003C4A030000000000F81203002C4A030021
:104090000000000000000000000000000000000020
:1040A000B0400300FE1203000E560300FE000000A5
:1040B000F41203005C4A030000000000F812030041
:1040C0004C4A030000000000000000000000000057
:1040D00000000000E4400300201303000E5603001C
:1040E000FE0000003E130300AC4A03000000000085
:1040F000AD1803009C4A0300000000004D130300AC
:104100008C4A030000000000521303007C4A0300A5
:1041100000000000591303006C4A03000000000077
:104120000000000000000000000000003C4103000F
:104130005E1303000E560300FE0000007B13030015
:10414000484B03000000000081130300344B0300C0
:10415000000000000000000000000000000000005F
:1041600070410300891303000E560300FE00000097
:10417000A5130300DC4B030000000000947A030049
:10418000CC4B030000000000000000000000000015
:1041900000000000A4410300AA1303000E56030010
:1041A000FE000000C31303008C4C0300000000005D
:1041B000CC1303007C4C030000000000D313030069
:1041C0006C4C030000000000A5130300BC4B03006F
:1041D00000000000D8130300AC4B030000000000F7
:1041E000E51303001043030000000000F313030075
:1041F000DC42030000000000011403009C420300A5
:10420000000000000A1403001C420300000000002C
:104210000000000000000000000000002C4203002D
:10422000131403000E560300FE0000002E140300BA
:104230000C4C03000000000061140300FC4B030061
:10424000000000009C140300EC4B03000000000081
:10425000B3140300684203000000000000000000E7
:10426000000000000000000078420300B7140300C3
:104270000E560300FE000000FC8D03002C4C0300D2
:10428000000000008AAA03001C4C0300000000008C
:10429000000000000000000000000000AC4203002D
:1042A000D61403000E560300FE000000FC8D030030
:1042B0005C4C0300000000008AAA03004C4C030081
:1042C00000000000F41403003C4C03000000000058
:1042D000000000000000000000000000EC420300AD
:1042E000FC1403000E560300FE0000002615030018
:1042F000AC4C0300000000002D1503009C4C030093
:1043000000000000000000000000000000000000AD
:1043100020430300351503000E560300FE00000085
:10432000BC6A0300E04C030000000000F812030028
:10433000D04C030000000000AD180300BC4C03008B
:10434000000000000000000000000000000000006D
:1043500060430300551503000E560300FE000000E5
:10436000BC6A0300104D0300000000007515030037
:10437000004D030000000000F8120300F04C0300A1
:10438000000000000000000000000000000000002D
:10439000A04303007C1503000E560300FE0000003E
:1043A00096150300444E030000000000B77A030096
:1043B000344E030000000000D0150300244E03001B
:1043C000000000008F120300144E030000000000E4
:1043D0009B150300044E030000000000A21503001B
:1043E000F44D030000000000BA150300E44D030083
:1043F00000000000C3150300D44D030000000000BE
:10440000CA150300C44D030000000000D6150300C8
:10441000944D030000000000AD180300844D03001C
:1044200000000000E5150300744D030000000000CB
:10443000B6880300644D030000000000EA15030085
:10444000544D03000000000001160300444D03001A
:104450000000000015160300304D030000000000AE
:1044600025160300204D0300000000003416030051
:104470008444030000000000000000000000000071
:104480000000000094440300391603000E56030098
:10449000FE00000050160300B44D030000000000B1
:1044A00059160300A44D03000000000000000000A6
:1044B0000000000000000000C84403000E56030086
:1044C0000E560300FE00000060160300B44903000E
:1044D000000000006D1603003449030000000000D6
:1044E00078160300B848030000000000811603009E
:1044F000F84703000000000094160300D0470300B3
:10450000000000009D160300384703000000000073
:10451000AE1603001047030000000000BB160300A6
:104520007046030000000000C61603001846030092
:1045300000000000D9160300F04503000000000051
:104540008B9D03008C45030000000000EC16030067
:1045500064450300000000000000000000000000AF
:104560000000000074450300FF1603000E56030010
:10457000FE00000023170300544E0300000000005B
:104580000000000000000000000000009C45030047
:10459000291703000E560300FE000000BC6A03004A
:1045A000B84E030000000000F8120300A84E0300FC
:1045B0000000000045170300984E030000000000B3
:1045C000F4120300844E0300000000004C170300A7
:1045D000744E03000000000063170300644E0300E4
:1045E00000000000000000000000000000000000CB
:1045F000004603006F1703000E560300FE00000084
:1046000094170300C84E03000000000000000000E3
:104610000000000000000000284603009917030076
:104620000E560300FE000000BD170300184F0300E4
:104630000000000075150300084F03000000000093
:10464000C9170300F84E030000000000D017030054
:10465000E84E030000000000DD170300D84E030001
:10466000000000000000000000000000000000004A
:1046700080460300E81703000E560300FE0000000A
:10468000B2160300C84F0300000000000518030025
:10469000B84F030000000000AB800300A84F0300E8
:1046A00000000000718F0300984F0300000000001D
:1046B0002F160300884F030000000000E67A030075
:1046C000784F0300000000000C180300684F03003F
:1046D0000000000017180300584F030000000000FE
:1046E00024180300484F03000000000034180300A2
:1046F000384F03000000000047180300284F030054
:1047000000000000000000000000000000000000A9
:1047100020470300591803000E560300FE00000056
:10472000AB800300D84F0300000000000000000031
:104730000000000000000000484703007718030055
:104740000E560300FE000000E67A03004850030006
:1047500000000000718F03003850030000000000CB
:104760002F16030028500300000000009A180300D1
:104770001850030000000000481303009047030096
:104780000000000000000000000000000000000029
:10479000A0470300B11803000E560300FE000000FE
:1047A000AD1803000850030000000000F4120300DD
:1047B000F84F030000000000C7180300E84F030093
:1047C00000000000000000000000000000000000E9
:1047D000E0470300D01803000E560300FE0000005F
:1047E000BC6A0300585003000000000000000000F5
:1047F000000000000000000008480300EA18030061
:104800000E560300FE000000E67A03008850030005
:10481000000000000F1903007850030000000000A2
:10482000271903006850030000000000000000008A
:104830000000000000000000484803000E5603007E
:104840000E560300FE000000381903006048030004
:104850000000000000000000000000000000000058
:10486000704803000E5603000E560300FE000000C1
:1048700044190300D8500300000000004A19030047
:10488000C8500300000000004F190300B850030097
:104890000000000053190300A850030000000000AE
:1048A00057190300985003000000000000000000AA
:1048B0000000000000000000C84803006719030062
:1048C0000E560300FE000000BC6A030058510300AE
:1048D000000000008219030048510300000000009E
:1048E000951903003851030000000000F81203007E
:1048F0002851030000000000A21903001851030012
:1049000000000000B319030008510300000000007C
:10491000C1190300F850030000000000D219030081
:10492000E85003000000000000000000000000004C
:104930000000000044490300DF1903000E56030085
:10494000FE000000E67A030088510300000000002A
:10495000111A030078510300000000001D1A030023
:10496000685103000000000000000000000000008B
:104970000000000084490300331A03000E560300B0
:10498000FE000000DD170300B85103000000000026
:10499000E67A0300A851030000000000AB8003008A
:1049A000985103000000000000000000000000001B
:1049B00000000000C4490300531A03000E56030010
:1049C000FE000000711A03000852030000000000FE
:1049D0007B1A0300F851030000000000861A030050
:1049E000E85103000000000029590300D8510300DA
:1049F00000000000951A0300C851030000000000E9
:104A000000000000000000000000000093A602006B
:104A1000A01A03000E560300FF0000008FA602003C
:104A2000AD1A03000E560300FF0000004185000090
:104A3000BF1A03000E560300FF000000DD840000D3
:104A4000EC1A0300BD22030001FF000041850000B5
:104A50002C1B03000E560300FF000000DD84000045
:104A60005A1B0300BD22030001FF000075850000F2
:104A70009B1B0300BC1B030000FF000075850000AA
:104A8000C51B0300221C03000000FF00018600007C
:104A9000301C0300491C0300010001FF6D8600006B
:104AA0006E1C0300B01C03000102FF000186000021
:104AB000C61C0300F51C030001000102FF000000FA
:104AC000C1830000261D0300621D030007FF0000D4
:104AD000E1830000681D03009B1D030001FF00002F
:104AE000F5830000A31D0300F31D03000100FF0078
:104AF0001D880000081E0300591E03000101FF006D
:104B000025840000691E0300A31E030001FF0000AE
:104B100051840000AB1E0300F41E030001000001DD
:104B20000707FF009D860000461F03009B1D030032
:104B300001FF0000A58700008E1F0300D21F0300A5
:104B4000010700010700FF00A1A6020027200300C3
:104B50006D2003000107000101FF00002587000010
:104B6000A9200300E4200300010000FFF5860000F7
:104B700002210300462103000100FF00C58600005A
:104B800059210300462103000100FF007587000042
:104B900098210300A31E030001FF0000E587000029
:104BA000D3210300042203000100FF00697D0000FF
:104BB0000E56030012220300000707FF017D0000CC
:104BC0000E5603002B220300000707FF5982000046
:104BD0000E5603003722030007FF00005982000031
:104BE0000E5603003722030007FF00003582000045
:104BF0000E5603003C2203000000FF001582000057
:104C00000E5603007422030001FF0000DD81000046
:104C10000E5603007D22030000FF0000E17C00002F
:104C20000E5603000E560300FF000000E17C00005A
:104C30000E5603000E560300FF00000055A60200AA
:104C40000E5603000E560300FF00000055A602009A
:104C50000E5603000E560300FF00000055A602008A
:104C60000E5603000E560300FF000000B17C00004A
:104C70000E560300B32203000101FF009D7C0000DB
:104C80000E560300C822030001FF000051A60200D7
:104C90000E5603000E560300FF000000657C000066
:104CA000041503000E560300FF000000657C0000A1
:104CB000D22203000E560300FF000000F97D000021
:104CC000F32203000A2303000001000007FF000095
:104CD0004DA60200302303000E560300FF00000023
:104CE000617B00004A2303000E560300FF00000012
:104CF0008DA60200782303000E560300FF0000007B
:104D00007FA60200922303000B22030000FF000095
:104D1000AD820000B72303000E560300FF00000021
:104D2000357A0000D12303000E560300FF00000077
:104D3000C9790000F423030071240300000003106C
:104D4000FF000000A57A0000C624030034250300FC
:104D500001FF0000797A0000492503008C2503003B
:104D600000FF00008D7900009D2503000E56030012
:104D7000FF0000004BA60200CC2503000E560300E6
:104D8000FF00000069790000182603000B220300D1
:104D900000FF00003579000059270300AE2703000B
:104DA00000FF000019790000C82703000E56030019
:104DB000FF000000FD780000D82703000E56030016
:104DC000FF0000003BA60200EC2703006A28030056
:104DD00000FF0000CD780000F52803000E56030008
:104DE000FF00000089780000122903003D2903001C
:104DF00007FF00004D78000047290300A0290300A9
:104E0000000500FF057800004B2A03005E2A03001E
:104E10000002FF00E17700008D2A03000E56030018
:104E2000FF0000003BA602009F2A0300D92A0300CE
:104E300000FF0000757700005F2B0300A52B030027
:104E4000000301FF65770000452C03008B2C030055
:104E5000000301FF1BB202002B2D03008E2D030067
:104E600002FF0000E5CE0000E32D03000E56030014
:104E7000FF000000BDCE0000302E03000E560300E0
:104E8000FF00000049CE00005B2E0300812E0300CE
:104E900000010100010102FF21CE000000300300EB
:104EA0002830030000FF000001CE00004F30030057
:104EB0000E560300FF00000049CD000079300300CA
:104EC0000E560300FF0000004FB0020092300300B6
:104ED0000E560300FF000000FDBA0000B8300300CA
:104EE000E93003000002FF009DAE020046310300DE
:104EF0000E560300FF00000099AE0200733103005C
:104F00000E560300FF000000B1BA00008E3103000E
:104F1000B831030000FF000071B80000E831030061
:104F20000E560300FF00000091A30000FB310300B8
:104F30000E560300FF00000079A3000013320300A7
:104F40000E560300FF000000F1AD02002C320300FA
:104F50000E560300FF000000DDAD020059320300D1
:104F6000D332030000FF00009DB60000123303009F
:104F70000E560300FF00000091B500008A330300C5
:104F80000E560300FF00000035A20000CE330300E0
:104F90000E560300FF00000019A20000EB330300CF
:104FA0000E560300FF00000091A20000963403009B
:104FB0000E560300FF00000085A200002435030008
:104FC0006935030000FF000051A20000A035030076
:104FD000F135030000FF000089A100002436030022
:104FE0000E560300FF000000E99700005036030052
:104FF000B93603000000FF00E99700000E370300F8
:10500000703703000000FF0089980000B5370300E7
:10501000E83703000002FF00E59900003D38030077
:105020008B38030007FF0000BD990000A73803007C
:105030000E560300FF000000D1970000CB3803009C
:10504000F038030000FF0000DD980000493903003C
:105050000E560300FF000000D595000086390300BE
:105060000E560300FF0000009D920000AB390300C4
:10507000E139030003FF0000D59200001C3A030051
:10508000623A030003FF000085910000B83A030074
:105090000E560300FF000000F1AC0200E83A0300E6
:1050A000263B030000FF0000EBAC0200363B030090
:1050B000263B030000FF0000E5AC02005D3B03005F
:1050C000263B030000FF0000DFAC0200843B03002E
:1050D000263B030000FF0000D9AC0200AC3B0300FC
:1050E000263B030000FF0000C1AC0200D53B0300DB
:1050F0000E560300FF000000C7AC0200F73B0300A0
:105100000E560300FF000000CD8D00001F3C030081
:10511000583C03000001FF00F98D0000793C0300BA
:105120000E560300FF000000C3AC0200A43C0300C5
:105130000E560300FF000000BDAC0200BF3C0300A0
:105140000E560300FF000000898D0000DA3C0300CA
:10515000073D030000FF0000AFAC0200223D03004A
:105160000E560300FF000000ED8C00004D3D0300D3
:10517000C424030000FF0000B58C0000753D03004F
:10518000C424030000FF0000658C00008E3D030076
:105190000E560300FF00000049D102000E56030026
:1051A0000E560300FF000000951401000E56030088
:1051B0000E560300FF000000591401000E560300B4
:1051C000A73D030002FF0000C11B0100AF3D03002B
:1051D0000E560300FF0000004D1B0100DB3D0300E5
:1051E000FE3D03000200FF00CBD10200273E03007A
:1051F0000E560300FF000000291B0100493E03007A
:10520000673E030002FF0000011B01007C3E03001B
:10521000673E030002FF434C4920696E7374616E60
:105220006365206578616D706C65000000000000AA
:1052300000000000FFFF00008FAC02000000000033
:1052400003000000FFFF000093AD0200000000001B
:1052500019000000FFFF01001FAE02000000000067
:1052600020000000FFFF000017B102000104000150
:1052700002000102000201000202000013B779FAE5
:10528000C925DDB7ADF3CFE0F1B614B801020000D7
:1052900000000000FFFFFFFF010000000100000010
:1052A00000000000000000000000000000000000FE
:1052B00000000000000000000000000000000000EE
:1052C000000000000000000000000000B393020096
:1052D000AF9302008D9302008B9302009D27000084
:1052E000BD930200612700002C00000002000000B6
:1052F00040787D0100000000005A620200010000B9
:10530000C0CF6A0002000000809FD50002010000AB
:10531000002D310102020000010000000000000029
:10532000040000000100000008000000010000006F
:10533000100000000100000000010000010000005A
:10534000000800001D000000000200001D00000019
:10535000000400001D000000000001001D0000000E
:105360000003010303030200000800FCDC530300F8
:105370000100010788530300000800F89853030058
:10538000000000000000000083FFBFFFE2FFF1FF0C
:10539000F9FFFEFF00000000C800FCFEF800C50A8F
:1053A000571EFBFF7B0095047C02FFFF4A00B602FC
:1053B00046DFFFFF2D00AD01412F00001C0007015B
:1053C000854700001200A700974600000B00670009
:1053D0001A3C00000600220068230000C800FCFE02
:1053E000FC00D80A066CFBFF8800370518E2FEFFB8
:1053F00053000403F5E3FFFF3200B9019D430000B1
:1054000029005701F85700001600D1005857000036
:105410000E007C00D049000007002800172900007A
:1054200000000F400000000000040F4001000000D9
:105430005A335377697463683E00556E6B6E6F77AD
:105440006E206572726F72004D6178696D756D20A6
:105450006E756D626572206F6620617267756D652D
:105460006E7473206578636565646564005468656F
:1054700020617267756D656E74206973206E6F743C
:1054800020666F726D617474656420636F727265FB
:1054900063746C7900496E636F7272656374206126
:1054A0007267756D656E74207479706500496E63FE
:1054B0006F7272656374206E756D626572206F66BF
:1054C00020617267756D656E7473004E6F20636F37
:1054D0006D6D616E6420666F756E64000E5603001C
:1054E0003A5403003A5403003A5403003A54030078
:1054F0003A5403003A5403003A5403003A54030068
:105500003A5403003A5403003A5403003A54030057
:105510003A5403003A5403003A5403003A54030047
:105520003A5403003A5403003A5403003A54030037
:105530003A5403003A5403003A5403003A54030027
:105540003A5403003A5403003A5403003A54030017
:105550003A540300485403003A5403003A540300F9
:105560006D5403003A5403003A5403003A540300C4
:105570003A540300955403003A5403003A5403008C
:105580003A5403003A540300AD5403003A54030064
:10559000CB54030075696E7431360075696E7438CA
:1055A00000756E6B6E6F776E0077696C6463617205
:1055B00064006865786F707400737472696E676FE9
:1055C00070740075696E7433326F70740075696E33
:1055D0007431366F70740075696E74386F70740052
:1055E00068657800737472696E670075696E7433EC
:1055F00032002A005D20002E2E2E200068656C707F
:10560000000A25730A2573257300257320080000FE
:10561000000108070F000A00C8002000A0000100D8
:1056200000000000A00068010A200706020A040723
:105630000000433A2F55736572732F6B756B756C51
:105640002F53696D706C69636974795374756469FB
:105650006F2F53444B732F6765636B6F5F73646B7E
:105660002F706C6174666F726D2F736572766963EB
:10567000652F6C65676163795F68616C2F73726316
:105680002F626173652D7265706C6163656D656E07
:10569000742E63002573203D2025346C78005265FC
:1056A0007365742063617573653A2057617463682C
:1056B000646F6720657870697265642C206E6F2056
:1056C00072656C6961626C652065787472612069CD
:1056D0006E666F726D6174696F6E0A0052657365F4
:1056E000742063617573653A205761746368646FF1
:1056F0006720636175676874207769746820656ED8
:1057000068616E63656420696E666F0A00496E7336
:105710007472756374696F6E20616464726573730B
:105720003A2025346C780A005265736574206361F1
:105730007573653A204173736572742025733A2539
:105740006C640A0052657365742063617573653A11
:105750002048617264204661756C740A00484653A3
:10576000522E5645435454424C3A206572726F7221
:105770002072656164696E6720766563746F72205C
:105780007461626C6520666F7220616E206578635B
:10579000657074696F6E0A00484653522E464F5228
:1057A0004345443A20636F6E666967757261626C47
:1057B00065206661756C7420636F756C64206E6F14
:1057C000742061637469766174650A0048465352B7
:1057D0002E44454255474556543A206661756C74CF
:1057E0002072656C6174656420746F2064656275F5
:1057F00067202D20652E672E2C20657865637574D3
:10580000656420424B50540A0052657365742063EE
:10581000617573653A204D656D6F7279204D616ECB
:105820006167656D656E74204661756C740A004928
:105830006C6C6567616C2061636365737320616480
:1058400064726573733A2025346C780A00434653BA
:10585000522E25730A005265736574206361757357
:10586000653A20427573204661756C740A00416484
:105870006472657373206973206F6620616E20699E
:105880006E737472756374696F6E2061667465728D
:1058900020627573206661756C74206F6363757226
:1058A0007265642C206E6F74207468652063617566
:1058B00073652E0A00434653522E286E6F6E65297B
:1058C000206C6F6164206F722073746F7265206149
:1058D0007420616E20696C6C6567616C2061646422
:1058E000726573730A005265736574206361757322
:1058F000653A205573616765204661756C740A00CE
:1059000052657365742063617573653A20446562FE
:105910007567204D6F6E69746F72204661756C7487
:105920000A006D61696E00546872656164004861C7
:105930006E646C6572002573206D6F6465207573ED
:10594000696E6720257320737461636B202825348A
:105950006C7820746F2025346C78292C20535020CB
:105960003D2025346C780A002575206279746573B2
:1059700020757365642028257525252920696E20EA
:10598000257320737461636B20286F7574206F66B4
:1059900020257520627974657320746F74616C2999
:1059A0000A005350206973206F7574736964652011
:1059B000257320737461636B2072616E6765210AC1
:1059C00000496E74657272757074732061637469D6
:1059D000766520286F72207072652D656D70746514
:1059E0006420616E6420737461636B6564293A0A94
:1059F000004E6F20696E74657272757074732061E9
:105A000063746976650A000D0A5B4153534552542D
:105A10003A25733A25645D0D0A00554E4B00474FF9
:105A2000200042544C00474F3200474F3300474F4D
:105A30003400474F3500474F3600474F3700474F38
:105A40003800474F3900474F4100474F4200474F0A
:105A50004300474F4400474F4500474F46004A4DDB
:105A60005000424452005550520042544D004D5394
:105A70004D0046544C00554E4B00474F20004254B9
:105A80004C004241440046544C00465243004F549F
:105A9000410044534C00554E4B0050494E00454D7B
:105AA0003400554E4B0048562000554E4B0045588B
:105AB00050004C574D00554E4B0052425400445339
:105AC0004C00454D3400554E4B0041535400554E4B
:105AD0004B0056465900494E4800554E4B004C432A
:105AE0004B0058544C004F424600554E4B00485214
:105AF00044004D454D004255530055534700444224
:105B00004700444D410056435400554E4B005550FC
:105B1000200052502000415030004150310041508F
:105B20002000445020004445430000001A5A03005E
:105B30001E5A0300765A0300965A0300A25A030025
:105B4000AA5A0300B65A0300C65A0300CE5A0300ED
:105B5000DA5A0300EA5A03000A5B0300554E4B0071
:105B60004649420042544C00455854005057520098
:105B700057444700205357004352530046534800B0
:105B800042414400464C540042524F000104000080
:105B9000050B060B070B00000000000001030109C4
:105BA000060001050000000000000000030652305E
:105BB000005231005232005233005234005235004C
:105BC00052360052370052380052390052313000FC
:105BD0005231310052313200523133284C522900B7
:105BE0004D535000505350005043007850535200D2
:105BF0004D53502075736564005053502075736584
:105C0000640043535441434B20626F74746F6D00C2
:105C10004943535200534843535200494E545F4145
:105C200043544956453000494E545F414354495608
:105C300045310043465352004846535200444653B0
:105C400052004D4D41522F4246415200414653525F
:105C50000052657430005265743100526574320030
:105C600052657433005265743400526574350044D3
:105C700061743000446174310000454D555F4952F4
:105C8000516E004652435F5052495F4952516E0077
:105C900057444F47305F4952516E0057444F473188
:105CA0005F4952516E004652435F4952516E004D5A
:105CB0004F44454D5F4952516E005241435F534539
:105CC000515F4952516E005241435F52534D5F49FB
:105CD00052516E00425546435F4952516E004C444A
:105CE0004D415F4952516E004750494F5F455645FF
:105CF0004E5F4952516E005553415254305F5258D5
:105D00005F4952516E005553415254305F54585FB1
:105D10004952516E0041434D50305F4952516E001F
:105D2000414443305F4952516E0049444143305F22
:105D30004952516E00493243305F4952516E00471B
:105D400050494F5F4F44445F4952516E0054494D92
:105D50004552315F4952516E005553415254315FA3
:105D600052585F4952516E005553415254315F545D
:105D7000585F4952516E004C4555415254305F496D
:105D800052516E0050434E54305F4952516E0043A1
:105D90004D555F4952516E004D53435F4952516E0C
:105DA0000043525950544F305F4952516E004C4598
:105DB00054494D4552305F4952516E004147435F4F
:105DC0004952516E0050524F54494D45525F49520D
:105DD000516E0050524F5254435F4952516E00521F
:105DE0005443435F4952516E0053594E54485F49E2
:105DF00052516E004352594F54494D45525F4952DA
:105E0000516E00524653454E53455F4952516E0004
:105E100046505545485F4952516E00534D555F49B4
:105E200052516E005754494D4552305F4952516EA0
:105E3000005553415254325F52585F4952516E00DF
:105E40005553415254325F54585F4952516E004984
:105E50003243315F4952516E0056444143305F49ED
:105E600052516E004353454E5F4952516E004C45AE
:105E700053454E53455F4952516E00435259505459
:105E80004F315F4952516E0054524E47305F495274
:105E9000516E004941434356494F4C3A2061747456
:105EA000656D7074656420696E737472756374696E
:105EB0006F6E2066657463682066726F6D20612066
:105EC0006E6F2D65786563757465206164647265B5
:105ED0007373004441434356494F4C3A20617474F4
:105EE000656D70746564206C6F6164206F722073DF
:105EF000746F726520617420616E20696C6C6567D7
:105F0000616C2061646472657373004D554E535427
:105F10004B4552523A20756E737461636B20667202
:105F20006F6D20657863657074696F6E207265743B
:105F300075726E2063617573656420616363657358
:105F4000732076696F6C6174696F6E004D53544BAA
:105F50004552523A20737461636B696E67206672B2
:105F60006F6D20657863657074696F6E206361750D
:105F7000736564206163636573732076696F6C6118
:105F800074696F6E004D4D415256414C49443A2060
:105F90004D4D415220636F6E7461696E732076615E
:105FA0006C6964206661756C7420616464726573E9
:105FB0007300494255534552523A20696E737472C8
:105FC000756374696F6E20707265666574636820AE
:105FD00063617573656420627573206661756C74A6
:105FE000005052454349534552523A2070726563FE
:105FF00069736520646174612062757320666175E0
:106000006C7400494D5052454349534552523A2011
:10601000696D707265636973652064617461206283
:106020007573206661756C7400554E53544B455220
:10603000523A20756E737461636B696E67206F6E80
:1060400020657863657074696F6E2072657475720F
:106050006E2063617573656420646174612062758C
:1060600073206661756C740053544B4552523A204C
:10607000737461636B696E67206F6E20657863650A
:106080007074696F6E20656E7472792063617573C8
:106090006564206461746120627573206661756C4B
:1060A00074004246415256414C49443A20424641CE
:1060B0005220636F6E7461696E732076616C6964DF
:1060C000206661756C742061646472657373005539
:1060D0004E444546494E5354523A207472696564A1
:1060E00020746F206578656375746520616E207516
:1060F0006E646566696E656420696E73747275633B
:1061000074696F6E00494E5653544154453A2069A4
:106110006E76616C69642045505352202D20652EA7
:10612000672E2C20747269656420746F2073776900
:1061300074636820746F2041524D206D6F64650058
:10614000494E5650433A20657863657074696F6EA6
:106150002072657475726E20696E746567726974F9
:106160007920636865636B73206661696C656400A0
:106170004E4F43503A20617474656D7074656420AD
:10618000746F2065786563757465206120636F7036
:10619000726F636573736F7220696E737472756367
:1061A00074696F6E00554E414C49474E45443A2044
:1061B000617474656D7074656420616E20756E61C4
:1061C0006C69676E6564206D656D6F7279206163BF
:1061D000636573730044495642595A45524F3A20F9
:1061E000617474656D7074656420746F2065786582
:1061F000637574652053444956206F722055444995
:106200005620776974682064697669736F72206FAD
:10621000662030007A5C0300835C0300905C03001E
:106220009B5C0300A65C0300AF5C0300BA5C030048
:10623000C75C0300D45C0300DE5C0300E85C030081
:10624000B05D0300F75C0300065D0300155D03000D
:10625000205D03002A5D0300355D03003F5D030000
:106260004D5D0300595D0300685D0300775D030029
:10627000845D03008F5D0300985D0300A15D030052
:10628000AE5D0300BC5D0300C55D0300D35D03008C
:10629000DF5D0300E95D0300F45D0300035E0300BE
:1062A000105E03001B5E0300245E0300315E0300EA
:1062B000405E03004F5E0300595E0300645E03000E
:1062C0006E5E03007B5E0300885E0300935E030046
:1062D000D35E03000E5603000B5F03004C5F030008
:1062E0000E5603000E560300855F0300B25F0300E5
:1062F000E15F03000360030029600300686003009E
:106300000E5603000E560300A2600300CF60030088
:106310000561030040610300706103000E56030035
:106320000E5603000E5603000E560300A56103002F
:10633000D56103000000E40C0A00000000CA9A3B8B
:1063400000E1F5058096980040420F00A08601000C
:1063500010270000E8030000640000000A000000AD
:1063600001041040010000000500000000020000D0
:1063700003000000DC650300D8650300C46503006A
:10638000C0650300BC650300B8650300A665030093
:10639000966503007C650300746503006A6503006D
:1063A00068650300506503004D6503004565030003
:1063B000346503002465030012650300F8640300DC
:1063C000F0640300E4640300E0640300DE6403009F
:1063D000D1640300C6640300AD640300516403008C
:1063E0005064030040640300186403000D6403005C
:1063F0000C640300F86303000000000000000000CC
:106400000000000000000000000000000F0000007D
:10641000000000000000000000000000000000007C
:10642000000000000000000000000000000000006C
:10643000000000000000000000000000000000005C
:10644000010000000000000000000000000000004B
:106450000F0000000000000000000000000000002D
:10646000000000000000000000000000000000002C
:10647000000000000000000000000000000000001C
:10648000000000000000000000000000000000000C
:1064900000000000000000000000000000000000FC
:1064A00000000000000000000000000000000000EC
:1064B00000000000000000000000000000000000DC
:1064C00000000000000000000000000000000000CC
:1064D00000000000000000000000000000000000BC
:1064E00000000000FFFFFFFFFFFFFFFFFFFF0000B6
:1064F000000000000000000000000000000000009C
:10650000000000000000000000000000000000008B
:10651000000000000000000000000000000000007B
:10652000000000000000000000000000000000006B
:10653000000000000000000000000000000000005B
:106540000000000000FFFFFFFFFFFFFFFF9C0000B7
:10655000FF0000000000000000000000000000003C
:1065600000000000800000000000FFFFFFFFFFFFB1
:10657000FFFFFFFF00000000FFFF00000000000021
:10658000000000000000000000000000000000000B
:10659000000000000000FFFFFF00000000000000FE
:1065A00000000000000000000000000000000000EB
:1065B00000000000000000000000000000000000DB
:1065C00000000000000000000000000000000000CB
:1065D000000000000000000000000000FC030101BA
:1065E000010101010101010101010101010000009E
:1065F000000000010010000000000101000007027F
:10660000041104040211101A080A021801081110DA
:10661000111A080A04020D0B195C0110280B011451
:106620000000000000000000000000000000000169
:10663000010101010100010101010101000001014D
:106640000100010001010000000000000000000046
:106650000000000000000100000000000000000039
:106660000000000001FF010023E1010075E40100CA
:1066700063E2010063E5010062E1010079EB0100E2
:1066800064EE010024E1010025E1010026E10100A2
:1066900027E1010028E1010029E101002AE10100D0
:1066A00000000100800001000001010080010100E4
:1066B000000201008002010020E20100000301004D
:1066C00000050100800501000006010080060100B0
:1066D0000007010001E5010002E5010000080100DA
:1066E0008008010000400100433A2F557365727322
:1066F0002F6B756B756C2F53696D706C6963697462
:106700007953747564696F2F53444B732F676563B6
:106710006B6F5F73646B2F706C6174666F726D2F3B
:10672000736572766963652F746F6B656E5F6D61FB
:106730006E616765722F7372632F736C5F746F6B1A
:10674000656E5F6D616E616765722E6300433A2FFF
:1067500055736572732F6B756B756C2F53696D7004
:106760006C696369747953747564696F2F53444B12
:10677000732F6765636B6F5F73646B2F706C6174ED
:10678000666F726D2F736572766963652F746F6BB8
:10679000656E5F6D616E616765722F7372632F73D3
:1067A0006C5F746F6B656E5F6D616E75666163744F
:1067B0007572696E672E6300FFFFFFFFFFFFFFFF2B
:1067C00034B6863284327032F6106F6E6C79206384
:1067D0006F6F7264696E61746F72732063616E2093
:1067E000666F726D0A006A6F696E203078253032EC
:1067F000580A002573203078253032580A00257356
:10680000203078253032780072656A6F696E44698D
:106810006666446576696365547970650025732002
:1068200030782578006578742E2050414E204944F8
:106830003A20004E574B206F70656E3A2025752028
:10684000736563004E574B20636C6F73656400661D
:10685000696E64206A6F696E61626C653A20307897
:10686000253032580066696E6420756E75736564F4
:106870003A20307825303258004368616E67696E7F
:106880006720746F206368616E6E656C2025643AC2
:106890002030782530325800696E76616C6964204A
:1068A0006E6574776F726B20696E646578005368EB
:1068B0006F72742049443A203078253034582C20A7
:1068C00045554936343A20002C2050616E20494409
:1068D0003A203078253034580053746172746564FE
:1068E000206D756C74692D70687920696E7465729D
:1068F00066616365004661696C656420746F20257C
:106900007320257320307825303258005465726D1D
:10691000696E6174656420257320307825303258A3
:10692000004B65657020616C6976652073757070C9
:106930006F727420656E61626C65642E00666169B9
:106940006C656420746F20736574206B65657020BE
:10695000616C697665206D6F64652E007375636385
:1069600065737366756C6C792073657420746865E3
:10697000206368696C642074696D656F7574206F3D
:106980007074696F6E206D61736B2E006661696C47
:10699000656420746F207365742074686520636873
:1069A000696C642074696D656F7574206F707469AB
:1069B0006F6E206D61736B2E00646973636F766513
:1069C00072004D61746368202570792066726F6D66
:1069D000203078253034582C206570202564004EF6
:1069E000574B204164647265737320726573706FD6
:1069F0006E73653A20307825303458004945454556
:106A0000204164647265737320726573706F6E7376
:106A1000653A200053657276696365202573792095
:106A2000646F6E652E00232020747970652020200D
:106A30006E776B20206C6F6320202072656D2020A4
:106A400020636C75732020206E6F646520202065A4
:106A500075690025643A200020202564202020202C
:106A60003078253034582020307825303458202094
:106A7000307825303458203078253034582000655F
:106A80006D62657247657442696E64696E67204520
:106A900072726F723A2030782532580A00256420CD
:106AA0006F662025642062696E64696E6773207565
:106AB00073656400656E61626C6564207072696EF6
:106AC000740064697361626C6564207072696E74CD
:106AD00000616464206C696E6B206B6579004552BF
:106AE000523A2043616C63756C6174656420435253
:106AF0004320646F6573206E6F74206D61746368EA
:106B0000004552523A20496E7374616C6C20436F99
:106B10006465206D75737420626520382C203130D7
:106B20002C2031342C206F7220313820627974652A
:106B30007320696E206C656E677468004552523A26
:106B4000204145532D4D4D4F20686173682066618B
:106B5000696C65643A203078257800536574206A42
:106B60006F696E696E67206C696E6B206B6579006A
:106B70007365742062696E642025643A203078253C
:106B800030327800454D50545900554E494341002C
:106B90004D324F4E45004D554C5449003F2020206A
:106BA00020000000846B03008A6B0300906B0300DD
:106BB000966B03009C6B0300496E64657820494521
:106BC0004545204164647265737320202020202095
:106BD0002020204E574B496E6465782020496E2056
:106BE0004643202020202054544C28732920466CF2
:106BF0006167202020204B6579202020200025641B
:106C0000202020202000202025642020202020205B
:106C100020002020253038582020002030782530D2
:106C20003458202000496E64657820494545452048
:106C3000416464726573732020202020202020206E
:106C4000496E204643202020202054797065202062
:106C50004175746820204B6579002D20202020206C
:106C600000256320202020202563202020202000D4
:106C7000696573005741524E494E473A20205245AC
:106C80004144494E47204F46204B45592056414CE0
:106C90005545532044495341424C454420425920D4
:106CA0004D464720544F4B454E004E574B204B65A9
:106CB00079002573206F75742046433A20253038BB
:106CC0005800257320736571206E756D3A203078F9
:106CD00025780025733A20002573206F75742046AF
:106CE000433A20253038780054432025732000256E
:106CF00073205461626C650025642F256420656EE5
:106D0000747269657320757365642E005472616EC8
:106D10007369656E74204B657900256420656E7417
:106D200072257320636F6E73756D696E67202564BD
:106D3000207061636B657420627566666572257389
:106D40002E0057494C4C0057494C4C204E4F540094
:106D500054727573742043656E74657220257020BB
:106D6000616C6C6F772074727573742063656E74D8
:106D700065722072656A6F696E73207573696E67DC
:106D80002077656C6C2D6B6E6F776E206B65792E3E
:106D9000005365742074696D656F757420666F7239
:106DA0002054727573742043656E74657220726529
:106DB0006A6F696E73207573696E672077656C6C96
:106DC0002D6B6E6F776E206C696E6B206B65792012
:106DD000746F202564207365636F6E64732E0045A5
:106DE00052524F523A20002570737461636B206DCC
:106DF00075737420626520646F776E2E00454D4276
:106E000045525F00257353454355524954595F4CD1
:106E10004556454C3A20253032580025736572613D
:106E20007365206B65792025643A203078253032EF
:106E300058004572726F723A202045554936342009
:106E4000617267756D656E7420697320656D70740D
:106E50007920616E64206C6F6F6B75702062792091
:106E60006E6F6465204944206661696C65642E001C
:106E700047726F757000556E696361737400556E6B
:106E800062696E6420257020257030782558005284
:106E90006571756573743A20005A444F2073696DAB
:106EA000706C6520646573632072657120253032D3
:106EB00078005A444F206E6F6465206465736320C8
:106EC0007265712025303278005573696E67206DC8
:106ED00079206C6F63616C20455549363420666FAC
:106EE00072206465737420455549363420696E20DC
:106EF00062696E64696E67005A444F2062696E640D
:106F000020726571202530327800636C757374656A
:106F100072206C696D6974207265616368656400D4
:106F2000696E76616C696420706167653A202564DA
:106F3000206F72206368616E6E656C3A2025640074
:106F40004368616E6765206368616E6E656C20736F
:106F500074617475733A2030782530327800647526
:106F6000726174696F6E206D75737420626520693B
:106F70006E2072616E67652030202D203500636FB2
:106F8000756E74206D75737420626520696E207251
:106F9000616E67652031202D2038007363616E209B
:106FA0007374617475732030782578006E6574771A
:106FB0006F726B20757064617465207365742073E3
:106FC0007461747573203078257800416374697634
:106FD0006520455020726571756573742073746106
:106FE0007475733A2030782558004C51492054610B
:106FF000626C6520726571756573743A203078250E
:10700000580042696E64696E67205461626C652045
:10701000726571756573743A2030782558004C6537
:107020006176652025703078255800506F7765723D
:107030002044657363726970746F722025703078B4
:107040002558005573696E67206D79206C6F6361F8
:107050006C20455549363420666F72206465737420
:1070600020455549363420696E20756E62696E641C
:10707000696E6700526F757465205461626C65209B
:10708000257030782558005A444F206D617463682C
:10709000206465736320726571202578000000000C
:1070A0000000000000433A2F55736572732F6B7513
:1070B0006B756C2F53696D706C6963697479537467
:1070C0007564696F2F53444B732F6765636B6F5FF4
:1070D00073646B2F70726F746F636F6C2F7A696754
:1070E0006265652F6170702F6672616D65776F7272
:1070F0006B2F636F6D6D6F6E2F7A69676265655F69
:107100006170705F6672616D65776F726B5F636FE0
:107110006D6D6F6E2E6300457874656E64656420D6
:10712000526573657420696E666F3A203078253237
:1071300058202825732900433A2F55736572732F01
:107140006B756B756C2F53696D706C6963697479BD
:1071500053747564696F2F53444B732F6765636B6A
:107160006F5F73646B2F70726F746F636F6C2F7AC5
:1071700069676265652F6170702F6672616D6577F2
:107180006F726B2F636F6D6D6F6E2F7A69676265BB
:10719000655F6170705F6672616D65776F726B5F5E
:1071A000736C6565702E630053746179206177613B
:1071B0006B65207768656E206E6F74206A6F696EEC
:1071C00065643A20257300466F72636564207374AA
:1071D0006179206177616B653A2020202020202092
:1071E000202020257300466F7263696E67206465F6
:1071F0007669636520746F207374617920617761AB
:107200006B6500416C6C6F77696E672064657669A9
:10721000636520746F20676F20746F20736C6565E1
:10722000700052583A205265736574546F4661631A
:10723000746F727944656661756C747343616C6CCC
:107240006261636B002575292025703A2025750041
:1072500053657474696E67205468726573686F6CE7
:107260006420636F6D6D616E64003F3F3F004D6150
:1072700063205278204263617374004D616320542F
:1072800078204263617374004D6163205278205509
:1072900063617374004D616320547820556361739A
:1072A00074004D61632054782055636173742052DB
:1072B00065747279004D6163205478205563617361
:1072C00074204661696C004150532052782042631B
:1072D0006173740041505320547820426361737489
:1072E000004150532052782055636173740041501F
:1072F000532054782055636173742053756363651C
:107300007373004150532054782055636173742087
:10731000526574727900415053205478205563614E
:107320007374204661696C00526F757465204469FE
:10733000736320496E69746961746564004E6569A0
:107340006768626F72204164646564004E656967B6
:1073500068626F722052656D6F766564004E656974
:107360006768626F72205374616C65004A6F696E62
:1073700020496E6469636174696F6E004368696C6B
:1073800064204D6F76656400415348204F766572E6
:10739000666C6F7700415348204672616D652045E9
:1073A00072726F7200415348204F76657272756E2B
:1073B000204572726F72004E574B20464320466143
:1073C000696C7572650041505320464320466169DF
:1073D0006C7572650041534820584F6666004150F5
:1073E0005320556E617574686F72697A6564204BBD
:1073F0006579004E574B204465637279707420465E
:1074000061696C7572657300415053204465637205
:10741000797074204661696C7572657300506163A0
:107420006B65742042756666657220416C6C6F6393
:10743000617465204661696C757265730052656C94
:1074400061796564205563617374005068792074B4
:107450006F204D4143207175657565206C696D69BC
:10746000742072656163686564005061636B657464
:107470002056616C69646174652064726F7020636A
:107480006F756E74004E574B207265747279206F61
:10749000766572666C6F7700434341204661696C84
:1074A000757265730042726F6164636173742074F6
:1074B00061626C652066756C6C00505441204C6FA5
:1074C0002050726920526571005054412048692053
:1074D0005072692052657100505441204C6F205009
:1074E00072692044656E69656400505441204869A2
:1074F000205072692044656E6965640050544120D3
:107500004C6F205072692054782041627274005090
:107510005441204869205072692054782041627299
:1075200074004164647265737320436F6E666C69A6
:1075300063742053656E74000D00656E61626C6546
:10754000640064697361626C6564004465627567B8
:10755000207072696E742067726F75702025730ACF
:107560000057726F6E6720706172616D657465722D
:107570000A005363686564756C65206D6F766520DD
:107580006E776B0025732025643A202564004D61D9
:1075900078206D6F7665206C696D69742072656105
:1075A00063686564206E776B2025643A202564004B
:1075B000567777777777777777777777777777777C
:1075C0005A6967426565416C6C69616E6365303903
:1075D000456E642044657669636520506F6C6C204D
:1075E000496E666F726D6174696F6E00454D4245FC
:1075F000525F454E445F4445564943455F54494DAB
:10760000454F55543A20202020202020256400504A
:107610006F6C6C20636F6D706C6574656420636162
:107620006C6C6261636B3A202570005072696D6109
:107630007279202870726F29006E776B2025642084
:107640005B25705D00202043757272656E7420505A
:107650006F6C6C20496E74657276616C2028717352
:10766000293A202020256C0020204C6F6E67205086
:107670006F6C6C20496E74657276616C2028717332
:10768000293A202020202020256C00202053686FDC
:10769000727420506F6C6C20496E74657276616CE8
:1076A00020287173293A2020202020256C002020DA
:1076B00057616B652054696D656F7574202871730F
:1076C000293A202020202020202020202020256C46
:1076D00000202057616B652054696D656F757420BB
:1076E0004269746D61736B3A202020202020202095
:1076F00020307825347800202043757272656E74CE
:1077000020417070205461736B733A202020202038
:10771000202020202020203078253478002020438D
:10772000757272656E7420506F6C6C20436F6E744E
:10773000726F6C2020202020202020202025700027
:10774000202044656661756C7420506F6C6C20431A
:107750006F6E74726F6C202020202020202020204B
:10776000257000466F7263696E6720646576696391
:107770006520746F2073686F727420706F6C6C007A
:10778000416C6C6F77696E6720646576696365200C
:10779000746F206C6F6E6720706F6C6C00454D428B
:1077A00045525F41465F4C4F4E475F504F4C4C0037
:1077B000454D4245525F41465F53484F52545F50DA
:1077C0004F4C4C00706F6C6C206E776B2025643AC8
:1077D000203078257800747275650066616C736579
:1077E00000456E64706F696E74203078257820696A
:1077F00073206964656E74696679696E673A2025DD
:1078000070004552523A2072656164696E67206962
:1078100064656E746966792074696D6520257800E9
:107820004552523A2077726974696E6720696465BF
:107830006E746966792074696D65202578005258E8
:10784000206964656E746966793A4944454E5449C5
:107850004659203078253278004964656E7469662F
:10786000793A206661696C656420746F2073656E77
:107870006420257320726573706F6E73653A2030D3
:10788000782578005258206964656E746966793A83
:1078900051554552590076007175657279004368FB
:1078A000616E6E656C206E6F742076616C69643AEF
:1078B000202564005072696D617279002570206D19
:1078C00061736B206E6F77203078253458005365D4
:1078D000636F6E64617279004D61736B206E6F74BB
:1078E0002076616C69643A202564007072696D616C
:1078F0007279007365636F6E646172790025703A06
:1079000020536574202570206D61736B20746F2087
:107910003078253458005374617475730025703ABB
:107920002025703A004368616E6E656C206D61734E
:107930006B3A002020202028312920307825345827
:10794000205B002020202028322920307825345840
:10795000205B0053746174653A20307825582028E4
:107960002573290043757272656E74206368616EB9
:107970006E656C3A20256400546F74616C206265FA
:1079800061636F6E733A202564004A6F696E2061EF
:107990007474656D7074733A202564004E65747755
:1079A0006F726B2073746174653A203078255800CB
:1079B00025733A2025733A203078255800556E7388
:1079C0007570706F72746564206665617475726538
:1079D000207768656E207573696E67206F707469B3
:1079E0006D697A6564207363616E732E20546F2015
:1079F000757365206120636F6E6669677572656473
:107A0000206B6579207768656E206A6F696E696E94
:107A1000672C2061646420746865206B657920742C
:107A20006F20746865207472616E7369656E74206E
:107A30006B6579207461626C65207573696E67206F
:107A40007468652077696C64636172642045554988
:107A50002028616C6C20464673292E002570205327
:107A6000746F702E2020436C65616E696E6720759F
:107A7000702E004B65792076657269666963617462
:107A8000696F6E206661696C65642E204C65617655
:107A9000696E67206E6574776F726B0025703A208F
:107AA00025700042726F616463617374696E672050
:107AB0007065726D6974206A6F696E0025703A2076
:107AC00025703A20307825580054727573742063FD
:107AD000656E746572206C696E6B206B65792075BC
:107AE0007064617465207374617475730025733AF2
:107AF000205741524E494E473A20656D6265725398
:107B00006574496E697469616C53656375726974F3
:107B1000795374617465206661696C65642E2043D5
:107B20006F6E74696E75696E6720776974686F75BA
:107B30007420696E7374616C6C20636F64652E00D1
:107B40004572726F723A20696E7374616C6C206357
:107B50006F6465207365747570206661696C656417
:107B60002E20497320616E20696E7374616C6C20E5
:107B7000636F646520666C6173686564206F6E7402
:107B80006F20746865206465766963653F00D0D1B5
:107B9000D2D3D4D5D6D7D8D9DADBDCDDDEDF005AB4
:107BA0006967426565416C6C69616E636530390077
:107BB000FFFFFFFFFFFFFFFF0025733A206973738C
:107BC00075696E67207363616E206F6E2025732068
:107BD0006368616E6E656C7320286D61736B203015
:107BE000782534582900257320697320616C7265EB
:107BF00061647920696E2070726F677265737300BB
:107C00005374617274004578616D696E696E6720A6
:107C1000626561636F6E206F6E206368616E6E6572
:107C20006C20256420776974682070616E49642037
:107C30003078253258005468697320626561636F3B
:107C40006E206973206E6F742070617274206F668D
:107C5000207468652063757272656E742063686154
:107C60006E6E656C206D61736B20283078253458FA
:107C7000292E2047657474696E67206E65787420BC
:107C8000626561636F6E2077686F736520636861FA
:107C90006E6E656C206269746D61736B2069732010
:107CA0007365742E004572726F723A2025702063DE
:107CB0006F756C64206E6F7420617474656D707480
:107CC000206A6F696E3A2030782558004E6F206226
:107CD0006561636F6E73206C656674206F6E2063E0
:107CE000757272656E74206D61736B2E204D6F76A8
:107CF000696E6720746F206E657874207374617488
:107D000065002570206A6F696E696E67203078257E
:107D10003278206F6E206368616E6E656C2025641A
:107D20000025702053746174653A202570004572F7
:107D3000726F723A20257020636F756C64206E6FCD
:107D400074207365747570207365637572697479D6
:107D50003A2030782558004572726F723A2053638A
:107D6000616E20636F6D706C6574652068616E6410
:107D70006C65722072657475726E6564203078254A
:107D800058002573207363616E20636F6D706C659E
:107D900074652E20426561636F6E73206865617241
:107DA000643A20256400257320737461636B20732B
:107DB00074617475732030782558002570206E65C5
:107DC00074776F726B206A6F696E65642E00257020
:107DD00020747279696E67206E657874206E6574A0
:107DE000776F726B2E005A6967426565416C6C69EA
:107DF000616E636530394E574B2053746565726907
:107E00006E67004E6F6E65005363616E205072693D
:107E10006D617279204368616E6E656C7320616E6E
:107E2000642075736520496E7374616C6C20436FB8
:107E30006465005363616E205072696D61727920D0
:107E40004368616E6E656C7320616E642055736566
:107E50002043656E7472616C697A6564204B657944
:107E6000005363616E205072696D617279204368BE
:107E7000616E6E656C7320616E642055736520447D
:107E800069737472696275746564204B6579005317
:107E900063616E205365636F6E646172792043681D
:107EA000616E6E656C7320616E6420757365204928
:107EB0006E7374616C6C20436F6465005363616E14
:107EC000205365636F6E64617279204368616E6EE2
:107ED000656C7320616E64205573652043656E7414
:107EE00072616C697A6564204B6579005363616ED9
:107EF000205365636F6E64617279204368616E6EB2
:107F0000656C7320616E64205573652044697374D9
:107F100072696275746564204B6579005363616EA4
:107F2000205072696D617279204368616E6E656C74
:107F30007320616E642055736520416C6C204B6525
:107F400079732028696E7374616C6C20636F64654B
:107F50002C2063656E7472616C697A65642C206490
:107F60006973747269627574656429005363616E24
:107F7000205365636F6E64617279204368616E6E31
:107F8000656C7320616E642055736520416C6C20B4
:107F90004B6579732028696E7374616C6C20636F14
:107FA00064652C2063656E7472616C697A65642CFB
:107FB0002064697374726962757465642900496E1E
:107FC0007374616C6C65642054797065202842611B
:107FD0007365293A2020307825580043617061622A
:107FE000696C69746965733A202020202020202064
:107FF000202020307825325800426F6F746C6F61FA
:108000006465722056657273696F6E3A2020202075
:108010002030782532580053656375726520426FB1
:108020006F746C6F61646572204B65793A20202013
:1080300020202000426F6F746C6F6164696E67204E
:108040006661696C656421002570696E67204F5414
:108050004120636C69656E74207374617465206D72
:10806000616368696E650073746F70700045727249
:108070006F723A204E6F20696D61676520617420D0
:10808000696E646578202564004E6F742073757086
:10809000706F727465642E00436C69656E7420693C
:1080A0006D61676520717565727920696E666F0014
:1080B0004D616E75662049443A2020202020202002
:1080C0002020307825325800496D61676520547949
:1080D00070652049443A202020203078253258000D
:1080E00043757272656E742056657273696F6E3A6D
:1080F00020203078253458004861726477617265B9
:108100002056657273696F6E3A20004E41005175BA
:108110006572792044656C6179206D733A20202066
:10812000202020202020202020256C0053657276FE
:10813000657220446973636F766572792044656C5B
:108140006179206D733A20256C00446F776E6C6FF7
:1081500061642044656C6179206D733A2020202091
:108160002020202020256C0052756E2055706772EB
:108170006164652044656C6179206D733A2020202C
:10818000202020256C005665726966792044656C54
:108190006179206D733A202020202020202020208B
:1081A00020256C00446F776E6C6F6164204572729D
:1081B0006F72205468726573686F6C643A20202572
:1081C000640055706772616465205761697420545A
:1081D00068726573686F6C643A2020202025640003
:1081E0004F544120446F776E6772616465733A2023
:1081F00044697361626C6564004F544120446F7739
:108200006E6772616465733A20456E61626C656485
:1082100000426F6F746C6F61642073746174653AAF
:108220002025700025703A20696E76616C696420A3
:108230006F66667365742063757272656E745469D7
:108240006D6528307825345829203E207570677276
:1082500061646554696D6528307825345829004F6C
:10826000544120436C75737465723A207761697468
:1082700020666F7220256420730052586564207454
:10828000696D654F757420307825345820732C2023
:108290004D41582074696D654F75742030782534D0
:1082A00058207300496E76616C6964204550202522
:1082B00064207768656E20747279696E6720746FC8
:1082C0002073656E64204F5441206D657373616740
:1082D000652E0053656E64696E6720557067726124
:1082E000646520456E6420726571756573742E0037
:1082F00025703A20696E76616C696420636D64490B
:10830000642030782578004572726F723A202046DA
:1083100061696C656420746F2073656E64204F54CE
:108320004120636F6D6D616E6420307825582C207C
:108330007374617475733A203078255800536572F0
:1083400076657220756E6B6E6F776E2C2066616C31
:108350006C696E67206261636B20746F206469735F
:10836000636F766572792E004D6178696D756D2049
:108370007175657279206572726F727320686974A5
:1083800020282564292C207374617274696E67201B
:1083900073656172636820666F72206E6577204F27
:1083A0005441207365727665722E0A004170706CBC
:1083B00079696E672075706772616465004D6178D8
:1083C000696D756D20757067726164652072657185
:1083D0007565737473206D61646520282564292098
:1083E000776974686F757420726573706F6E7365EA
:1083F0002066726F6D207365727665722E005570FF
:1084000067726164696E6720616E79776179004F88
:108410005441205365727669636520646973636FA4
:10842000766572792070726576656E746564202D4C
:1084300020616E6F7468657220697320616C72656B
:1084400061647920696E2070726F67726573730062
:108450004661696C656420746F20696E6974696136
:108460007465207365727669636520646973636FF0
:10847000766572792E004F54412053657276696398
:108480006520446973636F7665727920696E207028
:10849000726F677265737300436C69656E742076E2
:1084A0006572696669636174696F6E206661696C83
:1084B00065642E005369676E61747572650043755B
:1084C00073746F6D004E6F207369676E617475729F
:1084D0006520766572696669636174696F6E207381
:1084E0007570706F72742C20617373756D696E672F
:1084F00020696D616765206973206F6B61792E005B
:10850000257020766572696669636174696F6E2093
:1085100025703A20307825580070617373656400C7
:108520004D6178696D756D206E756D626572206F35
:108530006620646F776E6C6F6164206572726F7213
:108540007320726561636820282564292C2061628C
:108550006F7274696E672E004F544120436C7573BF
:108560007465723A2073657474696E672049454575
:10857000452061646472657373206F66204F5441B7
:1085800020636C7573746572005061727469616CFC
:108590002066696C6520646F776E6C6F616420661D
:1085A0006F756E642C20636F6E74696E75696E678B
:1085B0002066726F6D206F66667365742030782553
:1085C000345800466F756E642066756C6C79206453
:1085D0006F776E6C6F616465642066696C65206995
:1085E0006E2073746F726167652028766572736997
:1085F0006F6E203078253458292E00466F756E64D2
:108600002066696C6520696E2073746F726167659E
:10861000207769746820646966666572656E742087
:1086200076657273696F6E2028307825345829205A
:108630007468616E2063757272656E7420766572FF
:1086400073696F6E20283078253458290046696C8C
:108650006520696E2073746F72616765206973208D
:1086600073616D652061732063757272656E74202D
:1086700072756E6E696E672076657273696F6E20B3
:1086800028307825345829004E6F20696D61676560
:1086900020666F756E6420696E2073746F726167F7
:1086A000652E004F544120536572766963652044FE
:1086B0006973636F7665727920756E626C6F636B38
:1086C00065640049676E6F72696E672073657276C4
:1086D00065722066726F6D206C6F6F706261636B84
:1086E00020616464726573730049676E6F72696EAE
:1086F00067203078253258204F54412073657276B8
:10870000657220696E20736561726368206F6620F0
:1087100054430053657474696E67204F544120536D
:10872000657276657220746F203078253258005457
:10873000696D656F75742077616974696E6720660D
:108740006F72206D6573736167652E0042616420EE
:108750004F544120636F6D6D616E643A203078250F
:1087600058004F544120636F6D6D616E6420307806
:10877000255820746F6F2073686F727420286C65A1
:108780006E202564203C206D696E20256429004FF1
:10879000544120636F6D6D616E642066726F6D2051
:1087A000756E7265636F676E697A65642073657252
:1087B0007665722030782532582E20204D79204F52
:1087C0005441207365727665723A203078253258AC
:1087D00000496D616765204E6F7469667900476F67
:1087E0007420756E65787065637465642025702EDD
:1087F0002020537461727420646973636F766572AC
:10880000792E004F54413A206661696C656420748A
:108810006F2073656E6420257320726573706F6EB0
:1088200073653A203078257800496D616765206E60
:108830006F7469667900476F7420756E657870652E
:10884000637465642025702E202049676E6F726501
:10885000642E004F54413A2044656661756C742063
:10886000726573706F6E736520666F7220496D61FB
:108870006765206E6F746966792C207374617475F6
:1088800073203078255800496D616765206E6F74DC
:1088900069667920636F6D6D616E64002570207567
:1088A0006E69636173742C207175657279696E6786
:1088B00000496E76616C6964002570202570207017
:1088C00061796C6F61642074797065203078255807
:1088D0000025702025703A206F7574206F66207215
:1088E000616E6765206A697474657220256400256D
:1088F000702025703A207061796C6F6164206C651E
:108900006E67746820646F65736E2774206D617480
:108910006368207479706520307825582028256494
:10892000203C202564290025702025702064756571
:1089300020746F206E6F6E2D6D61746368696E6751
:10894000206D616E7566616374757265722049444D
:108950000025702025702064756520746F206E6F6F
:108960006E2D6D61746368696E6720696D616765FE
:10897000207479706520494400257020257020649A
:10898000756520746F206D61746368696E67206619
:1089900069726D776172652076657273696F6E00BA
:1089A00025702025702C2052782764204A69747421
:1089B0006572202830782578292C205069636B65F2
:1089C00064204A69747465722028307825782900FB
:1089D0005175657279206E65787420696D6167657F
:1089E00020726573706F6E736500257020726574F8
:1089F00075726E656420307825582E20204E6F20C9
:108A00006E657720696D61676520746F20646F778C
:108A10006E6C6F61642E00257020746F6F20736818
:108A20006F727420282564203C202564290025705D
:108A30003A204E657720696D616765206973206112
:108A40007661696C61626C6520666F7220646F7715
:108A50006E6C6F61642E002570206973206E6F74D8
:108A6000207573696E67206D7920696D6167652077
:108A7000696E666F2E004552524F523A204E65780D
:108A80007420496D61676520697320746F6F20627F
:108A9000696720746F2073746F72652028307825A1
:108AA0003458203E20307825345829002570207213
:108AB000657475726E65642073616D652046696CBE
:108AC0006556657273696F6E20617320637572728B
:108AD000656E746C7920696E7374616C6C65642E5C
:108AE000004F544120446F776E6772616465732054
:108AF00044697361626C65643A2046696C655665C9
:108B00007273696F6E20626568696E642063757246
:108B100072656E7420696E7374616C6C6174696FD8
:108B20006E005374617274696E6720646F776E6C47
:108B30006F61642C2056657273696F6E20307825E2
:108B40003458004572726F723A204661696C6564F0
:108B500020746F2064656C65746520696D6167655C
:108B60002E004572726F723A204661696C6564200E
:108B7000746F206572617365206F6C642074656D1D
:108B80007020646174612E00496D61676520626CBC
:108B90006F636B20726573706F6E7365004F544125
:108BA0003A20496D616765426C6F636B5265706F07
:108BB0006E736520636F6E7461696E7320696E7683
:108BC000616C6964206F7220696E636F6D706C6593
:108BD00074652064617461005570646174696E67C6
:108BE000204D696E20426C6F636B20526571756514
:108BF000737420506572696F6420746F202564203F
:108C00006D7300446F776E6C6F61642064656C6196
:108C10007920627920736572766572202564206DF3
:108C20007300446F776E6C6F61642061626F727461
:108C30006564206279207365727665722E005365D3
:108C40007276657220646F65736E27742073757019
:108C5000706F7274207061676520726571756573DD
:108C6000742C206F6E6C79207573696E6720626C4E
:108C70006F636B20726571756573742E0053657236
:108C80007665722072657475726E65642027756EE4
:108C9000737570706F7274656420636C757374653E
:108CA0007220636F6D6D616E64272E00556E6B6E62
:108CB0006F776E2025702073746174757320636FF5
:108CC0006465203078255800257020686173206421
:108CD0006174612073697A65202825642920736D89
:108CE000616C6C6572207468616E2061637475617B
:108CF0006C207061636B65742073697A6520282528
:108D000064292E002570206572726F723A204578B2
:108D1000706563746564206F66667365742030786F
:108D20002534582C2062757420676F7420307825A4
:108D300034582E202049676E6F72696E6700257067
:108D400020696E666F20646964206E6F74206D61A7
:108D5000746368206D79206578706563746564203C
:108D6000696E666F2E202044726F7070696E672E78
:108D7000004661696C656420746F20777269746560
:108D800020746F2073746F72616765206465766903
:108D900063652100446F776E6C6F61640055706786
:108DA0007261646520656E6420726573706F6E73A6
:108DB00065005365727665722061626F72746564D6
:108DC00020757067726164652C20737461747573AB
:108DD0003A2030782558004572726F723A2025701B
:108DE0002068616420696E76616C69642025703A40
:108DF000200066696C652076657273696F6E00414C
:108E00006464696E67202564206D732E2064656C30
:108E1000617920666F7220696D6D65646961746542
:108E200020757067726164652E00436F756E74649F
:108E30006F776E20746F20757067726164653A2079
:108E40002564206D73002053746174653A202020DE
:108E50002570002057616974696E6720666F722003
:108E6000726573706F6E73653A20257000204E65D1
:108E70007874204576656E742054696D65723A2069
:108E80002564206D73002043757272656E742044F2
:108E90006F776E6C6F6164204F66667365743A20FD
:108EA0003078253458202825642525290025703A56
:108EB000206661696C65642070617273696E6720F9
:108EC0004F544120636D642030782578004F544121
:108ED0002044656661756C7420726573706F6E7383
:108EE0006520746F20636F6D6D616E64204944204E
:108EF000307825582C207374617475732030782570
:108F00005800496D61676520626C6F636B20726504
:108F100071756573742074657374206F6E6C79203D
:108F2000776F726B73207768656E207374617465F8
:108F300020697320424F4F544C4F41445F5354417A
:108F400054455F4E4F4E4500009596959595050703
:108F5000090D000000000000010203040652616ECA
:108F6000646F6D2044656C6179206265666F72651F
:108F700020737461727400446973636F76657269FB
:108F80006E67204F544120536572766572004765C5
:108F900074204F54412053657276657220455549BF
:108FA000004F627461696E206C696E6B206B65792D
:108FB000005175657279696E67204E657874204935
:108FC0006D61676500446F776E6C6F6164696E6791
:108FD00020496D61676500566572696679696E67DB
:108FE00020496D6167650057616974696E67206625
:108FF0006F722055706772616465206D657373616F
:10900000676500436F756E74646F776E20746F20B0
:10901000557067726164650057616974696E672095
:10902000746F207570677261646520766961206F66
:1090300075742D6F662D62616E64206D6563686165
:109040006E69736D00000000037E03005D8F0300F6
:10905000778F03008E8F0300A18F0300B18F030071
:10906000C58F0300D78F0300E78F03000390030031
:1090700018900300446F776E6C6F616420666169BD
:109080006C65642E00496D61676520646F657320AF
:109090006E6F7420636F6E7461696E20616E20550F
:1090A00070677261646520496D616765205461670E
:1090B00020283078253258292E20536B697070692A
:1090C0006E6720757067726164652E004578656310
:1090D0007574696E6720626F6F746C6F6164206372
:1090E000616C6C6261636B2E005374617274696EA3
:1090F000672045424C2076657269666963617469D0
:109100006F6E0045424C206661696C65642076652F
:1091100072696669636174696F6E2E0045424C2006
:1091200070617373656420766572696669636174E2
:10913000696F6E2E0025703A202564252520636F07
:109140006D706C657465000208010D0D010101125E
:1091500001496D6167652025640020204552524F0A
:10916000523A20436F756C64206E6F74206765748B
:109170002066756C6C206865616465722100202032
:109180004865616465722056657273696F6E3A2036
:109190003078253258002020486561646572204C83
:1091A000656E6774683A202025642062797465735F
:1091B0000020204669656C6420436F6E74726F6C8A
:1091C0003A202030782532580020204D616E756697
:1091D0002049443A20202020202020307825325871
:1091E000002020496D61676520547970653A202020
:1091F000202020307825325800202056657273696F
:109200006F6E3A20202020202020203078253458EE
:109210000020205A69676265652056657273696F20
:109220006E3A203078253258002020486561646508
:109230007220537472696E673A20202573002020D3
:10924000496D6167652053697A653A2020202020A6
:10925000256C2062797465730020205365637572F4
:1092600069747920437265643A202030782558006B
:1092700020205570677261646520446573743A20DC
:1092800020200020204D696E2E2048572056657200
:109290003A2020202030782532580020204D617857
:1092A0002E204857205665723A20202020307825FD
:1092B0003258002020546F74616C20546167733AF7
:1092C00020256400202020205461673A2030782532
:1092D0003258002020202020204C656E6774683AA8
:1092E00020256C004572726F723A20436F756C6472
:1092F000206E6F74206F627461696E2074616720E4
:10930000696E666F2066726F6D20696D6167652E8C
:10931000000A256420696D6167657320696E204FBE
:1093200054412073746F726167652E00496D6167E7
:10933000652064656C65746525702E004572726FDA
:10934000723A2020436F756C64206E6F74207265D2
:10935000616420626C6F636B3A20307825582E0A66
:1093600000000000FFFFFFFFFFFFFFFF0000000005
:1093700000000000656D62657241664F7461537450
:109380006F726167654472697665725265616443A4
:10939000616C6C6261636B2829206661696C65642D
:1093A0002100426164206D61676963206E756D62A2
:1093B000657220696E2066696C653A2030782558A0
:1093C00020307825582030782558203078255800CE
:1093D0004261642076657273696F6E20696E2066E3
:1093E000696C65203078253258004572726F723A88
:1093F0002072656164416E6456616C696461746574
:1094000053746F726564496D6167652829207472B1
:1094100069656420746F2072656164206D6F726588
:109420002064617461207468616E20697420636FC8
:10943000756C6420686F6C642E00656D62657241A6
:10944000664F746153746F726167654472697665C3
:10945000725265616443616C6C6261636B282920A0
:109460004641494C454421004C617374206F666647
:1094700073657420646F776E6C6F616465643A2005
:1094800030782534580053746F72616765204D6FD2
:1094900064756C653A204F54412053696D706C655A
:1094A0002053746F7261676520506C7567696E0038
:1094B000496D616765732053746F7265643A20204B
:1094C0002564206F6620310A001EF1EE0B53746193
:1094D0007274696E672065726173652066726F6D64
:1094E000206F666673657420307825345820746F59
:1094F00020307825345800436F756C64206E6F748B
:1095000020737461727420455241534521202830E4
:109510007825582900454550524F4D2045726173BA
:109520006520636F6D706C65746500433A2F5573E9
:109530006572732F6B756B756C2F53696D706C69E9
:109540006369747953747564696F2F53444B732F37
:109550006765636B6F5F73646B2F70726F746F639B
:109560006F6C2F7A69676265652F6170702F667204
:10957000616D65776F726B2F706C7567696E2F6F99
:1095800074612D73746F726167652D73696D706C92
:10959000652D656570726F6D2F6F74612D73746FBB
:1095A000726167652D656570726F6D2D706167659D
:1095B0002D65726173652E6300433A2F5573657292
:1095C000732F6B756B756C2F53696D706C69636964
:1095D000747953747564696F2F53444B732F6765A7
:1095E000636B6F5F73646B2F70726F746F636F6CFC
:1095F0002F7A69676265652F6170702F6672616D81
:1096000065776F726B2F706C7567696E2F6F746101
:109610002D73746F726167652D73696D706C652D44
:10962000656570726F6D2F6F74612D73746F7261E9
:1096300067652D656570726F6D2E63004F54412014
:1096400053696D706C652053746F72616765204556
:109650004550524F4D207761726E696E673A2063B4
:109660006F756C64206E6F742067657420736C6F07
:109670007420696E666F20666F7220736C6F742041
:10968000256420286572726F722030782578292E23
:109690002044656661756C74696E6720746F207311
:1096A000706563696669656420616464726573737B
:1096B000206F6666736574730053746F72616765BB
:1096C000204472697665723A2020202020202020D4
:1096D00020202020204F54412053696D706C65205C
:1096E00053746F7261676520454550524F4D20504D
:1096F0006C7567696E0052656164204D6F646966C0
:109700007920577269746520537570706F72743A5E
:1097100020206E6F00534F4320426F6F746C6F6157
:1097200064696E6720537570706F72743A202020E0
:109730002079657300426F6F746C6F61646572208D
:1097400053746F7261676520537570706F72743AED
:109750002055736520666972737420736C6F740092
:10976000536C6F7420746F207573653A202020202D
:10977000202020202020202020202020256400439D
:10978000757272656E7420446F776E6C6F616420C1
:109790004F66667365743A2020202030782534584F
:1097A0000045424C205374617274204F66667365A5
:1097B000743A2020202020202020202020307825CE
:1097C000345800454550524F4D2053746172743ADD
:1097D0002020202020202020202020202020203079
:1097E0007825345800454550524F4D20456E643A17
:1097F0002020202020202020202020202020202069
:1098000020307825345800496D61676520496E66BF
:109810006F2053746172743A202020202020202071
:10982000202020307825345800536176652052611D
:1098300074652028627974657329202020202020F7
:1098400020202020203078253458004F666673652C
:1098500074206F6620646F776E6C6F6164206F6632
:10986000667365742020203078253458004F666672
:10987000736574206F662045424C206F6666736581
:10988000743A202020202020203078253458004FA2
:109890006666736574206F6620696D616765207305
:1098A000746172743A2020202020203078253458AA
:1098B00000010905010002000000000003455252AA
:1098C0003A202570696E6720257020307825780051
:1098D000636865636B20696E20696E74657276617A
:1098E0006C0049676E6F72696E6720706F6C6C20D8
:1098F000636F6E74726F6C20636C69656E74207731
:109900006974682062696E64696E67496E6465781F
:1099100020256420696E20736561726368206F661C
:10992000205443006C6F6E6720706F6C6C20696E02
:1099300074657276616C0073686F727420706F6CFE
:109940006C20696E74657276616C004552523A20E3
:10995000506F6C6C20636F6E74726F6C20636865FF
:10996000636B20696E206661696C757265202825BD
:1099700064206F6620256429004552523A205472B3
:109980007573742043656E74657220636865636BDC
:1099900020696E206661696C7572652074687265F5
:1099A00073686F6C642072656163686564006C6FD6
:1099B0006E6720706F6C6C20696E74657276616C76
:1099C000206D696E006661737420706F6C6C20741A
:1099D000696D656F75740052583A20466173745012
:1099E0006F6C6C53746F700052583A204368656313
:1099F0006B496E526573706F6E7365203078257891
:109A00002C20307825327800506F6C6C20436F6EBC
:109A100074726F6C3A2074727573742063656E741F
:109A2000657220726573706F6E64696E6720746F03
:109A300020636865636B696E73206166746572206C
:109A400025646661696C75726525730052583A2009
:109A50005365744C6F6E67506F6C6C496E746572B1
:109A600076616C2030782534780077726974005202
:109A7000583A2053657453686F7274506F6C6C4918
:109A80006E74657276616C203078253278002578A6
:109A90003A00657020257820636C75732025327834
:109AA00020617474722025327820737672202563C9
:109AB00000206D666720257800207265706F7274D3
:109AC000206D696E20253278206D617820253278EE
:109AD000207270742D6368672025347800207265C9
:109AE00063656976652066726F6D20253278206522
:109AF000702025782074696D656F75742025327823
:109B000000636C656172696E67206C6173742072AA
:109B100065706F72742074696D65206F6620616C6A
:109B20006C20617474726962757465730074657316
:109B300074696E672074696D696E67206F66207640
:109B40006172696F7573207265706F7274696E6788
:109B5000206F7065726174696F6E73002D2D2D2DED
:109B60002D2D2D2D2D2D2D2D2D2D2D2D2D2D2D2D25
:109B70002D2D2D2D2D2D2D2D2D2D2D2D2D2D2D2D15
:109B80002D2D2D2D2D2D2D2D2D2D2D002D2D7461B7
:109B9000626C65207265616473202D2066756C6C43
:109BA000207461626C652D2D00726573756C742074
:109BB0003D202564206D73002D2D696E6974202F62
:109BC000207363686564756C65207469636B2D2D03
:109BD0002D002D2D6C6F616420636F6E6669677553
:109BE000726174696F6E2064656661756C74732D43
:109BF0002D000000000101002000400000000000D6
:109C00000100FEFF000000000001010021004000F3
:109C1000000000000100FEFF00000000524541442A
:109C20005F5250545F43464700726561645F7265DE
:109C3000706F7274696E675F636F6E666967757265
:109C40006174696F6E005265706F7274696E673A05
:109C5000206661696C656420746F2073656E642092
:109C6000257320726573706F6E73653A20307825A6
:109C700078004552523A2072656164696E672063CC
:109C80006C75737465722030782532782061747435
:109C90007269627574652030782532783A203078A0
:109CA0002578004552523A207265706F7274696E61
:109CB00067206F66204C4F4E4720737472696E6741
:109CC000206174747269627574652074797065209E
:109CD0006E6F7420737570706F727465643A206370
:109CE0006C757374657220307825327820617474D5
:109CF000726962757465203078253278005265701B
:109D00006F7274696E6720456E7472792046756C47
:109D10006C202D206372656174696E67206E6577B3
:109D2000207265706F7274004346475F5250540052
:109D3000202D20646972656374696F6E3A25782CF2
:109D400020617474723A2532780020202074797072
:109D5000653A25782C206D696E3A2532782C206D75
:109D600061783A253278002020206368616E67654B
:109D70003A0020202074696D656F75743A25327839
:109D800000636F6E6669677572655F7265706F728A
:109D900074696E67005374617274696E67207570C0
:109DA000646174652074727573742063656E746584
:109DB00072206C696E6B206B65792070726F6365C1
:109DC000737300557064617465205443204C696E50
:109DD0006B204B657900204E6577206B6579206597
:109DE000737461626C69736865643A0020457272CD
:109DF0006F723A00506172746E65723A20006E6F35
:109E00007420004E4554574F524B5F00257025700B
:109E100055502030782532580054727573742043A1
:109E2000656E7465722045554920686173202573FD
:109E30006368616E6765642E0025702570444F5716
:109E40004E005F4641494C45440025704A4F494EFB
:109E5000257000454D4245525F4E4554574F524B79
:109E60005F4F50454E45443A20256420736563009A
:109E7000454D4245525F4E4554574F524B5F434C00
:109E80004F5345440025703A2025703A20307825FC
:109E900078006469737472696275746564006365DF
:109EA0006E7472616C697A656400466F726D00252C
:109EB00070696E67206F6E2063682025642C2070A7
:109EC000616E4964203078253258004572726F7295
:109ED0003A2044657669636520646F6573206E6F10
:109EE0007420737570706F7274202573206E6574A2
:109EF000776F726B20666F726D6174696F6E004A66
:109F00006F696E00496E76616C6964205365637594
:109F1000726974792050726F66696C653A20307886
:109F2000255800704A6F696E20666F722025642084
:109F30007365633A2030782578004C696D697469DF
:109F40006E67206475726174696F6E206F66207031
:109F500065726D6974206A6F696E2066726F6D201C
:109F6000666F726576657220283235352920746FE8
:109F7000203235340052583A205A444F2C20636F17
:109F80006D6D616E642030782532782C2073746199
:109F90007475733A20307825580053696D706C657C
:109FA0000052583A2025702044657363205265732F
:109FB00070004D61746368002C204D6174636865A6
:109FC000733A2025640044657669636520416E6EAE
:109FD0006F756E63653A2030782532780052583AB2
:109FE000204945454520416464726573732052657C
:109FF00073706F6E73650052583A204163746976CE
:10A000006520455020526573706F6E73652C204338
:10A010006F756E743A202564004E6F6465002C20C5
:10A020004D6174636865733A203078253278005A40
:10A03000444F00534500484100436C75737465728A
:10A0400000476C6F62616C00257074782025782C55
:10A05000200050726F66696C653A202570202830A8
:10A0600078253258292C20436C75737465723A2018
:10A0700030782532582C2025642062797465732C41
:10A0800000205A434C20257020436D642049443AF7
:10A0900020256400FFFFFFFFFFFFFFFF000000001F
:10A0A00000000000000001526573657420696E664F
:10A0B0006F3A203078257820282570290064656C57
:10A0C0006574652062696E64696E673A2025782040
:10A0D000257800080109020A030B040C050D060E81
:10A0E000070F081001180119021A031B041C051D93
:10A0F000061E071F08200121022203230424052530
:10A100000626072708280129022A032B042C052DDF
:10A11000062E072F0830013102380239043A08E0D0
:10A1200004E104E204E802E902EA04F008F11000A4
:10A13000000000000000040540A1030009002B00FE
:10A1400000000000F4A103000D000000400000002A
:10A15000000000000100000090A2030003000000C6
:10A16000400000000000000003000000B4A2030053
:10A170000100020080000000000000000300000059
:10A18000C0A2030002000400400000000000000024
:10A1900006000000D8A203000100020080000000B9
:10A1A0000000000008000000E4A20300010002001B
:10A1B000800000000000000019000000F0A2030071
:10A1C00003000D00800000000000000020000000DF
:10A1D00014A303000600120040000000000000006D
:10A1E000000300005CA303000100020080000000E7
:10A1F0000000000000002001200000000800000016
:10A2000001002001200000000100000002002001E8
:10A2100020000000000000000300200120000000DA
:10A220000100000004004221200000000CA40300F3
:10A2300005004221200000002DA403000600421169
:10A24000200000004EA403000700300120000000A1
:10A25000030000000800300120000000FF000000A3
:10A260000900300120000000FF0000000A00411139
:10A2700020000000000000000B0042412000000010
:10A280000000000000404211200000005FA4030015
:10A29000200020012000000000000000210020011B
:10A2A0002000000000000000FDFF2102200000004F
:10A2B00002000000FDFF210240000000020000003B
:10A2C000000021020100000000000000FDFF21024B
:10A2D0000000000002000000FDFF2102400000001D
:10A2E00002000000FDFF210240000000010000000C
:10A2F0000000F0084000000070A4030001002304E7
:10A300004000000078A40300060030014000000077
:10A310000000000000002304010000007CA40300F2
:10A32000010023040000000080A4030002002102B9
:10A3300000000000020000000300210201000000F4
:10A3400028000000050023040000000084A403008E
:10A35000FDFF21020000000003000000FDFF2102BC
:10A360004000000003000000000000080300000996
:10A37000030000060300010903004001060000017C
:10A3800006000101060002010800000108000101A9
:10A39000080002010800030108000401080005018B
:10A3A0000800060108000701190001011900030156
:10A3B000190006012000000220000008200001080A
:10A3C0000003070100030801000309010300410025
:10A3D00065AD0200030042008BAD02001900810050
:10A3E00055AC00001900840065B600002000410053
:10A3F00015C800002000600029C9000020004200AC
:10A4000051CA0000008000000000000009444959C2
:10A410002D496D6D61780000000000000000000013
:10A42000000000000000000000000000001F545366
:10A43000313030315F54595A4230315F37716638AC
:10A44000317774795F456E68616E636564000832C8
:10A450003032363037323100000000000000000595
:10A46000312E302E300000000000000000000000FF
:10A47000FFFFFFFFFFFFFFFFFFFFFFFF4038000070
:10A48000201C00001400000057524954452045523A
:10A49000523A20002570657020257820636C757312
:10A4A00020253278206174747220253278206E6FF6
:10A4B0007420737570706F72746564002570696EB6
:10A4C00076616C69642064617461207479706500E0
:10A4D000257061747472206E6F7420777269746174
:10A4E000626C650057524954453A206E6F2077726E
:10A4F0006974652C206A75737420612074657374A7
:10A5000000524541443A2061747472696275746501
:10A510002073697A6520746F6F206C6172676520A3
:10A52000666F722063616C6C657200636C6E7400A0
:10A530007372767200525700524F00202052414DE4
:10A5400020200020746F6B656E2000657874657242
:10A550006E2000454E44504F494E542025780063EC
:10A560006C7573202F2073696465202F20617474CB
:10A5700072202F206D666720202F74797065286CFB
:10A58000656E292F207277202F2073746F72616798
:10A5900065202F206461746120287261772900256D
:10A5A0003278202F202570202F20253278202F2050
:10A5B00000202F2025782028257829202F2025707D
:10A5C000202F202570202F2000556E737570706F1E
:10A5D00072746564004F544120524541443A2065ED
:10A5E000703A2578206369643A2532782061747462
:10A5F00069643A253278206D736B3A2578206D6650
:10A60000636F64653A25327800524541443A2063CD
:10A610006C7573202532782C206174747220253279
:10A6200078206661696C6564202578005245414454
:10A630003A20636C7573202532782C206174747213
:10A64000202532782C20646174614C656E3A202597
:10A65000782C204F4B002578200028256329255889
:10A66000255825582558255825582558255800255A
:10A6700070642C2064726F7070696E672065702042
:10A680003078257820636C757320307825327820F7
:10A69000636D6420307825780047656E657261745B
:10A6A0006564005265636569766564004469736337
:10A6B0006F76657220436F6D6D616E647320726595
:10A6C00073706F6E73652028636F6D706C65746551
:10A6D0003A202563292C202573204944733A200011
:10A6E000307825582000524541445F41545452006F
:10A6F00057524954453A20636C75732025327820AF
:10A70000617474722025327820004641494C20251E
:10A71000780057524954453A20746F6F2073686F20
:10A72000727400444953435F4154545200257025CC
:10A73000703A20636C757320253278005F45585459
:10A740000053766320446973633A20002570576193
:10A750006974696E672025642073656320666F7273
:10A7600020646973636F7665727920746F20636FFC
:10A770006D706C65746500537461746520636F72ED
:10A78000726573706F6E64696E6720746F20746891
:10A7900065207468652072657175657374206E6FCD
:10A7A0007420666F756E640A002570636F6D706C3F
:10A7B0006574652E0A00257053657276696365209D
:10A7C000446973636F766572792053746174652090
:10A7D0006C696D69747320726561636865640A00F1
:10A7E0002570496C6C6567616C2062726F6164638F
:10A7F00061737420616464726573732C2072656D7B
:10A80000617070696E6720746F2076616C69642076
:10A810006F6E652E0025704661696C656420746FEB
:10A820002073656E64206D6174636820646973636E
:10A830006F766572793A20307825780025705374E8
:10A84000617274696E6720646973636F766572798B
:10A8500020666F7220636C75737465722030782582
:10A8600032780025704661696C656420746F2073CE
:10A87000656E642049454545206164647265737363
:10A8800020726571756573743A20307825780025DB
:10A89000704661696C656420746F2073656E642016
:10A8A0004E574B20616464726573732072657175D5
:10A8B0006573743A2030782578004572726F723A69
:10A8C000202570206261642073696D706C6520645E
:10A8D000657363726970746F72206C656E677468FB
:10A8E0002E0025704D65737361676520746F6F204E
:10A8F00073686F72740025704D65737361676520AE
:10A90000746F6F2073686F727420666F72206E753B
:10A910006D2E20656E64706F696E74730025704DC6
:10A9200061746368257020666F756E642066726F4F
:10A930006D2030782532782E004572726F723A2081
:10A94000257020696E76616C6964206C656E677431
:10A95000682028256420213D2025642920666F7207
:10A960002041637469766520456E64706F696E740A
:10A9700020726573706F6E7365002570676F742049
:10A9800061637469766520455020726573706F6EDF
:10A990007365005554432074696D653A2025642F12
:10A9A00025642F25642025643A25643A25642028EF
:10A9B00025347829001F1C1F1E1F1E1F1F1E1F1E4F
:10A9C0001F28556E6B6E6F776E20636C75732E202B
:10A9D0005B30782532785D29000D0A542534783AA9
:10A9E000005258206C656E2025642C20657020254F
:10A9F000782C20636C757320307825327820002005
:10AA00006D6667496420253278002046432025780A
:10AA10002073657120257820636D6420257820706F
:10AA200061796C6F61645B0007021F012F003701C1
:10AA30003F005701DF02E700FF02000000000000B6
:10AA40000000000000000000000000000000000006
:10AA50000000000000000000000000004261736977
:10AA60006300436F6C6F7220436F6E74726F6C0083
:10AA70004964656E74696679004C6576656C20433F
:10AA80006F6E74726F6C004F6E2F6F6666004F763C
:10AA90006572207468652041697220426F6F746C22
:10AAA0006F6164696E6700506F6C6C20436F6E74E9
:10AAB000726F6C00506F77657220436F6E666967C6
:10AAC00075726174696F6E00000000005CAA03007B
:10AAD0000003000062AA03000300000070AA030044
:10AAE0000800000079AA03000600000087AA0300FE
:10AAF000190000008EAA030020000000A7AA03008E
:10AB000001000000B4AA0300FFFF000000000000E5
:10AB10002570525820706B7420746F6F2073686FAB
:10AB200072743A202564203C202564002570525818
:10AB300020706B74206D616C666F726D65643A2075
:10AB40002564203C2025640060090000008000008E
:10AB500000000000000000433A2F55736572732F08
:10AB60006B756B756C2F53696D706C696369747963
:10AB700053747564696F2F53444B732F6765636B10
:10AB80006F5F73646B2F70726F746F636F6C2F7A6B
:10AB900069676265652F737461636B2F7365637595
:10ABA000726974792F7A69676265652D736563755B
:10ABB000726974792D6D616E616765722D6E6F2D8E
:10ABC0007661756C742E630000004572726F723A84
:10ABD00020204661696C656420746F207265616431
:10ABE0002066726F6D20454550524F4D2061742094
:10ABF00030782534582C207374617475733A20258D
:10AC00006400454550524F4D20496E697469616C2E
:10AC1000697A65643A20256300454550524F4D20BE
:10AC2000427573793A202563005061727469616CD2
:10AC300020576F72642053746F7261676520436F91
:10AC4000756E743A20256400416464726573733ACA
:10AC50002030782534582C205061727469616C2042
:10AC6000576F72643A203078255800636F6E6669BA
:10AC7000726D656400617373756D6564000A4545A6
:10AC800050524F4D20496E666F004E6F74206176B2
:10AC900061696C61626C6520286F6C64657220620A
:10ACA0006F6F746C6F6164657229005061727420FB
:10ACB0004465736372697074696F6E3A2020202056
:10ACC0002020202020202573004361706162696C80
:10ACD00069746965733A20202020202020202020DC
:10ACE00020202020307825325800506167652045AB
:10ACF000726173652074696D65202873293A20207C
:10AD000020202020256400506172742045726173F8
:10AD1000652074696D65202873293A202020202041
:10AD2000202564005061727420457261736520743F
:10AD3000696D6520286D73293A2020202020202568
:10AD40006400506167652073697A652028627974B0
:10AD50006573293A202020202020202020256C0007
:10AD6000506172742073697A652028627974657302
:10AD7000293A202020202020202020256C00576FF9
:10AD800072642073697A6520286279746573293A40
:10AD90002020202020202020202564202825702904
:10ADA00000454550524F4D20696E69743A20307805
:10ADB000255800433A2F55736572732F6B756B7569
:10ADC0006C2F53696D706C69636974795374756421
:10ADD000696F2F53444B732F6765636B6F5F7364A9
:10ADE0006B2F7574696C2F706C7567696E2F706C42
:10ADF0007567696E2D636F6D6D6F6E2F656570720F
:10AE00006F6D2F656570726F6D2E6300FFFFFFFF22
:10AE1000FF00000000000000556E61626C65207448
:10AE20006F20626F6F7420696D61676520617420A7
:10AE3000736C6F7420256C640A00536C6F74204D22
:10AE4000616E61676572206661696C656420746F0C
:10AE500020657261736520736C6F740A004D6178B0
:10AE60002072656164206C696D697420736574205B
:10AE7000746F2025642062797465730A00416464EC
:10AE80007265737320202020202020202020446120
:10AE900074610A00307825346C782020202020202E
:10AEA00020307825780A004661696C656420746FEB
:10AEB00020726561642066726F6D20666C617368D4
:10AEC0000A00536C6F7420256C640A20204164646E
:10AED0007265737320202020203A20307825346C4E
:10AEE000580A20204C656E6774682020202020209E
:10AEF0003A20307825346C582028256C64206279FB
:10AF0000746573290A002020547970652020202060
:10AF1000202020203A20004E6F2047424C207072A3
:10AF20006573656E740A005A69674265650A005464
:10AF300068726561640A00436F6E6E6563740A002F
:10AF4000426C7565746F6F74680A00426C75657445
:10AF50006F6F7468206170706C69636174696F6E83
:10AF60000A004D43550A004F7468657220283078F6
:10AF7000256C58290A00202056657273696F6E206F
:10AF8000202020203A203078256C580A00202043C9
:10AF900061706162696C69746965733A2030782503
:10AFA000346C580A00202050726F64756374204915
:10AFB0004420203A2000536C6F74204D616E61670D
:10AFC00065723A206661696C656420746F20696EF1
:10AFD000697469616C697A6520626F6F746C6F6106
:10AFE00064657220286572726F722030782534781B
:10AFF000290A0056657273696F6E20202020203A5E
:10B000002025640A00506172742020202020202016
:10B01000203A2025730A004361706162696C69748B
:10B020006965733A20307825780A0050617274207F
:10B0300073697A652020203A20256420420A005056
:10B040006167652073697A652020203A2025642095
:10B05000420A00576F72642073697A652020203A93
:10B0600020256420420A00536C6F74732020202036
:10B070002020203A2025640A004661696C6564201E
:10B08000746F20726561642066726F6D2073746FD7
:10B090007261676520666C61736820286572726FE3
:10B0A00072202564290A00496E76616C69642073F8
:10B0B0006C6F7420256420286D617820736C6F7428
:10B0C000202564290A004661696C656420746F203C
:10B0D00067657420696E666F20666F7220736C6F8F
:10B0E000742025640A00536C6F74204D616E616793
:10B0F00065723A20736C6F7420777269746520668C
:10B1000061696C7572652E20416464726573732089
:10B110006F66667365742028256429202B2077725A
:10B12000697465206C656E67746820282564292021
:10B1300067726561746572207468616E20746F74E3
:10B14000616C20736C6F74206C656E677468202866
:10B150002564290A00536C6F74204D616E61676528
:10B1600072207761726E696E673A20736C6F74201B
:10B170002564206C656E6774682028256429206E1C
:10B180006F7420616C69676E656420746F207061F4
:10B1900067652073697A6520282564292E20546804
:10B1A0006520656E7469726520736C6F74207769B1
:10B1B0006C6C206E6F7420626520657261736564CB
:10B1C0002E0A0045726173656420256420627974DB
:10B1D000657320696E20736C6F742025640A0053B8
:10B1E0006C6F74204D616E616765723A20666169AB
:10B1F0006C656420746F206572617365202564201E
:10B20000627974657320696E20736C6F7420256495
:10B210002061742061646472657373203078253412
:10B220007820286572726F722030782578290A009C
:10B230004661696C656420746F2073657420736C5B
:10B240006F7420746F20626F6F7420286572726F44
:10B2500072203078253478290A004661696C65646B
:10B2600020746F20736574206C697374206F66207E
:10B27000736C6F747320746F20626F6F7420286515
:10B2800072726F72203078253478290A004661691D
:10B290006C656420746F20676574206E6577206C20
:10B2A000697374206F6620736C6F747320746F20E1
:10B2B000626F6F7420286572726F72203078253447
:10B2C00078290A00426567696E6E696E6720696D4C
:10B2D00061676520766572696669636174696F6E1E
:10B2E0002E2E2E002E6661696C6564212028457221
:10B2F000726F72203078253478290A002E706173BD
:10B300007365642120426F6F74696E6720736C6F80
:10B31000742025640A00666E692B00666E69006EF3
:10B32000616E00666E692D00000000000000F03FB5
:10B330000000000000002440000000000000594010
:10B340000000000000408F40000000000088C34063
:10B3500000000000006AF8400000000080842E41D8
:10B3600000000000D01263410000000084D7974124
:10B370000000000065CDCD415465726D696E616C51
:10B380000000000000000054545220524547474539
:10B39000530002020300000000000000480100000A
:10B3A000901F00200000020800000000FFFFFFFFC8
:10B3B000FFFFFFFFFFFFFFFF000000000000000095
:10B3C000000000000000000000000000000000007D
:10B3D0005241494C00000000A000000089480100D3
:10B3E0005000000069490100FA04FA000033330AF2
:10B3F0000A0A03040408080808080840002100009D
:10B400000000000000000000000000010000010139
:10B410000001010100000000000000009E07000084
:10B4200048700C0E4470980D3070DC123C70DC16C5
:10B430003870F40D34701A0E30706A0F2C706A0F69
:10B440002870541124706C112070FE0D1C70F811BE
:10B4500018706A121470FA0DB110076001D80A71E1
:10B4600008B87F78020C7E78641000C6A01F002107
:10B470008CB8707801B007680F305CB30F330111DE
:10B48000C048069846022FB006D80C7109DD087135
:10B4900000B853A809BB111007680168214807606C
:10B4A00004100112FF3221500760514807600088E4
:10B4B0000698861300C43C1F002103DD087214BAED
:10B4C000281400A000BA03DF107109DF0672029889
:10B4D000E8058CB8507800A0441328144115811059
:10B4E000076002D8147110880698F81B00C00C7011
:10B4F00008400698521E009106985C020060B83021
:10B5000020D8067190BC637C084D5412F03240DEA6
:10B510000472404804DB08720DDD0C72044BEF30FE
:10B52000144806989E0700C4E010084044120762C1
:10B5300001322140084C287C811140D91C72B11283
:10B540003032CF4A013AB1DA107208D8067104D805
:10B550000871B04C237C3E70684C4412FF32872245
:10B56000047580B8D84C81D8307140D90472237CDE
:10B57000084B06989E0704BA88B9767900C118600E
:10B5800008403579E049007906B904A901D86C7200
:10B59000BC4C307C02982E0208D83C7100C14C0093
:10B5A0000840141110D93071104C00C1140008402B
:10B5B00014111814076100C5206008405415FF35A8
:10B5C000047110491814A84C441207620132067124
:10B5D00002981201B84C08D80C7107BA24D804712B
:10B5E00006BA187004D80C7101BA40D80E7102BAAC
:10B5F0000A7005BA20D8047203BA604C4411404C5A
:10B60000181407611814911138311142911107690A
:10B6100010D90472EF3200C10060084014111031DB
:10B62000016911422814A111076118140698381EE7
:10B63000181400C10060084014110769FF31181484
:10B6400000C13C30084014111814076118143088E8
:10B65000024806984806009308DB047101F800A030
:10B660005CB00F3000A01088B111076980D90A7151
:10B6700000C1800008400811009100A000C4000132
:10B680000840441000A000C020300E4004110410F7
:10B690001050F47200A05415504512710698A80776
:10B6A0000698380718B8707800B8417806983C03B7
:10B6B00090BA5B7A5C7A5D7A00C218500840241216
:10B6C00000C14C1F002128110698021C2088008808
:10B6D00000C5401F002154155112FF350762FF328B
:10B6E00006986602015951290475115900902129C3
:10B6F00020750698FA0406982A050698F602009224
:10B7000003D80C728111076102D90472FF0FBA705D
:10B7100018B8727800F804D842710088308800C0E8
:10B72000FC1F0021041000C14C1F00211412012A2B
:10B73000215A00C3185008403413312A1A7500C02A
:10B740000060084004100730FE200C76381108B85D
:10B750007F78020C7E780093009000A000C0F41F58
:10B760000021041000BB1DB400A000C1DC1F00219B
:10B7700014111088FF3100C5FFFF0000311207626D
:10B780000762513A513B0E720698140D115901127D
:10B7900001131E703114008831100698140D1159D0
:10B7A000415C41280698160D513801130090012B79
:10B7B00000902088076001140760FF30215D41126E
:10B7C00007620762312D0876FF34415C4128015D34
:10B7D00031100698160DFF303088011300C0E01FAD
:10B7E00000210410512B0C76076801150768FF35FE
:10B7F0006070315BFF32212B0C750760011507600B
:10B80000FF354E7000C5E41F00215415076507651C
:10B810005112FF35FF30012B08752110076032707F
:10B8200021100768FF30012B0A752110076007609F
:10B83000207000C2E81F0021241221100760076059
:10B84000FF30012B08752110076806702110076072
:10B85000FF300093009200C10060084014142C498E
:10B860000734FE242A761415F0BC076C513C076897
:10B8700003680154107100C4FF0FFFFF513C0144E5
:10B880004811311200C5E81F00215415FF35076229
:10B8900007622143544914122155FF355152281192
:10B8A00000A000DF0672011314703111312B112B2F
:10B8B000016300C1FF070000113B012B00C278FEAD
:10B8C000FFFF05B86EBD312A207505B8C8BDE82256
:10B8D0001875DCBD06B8DC22107507B8F0220A75B1
:10B8E00008B8E822047509B800C1006008401412C5
:10B8F0002C490732FE2216760768036800C2FF0F44
:10B90000FFFF1414213C0144481150BD5449141246
:10B910002155FF355152281100A001D82C71008803
:10B9200000C00470084004108020FF301A7100C16C
:10B93000B01E00211411076120D9087106988204F5
:10B94000067006984A03009000A002D8047200A076
:10B950000088069838071DB428B9112C408800C308
:10B96000EC1F0021341440445A7144130698A80572
:10B97000411500C00060084004100730FD204475E8
:10B9800000C20870084024100760FF3080DC34716A
:10B990000698500D01591C4A241007600260FF30C0
:10B9A0000698500D0158B220012954133110069801
:10B9B000500D11280A75042554155045EE7206984D
:10B9C000A8050094009000A07FB9066100C01C602B
:10B9D000084006988C1304155153113B31555810EB
:10B9E00002988613EBBD00C03C1F00210411113DDD
:10B9F00010D91271FF33076B00C19040084638110F
:10BA000018B97479581000A006985C028024E424C8
:10BA10000D300472044800C11C510840141100C3C9
:10BA2000D81E0021911504351A72181388BB08D846
:10BA300004716C7B04D804716A7B8CBB2F7C5B7BAC
:10BA40001670044B181388BB08D804716F7B04D898
:10BA500004716D7B217C0C300160069824070698E8
:10BA60000A0C0698D40700B8B111076940D90672CC
:10BA70000298080701BC00C20060084000DC0A719F
:10BA800024150165604A0A701C4A241507657C4A22
:10BA9000043508D920712024512A241200C18000C5
:10BAA0000840320C2811076228110762281107622A
:10BAB0002811500C00C1341F0021141200DC347115
:10BAC00020D8067101B80C70F0DA0C720CDB08712A
:10BAD00002B806982C07482400C33061084034138C
:10BAE000076380DB0E7102B9911308DB047203B99E
:10BAF00006700C49141100C380000840FFB80120F3
:10BB000011410871014118130824014200C12000AD
:10BB1000084014110141036D514191152035016D0B
:10BB2000514118132813481300C37C0008403410F7
:10BB300003D80C71073005DC0671084B227B8CB8EA
:10BB4000507800B800C1341F00211412036821503E
:10BB5000F0300152281100A04024066400C0FFFF0D
:10BB60000100013C1DB002200158402806751EACA2
:10BB700001EC00A0208800C01850084004121DB439
:10BB8000211304123052F871066C402400C3741F54
:10BB90000021341014110698800D06690092115985
:10BBA0002129067600BB11590698380D80B8015836
:10BBB000013A0662313B0472215A412A00A000C2B8
:10BBC00000010840317A00A0308880B9076900C3BD
:10BBD0000000C0FF3110312800BC002D0C7511543D
:10BBE0001EAC01EC312DF470066C51134155312C13
:10BBF000009300A000C028400E400413315107619B
:10BC00000C3107691153381000A00698EC0800C0E9
:10BC1000F41F002104110698D407217A237A00C367
:10BC2000000010000698140800C0541F00211DB128
:10BC3000181000A000C0501F00211DB1181000C036
:10BC40009C1F00210410002D067500B826A8069838
:10BC5000A80700C09C1F00210410012C067506983F
:10BC6000380728B010B9115911380EB9114028A859
:10BC700080B800C144300840081100C1F01F002105
:10BC80001410303B06710760076000C4083008409C
:10BC900044111150FF30015118146FB8076826A8DD
:10BCA000217A050C21102048267800C063EF00009F
:10BCB000314026A8050C20ECB11140D90872247A35
:10BCC00020EC217A184826A828B00AB901510F3172
:10BCD000115028A8050C207A20EC0F0C98B8467853
:10BCE00041780698660200C2401F002124100151CD
:10BCF000FF311150081200A00698EC0800B826A8E1
:10BD000000C0581F00211DB1181000A030B84078A5
:10BD10000DB101D9FC72427800C074300E4004119C
:10BD20004CBA407A1810144804115C7A1810A4BB5D
:10BD3000707B4E7B4F7B00C20430084000A0069809
:10BD4000EC08217A227A00BB0698140800C0641F10
:10BD500000211DB11810A4BB00C040300E400411DA
:10BD6000033101492872B112076207623048041199
:10BD700021510F3118726E7B6F7B104804114CBA41
:10BD80007C7A181014480411607A1810B11002D887
:10BD90001071707B30B8627860780DB001D8FC719A
:10BDA00000C0F8600840041101D90C7100C01800EF
:10BDB000084002B9181008B86E780EB84EB110D904
:10BDC0000C723EA8140C0FB83EA8107044A8140CB6
:10BDD00001B800C1AC300E40081100C077801F00D0
:10BDE0003DB201423DAA00C0FFFFFFFC013A3DAA5F
:10BDF000140C00C077E01F0001423DAAFFB84520A7
:10BE00007D7808B87E7800C124600840141107616D
:10BE10000631087100B90698D21006988C13B1113A
:10BE200001D90E7106985E1E02D906720698500C52
:10BE300006988613511406983807F4B845780A0C0A
:10BE400000C0601F00211DB118100298AC10FFB88F
:10BE500045205D7803B8076044A83EA800C1AC3017
:10BE60000E40081110B807683DB101393DA908B866
:10BE70006F7800A046A800C0FFFF0000013B0763E9
:10BE800056AB94BA437A01D91471013C47B300C050
:10BE9000FE20FFFF013B314447AC637AFFB821200D
:10BEA000407802D90471607800A0C8BC066C415C7F
:10BEB000512C06750698380706982E0EB1100768A3
:10BEC00005D8347140BA06985C1308B865789110AB
:10BED00004D8187188B86E78577800C0640008409C
:10BEE00021780698FA1001400A728CB842780698B8
:10BEF00098130298E20B08B86C7820B859785B78F0
:10BF000000C0F44008407878797800C1C81F00214B
:10BF1000141040A8184914130449408814140C49FB
:10BF200014118112076A006A01DA187188B857780B
:10BF300000C0CC1F00210410016107630763076480
:10BF400007640698540A00944EB010D842724DB15E
:10BF500061B80158113840B102D90A72604804BB77
:10BF600041540870204802BB02BC4DA8F8B8707854
:10BF7000190C3EB141413EA9F4B9737973787178D7
:10BF800000C4F840084000C200410840227000C2CE
:10BF90000000010044AA230C00C200000B0044AAC8
:10BFA00000C41041084000C21841084004BB587C3E
:10BFB000050C597C0C240F0C2FAB050CB11008D8C4
:10BFC0001471647A657A1CB879787B7820B87978AE
:10BFD0007B78607CF424411306989E0751144044FA
:10BFE000067506983807727BFFB84D20050C6878F7
:10BFF00040EC00C05C1F00211DB11810911004D846
:10C00000147100C0B01E0021041080D806711CB845
:10C01000737800F818B800C1D41E002100C218506F
:10C02000084024122811777800F800C0B860084052
:10C0300004110761076180D9047240EC00C4F84024
:10C0400008404EB010D80471182441130C23527CC0
:10C05000407B11512FA9050C797C0A0C00C000000F
:10C0600001020814787C050C507C08B86D7800A09B
:10C0700000C0287008400411108800C1001800405A
:10C08000181044480411108878480411108800885A
:10C090004CBA757A18103DB11088F4B84278442033
:10C0A000727828487378F8B873784FB200C4FFFFED
:10C0B0008080413A4FAA01BC01644113076300C06C
:10C0C0006C70084003B918100110011001B9181064
:10C0D000011001100110011068480411076101B836
:10C0E0000160003A0471044904D9047241520760A6
:10C0F000003A0471084908D9047231520460003BC7
:10C100000E7200630064314241424FAAB2704FAADE
:10C11000F8B85378182053782848527800913DA9F0
:10C120000090009118100091784818100091444830
:10C13000181000A0115910D906710760076008D9BE
:10C140000471076004D90471036002D904710160AD
:10C1500001D90471006000A000BA01D8067101483D
:10C16000112A0069006001D8F6720138F67200A049
:10C170008020FF30FF48812000A002EC00CA02ECC2
:10C1800000C8076A014202EC00C8076A014202ECDB
:10C1900000C8076A014200A000C2185008402412DB
:10C1A00011592129127300210E7100C2305008402C
:10C1B00024120121212900A00698EC0888B857789C
:10C1C00000C57C1F00215088044D88BC00C0BC1EE7
:10C1D0000021811101D91E71407C009501157C4D13
:10C1E0005088044DFFBB076B315B04110698780D36
:10C1F0003129F87506984C1D541506985E1E01D914
:10C20000087206981E0906700698800988BB547B40
:10C21000009500F806982E0A0E7006980A0C0698EB
:10C220002E0A0698D8110698D8089112211900C034
:10C23000246008400A78097800F810B901BA069815
:10C2400052130698AC1000C57C1F002100F8911213
:10C25000033288B900C3B01E0021341300C4A810F3
:10C2600008408CB84278707903DE067144786E70AD
:10C270007179A11020D806710298760F80DB507179
:10C2800002D84C7205B830880763076302DB2A7155
:10C2900000C3AC0008403413066380DB047280489E
:10C2A00000C3102008403413315B04724048312829
:10C2B000312802600814076800930814A110103098
:10C2C0000248081400B808149110076008148CB8CC
:10C2D0006278A11000DC0676517900BA80DB3A71F1
:10C2E00000C000000200003B30715088411034480B
:10C2F00003DE04719048041508200411F82058103A
:10C300001C20217800C0A40008400E7810D90472C7
:10C310002E780698A216009591112031026991108D
:10C3200004D80E7200C1481F0021141101D90A71EE
:10C3300020880698D210009200C1180008400533EA
:10C34000054B1872184C03DE0471904C441400C362
:10C35000FF1F0000413BFF233811B84900C3306183
:10C3600008403413076380DB0E7103BA076A06982E
:10C370005E0F00BA0870076A06985E0F04490879D4
:10C38000097914102140081100A000BD0698400250
:10C3900010B903DC047100B901BA0698521302D92E
:10C3A000067100404E7201B107690F310698FA100C
:10C3B000FFD82872811008D8187106DD0A71069816
:10C3C000400203DC0C7206984011069898130C701A
:10C3D00006DD107106984611487020B802A806DDE7
:10C3E000107206982E0A0698D80801F840B802A8DC
:10C3F00000F800C0B01E00210413076301DB2271A6
:10C4000091100111076911388CB910D8087144795D
:10C410000298760F02DBFA72A11328DBF47203BDD7
:10C420000698A01006982E0A8CBA7F7A06989E0766
:10C4300000C5801F00210698400200BA03DC4A7242
:10C44000044DA11002D804710C4D00C01400084026
:10C450000410026800C3701F00213411112800C1AC
:10C46000306108401411076180D90C71911108D90D
:10C470000671FC230C4DFC2334110698380D00C1C5
:10C480000C510840069854075415212D00C0F8603F
:10C490000840041101D9227100C0381F0021041086
:10C4A000033001DC147200C0140008400411FB21A9
:10C4B000087607BA076A212D0698EA0702988A0AC1
:10C4C0009110015503355150011900A000C1441FBE
:10C4D0000021141001D8427101480760FE200E753A
:10C4E000811020D8087100C1481F0021141101D902
:10C4F000287100C0246008400412215107610F31E7
:10C5000007691152281000C0006008400411911200
:10C51000215120311152211900A0811380DB0672B4
:10C5200001B800A000C30C5008403410063030722F
:10C530007C4B34122C4B3410076007604030207263
:10C54000811080D8DC713410014A076203608030AA
:10C5500021508C480A717F2355233410013000A0EC
:10C5600000BD0698A01088B847784578437800B891
:10C57000447800A006982E0A0698401100C58C1F2A
:10C58000002154150698EA0702988A0A00C374002D
:10C590000840027B06988C1350BA06985C130698E4
:10C5A000FA10FFD84A71911004D8487281100760C0
:10C5B0001CD8407220D938721112FF3221513471C7
:10C5C00080218021111400C0E01E00210413FFBA55
:10C5D0003151113A215111538CB938107B794044B3
:10C5E0000E7200B900C2B81E00211812067008B8F9
:10C5F00060780698861300F800B900C29C100840C5
:10C600001812244A0AB9181288BA507A517A577AFD
:10C610008CB942795F7900A00698400207DC10725D
:10C62000911000200A750698D8110298260E0698D7
:10C63000D80801B9911004D8047100B910BA06984D
:10C64000521300BA00402A7100C0B01E002104112C
:10C65000076101D9127104D9E2728110076001D813
:10C66000DA718CB8647800C11C51084006985407F0
:10C670000698D81100C5901F00215415212D069849
:10C680001E0900C5941F002100F800BC811108D9C3
:10C69000167280D9207201B910BA06985213004060
:10C6A0000E7101BC1070069840110698981320B8BE
:10C6B00002A800F80698D81181110231127100B950
:10C6C00000C20C1008401812244A02B91812069829
:10C6D000401100C5981F002154150698D61D0298D8
:10C6E0008A0A04110121147188BA737A0420041291
:10C6F0002811042004110121F47200A006989E075D
:10C7000001F8911010D8347106983C030698FA0489
:10C7100006982A0500C51C51084054110698780D4A
:10C7200000C5D01E002154155129E27518B876783D
:10C730008CB8447801B802A800F8B110076810D886
:10C740002E7100C04810084000C30000084031149A
:10C75000884C44113411076101D9FA714412281030
:10C76000076228100762281007622810E8700298F4
:10C77000760206985C0211380472016A00BB00C19F
:10C78000E01E0021141120390C72911210DA067289
:10C79000417B00A006988C1300C2B01E0021241219
:10C7A00020DA0472617B88BA527A00A088BA727A61
:10C7B000811204DAFC7200A088B86B78577800C048
:10C7C000640008402F7800A00698E610076307630E
:10C7D00090B9637900B902DB227102EC00C909B893
:10C7E00001D9507200C2AC0008400E7A10D9047210
:10C7F0002E7A0698A216E031076102EC00CD1145B1
:10C8000002EC00CC01DB087100BB0298001803B8F1
:10C8100041110731FA211C760621911210DA0871B4
:10C8200002DD10721E7020B80698140D3038147294
:10C8300008B80698240700C024000840297820780A
:10C8400000F8046020D8067102985A1502EC00CA5C
:10C8500005B823DA187104DBDA7120DAD67110DA40
:10C86000D27290B8617800B801DA067202EC00C8A2
:10C87000911110D9267100C1C01E00211411115050
:10C88000FF300C720661A110115002300A7180DB7A
:10C890000A720AB89E708CB97C79076891111140B0
:10C8A0002111C0311140011990B8411108D904710A
:10C8B000667820D904726578A11002D80672C0DAB1
:10C8C0001E7190B8273123DD087210DB107260787A
:10C8D00025DD0A7121DD087208DB0471627803B876
:10C8E000411107310872A1152035AA7102DD32729B
:10C8F000A11120D9A07102D92872CCDA9872411105
:10C9000040D9927206B802DB1071046500C1102094
:10C9100008401411112D112D054D5C720298E81379
:10C9200021114049C0D94E71A031411540350165F2
:10C9300051410361076308DA1E7204DA3872104944
:10C94000A1150235067110DB0E7201340A7108DB85
:10C95000247190B86778CC3211101A300ADC087252
:10C96000CCDE0471FD3100C00D0F0C0D0698160DC4
:10C9700001D8607207B80298121400BA411108D9A0
:10C980000C7102EC00CA05B830DAEC720734F031F1
:10C99000026101DA0471014900C0F300A3E30698C3
:10C9A000160D01D8D07100C0981440680698160D75
:10C9B0004030014440DA0471204C04320162204AC4
:10C9C00011100630006801421831026911420298C4
:10C9D0003014204A00C0051708500698160D113073
:10C9E00001422088FFBB0DDA507100C1DE1B25011A
:10C9F00080BC04DA107208DA0A7200C120841000C8
:10CA0000E024A02407634143016401DA06711E4952
:10CA1000024B00C0281F002107633810BC2002DA37
:10CA2000127101B91159A11380DB087100C100FC1A
:10CA3000FF01181002988C1700C4B01E002144108A
:10CA400080D87C710092D0DA06710DDA0C7190BD3D
:10CA5000437DEFBD0698C60503620DDA8672A1110B
:10CA600005D95C7100C23810084024120C24281427
:10CA700001D9067202D9327140D91E7102EC00CA86
:10CA8000211018320471FA2220D804720822FE22E2
:10CA9000087502EC00C8F87001D90E7102EC00C8EC
:10CAA00002D9067204DC187200C0B01E0021041006
:10CAB000026801D8067190B8647818B87378029843
:10CAC000001800C50020084000C00417000008D965
:10CAD00004720A480815104D00B808D90472FF20E6
:10CAE0000815084D00C00884000008D9087200C06D
:10CAF0002083B8ED0815104D207D00A000B8011A64
:10CB000000C074000840027891101030011905BA75
:10CB100006985C1302D9067101B802A800C0B01EC5
:10CB20000021041380DB06710298A81340DB067114
:10CB3000029840198CBA7C7A01DB6C7100C22C1F00
:10CB4000002124111114FF3402EC00C8FF24FA76EE
:10CB500007610698240D036111380F300361111429
:10CB6000011141100698240D01D8087203B80298EB
:10CB700012141C4A02DB24712410112811280412FB
:10CB8000023006710762076200C0FFFF0000213813
:10CB900000C218000840FF200812411007600698E4
:10CBA000240D01D87C7120BC1033767100BB00C10C
:10CBB000281F00211415C021112C5112076A0F32B1
:10CBC0000E71408851140698561841430094511232
:10CBD0000765036A0F320E714111511406985618F9
:10CBE000036C41430765513B00C1E41E0021141151
:10CBF000111231100F30127100BA046101D80471A2
:10CC0000114200600FD8F472311002601E300472BD
:10CC100001B8003A087204B8029812140298181663
:10CC200000C1306108401411076180D91A7102EC0B
:10CC30001DB002EC1DB101581128A0B911591128DD
:10CC400006758CBA637A00C0341F002104110F31BD
:10CC500003DD1A7200C000600840041007D80E728D
:10CC600000C01040084004B9181000F80698E610FB
:10CC70000698C40500F830885088FF34087102EC2B
:10CC8000FF24F87002EC00CD141001BB5150FFD806
:10CC9000047131440760006B10DBF2710421FF2244
:10CCA000E4720F4C0095009300A000C0186008408B
:10CCB00004100560073000A00CB802983C1902EC83
:10CCC00000CAFFBC80BD06988A180448187202EC9E
:10CCD00000C92115F03500650F32076A114200C402
:10CCE000FF0F000000C1C01E0021141031110113FC
:10CCF000413B02EC10D90871211400CA2C7030524B
:10CD000006714052B472211407600760FF3055DC91
:10CD1000187100CA005212710ADE0E714ADE0A71E1
:10CD200055DE06713052927200C1C41E0021108877
:10CD30000698381E0731114507650765414500C350
:10CD40000C70084034130763FF33076331450091CB
:10CD500058110849281118B875780BB802981214A0
:10CD60000763076302EC00CA02DB127155DE06722C
:10CD700002989E1854DE067202989E1801DB12710A
:10CD800006985E0D06985A0D02EC00CA029800182B
:10CD900000C1BC1E002114147C4906985E0D40524F
:10CDA0002E7204DBE07190B8637806988A18044804
:10CDB0006E7200BA06985E0D2113141000C1FF0FA9
:10CDC0000000113A105254710152113A067104B820
:10CDD0008C7000BA06985E0D2111FF3207611114A4
:10CDE000911010D82271073103DD1C7200C1C81EDA
:10CDF00000211411FF31115206710AB8D4708CB998
:10CE00007C79029800184110813081DC0E72076A2B
:10CE1000034A076A0F4A06981A1B02980018141052
:10CE2000FFBC013C0698C01B02EC00CA02EC00C922
:10CE300002EC00CB076A3142076A21410F3302EC52
:10CE400000CD02EC00CA00400872211302EC00CAB7
:10CE500007621142911110D92A7121110F3103DD9E
:10CE6000227200C1C81E00211411FF31076A00237D
:10CE70000C71115308710AB80298B0198CB97C79F9
:10CE8000147021110F31076A02DD5A7101DD06713C
:10CE900003DD4A7200880AB90698041B009021112C
:10CEA000FF32FFDE387120543872FC25187202EC14
:10CEB00000CA01DE107202EC00CA18DE087288B8DF
:10CEC00077781A70066100400472006180D90E7193
:10CED0004CBA477A06985C1B90B8437802980018C1
:10CEE00004B89670FF32FF24F8750BB90698041B3E
:10CEF0002110E03001584128E875F83002601F32F7
:10CF0000215A0125212DDA75012AD67602EC00CAB4
:10CF1000FF20FA764111073101B80698140D003A46
:10CF2000C071BA70004008710698941B0470022109
:10CF300006B81159112DAC7500A000C5A810084005
:10CF400031100360081501110760076007690F3091
:10CF5000F03111400815076303633815281507627F
:10CF60002815076228157FBA281500BA28157FBA38
:10CF7000281590B8437818B8737800A00698D01B8D
:10CF800011140CB900400A7100640AB90698941B88
:10CF900003BD514400C5A8100840202A0475281577
:10CFA00048150764481518150040047238150764C1
:10CFB000481500A00088408800C0C81E0021041049
:10CFC0000760073000C4200008404414412C04725C
:10CFD000012441384050047201210094009000A0C7
:10CFE00000C0C81E0021041007600730074800A0D9
:10CFF00000C2C01E002124122114076AFF320CDE79
:10D0000012710DDE0E710FDE0A7110DE0671215AEB
:10D0100000A0FF34411200A000C1B41E0021141171
:10D0200000A0308806980E1E8111076102D9067291
:10D030000298EA1C88BB557B076120D906710298CB
:10D04000DA1C0088A11007680698F81B082114153F
:10D05000FC2590BB5C7B5D7B00C100600840141127
:10D060000731FE21307608D82A725113FC2334137D
:10D0700004DB2071076BFF33315B00C1087008408F
:10D080001411076180490C71FF313029607590BB24
:10D090007B7B1C707B7B7C7B00DD04717D7B01BB1B
:10D0A00038158113076B4033067118BB717BEC2573
:10D0B000541300DF5471042505DF547154152111F8
:10D0C00020880698780D009251293E7500C10060B5
:10D0D0000840141102DB0C710731315B31292A76CB
:10D0E0000C7004DF0872006180D91E720698F81B6C
:10D0F00000C0087008400698521E0698F81B1411CC
:10D10000FFD960720298301D0090009300A0541562
:10D11000A111076910D9A672082508D8A0710825A1
:10D1200010D89A71208821110698780DFC25541288
:10D13000112AF82554110C2520D80871F025541116
:10D1400010252029047621591815009202989C1C5C
:10D1500018B97179811010D80A7188B8447800B86C
:10D16000417888B9747908B9677900F88110A0D836
:10D17000087188B9497900A0076002D8FA71069849
:10D18000F81B108806988C130762076210DA087182
:10D1900008211415F025541100C20020FEFF20299B
:10D1A000127506985E1E01D90A7206982E0A069814
:10D1B000D80800941CBB41100C200698C2124111E3
:10D1C000082114100698C212312844111112076167
:10D1D000FF31FF3201221052107207691814042423
:10D1E0004413042438140C700769214118140824CE
:10D1F0000814029886134044147100C1B81E00211F
:10D2000014155113036B0FDB0C72066D0698A807FB
:10D21000411500A00698D80806988C1308BB511435
:10D220000698961D4415FC2554150298EA0788B9FE
:10D2300000C3B01E00213413076308DB1A71811389
:10D24000A0DB0671497910706979076302DB087207
:10D2500008B9677900F800A08111076102D910713F
:10D2600088B975790698F81B1411FF3100A0FFB931
:10D2700000A0041008211411F421081100A081114C
:10D280000761076110310E710698F81B082114110F
:10D29000F821141100A00000B98601007186010078
:10D2A0007D860100518701009FE4020057E80200DB
:10D2B0005BE8020067E802005FE8020063E8020042
:10D2C000C4D2030084D3030000000000DCD20300BA
:10D2D000010000000000000000F0490200D303003C
:10D2E0004063598F404B4C000B000B001A00FF7F2E
:10D2F0006412002000000000000000000000000098
:10D30000F81F010150D50300DC1F04010200620672
:10D3100009C8056E0704DC0650070607F41F010163
:10D3200001000000FC1F010100000000206001005E
:10D33000237000002C6002000050010F40B8004034
:10D34000786001005063820BE8600100590B000017
:10D350001470011000F8070014700130F50000008F
:10D3600018700110FF000000187001300018000054
:10D3700070700300030101000F9C030006E04900E8
:10D38000FFFFFFFFF01F01013F0037000400020014
:10D39000018014007F00000018000200000000005F
:10D3A000000000002800070000000000000000004E
:10D3B000000000000000000000000000000000006D
:10D3C000A007000048000100000000005400020017
:10D3D0000000000000000000A00004000040000069
:10D3E000FF4C000000410000FF4D00000020010044
:10D3F00004070000102001000000000018200100B8
:10D40000088400000830010013AC00013030020035
:10D41000244910000100000040300100000000001D
:10D42000A04001007A27000FB840010000C0A3000F
:10D43000F440010020100000344102008008000088
:10D44000E6870000404102006D008800C0E6524DB2
:10D450006041040000000000000000000600000021
:10D4600006000000146003001000000020F91304FF
:10D470000B00720024600200008000000000000326
:10D4800050600600FC006900410800000100000037
:10D49000B0070700700A0000000000007C600B006D
:10D4A0009BC34A74F003000003800000BE0A000022
:10D4B0000101103050707F7F00000000000000006C
:10D4C000000000000000000000000000E460010017
:10D4D0008000D78BEC600500640483078813C83A8A
:10D4E0009C20060000612000B756852004610300DF
:10D4F000383E12002030000088BB0000206101008F
:10D50000001E000030610800E853FA00000000002F
:10D51000000000000000000000000000000000000B
:10D5200000000000010000001C70050060000505FF
:10D53000030050AB8200000000008001D500000015
:10D54000487002003C3D0000BC190000FFFFFFFFD7
:10D5500010000000D754030000000000A8D503000D
:10D56000A0D5030000000000001A9A00005A6202D1
:10D5700080841E00042000002449000200000000F6
:10D58000000000000000000000000000000000009B
:10D59000D1841E0000000000000000000000000018
:10D5A000ED17000000000000193F01060410010003
:10D5B0000001010600102700000900000000000023
:10D5C00000006C6F7765722D6D61632D7261696CFF
:10D5D0002D3830322E31352E342E63006C69627254
:10D5E00061696C2E610000010304756E636C6169F2
:10D5F0006D6564006275666665722D6D616E61674A
:10D60000656D656E742E63006C65676163792D705E
:10D6100061636B65742D6275666665722E63006565
:10D6200076656E742D71756575652E630000070053
:10D63000100008001A00060011000200110004008A
:10D64000040001000400090008000A000A000B00A1
:10D65000020000000000000031D80300D9D7030009
:10D660000000000032D80300C8AB03000000000037
:10D6700051AB030053AB03000000000055AB0300A7
:10D68000B1D7030037D80300C9AB030052AB030086
:10D690000000000056AB0300ACD603004EAB030005
:10D6A00050AB030054AB03004FAB03000002030474
:10D6B0000508090A0B0001020304051D20000000F3
:10D6C000150A0300CDBB0100C5E60100157E02006E
:10D6D000BDE901009FF30200A1F30200A5F30200DF
:10D6E000A7F30200A3F302008D4702002D220200DF
:10D6F000A962020089B9010049D9010099F3020029
:10D70000C92402009BF3020031D001009DF3020006
:10D7100041D102005578020053A802000000000029
:10D720007A69676265652D75707065722D6D6163CC
:10D730002E63006E65696768626F722E63006173A5
:10D74000736F63696174696F6E2E6300001300006C
:10D750000000000000000000010000004528020059
:10D760000200000051040300030000009D27020096
:10D7700004000000CB030300050000003D27020069
:10D7800000000000000000000023001B2200FF003A
:10D79000000000000C090202000000001C1A0B032C
:10D7A00003FF06080402020204020A0B0303020339
:10D7B0000480FF0204FF01010101080000000000D5
:10D7C0000000003138323173005A696742656541A3
:10D7D0006C6C69616E636530398031313131003193
:10D7E0003432323100313231003273003132323171
:10D7F000313200313232313100323831003831319A
:10D80000003138323131003132313131323132325E
:10D810003231730031323200313231313232310043
:10D82000323238000000183810300000008F8E8C23
:10D8300080808006080C10806D61632D6D756C749E
:10D84000692D6E6574776F726B2E6300FFFFFFFFAB
:10D85000FFFFFFFFFFFF00202020202020202020AE
:10D860002828282828202020202020202020202090
:10D8700020202020202020881010101010101010C0
:10D880001010101010101004040404040404040404
:10D89000041010101010101041414141414101018C
:10D8A0000101010101010101010101010101010168
:10D8B0000101101010101010424242424242020276
:10D8C0000202020202020202020202020202020238
:10D8D00002021010101020000000000000000000E4
:10D8E0000000000000000000000000000000000038
:10D8F0000000000000000000000000000000000028
:10D900000000000000000000000000000000000017
:10D910000000000000000000000000000000000007
:10D9200000000000000000000000000000000000F7
:10D9300000000000000000000000000000000000E7
:10D9400000000000000000000000000000000000D7
:08D950000000000000000000CF
:08D95800B831FC7F0100000062
:0CD960006CD90300981000207103000037
:10D96C000000000000000000A83E0300402400203E
:10D97C00C0EA2101C0EA21010080000000F0490248
:10D98C00BC10002000700700009000007C2A0020D2
:10D99C00C8000000FE00000000000000CC52030094
:10D9AC00881E0020C0EA210100000000A5A302008F
:10D9BC008FA302003463030033000000CD8A000003
:10D9CC006A7203006E7203007B720300887203009C
:10D9DC0095720300A2720300B5720300C7720300B4
:10D9EC00D4720300E1720300EE72030003730300B0
:10D9FC0016730300287303003D7303004C7303007C
:10DA0C005D7303006C7303007C7303008873030065
:10DA1C0095730300A5730300B7730300C67303006B
:10DA2C00D5730300DE730300F37303000874030063
:10DA3C001D7403003D7403004B7403006A740300EF
:10DA4C008574030098740300A5740300BA74030072
:10DA5C00C9740300D8740300EA740300FC74030057
:10DA6C000F75030022750300000000000F0000007A
:10DA7C009D770300B07703000030E70400C818035B
:10DA8C00037E0300087E0300337E0300617E0300E7
:10DA9C008F7E0300BC7E0300EC7E03001C7F030022
:10DAAC006C7F0300FFFFFFFF00680700FFFFFFFF15
:10DABC00007007000000040000700300005C2605E5
:10DACC00FC110020040000002C5203000000000098
:10DADC000100030000000000E434002001001900E4
:10DAEC0001000000C43400200100200000000000F0
:10DAFC00A434002059DF020098B30300FFFFFFFF9E
:10DB0C0017E2020013E20200FFFFFFFFC15C0100FD
:10DB1C00FFFFFFFFFFFFFFFFFFFFFFFFFFFFFFFF09
:10DB2C00FFFFFFFFD1E3020047E80200FFFFFFFF0A
:10DB3C00000000006400000020A1070000000000AD
:10DB4C0089A4010000000000E35000200000000048
:10DB5C004048002005A20100DDCD01000E56030057
:10DB6C0000000000000000000000000000000000A9
:10DB7C004048002061AF0100000000000E56030079
:10DB8C000000000000000000000000000000000089
:10DB9C0031EE020040480020F1B90100DDCD01005A
:10DBAC000E56030000000000000000000000000002
:10DBBC000000000040480020D9C20100DDCD01006A
:10DBCC000E560300000000000000000000000000E2
:10DBDC0000000000EAD503004048002039DE0100B7
:10DBEC00000000000E5603000000000000000000C2
:10DBFC0000000000000000004048002091E50100FA
:10DC0C00000000000E5603000000000000000000A1
:10DC1C00000000000000000040480020F1F401006A
:10DC2C00000000000E560300000000000000000081
:10DC3C000000000000000000B80B0000404800206D
:10DC4C0071F80100000000000E56030000000000F7
:10DC5C000000000000000000000000004048002010
:10DC6C0059010200000000000E56030000000000E5
:10DC7C0000000000000000000000000040480020F0
:10DC8C00C1020200000000000E560300000000005C
:10DC9C0000000000000000000000000040480020D0
:10DCAC00D1030200000000000E560300000000002B
:10DCBC0000000000000000000000000040480020B0
:10DCCC00D5050200000000000E5603000000000005
:10DCDC000000000000000000000000004048002090
:10DCEC00350A0200000000000E5603000000000080
:10DCFC000000000000000000000000004048002070
:10DD0C0075060300000000000E5603000000000022
:10DD1C00000000000000000000000000404800204F
:10DD2C0059620200000000000E56030000000000C3
:10DD3C00000000000000000000000000404800202F
:10DD4C00A17E0200000000000E560300000000003F
:10DD5C0000000000000000000000000098140020EB
:10DD6C000000000084480020EC48002054490020AA
:10DD7C000000000000000000000000000000000097
:10DD8C000000000000000000000000000000000087
:10DD9C000000000000000000000000000000000077
:10DDAC00000000000000000000000000FFFFCEFAA1
:10DDBC00EFBEFDFFFDFF03002C01001E2C014006F1
:10DDCC00FFFF0E000000000004F8FFFFFDFF2C0118
:10DDDC009C000000FFFFFDFFFFFFFFFF60EA8000DB
:10DDEC00800010C1CDAB000040000101FFFFFFFF20
:10DDFC00FFFFFFFFFFFFFFFFFFFFFFFFFFFFFFFF27
:10DE0C00FFFFFFFFFFFFFFFFFFFFFFFFFFFFFF0114
:10DE1C00FFFF02FF0F0208031E050216010A0C0584
:10DE2C0010051001010F0801010104FF0301FF0E91
:10DE3C00FE01FF7F0150403000FFFFFF0B03FF642A
:10DE4C00FF01FF050B01030105020201FFFFFFFFAC
:10DE5C00FFFFFFFF010102FFFFFF0000044AD2F8A1
:10DE6C004C3143F0004330BFC2F84C31704700BF17
:10DE7C0000300E40ED0A0000C50A00000000000052
:10DE8C000000000000000000000000000000000086
:10DE9C000000000000000000000000000000000076
:10DEAC000000000000000000000000000000000066
:10DEBC000000000000000000000000000000000056
:10DECC000000000000000000000000000000000046
:10DEDC000000000000000000000000000000000036
:10DEEC000000000000000000000000000000000026
:10DEFC000000000000000000000000000000000016
:10DF0C000000000000000000000000000000000005
:10DF1C0000000000000000000000000000000000F5
:10DF2C0000000000000000000000000000000000E5
:10DF3C0000000000000000000000000000000000D5
:10DF4C0000000000000000000000000000000000C5
:10DF5C0000000000000000000000000000000000B5
:10DF6C0000000000000000000000000000000000A5
:10DF7C000000000000000000000000000000000095
:10DF8C000000000000000000000000000000000085
:10DF9C000000000000000000000000000000000075
:10DFAC000000000000000000000000000000000065
:10DFBC000000000000000000000000000000000055
:10DFCC000000000000000000000000000000000045
:10DFDC000000000000000000000000000000000035
:10DFEC000000000000000000000000000000000025
:10DFFC000000000000000000000000000000000015
:10E00C000000000000000000000000000000000004
:10E01C0000000000000000000000000000000000F4
:10E02C0000000000000000000000000000000000E4
:10E03C0000000000000000000000000000000000D4
:10E04C0000000000000000000000000000000000C4
:10E05C0000000000000000000000000000000000B4
:10E06C0000000000000000000000000000000000A4
:10E07C000000000000000000000000000000000094
:10E08C000000000000000000000000000000000084
:10E09C000000000000000000000000000000000074
:10E0AC000000000000000000000000000000000064
:10E0BC000000000000000000000000000000000054
:10E0CC000000000000000000000000000000000044
:10E0DC000000000000000000000000000000000034
:10E0EC000000000000000000000000000000000024
:10E0FC000000000000000000000000000000000014
:10E10C000000000000000000000000000000000003
:10E11C0000000000000000000000000000000000F3
:10E12C0000000000000000000000000000000000E3
:10E13C0000000000000000000000000000000000D3
:10E14C0000000000000000000000000000000000C3
:10E15C0000000000000000000000000000000000B3
:10E16C0000000000000000000000000000000000A3
:10E17C000000000000000000000000000000000093
:10E18C000000000000000000000000000000000083
:10E19C000000000000000000000000000000000073
:10E1AC000000000000000000000000000000000063
:10E1BC000000000000000000000000000000000053
:10E1CC000000000000000000000000000000000043
:10E1DC000000000000000000000000000000000033
:10E1EC000000000000000000000000000000000023
:10E1FC000000000000000000000000000000000013
:10E20C000000000000000000000000000000000002
:10E21C0000000000000000000000000000000000F2
:10E22C0000000000000000000000000000000000E2
:10E23C0000000000000000000000000000000000D2
:10E24C0000000000000000000000000000000000C2
:10E25C0000000000000000000000000000000000B2
:10E26C0000000000000000000000000000000000A2
:10E27C000000000000000000000000000000000092
:10E28C000000000000000000000000000000000082
:10E29C000000000000000000000000000000000072
:10E2AC000000000000000000000000000000000062
:10E2BC000000000000000000000000000000000052
:10E2CC000000000000000000000000000000000042
:10E2DC000000000000000000000000000000000032
:10E2EC000000000000000000000000000000000022
:10E2FC000000000000000000000000000000000012
:10E30C000000000000000000000000000000000001
:10E31C0000000000000000000000000000000000F1
:10E32C0000000000000000000000000000000000E1
:10E33C0000000000000000000000000000000000D1
:10E34C0000000000000000000000000000000000C1
:10E35C0000000000000000000000000000000000B1
:10E36C0000000000000000000000000000000000A1
:10E37C000000000000000000000000000000000091
:10E38C000000000000000000000000000000000081
:10E39C000000000000000000000000000000000071
:10E3AC000000000000000000000000000000000061
:10E3BC000000000000000000000000000000000051
:10E3CC000000000000000000000000000000000041
:10E3DC000000000000000000000000000000000031
:10E3EC000000000000000000000000000000000021
:10E3FC000000000000000000000000000000000011
:10E40C000000000000000000000000000000000000
:10E41C0000000000000000000000000000000000F0
:10E42C0000000000000000000000000000000000E0
:10E43C0000000000000000000000000000000000D0
:10E44C0000000000000000000000000000000000C0
:10E45C0000000000000000000000000000000000B0
:10E46C0000000000000000000000000000000000A0
:10E47C000000000000000000000000000000000090
:10E48C000000000000000000000000000000000080
:10E49C000000000000000000000000000000000070
:10E4AC000000000000000000000000000000000060
:10E4BC000000000000000000000000000000000050
:10E4CC000000000000000000000000000000000040
:10E4DC000000000000000000000000000000000030
:10E4EC000000000000000000000000000000000020
:10E4FC000000000000000000000000000000000010
:10E50C0000000000000000000000000000000000FF
:10E51C0000000000000000000000000000000000EF
:10E52C0000000000000000000000000000000000DF
:10E53C0000000000000000000000000000000000CF
:10E54C0000000000000000000000000000000000BF
:10E55C0000000000000000000000000000000000AF
:10E56C00000000000000000000000000000000009F
:10E57C00000000000000000000000000000000008F
:10E58C00000000000000000000000000000000007F
:10E59C00000000000000000000000000000000006F
:10E5AC00000000000000000000000000000000005F
:10E5BC00000000000000000000000000000000004F
:10E5CC00000000000000000000000000000000003F
:10E5DC00000000000000000000000000000000002F
:10E5EC00000000000000000000000000000000001F
:10E5FC00000000000000000000000000000000000F
:10E60C0000000000000000000000000000000000FE
:10E61C0000000000000000000000000000000000EE
:10E62C0000000000000000000000000000000000DE
:10E63C0000000000000000000000000000000000CE
:10E64C0000000000000000000000000000000000BE
:10E65C0000000000000000000000000000000000AE
:10E66C00000000000000000000000000000000009E
:10E67C00000000000000000000000000000000008E
:10E68C00000000000000000000000000000000007E
:10E69C00000000000000000000000000000000006E
:10E6AC00000000000000000000000000000000005E
:10E6BC00000000000000000000000000000000004E
:10E6CC00000000000000000000000000000000003E
:10E6DC00000000000000000000000000000000002E
:10E6EC00000000000000000000000000000000001E
:10E6FC00000000000000000000000000000000000E
:10E70C0000000000000000000000000000000000FD
:10E71C0000000000000000000000000000000000ED
:04E72C0000000000E9
:0400000300002119BF
:00000001FF
