S02500005A69676265652D52656D6F74652D5F54595A4230315F37716638317774792E73333770
S2140000000010002019210000A15F0000A55F00007D
S21400001007930200A95F0000B15F0000079302008B
S214000020079302000793020007930200079302005B
S214000030B55F00007C52030007930200079302009E
S21400004007930200BDE30200079302000793020035
S214000050E1750100CDE30200C9E30200ED7D010079
S214000060C1E30200192600001527000007930200CE
S214000070079302000793020007930200079302000B
S214000080079302000793020031270000079302003F
S21400009007930200079302000793020007930200EB
S2140000A007930200079302000793020007930200DB
S2140000B0217E0100C5E30200319F0100D5710000DA
S2140000C05D7E010007930200FD9D0100079302007C
S2140000D007930200079302000793020007930200AB
S2140000E0079302000793020007930200079302009B
S2140000F00793020007930200079302000000000027
S2140001002DE9F04F9BB098464FF0410A0DF11F03C2
S21400011009AE0393CDF808A001960389009383796E
S2140001209DF898B004460F469146418882884078EC
S2140001300FF084F8054650B10090A38862883C49C9
S21400014000200FF08DFB28461BB0BDE8F08F9DF811
S2140001501F002BF0DFFB38B12846A388628835499C
S2140001600FF07EFB8D25EEE79DF81F0052463146C8
S2140001702BF0A5FB0346002852D0249A1AB1BDF8EE
S214000180942090424CD89DF81FA0AAF1410000226E
S21400019001280892D9B224D801395FFA81FE26498F
S2140001A0B446724516DB08910421BBF1000F1BD143
S2140001B008AE22480593182202FB07049FED1A7B1F
S2140001C020460A460830314684ED027B30F09FFF19
S2140001D0059B12E01CF8010F4840194901324143C3
S2140001E0DFE7BBF1000F06D00097234652463046A5
S2140001F00DF03EF9A7E70829DBD9B9F1000F01D0C9
S21400020089F800A0B8F1000F01D0A8F80030249AB1
S214000210002A98D024981A4609A930F078FF92E769
S214000220012590E7AFF3008000000000000000000A
S214000230729C0300A39C0300C59D1C81D81E002051
S21400024093010001000000002DE9F04F93B0CDE9C6
S2140002500A329DED1C7BDDE91E530E9353EC172BE3
S214000260CDE90801104619468DED067B209E28F044
S214000270C1FA80B1DDE90601C94B4FF0FF3228F024
S214000280E1FA40B9DDE906014FF0FF326FF4801362
S21400029028F0BAFA80B10E9B2096CDE91E539DED4C
S2140002A0067BDDE90A32DDE908018DED1C7B13B023
S2140002B0BDE8F04F00F08CB9DDE90601002200230E
S2140002C028F0A2FA002800F03681DDE906A303F143
S2140002D0004BCBF30A5016F48063A0F2FF3008BF41
S2140002E006250F9327F0B4FF9DA3D3E9002328F03B
S2140002F019F89DA3D3E9002327F05EFECBF3130481
S214000300894644F07F518046A64B0022504641F471
S214000310401127F04FFE96A3D3E9002328F002F8F9
S21400032002460B464046494627F046FE28F094FA19
S214000330044627F08DFF90A3D3E900238046894624
S21400034027F0F0FF984B002227F036FE28F084FABC
S2140003508BA3D3E9002307464946404627F0E2FF31
S21400036080463846894627F073FF87A3D3E90023E3
S21400037027F0D8FF02460B464046494627F01AFEAD
S21400038002460B46CDE90C2327F0CCFFDDE90C2313
S214000390804689461046194627F00EFE834BCDE967
S2140003A0100100224046494628F0E6F8804B00221D
S2140003B027F002FE02460B464046494628F0DCF887
S2140003C07C4B002227F0F8FD02460B464046494685
S2140003D028F0D2F8DDE90C238046894600204FF04D
S2140003E0804127F0E7FD02460B464046494627F087
S2140003F0E3FD02460B46DDE9100128F0BDF807F2E2
S214000400FF376D4B002227F0D7FD00223B0527F073
S21400041089FF52465B468046894628F013FA002834
S21400042040F08C80CDE90C8904F16303C72B34BF00
S2140004300427052731051ED555A3D3E900235046CA
S214000440594628F0F5F9002800F0828052A3D3E937
S21400045000235046594628F0D7F9002878D0A54200
S214000460C8BF2C1B4FF00007CCBF04F1FF3500259A
S21400047046F480663C460E9B9F4234BFA3EB0708BB
S2140004804FF0000816F0020903D0002F18BF4FF0F7
S21400049000083CB150465946DDE90C2328F06CF8BC
S2140004A082468B46DDE906010022002328F0ACF9DF
S2140004B010B10BF100439B4626F40063CDE903839D
S2140004C0CDE900ABDDE90A32DDE90801029500F06E
S2140004D07FF802465FB316F0200F00F10105DDE954
S2140004E009130CBF65204520089EB04705230593D9
S2140004F000220A23002CCDE9023207F1FF374FEA2B
S214000500D473B8BF644201932A46DDE908010A9B0A
S214000510049700942CF062FF0246B9F1000F06D053
S2140005200B9BC41A0B9B1A190E9BA34246D8104667
S21400053013B0BDE8F08FDDE906ABCAE61C4B00221F
S2140005404046494628F018F8013CCDE90C016BE717
S214000550002D90D00F9B002B8DD0013D8BE700BF68
S214000560FB799F501344D33FB3C8608B288AC63F9D
S21400057061436F63A787D23F71A379094F930A40FF
S2140005801655B5BBB16B0240EF39FAFE422EE63F78
S2140005902D431CEBE2361A3F0000000080842E41FB
S2140005A0FFFFEF7F0000F83F0000E03F00002C4018
S2140005B000002440000018400000F03FDDE9091369
S2140005C0089D2020A8470134ACE700BF00000000CB
S2140005D02DE9F04F97B0DDE920ABCDE90501CDE977
S2140005E00723504652465B465946DDE92257249E6D
S2140005F028F000F970B90323CDE922762193B44B95
S2140006002093DDE90501DDE9072317B0BDE8F04FCB
S2140006102CF004BE4FF0FF326FF48013504659465C
S21400062028F0F2F828B104232193CDE92276A94BCD
S214000630E6E7A94B4FF0FF325046594628F002F93C
S21400064068B1A64A06F00403002B08BF0322A44B99
S2140006501CBF13460422CDE922762192D0E798A348
S214000660D3E900235046594628F0ECF838B996A34B
S214000670D3E900235046594628F0C6F868B1DDE9AC
S2140006800723DDE90501CDE92376CDE920AB2295E8
S21400069017B0BDE8F04FFFF7D7BD00220023504645
S2140006A0594628F0B1F8002800F09A805B4652467A
S2140006B00020002127F07EFC012382468B4609930A
S2140006C016F4806400F08E80092D40F28E800EAB0A
S2140006D0A5F10902002430210134202C03F8011B67
S2140006E0A5EB040901D09442F6D15946504628F0AD
S2140006F0B3F87C4B03EBC90393ED007B05468DED09
S2140007000A7B27F0A5FD02460B465046594627F0C1
S21400071051FCDDE90A2327F005FE02460B46CDE92B
S2140007200C2328F0C1F8804627F082FD02460B46CF
S214000730DDE90C0127F03EFC02460B46CDE90C2312
S214000740694B002228F07EF8002851D008F10108F5
S214000750404627F06DFD02460B46DDE90A0128F00B
S2140007605DF810B101354FF00008B9F1000F50D117
S214000770284627F06DFD02460B465046594627F0A0
S21400078019FC594B00228046894628F03DF830B1C6
S214000790554B00224046494628F054F810B1E80769
S2140007A000D501350EAB1A190A21202C0AD095FB6C
S2140007B0F1F001FB1055303502F8015B01340546B7
S2140007C00028F2D106F00302012A5FD1002F5DD087
S2140007D0099A12B916F00C0F00D0013F302244E0FF
S2140007E009906DE74FF006097FE7A94600247CE7ED
S2140007F0DDE90C013C4B002228F006F80028B4D1B5
S214000800B8F1000F02D018F0010FAED008F10108C1
S214000810ABE70EAB23440A21202C0DD0B8FBF1F039
S21400082001FB10823032B8F1090F03F8012B09F1F1
S214000830FF3904F1010411D8A1440EAA3021202C5E
S214000840B0D0A14504F101030AD11C4609F15803B2
S2140008500DEB03092E2309F8203CA3E78046DBE7CF
S214000860A1541C46EBE71A550134A7420ED9202C9A
S214000870F9D1CDE90034CDE90276DDE90723DDE9DB
S21400088005012CF0CBFC17B0BDE8F08F202CF0D083
S214000890099A3AB104F158026A442D2102F8201C44
S2140008A00134E6E7710704D504F158026A442B21A7
S2140008B0F4E73207DDD504F158026A442021EDE75B
S2140008C00000000065CDCD410000000065CDCDC123
S2140008D01FB3030023B30300FFFFEF7F16B303002D
S2140008E01BB3030028B303000000E03F0000000035
S2140008F070B58EB02C22002103A830F0E2FB6423F2
S2140009004FF00232CDE9052308930B238DF83430DF
S214000910514B1B880121D8078DF8101000F19680E6
S214000920084619F017FB4D4B4D494E484E4C0A22CF
S2140009301A704FF42873ADF8123018F025FF2060B7
S21400094020B94A4840F2522105F028FA20680521CD
S2140009502DF023FB20B1454840F2622105F01EFA37
S214000960206801F0B7FB424B206819682DF0BEFBEB
S2140009701AF0D2F90C25684309901AF0CDF96843AD
S21400098007900DEB0501206813F018FF20B13748DB
S21400099040F2772105F002FA3649206800222DF051
S2140009A02BFC20B1314840F2792105F0F7F9324EA0
S2140009B0324D96F9000040F203532B807F284FF00B
S2140009C00503AB7001D119F023FC3378EB701AF0F5
S2140009D0A3F900EB80008000A8801AF09DF90023A0
S2140009E0C000E880AB604FF0FF3019A3D3E90023C6
S2140009F04FF0FF3119F06AFC214920682DF0A8FF5E
S214000A00206802A92DF0D7FB20B1184840F2B22189
S214000A1005F0C4F9042220680DEB02012DF054FB0A
S214000A20042804D0114840F2B52105F0B7F901A911
S214000A3001202EF0D0F805F0F7FA01201AF0FCFBA2
S214000A4028F0C9FE1AF022FC19F008FB0EB070BDA3
S214000A500A0020FF420300009C4D0020E7500020C3
S214000A607D9F010078120020D8460020C2D50300E2
S214000A70EC100020F55000206B150020CC4600201E
S214000A801DA101000348044B834202D0034B03B16F
S214000A90184770475C1E00205C1E00200000000007
S214000AA00548064B1B1AD90F01EBA301491002D0CB
S214000AB0034B03B1184770475C1E00205C1E0020E5
S214000AC00000000010B5064C237843B9FFF7DAFFA4
S214000AD0044B13B10448AFF300800123237010BD0C
S214000AE0084E00200000000058D9030008B5054B4A
S214000AF01BB105490548AFF30080BDE80840FFF785
S214000B00CFBF00BF000000006821002058D90300B6
S214000B10A3F5803A704700BF174B002B08BF134B56
S214000B209D46FFF7F5FF00218B460F461348144AF3
S214000B30121A30F0C6FA0E4B002B00D098470D4B19
S214000B40002B00D098470020002104000D000D481F
S214000B50002802D00C48AFF3008028F00BFA2000E3
S214000B60290028F08EFA28F037F800BF00000800A9
S214000B700000000000000000001000205C1E0020A6
S214000B80345100200000000000000000054A002349
S214000B901370054A1380054A1380054A1370054AE8
S214000BA0137070470A4E0020C2490020C04900203A
S214000BB0701E0020601E0020024B01221A70024B9D
S214000BC0187070470A4E0020094E0020094A002877
S214000BD0B2F900300CBF6FF01F0120210B446FF0FC
S214000BE0FD018B42B8BF0B46FE2BA8BFFE23138029
S214000BF0704700BFC249002010B5044C0123237083
S214000C00607004F0E3FDC4E9020110BD701E002010
S214000C1070B5134C237813B30023237004F0D6FD6D
S214000C20D4E90232C01A61EB02053221A0FB0106AC
S214000C3000234FF47A7201FB056127F055FE6378B6
S214000C4003B94042074AB2F9003018446FF0FD037A
S214000C509842B8BF1846FE28A8BFFE20108070BD78
S214000C60701E0020C24900200A4A0028B2F900304F
S214000C700CBF6FF01D011E210B446FF4AD718B424B
S214000C80B8BF0B4640F25B118B42A8BF0B461380E1
S214000C90704700BFC049002010B5044C01232370E4
S214000CA0607004F093FDC4E9020110BD601E0020D0
S214000CB070B5144C237823B30023237004F086FD0C
S214000CC0D4E90232C01A61EB02051421A0FB01062A
S214000CD000234FF47A7201FB056127F005FE637866
S214000CE003B94042084AB2F9003018446FF4AD73B5
S214000CF09842B8BF184640F25B139842A8BF184601
S214000D00108070BD601E0020C049002070B5134ED4
S214000D10134D3378134C2BB92B88228813431BB200
S214000D203BB970BD104B1B78A3B100F0BBFF00B9F8
S214000D303070B5F9000018B101F0CCF800B9288081
S214000D40B4F900000028ECD001F0EEF80028E8D155
S214000D502080E6E700F0BEFFE9E700BF0A4E00206D
S214000D60C2490020C0490020094E002008B5064BA5
S214000D7000221A7009F00CF8BDE80840034847F254
S214000D803052FF2129F0EBBC0B4E0020A0210020A2
S214000D9038B505460C4600F053FA324B1B780BB9B3
S214000DA028F089F9012D0FD003D9AB1E012B16D9D7
S214000DB038BD002CFCD121460122052000F044FD60
S214000DC0BDE8384000F06EBF002CF1D1214602226B
S214000DD0052000F039FDBDE8384000F07BBF022D4D
S214000DE00DBF012500250220012014BF0423032384
S214000DF0052CDDD8DFE804F0030C29151F2F002290
S214000E00114600F021FD2846BDE8384000F07ABFC4
S214000E100022012100F018FD2846BDE8384000F009
S214000E2095BF00221846114600F00EFD2846BDE884
S214000E30384000F0C7BF18460022012100F004FD2C
S214000E402846BDE8384000F0EFBF00F0D5FCBDE80E
S214000E50384000F09DBF00F0CFFCBDE8384001F000
S214000E6015B800BF0C4E002008B5012000F01EFC8F
S214000E7038B1044B1B7823B9BDE80840012000F0C8
S214000E80E1BE08BD0C4E002010B5002000F00EFCA0
S214000E90B8B10C4B1A78A2B90124214606201C7062
S214000EA000F0D2FC2FF062FC2AF0C3FC18B9BDE8B3
S214000EB01040FFF75BBF044B1C702EF0A7FD002808
S214000EC0F5D110BD0C4E00200B4E002068B929B19C
S214000ED00C4843F69822FF2129F041BC0A4B1B78A8
S214000EE073B90848FF2129F04BBC012808D121B16D
S214000EF0064842F21072FF21EEE70448FF21F2E7AF
S214000F00704700BFC02100200C4E0020802100202A
S214000F10084A08B513785BB100231370064A0748E1
S214000F201370FF2129F02CFCBDE8084000F064BCDB
S214000F3008BD00BF0C4E00200B4E0020A021002054
S214000F4008B5054B1B782BB108F0CAFDBDE8084074
S214000F50FFF7DEBF08BD00BF0C4E00201FB52024E3
S214000F6001220F238DF80E3000940DF10E030021A0
S214000F7010462AF001FF07238DF80E3000940DF17D
S214000F800E030222002101202AF0F6FE0B4906225B
S214000F904FF4804028F05CF809490822062028F023
S214000FA057F82123009301200DF10E03022221465B
S214000FB0ADF80E002AF0E0FE04B010BDA01103004C
S214000FC0A711030037B500F08FFB1A481A4DFF240F
S214000FD000F060FB194800F063FB00F033FD28F0DA
S214000FE082F82346164A17480094002107F09AFC18
S214000FF02346154A15480094002107F093FC234623
S214001000134A14480094002107F08CFC124A0094FE
S21400101023462846002107F085FC2146284629F06D
S214001020A7FB00F0B9F8FFF7B1FD03B0BDE830400C
S21400103000F0E0BD910D0000E0210020CD0E000084
S214001040890E0000C0210020410F0000A0210020D2
S214001050690E0000802100205D0F0000902808B572
S21400106005D1FFF755FFBDE80840FFF74FBE9128B2
S21400107006D1044B1B781BB1BDE80840FFF776BECF
S21400108008BD00BF0B4E002070B586B028F009FAE8
S21400109001210446084605F049FA20463B4C28F054
S2140010A004FA4FF4C0614FF69B73CDE90313204654
S2140010B0002303A9059328F099F90123A360344B74
S2140010C0E268D20355D5A46C28F0EBF9002105465A
S2140010D0012005F02BFA284628F0E7F900231A46E7
S2140010E00221052002F0E6FD002C40DB40F6A66358
S2140010F05C43210B40F61B43C4F30F349C4242D89A
S21400110040F6FC039C423CD92248012330F8236079
S214001110B44200EB830531D35A1EAB7830F8224038
S21400112000EB8200A41B80788DB2C01AAD1B62084B
S21400113005FB0022B2FBF4F21344DBB22024642247
S2140011405B003231B1FBF2F18DF80B1001218DF806
S2140011500C3022460DF10B03084600942AF00CFED4
S2140011600121009403AB212208462AF005FE06B0B2
S21400117070BD013BA4D14FF0FF34A5E70133092B26
S214001180C4D10023DAE76423D8E700BF002000407C
S214001190A0860100B01103001FB5FF231F4A00936D
S2140011A01F48002107F0BEFB1E4B00200021C3E9AC
S2140011B000011D4B1D48002401211C7001F09AFC03
S2140011C01B4AD2F8403423F00403C2F8403402210C
S2140011D023462246052002F06DFD224623460B21BB
S2140011E0012002F067FD0121124801F083FC4FF454
S2140011F0F81320460293ADF80C4001F0D9FB2146C7
S2140012008DF80A000C4801F061FB02A98DF80B006E
S2140012100A4801F07DFB04B010BD00BF8910000035
S21400122000220020801E00200D4E002000350A00FF
S21400123000A0004000B2040040420F000020004022
S21400124070B51348FF2129F0A2FA00BB114D04F037
S214001250BDFA2A78104B4AB1D3E900420F4E041B60
S21400126061EB0202B44272F1000210D30122C3E91C
S21400127000012A70022104220520002302F01AFD34
S214001280BDE8704002480A22FF2129F068BA70BD06
S214001290002200200D4E0020801E002080EE36002A
S2140012A0024B1B6803B11847704700BF242200207A
S2140012B0194B984210B51FD003F1640290421DD01E
S2140012C003F1C80290421BD003F5967398421FD1D3
S2140012D00320124C642202FB004494F86310032996
S2140012E010D0042915D0012912D1022384F86330C6
S2140012F0BDE81040FFF7D4BF0020EAE70120E8E78A
S2140013000220E6E70021FFF7CBFF002384F86330D6
S21400131010BD0523EAE700BF68220020482200200F
S214001320184B984270B518D003F16402904216D05C
S21400133003F1C802904214D003F5967398421FD169
S2140013400320114D642606FB0053044693F86310F1
S214001350022908D1FFF7A4FF07E00020F1E70120EB
S214001360EFE70220EDE70529F4D0744304F12000EE
S2140013702844FF21254429F003FA062385F8633024
S21400138070BD00BF882200204822002070B50F4C98
S214001390642606FB0043054693F86310022902D133
S2140013A0FFF77EFF01E00529FAD006FB054006FBA5
S2140013B00544FF21203029F0E3F994F86330062B2A
S2140013C01CBF072384F8633070BD00BF482200208E
S2140013D02DE9F84F7B4DA8420DD005F164039842E5
S2140013E06FD005F1C80398426DD005F59673984204
S2140013F065D1032400E00024734904EB4403C818B5
S214001400CE5C1C21302313FB061303F104734178D2
S21400141003F5204301EBC3039B00D3F800C064230D
S21400142003FB0452BCFA8CF192F8626049098E42C2
S21400143045D014FB03F690F8028082F8621006F19D
S2140014404000284403FB04F7BCF1000F5AD12F4498
S21400145044F62062FF2129F082F997F86330A3B39F
S214001460032B41D00024594E594F4FF06408A14633
S214001470307896F801A017F8013B08FB00515FFA98
S21400148084FB91F86210002900F0908008FB0A5156
S21400149091F86210002900F089806BB9012107F8E5
S2140014A0011CFFF773FF5046FFF770FF494B1B68A0
S2140014B013B10121584698470236002C74D0BDE877
S2140014C0F88F012498E7022496E7012387F8633013
S2140014D0B8F1000FC6D006F120004FF4C872FF2105
S2140014E0284429F03CF9BDE720362E44FF2130463B
S2140014F029F046F9042387F863304FF4C872FF21B9
S2140015003046EEE7FF2129F03BF9EB1993F86330FC
S214001510013B062BA6D801A252F823F0391500008D
S214001520711500006514000087150000971500006F
S2140015309B1500009B150000B8F1000F09D141462D
S2140015402046FFF7ADFE642303FB045383F8638055
S21400155088E720362E44FF21304629F011F964230F
S21400156003FB0453032283F863204FF49672C6E706
S21400157002212046FFF794FE642303FB0453002257
S21400158083F863206EE706F12000FF21284429F047
S214001590F7F80321EDE70521EBE7642303FB04548A
S2140015A0002384F863305DE7012461E7002B83D0D5
S2140015B0084B07F8019C1B68002B3FF47DAF002109
S2140015C078E700BF48220020D8110300D41103009A
S2140015D00E4E0020202200202DE9F041124C00255E
S2140015E027466426A84606FB057393F861207AB161
S2140015F083F8618093F8603094F86220B3FA83F33E
S2140016005B099A420BD01422FF21204629F0A7F846
S2140016100135042D04F16404E5D1BDE8F081FF2115
S214001620204629F0ADF8F3E7482200200F2810B432
S21400163025D8144B195C032921D801EB4103124A23
S214001640D45CD0181C22302313FB042303F104734C
S21400165042785DF8044B03F5204302EBC3039B007E
S21400166064201A68094B00FB0133D2B283F860206D
S21400167007480122FF2183F8612029F079B85DF838
S214001680044B7047104E0020D8110300482200205B
S21400169028220020014B1860704700BF242200203B
S2140016A0014B1860704700BF20220020012810B5AB
S2140016B0034613D80A490B4A11F81000642404FBA9
S2140016C0002090F8620030B101EB43014B7804FB38
S2140016D0032292F8620000F0010010BD0020FCE733
S2140016E0D411030048220020304B2DE9F74F002488
S2140016F01C602F4B2F481C60012101F0FBF91022C3
S214001700FF212D482D4D2E4EDFF8C8A0DFF8C890DB
S2140017102FF0D7FC2B492C4807F088F9AB466423FA
S21400172003FB04B300274FF0FF0885F862703946C4
S21400173083F86170284685F863704346CDF80080CC
S214001740524607F0EFF84346394605F12000CDF83B
S21400175000804A4607F0E6F84346394605F1400061
S2140017601A4ACDF8008007F0DDF8777896F8008002
S214001770032201233946404602F09CFA0E4B1449D8
S214001780DC55384600F0B4FF0123CDE900333A4675
S21400179039464046013402F049FA042C05F1640546
S2140017A006F10306BBD103B0BDE8F08F242200206B
S2140017B02022002000350A00104E0020482200207B
S2140017C0D8110300D915000028220020211300009C
S2140017D02D160000D1130000B1120000054B0022A8
S2140017E05A6258661A6B42F001021A6301225A6066
S2140017F0704700BF0080014070B50F480F4EFF21B4
S21400180028F0BEFF0E4B02225A601A6B002422F00C
S21400181001021A635C620B4B1C70337853B127F0DD
S21400182040FE21460546012004F080FE284627F0AB
S2140018303CFE347070BD00BFDC230020214E00202B
S21400184000800140234E00202DE9F8430E46154641
S214001850044618B9BDE8F843FFF7CEBF07283ED8C0
S214001860DFF8F48098F80030062B33D1062836D1FE
S214001870DFF8E89099F8003063B927F012FE0121EE
S2140018800746084604F052FE384627F00EFE0123AF
S21400189089F800302948FF2128F072FF284B88F885
S2140018A00040062C1E7036D0072C3ED0052C1ED0CD
S2140018B0631E012B234A244B13D9322111800022A8
S2140018C01A80032C1ABF214B18680020FFF786FFEA
S2140018D014221AE0072BCBD1831F012BC8D9BDE8F1
S2140018E0F8831421118000221A80012CEAE7012DCA
S2140018F0174B38BF01256D001D80164B01221A704C
S214001900124B1868FFF76AFF6422BDE8F8430B48DD
S214001910FF2128F024BF01221A700E4B1A700B4BC1
S2140019201868FFF75BFFC822EFE701221A70054B25
S21400193064221A80044B00201880C7E7DC230020AE
S214001940224E0020C8490020C6490020D823002087
S214001950C4490020204E0020234E0020214E0020A7
S2140019602F4B1A78531E062B59D8DFE803F00404D1
S2140019700404233945002B492B480B880088013383
S2140019809BB283420B8006D3284B1B780BB9FFF71C
S21400199033BF00230B8002F0FD02012A0B8800D023
S2140019A0C31A234A12685343224AB3FBF0F3D366A2
S2140019B0142211E0204A1388013B9BB21380002BAF
S2140019C0E5D01E4A137883F0010313700BB1184B51
S2140019D01B68184AD36664221948FF2128F0BFBE48
S2140019E0164A137883F0010313700BB1104B1B6873
S2140019F0104AD366C822EFE70A490B4A0B881288BA
S214001A0001339BB293420B8024BF00230B800B88CC
S214001A10B3EB520F4FEA520028BFD31AC1E7704704
S214001A20234E0020C6490020C8490020224E002030
S214001A30D823002000800140C4490020204E00200A
S214001A40DC23002070B52B4B2B4A2C482C4E002450
S214001A501C702C4B8AB01C70FF230093214606F0A6
S214001A6061FF2948012101F045F8012304222046A0
S214001A70052102F01FF901212448254C01F03AF80F
S214001A80224801F08BF9B0F57A4F34BF02204FF4AC
S214001A90FA434FF00F0228BFB0FBF3F0002130608E
S214001AA006A82FF00EFB042306A9204600258DF875
S214001AB01A3027F033FE0323CDE9035503AA8DF829
S214001AC0123029460123204605958DF8163027F05A
S214001AD059FE3368013BE3616566636B23F01F03C1
S214001AE043F005036363236B23F0010323630AB00B
S214001AF070BD00BF234E002061190000DC230020CB
S214001B00D8230020214E002000350A0000020400E1
S214001B10008001400B4B1A7810B5044682B10022B3
S214001B2009481A70FF2128F02BFE0848FF2128F0EC
S214001B3027FEFFF761FE1CB1BDE8104009F00EBDA0
S214001B4010BD00BF254E00202024002000240020C9
S214001B5008B5104B1B78E3B127F09BFA0E4B1A68BA
S214001B6082420E4A0AD0186000231370BDE808406F
S214001B700B484EF66022FF2128F0F1BD13780133A2
S214001B80DBB2022B1370F1D9BDE808400120FFF745
S214001B90C1BF08BD254E0020FC230020244E002097
S214001BA0202400201FB5114B1B78EBB10023012425
S214001BB08DF80F3000940DF10F03062219212046F0
S214001BC02AF019F99DF80F302BB9204604B0BDE86D
S214001BD01040FFF79FBF064847F23052FF2104B07F
S214001BE0BDE8104028F0BBBD04B010BD254E002057
S214001BF00024002013B5FF2423460B4A0B4800940C
S214001C00002106F08FFE2346094A0A480094002168
S214001C1006F088FE084A00231370084A1360084A34
S214001C20137002B010BD00BF511B0000202400201E
S214001C30A51B000000240020254E0020FC230020C9
S214001C40244E002010B529F0F4FD02281FD103F021
S214001C50BDFD09F017F80E4B01241C7027F019FA89
S214001C600C4B18600C4B0022214607201A70FFF719
S214001C70EBFD0A484EF66022FF2128F070FDBDE815
S214001C801040074847F23052FF2128F068BD10BDCB
S214001C90254E0020FC230020244E00202024002077
S214001CA00024002010B527F017FA70B10122084B67
S214001CB0062110460DF08EFC27F0FEF9044610B102
S214001CC00120FEF779FF204610BD9124F8E700BFFB
S214001CD00E56030010B527F0FFF970B1084B00222E
S214001CE0062101200DF076FC27F0E6F9044610B137
S214001CF00020FEF761FF204610BD9124F8E700BFE4
S214001D000E56030030B587B0054627F0E5F9C0B19A
S214001D1000230120CDE903332023CDE9013085EAF5
S214001D20000300930222084B08210DF053FC27F015
S214001D30C3F9044610B12846FEF748FF204607B010
S214001D4030BD9124F7E700BFE411030030B585B03D
S214001D50054627F0C1F9B8B10023CDE90233322396
S214001D600122019385F0010300930821074B1046DA
S214001D700DF030FC27F0A0F9044610B12846FEF717
S214001D803BFF204605B030BD9124F7E7EA1103007B
S214001D9013B527F0A1F980B10023CDE90033032263
S214001DA0074B082101200DF015FC27F085F90446A5
S214001DB0FEF72EFF204602B010BD9124F8E700BFC4
S214001DC0EC11030030B589B030B927F085F9044628
S214001DD030BB012491251DE027F07EF9044600283B
S214001DE0F8D0002403230022CDE905224FF4FA712F
S214001DF09922CDE9032101201E22CDE9012000937E
S214001E004C22084B4FF440710DF0E4FB27F054F9D8
S214001E10054610B12046FEF727FF284609B030BD1C
S214001E200123E0E7EF11030030B587B030B927F0A3
S214001E3053F9044628BB012491251CE027F04CF9F1
S214001E4004460028F8D0002403230022CDE904220B
S214001E504FF4FA719922CDE902211422CDE900321D
S214001E604FF44071084B4B2201200DF0B3FB27F0D6
S214001E7023F9054610B12046FEF70EFF284607B0A8
S214001E8030BD0123E1E700BFF711030010B586B0AF
S214001E9027F022F9C8B199224FF4FA71CDE9022150
S214001EA000231422CDE90032CDE904334B22084B3F
S214001EB04FF4407101200DF08DFB27F0FDF804462D
S214001EC0FEF7F6FE204606B010BD9124F8E700BFE8
S214001ED0F711030010B5044686B000B327F0FCF8EF
S214001EE0E0B1A3B2002CDCBF5B429BB20022FE2B0B
S214001EF028BFFE239442CCBF002401240120CDE954
S214001F00032201930290074B0094022208210DF051
S214001F1061FB06B0BDE8104027F0CEB8912006B0B1
S214001F2010BD00BFE411030010B5044688B020B30E
S214001F3027F0D2F800B3002CA3B24FF00001D8BFB0
S214001F405B42CDE905114FF4FA704FF09901CDE9E7
S214001F500310DABF9BB2032201220120CDE9013033
S214001F600092074B4C224FF440710DF033FB08B043
S214001F70BDE8104027F0A0B8912008B010BD00BF03
S214001F80EF11030030B50A4C0A4B22680A4D1A605E
S214001F9085B00A4B2B600A4B019303F0DFFB2B68DE
S214001FA0029001A92068039327F00EFE05B030BD0D
S214001FB0A41000209C3100209831002098100020AA
S214001FC016520300014B186827F012BEA41000201A
S214001FD038B5084D03F0C2FB2B680446D3F8B002B0
S214001FE003F0B0FB286827F016FE2046BDE8384010
S214001FF003F0A8BBA410002038B501F02FF90E4856
S2140020000E4D012100F076FD0122012411461046F6
S21400201001F046F8224621462046C5F8804001F0E9
S2140020203FF82046C5F884402246214601F038F89D
S214002030C5F88840002038BD30253E0000400E40E0
S2140020401E4B07B501225A641A6842F480721A6061
S21400205001A801F0C1FF9DF80530012B03D89DF8BB
S2140020600430022B0DD9164B4FF41872C3F88C228D
S214002070144AC3F89022144AC3F8F022134AC3F84D
S214002080F822134AD2F8A43143F4F843C2F8A43134
S21400209003F03AFB03F0EAFA03F0FEFAFFF7ACFFB0
S2140020A028F01DF900F0FCF803F0AEFB00F04EFB44
S2140020B003B05DF804EB04F005BA00BF00000E4064
S2140020C000400E409A6F0500180100040084320894
S2140020D000300E4008B512F09FFB024B00221A702B
S2140020E008BD00BF264E00200A46014927F06EB8FC
S2140020F0755203000A46014927F068B87252030079
S2140021000A46014927F062B86F5203000A460149A1
S21400211027F05CB86C52030008B500F083F8124B49
S21400212012498B4212D3124B124900208B4218D30D
S214002130FEF7F2FC186850F82240586840F8224033
S214002140013298688242F5D30C33EAE70022F8E7BA
S2140021501C6844F8220001325C68A242F8D30833B7
S214002160E4E70022F8E700BF60D903006CD903005B
S2140021706CD903006CD903000048704700F0490290
S214002180104AD2F8943003F00703023B032B13D80F
S214002190DFE803F00C14020E0B4B1B68D2F80001AC
S2140021A0C0F304200130B3FBF0F07047074BF4E7B0
S2140021B0074B1B685B08F1E7054BEEE74FF400435F
S2140021C0ECE700BF00400E40B0100020B410002026
S2140021D0A810002008B5FFF7D3FF054BD3F8083149
S2140021E0C3F308230133B0FBF3F0024B186008BDBD
S2140021F000400E40AC100020014B1868704700BF2E
S214002200B4100020054B1860054BD3F8943003F04B
S2140022100703022B01D1FFF7DDBF7047B410002083
S21400222000400E40044B054A9A60D3F8882042F4DA
S2140022307002C3F88820704700ED00E00000000040
S214002240014B1868704700BFB0100020114A916A11
S21400225001F1704303F5F813B3F5006F0CD2D2F812
S2140022602838A3F17E62A2F58432B2F5605F03D20D
S2140022700968094A914203D00023037083607047BF
S2140022801968064A9142F7D1012202709A684260A4
S2140022909B69F3E70000E10FAD1007B007B0CD5E15
S2140022A00F4BD3F82838A3F17E62A2F58432B2F53C
S2140022B0605F10B511D219680A4A91420DD10A4CD6
S2140022C0227812F0FD0F01D0002010BDDB69984780
S2140022D00028FAD101232370F6E74FF48170F4E763
S2140022E00000E10F07B0CD5E274E00204FF00053F0
S2140022F00B4A1A600B4A01239360136823F4E063C9
S21400230043F480631360BFF34F8F0749074BCA68D7
S21400231002F4E0621343CB60BFF34F8F00BFFDE7CC
S21400232002020FF000500E4000ED00E00400FA0537
S2140023300A4BD3F82828A2F17E63A3F58433B3F5BD
S214002340605F09D2126BA2F17E63A3F58433B3F506
S214002350605F01D253681847704700BF0000E10F66
S2140023600B4BD3F82828A2F17E63A3F58433B3F58C
S214002370605F09D2126BA2F17E63A3F58433B3F5D6
S214002380605F01D2936818474FF48170704700BFB2
S2140023900000E10F0E4B07B5D3F828280190A2F1F4
S2140023A07E63A3F58433B3F5605F0ED2126BA2F1A1
S2140023B07E63A3F58433B3F5605F06D2936901218B
S2140023C001A8984703B05DF804FB4FF48170F9E765
S2140023D00000E10F0B4BD3F82828A2F17E63A3F58B
S2140023E08433B3F5605F09D2126BA2F17E63A3F566
S2140023F08433B3F5605F01D2936918474FF4817058
S214002400704700BF0000E10F0B4BD3F82828A2F15D
S2140024107E63A3F58433B3F5605F09D2126BA2F135
S2140024207E63A3F58433B3F5605F01D2D3691847A2
S2140024304FF48170704700BF0000E10F0A4B10B4E4
S214002440D3F82848A4F17E63A3F58433B3F5605F20
S21400245005D2236B1BB15B6A5DF8044B18474FF43B
S21400246001705DF8044B70470000E10F0B4BD3F88A
S2140024702828A2F17E63A3F58433B3F5605F09D202
S214002480126BA2F17E63A3F58433B3F5605F01D2CD
S214002490936A18474FF40170704700BF0000E10FC1
S2140024A070B5144E1546D6F82828A2F17E63A3F51B
S2140024B08433B3F5605FE0B00C4617D2126BA2F11E
S2140024C07E63A3F58433B3F5605F0FD2536A694623
S2140024D04FF4C072984738B9D6F828381B6B2A468E
S2140024E0DB6A21466846984760B070BD4FF40170BD
S2140024F0FAE700BF0000E10F0A4BD3F82828A2F144
S2140025007E63A3F58433B3F5605F09D2126BA2F144
S2140025107E63A3F58433B3F5605F01D2136B18476F
S214002520012070470000E10F0D4B10B4D3F8284887
S214002530A4F17E63A3F58433B3F5605F0BD2246BFE
S214002540A4F17E63A3F58433B3F5605F03D2636BB7
S2140025505DF8044B184740F201105DF8044B7047D5
S2140025600000E10F0D4B10B4D3F82848A4F17E63A9
S214002570A3F58433B3F5605F0BD2246BA4F17E63BE
S214002580A3F58433B3F5605F03D2A36B5DF8044B09
S214002590184740F201105DF8044B70470000E10F49
S2140025A00B4BD3F82828A2F17E63A3F58433B3F54A
S2140025B0605F09D2126BA2F17E63A3F58433B3F594
S2140025C0605F01D2D36B184740F20110704700BF1E
S2140025D00000E10F70B5D0B1C9B10E4E431E0139EF
S2140025E013F8014F325D02F00302012A11F8012FA1
S2140025F0B55C05F00305204608BF04F12000012D58
S21400260008BF2032801A01D1002CE9D170BD01200C
S214002610FCE700BF57D803002DE9F041DFF86480DF
S214002620D8F86070D8F86C301F4000D5FEE7134C21
S21400263001260025374218D02368C8F86860A3B181
S214002640A16862680131A16028469847637B012B28
S2140026500BD150B90A4B03EB45131A7B60F34102CA
S2140026601A731A7F60F341021A770135082D4FEA74
S214002670460604F11004DDD1BDE8F081FC270020F9
S214002680FC26002000200E4070B50C4E04460125A6
S21400269004B970BD94FAA4F0B0FA80F006EB00120C
S2140026A005FA00F324EA03045368002BF0D0117BEC
S2140026B011B191689847EBE79847E9E77C28002036
S2140026C008B5122000F060FE28B1084B4FF48022B7
S2140026D0C3F880211A600A2000F056FE28B1034B8A
S2140026E04FF48062C3F880211A6008BD00E100E064
S2140026F038B505460C4626F0DFFE054B03EB051302
S21400270000225C601A73BDE8384026F0DBBE00BFCE
S2140027107C280020054BD3F82804D3F81C2410404E
S21400272000F05530C3F82404FFF7AEBF00A0004009
S214002730054BD3F82804D3F81C24104000F0AA3028
S214002740C3F82404FFF7A0BF00A00040024B19689E
S214002750024B186811F0C8B9B8100020D810002035
S21400276070B59400224605460E4626F0D5FF431C5B
S2140027700AD058B92246314628462EF078FC002862
S214002780034808BF002070BD0248FCE70248FAE78D
S21400279010E000F021E000F024E000F010B5044660
S2140027A001F05AFB431C10D088B901F033FC20F02E
S2140027B0030023462044984201D1002010BD53F860
S2140027C0042B0132F7D00348F8E70348F6E703483E
S2140027D0F4E700BF0EE000F021E000F024E000F097
S2140027E008B526F05EFE014B186008BD6C3100206F
S2140027F0014B186826F059BE6C3100202F4B002A7A
S21400280030B52F4C426B18BF1C462E4B0CBF002514
S2140028101025984232D1062907D8062907D8DFE8BE
S21400282001F00817402E06063600812939D000230D
S2140028301FE0254BD3F81012D3F81002D3F810324D
S21400284001F4FE4100F00F00014303F0F0030FE037
S2140028501D49D1F81032D1F81002D1F810121B0C15
S214002860090C01F0F00103F4FE430B43C0F30341EF
S2140028700B432240AB401343124A536330BD124908
S214002880D1F81432D1F81402D1F81412E7E70E4941
S214002890D1F81832D1F8181203F00F0301F0F00146
S2140028A0E6E7094BD3F81412D3F81402D3F814321F
S2140028B001F4FE4100F00F000143C6E7FFFF008071
S2140028C00080FFFF002000400080E00F0E4BB0F5B8
S2140028D0FA4F38BF4FF4FA40984210B5044628BF66
S2140028E01C4619B9094800F059FA0146631E0B4404
S2140028F0A342B3FBF4F028BF00F1FF307F2828BFC7
S2140029007F20C0B210BD00BF0024F4004041050087
S21400291070B5CD7804460E46002D36D129461F48A0
S214002920FFF7D4FF05460A23A3603278737843EA9C
S2140029300263B278120402F4FE0213432D023279C7
S21400294005F4FE452B430AB143F0100322685207F4
S21400295048BF43F004032360757926F0A2FD236880
S2140029605D4005F0C0055D40256026F09EFD2368AD
S2140029701B0611D50A4800F011FA0A4B9C420BD1EF
S214002980BDE87040084800F009BA03681906CAD4C2
S214002990064800F003FAC6E770BD00BF0024F40046
S2140029A0B80032000020004000B20400404105009C
S2140029B008B528B9074800F0F1F9012838BF01200A
S2140029C000F57420044B00F23F20B0FBF3F0013812
S2140029D0C0B208BD4041050040420F000C4B984273
S2140029E005D90C4B984210D80122012301E00022A1
S2140029F0134609490B640949D1F8003123F0807366
S214002A0043EA0263C1F8003170470222EDE700BFD7
S214002A100048E8010090D0030000C84300400E4084
S214002A200F4B5B680F4B30B500221C46C9B21D79B0
S214002A308D4202D11D6885420DD20132052A03F16E
S214002A400803F4D10321064A536823F0407343EA8F
S214002A500163536030BD04EBC2046179F3E700BF45
S214002A6000000E40F052030038B5074C41F67133B3
S214002A70256C2364FFF780FBADB20021FFF7D0FF83
S214002A800DB10023236438BD00000E40044BDB6B01
S214002A905B0604D4034AD2F8C830002BFBD170473B
S214002AA000300E400000C64308B5FFF7EFFF024BAC
S214002AB05868C0F3014008BD00300E40044BD3F800
S214002AC04421D20703D4D3F840211042FBD17047EB
S214002AD000400E4038B5064C256C41F67133236431
S214002AE0ADB2FFF79DFF0DB10023236438BD00BFD4
S214002AF000000E4038B5C0F30323013B092B11D864
S214002B00DFE803F0052710102B221D101511154DB8
S214002B10C0F3043405F1424505F5801504EBC50005
S214002B208000016038BD104DC0F30434F2E70F4D4D
S214002B30C0F304344FF48030FFF7C0FFEAE7C0F379
S214002B4004340B4D1020F7E7C0F30434094D012080
S214002B50F2E7094DC0F30434DCE7084DC0F3043453
S214002B60D8E700BF00400E4050410E40F0400E40F7
S214002B70E8400E40E0400E40C0400E40B0400E40E0
S214002B80C0F30313013B092B2AD8DFE803F0050B3B
S214002B900F1929291F23374B274BD3F80001C0F301
S214002BA004207047244BD3F81401F8E7224BD3F8DF
S214002BB00031C3F3006301330120984001387047A9
S214002BC01D4BD3F80C01C0F3082070471A4BD3F8FE
S214002BD00801F8E7194B984204D0194B984207D0E1
S214002BE000207047144BD3F8203103F00F03E3E7BF
S214002BF0114BD3F82031C3F30113DDE7114B984294
S214002C000CD003F5B01303F580539842E8D10A4B75
S214002C10D3F82831C3F301230433CDE7064BD3F8AA
S214002C202831E8E7084B9842DAD1034BD3F8300155
S214002C3000F00300704700BF00400E4080061600FC
S214002C4080162E0090171A00A009140000F00F003E
S214002C500138072852D8DFE800F004152251313930
S214002C6051412C4BD3F8943003F00703023B052B5D
S214002C7006D8DFE803F04B29410305450B207047D3
S214002C8005207047234BD3F8803003F00703013B41
S214002C90042B17D8DFE803F01830163638001D4B23
S214002CA0D3F8843003F00703013B042B0AD8DFE88F
S214002CB003F00B2303292B0006207047154BD3F88F
S214002CC08830E2E70120704703207047114B1B6FE6
S214002CD013F0010F0CBF0720092070470D4BD3F8E7
S214002CE05C3103F03003202B10D0302B10D0102B8B
S214002CF00CBF072001207047022070470020704755
S214002D000C2070470A2070470D207047042070473B
S214002D100820704700400E4008B50146FFF796FFB2
S214002D201A4B994212D01A4B994213D0194B99421A
S214002D3004D1194BD3F8800000F0070001380428AE
S214002D4022D8DFE800F00B0F17130B00124BD3F856
S214002D508400F1E7104BD3F88800EDE7BDE80840A3
S214002D6026F0D2BABDE80840FFF76ABABDE80840C8
S214002D7026F0CDBAFFF704FA074BD3F80031C3F3B9
S214002D8000630133D84008BD0020FCE703002000A4
S214002D900500240002001E0000400E4000F47813D8
S214002DA0B3F5B01F10B5044674D025D8B3F5402F40
S214002DB05ED010D8B3F5802F49D005D83BB1B3F517
S214002DC0003F4FD0002010BDB3F5202FFAD1BDE84C
S214002DD01040FFF7D5B9B3F5801F00F08480B3F537
S214002DE0A01F4DD0B3F5602FECD14A48FFF72EFF59
S214002DF0072878D00928E9E7B3F5381F53D013D849
S214002E00B3F5001F58D00AD8B3F5D01F56D0B3F587
S214002E10F01FD7D14048BDE81040FFF77DBFB3F59F
S214002E20101FCFD13D48F6E7B3F5481F4DD0B3F598
S214002E30781F65D0B3F5401FC4D13948FFF76CFF43
S214002E40384BD3F82831C3F30123043320E0FFF7CF
S214002E5097F9344BD3F80C31C3F308230133B0FB96
S214002E60F3F0B0E7FFF78CF92E4BD3F80831F3E711
S214002E70FFF786F92B4BD3F81431C3F30423EDE7A1
S214002E802648FFF749FF274BD3F8303103F00303FA
S214002E90D84098E72048FFF73FFF224BD3F8203171
S214002EA003F00F03F4E71C48FFF736FF1D4BD3F87B
S214002EB02031C3F30113EBE71948ACE71848FFF7D6
S214002EC02BFF184BD3F82831F3E71748FFF7BEFE61
S214002ED0072808D0082809D004287FF473AFBDE877
S214002EE01040FFF789B9114B18686CE7FFF748F9EF
S214002EF00C4BD3F80031C3F3042303FB000062E756
S214002F00FFF73EF90146204626F0C6FAB1FBF0F080
S214002F1059E700BF06000E0002001E000500240050
S214002F200300200000400E40B8003200DC100020F5
S214002F3010B5FFF799FD094B07225A67FFF720F9EE
S214002F40FFF74CFDFFF746F90446FFF7ADFD0146D7
S214002F502046BDE81040FFF7BDBD00BF00400E4054
S214002F60014B1880704700BFE414002010B50428F9
S214002F7013D8DFE800F047032F132100294AC1F3D6
S214002F800801D2F86838002BFBD1274A136A23F4CD
S214002F90FF7323F001030B43136210BD214A01F0B7
S214002FA07F01D2F86038002BFBD11F4A136923F04B
S214002FB07F030B431361F0E71A4A01F07F01D2F852
S214002FC06438002BFBD1184A936923F07F030B4328
S214002FD09361E2E7144AD2F89030536A23F0300344
S214002FE043F010035362146B104BC1F3C31003304D
S214002FF00F2803EA040328BF0F200B4343EA00739D
S2140030001363CAE74F29074A28BF4F21D2F87438FE
S214003010002BFBD1044A936B23F07F030B4393638F
S214003020BBE700BF0020C84300400E4000F8FF0F7B
S214003030104A536A13F0300F18D0202913D03029C5
S21400304014D000290C4B08BF4FF44003D2F8901060
S21400305033EA0101FAD15B0246BFD2F8A000C0F302
S2140030608020012070474FF40003EFE74FF4400341
S214003070ECE700BF00400E40FFF3E17F02280AD1D4
S21400308029B1064B4FF48060C3F8A800596612B108
S2140030900220FFF7CDBF0120704700BF00400E4062
S2140030A0F7B507460C461546072800F28680DFE887
S2140030B000F029303C413684840401A800F08CFFDF
S2140030C09DF80530012B03D89DF80430022B18D943
S2140030D0002C74D14FF400410E240F2347480122E0
S2140030E00166A240D0F890101142FBD1002D64D0AA
S2140030F00122424902FA03F3D1F890201A42FBD18A
S2140031005BE0FEE7002960D14FF400710824092334
S214003110E4E700295ED1802106240723DEE70029A4
S2140031205CD1202104240523D8E741B908210224D4
S2140031300323D3E7002955D102210123CEE72F4AE6
S214003140536A13F0300F51D12D4BDB6B536ADB07FC
S21400315041BF536A23F0300343F010035362042642
S21400316002230321254A1666264A13449B00186844
S2140031700028FCD00DB311448D002B68002BFCD02A
S214003180022F1AD1CCB11D4C616A11F0010131D069
S214003190012220213846FFF771FFD4F89C700122E7
S2140031A000210220FFF77CFFC7F30A010220FFF789
S2140031B0DDFE26662B68002BFCD003B0F0BD4FF476
S2140031C080460E230F210024CCE74FF48076082398
S2140031D00921F8E7402606230721F4E710260423F2
S2140031E00521F0E7012600233146ECE704260223FA
S2140031F00321E8E73846FFF71BFFCEE700400E4006
S21400320000300E408004F21010B50246B8B9012214
S2140032101146FFF745FFFFF727FC0F4B04225A67BE
S214003220FEF7AEFFFFF7DAFBFEF7D4FF0446FFF724
S2140032303BFC01462046BDE81040FFF74BBC01288A
S21400324007D10146FFF72CFFFFF70EFC024B0322C7
S214003250E5E7FFF709FCE3E700400E4038B5FEF768
S214003260CBFF0021044600F0ADFA1248FFF7B6FB8C
S214003270012211460220FFF713FFFFF7F5FB0CB102
S214003280FFF704FC0C4B02225A67FEF779FFFFF7A4
S214003290A5FBFEF79FFF0546FFF706FC01462846FE
S2140032A0FFF718FC2CB920460121BDE8384000F095
S2140032B089BA38BD0148E80100400E40012210B529
S2140032C011460320FFF7ECFEFFF7CEFB084B052266
S2140032D05A67FEF755FFFFF781FBFEF77BFF0446B4
S2140032E0FFF7E2FB01462046BDE81040FFF7F2BBC1
S2140032F000400E4010B504461120FFF7A7FC002141
S21400330001220220FFF7CCFE184A217C536A23F0E4
S2140033100103022908BF43F001035362144B2178CE
S214003320C3F8A014637AA18843EAC123D362136B5F
S214003330A07A217A03F07F630343E08843EAC02340
S21400334043EAC11303310F2928BF0F2143EA017353
S2140033501363A37B617B1B0143EA0133E17B0B43D1
S214003360217B43EA0143536310BD00BF00400E407B
S2140033700000C843034B5868C0F30800003818BF65
S2140033800120704700ED00E04209054B53F822305B
S21400339000F01F0023FA00F0C04300F00100704761
S2140033A000E100E0034BD86B80F04000C0F38010D3
S2140033B0704700BF00300E4042EA0322B2F5007F9D
S2140033C010B5194C29D00AD8B2F5807F22D040F229
S2140033D001139A4215D062B9D4F81C320BE0B2F54C
S2140033E0407F1DD040F201339A4210D0D4F82832E4
S2140033F001E0D4F82432C3F30722DBB203600A608C
S21400340010BDD4F824321A0EC3F30743F6E7D4F8F7
S2140034102832F8E7D4F81C32F5E7D4F82032EAE789
S214003420D4F82032EFE700BF0081E00F08B5FFF7C1
S214003430B9FF20B1024AD2F8C830002BFBD108BD34
S2140034400000C64308B5FFF7ADFF80B1FFF7EEFFFB
S214003450074B19685A68C1F30121C2F30142914231
S2140034601A688CBF42F0100222F010021A6008BDE3
S21400347000300E40064B1B68DB0608D5054B1B6963
S214003480C3F30443082B02BF034B044A1A60704779
S21400349000300E4000400E40A8100020C0EA210177
S2140034A070B5FFF77FFF38B12D4B1A781023C2F1A5
S2140034B0020293402B4A13612B492C4DD1F88041D0
S2140034C045F60E03C1F880312B6823F0AA03DB050E
S2140034D0DB0D0B66FFF7AAFF224B1B68D80604F02D
S2140034E0010415D5D1F84031DA01FBD4204B1B6816
S2140034F00B61204B1B78052B0AD11F4B1E68FFF76C
S21400350095FF184B59683046C1F30141FFF7E2FAC0
S214003510184B1B78023B0A2B0AD8DFE803F0061587
S214003520170909090909091A1D000020FFF76CFE92
S2140035302B68DB075EBF0C4B02221A661CB10A4BD7
S2140035400022C3F8802170BD0120EFE7FFF786FE5A
S214003550EEE7FFF7B3FEEBE7FFF7EAFCE8E700BFAE
S214003560284E002000300E4000400E4074310020EF
S21400357070310020294E0020A810002010B50B4CFA
S2140035800B4BD4F890201A601120FFF75FFB094B15
S2140035901870FFF74BFF084B084A5B68C3F30143FC
S2140035A01370074B22691A6010BD00BF00400E4022
S2140035B074310020294E002000300E40284E002096
S2140035C070310020064942780B6823F4407343EAC2
S2140035D00223022A0B6004BF024B5B6A704700BFDF
S2140035E000300E4000400E4038B5054608B1FFF7E3
S2140035F0C5FFFFF727FF1A4A136943F00403136158
S21400360026F074F826F073F8164B174AC3F82424ED
S21400361003F559231B68DB0614D525F042FF2DF071
S214003620ABFD25F042FF26F063F8104C03F0B8F926
S21400363055B1FFF735FFD4F84C3123F00043C4F8FA
S2140036404C3138BD30BFEEE7FFF714FFD4F84C31ED
S21400365023F00043C4F84C31BDE83840FEF7BABD4D
S21400366000ED00E000A000400000FFFF00300E402C
S21400367038B5054608B1FFF781FFFFF7E3FE1F4B9D
S2140036801F4CD3F8802145F60E01D207C3F88011EF
S21400369048BF00224FF42071196648BFC3F8802146
S2140036A0184A136943F004031361174B174AC3F80B
S2140036B0242426F01BF82368DB0611D525F0F1FE3E
S2140036C02DF05AFD25F0F1FE03F06AF955B1FFF72B
S2140036D0E7FED4F84C3123F00043C4F84C3138BD33
S2140036E030BFF1E7FFF7C6FED4F84C3123F00043B5
S2140036F0C4F84C31BDE83840FEF76CBD00400E40C3
S21400370000300E4000ED00E000A000400000FFFF8B
S2140037100E4A0379916921F03F010B43017843EA91
S2140037208103417843EA4103817843EAC103C178C3
S214003730012908BF43F0010393611368417923F41C
S214003740403343EA01431360704700BF00300E4029
S2140037502DE9F04104460D46FFF724FE60B3DFF87E
S2140037606080FFF763FED8F80430C3F301439C4241
S21400377022D0124BD3F80031FEF702FD022C07468A
S2140037804FF0100609D12146FFF7A4F9C8F81060DB
S21400379095B1BDE8F041FFF749BEC4F102039E4073
S2140037A0C8F810600DB1FFF741FE2CB92146384627
S2140037B0BDE8F041FFF78EB9BDE8F08100400E404D
S2140037C000300E4038B505460C46FFF7EBFDB8B1A5
S2140037D045B90C4BD3F80051FEF7D2FCC5F30425CF
S2140037E005FB0005084B1B7821463BB1074B9D4265
S2140037F004D80220BDE83840FFF7AABF0020F9E74A
S21400380038BD00BF00400E402A4E0020002D31017A
S214003810034B02781A7001210020FFF7D3BF00BFC8
S2140038202A4E0020174B4AF6E85210B5596B5A63D9
S2140038309A6FD407FCD41B6C13F0030306D0124A0D
S21400384001249842C2F8B44A05D110BD18B90E4BEF
S214003850C3F8B40AF9E70B4B9A6FD207FCD41A6C7C
S21400386022F0030202431A649A6F12F00102FBD19F
S2140038700038054C18BF01200129C4F8B40A08BF57
S2140038805A63E2E700300E400000C6432DE9F04FD1
S21400389000238BB0CDE90433CDE90633CDE90833F8
S2140038A0A0F5E163B3F5966F05460191934603D9FB
S2140038B000200BB0BDE8F08F624BDFF88C81D3F8A8
S2140038C01842B0F5E16F15BF4FEA146AC4F3072A31
S2140038D0C4F30744E4B20694CDF824A0D8F84C60AC
S2140038E0C6F301768CBF01220022334607A904A83E
S2140038F015BF4FF4E1674FF496674FF496694FF49F
S21400390016790392FFF758FDD8F8E030039AC3F310
S214003910012308A905A80293FFF74EFDA5EB070CA7
S214003920AAEB04020CFB02F2B2FBF9F21444544573
S214003930079F0498089A0599BAD8A2EB010E0CFBCB
S2140039400EFEBEFBF9FE11EB0E012CBF4FF0010E72
S2140039504FF0000E8A42ABD3BEF1000FA8D13A1A40
S2140039600CFB02F2B2FBF9F280182CBF01220022F7
S21400397087429DD3002A9BD1029BBBF1000F0FD03C
S214003980D8F85C20B5F5E16722F4FE4218BF01279F
S21400399022F0020242EA470242EA0422C8F85C2009
S2140039A0019A0AB9012084E7264A022ED2F830226C
S2140039B03ED0032E3FD0012E14BFD2B2C2F3072250
S2140039C0120312F4702F7FF473AF1F4EF46E24F4BC
S2140039D070442243F2661B4A022BD2F830222CD0C7
S2140039E0032B2DD0012B14BFD2B2C2F30722120331
S2140039F012F4702F7FF45CAF134CD4F8E03023F44D
S214003A0070431343C4F8E030636E884238BF0846FC
S214003A1023F4FF73E72823F0010328BFE720B5F55A
S214003A20E16F18BF43F0010343EA40036366B9E75A
S214003A30C2F30742C4E7120EC2E7C2F30742D6E754
S214003A40120ED4E70081E00F00300E402F4B1A6FA5
S214003A50D96C11F0010F02F0060242D0002A40D0C5
S214003A6013284FD9143813288CBF1023082327494E
S214003A70013BCA6C180322F47F4240EA0323134337
S214003A80CB64234BCA6C1B88C2F303222833013253
S214003A9002EB820003EB5303B3FBF0F3C86C013B6D
S214003AA0072B28BF072320F0EE6040EA036343F4A9
S214003AB08013CB64174BB3F90030002B10DB283390
S214003AC0500800EB420203EB5303B3FBF2F30A6D1C
S214003AD0072B28BF072322F0700242EA03130B6568
S214003AE07047D96C01F00101114304D1092809D9A6
S214003AF00A380928B8E7DB6C13F00103B7D01AB907
S214003B002728B1E70423B2E70023B0E700300E40D1
S214003B10CE490020CA490020064A074BD3F8803910
S214003B20136F23F0070303431367044B1888FFF74C
S214003B308DBF00BF00300E400000C643CC490020B9
S214003B402DE9F041C288B0F808808588B0F90C608D
S214003B5047784A2A04464FD9B2F5FA7F4ED340F644
S214003B60C3139A428CBF4FF040524FF00052284980
S214003B70CB6C23F0405323F00103002EA8BF43F084
S214003B8001031343CB64D1F8E03043F44073C1F82B
S214003B90E030204B1D80CB6E43F08073CB661E4B0F
S214003BA0D3F8800900B10420FFF7B6FF1B4BA3F83B
S214003BB000801B4B28461E80FFF748FFA37B03B3FD
S214003BC0012B22D0012260881146FFF75FFE0546D2
S214003BD078B10F4AD36B43F48063D3633846FFF75C
S214003BE021FEA37AA3F12002534253410A4AC2F8A7
S214003BF094372846BDE8F0810022B8E74FF080529F
S214003C00B5E7034B074A9A65DCE7014B064AFAE735
S214003C1000300E40CC4900200000C643CE490020AC
S214003C20CA49002077402057372110B7072AF8B531
S214003C3001F0030614461F464FF00F011FD89500EB
S214003C4000FA05F2A940154825F057FD032114484F
S214003C5006FA05F2A94025F050FD12499DF81830E5
S214003C60114A214489000F60C1F880300123A34027
S214003C70C2F824349DF81C30C1F80033F8BDA2F118
S214003C800805AD0000FA05F2A940084825F035FD04
S214003C900321074806FA05F2A940DCE700A4004025
S214003CA008A400408020851000A0004004A4004026
S214003CB00CA4004000EB4000F8B50D461F4604017A
S214003CC016463AB1154801238B402044C7B100F18F
S214003CD0C0600360072D4FF00F0114D8AB001048EA
S214003CE006FA03F29940204425F007FD3EB90B4A38
S214003CF00123AB40224477B102F1C0621360F8BDE5
S214003D0000F18060E5E7A5F108039B00054806FA88
S214003D1003F29940E7E702F18062EFE70CA000406B
S214003D2004A0004008A00040054B5A685B68054B9D
S214003D3041F671321A649A6822F001029A6070475E
S214003D4000300E4000000E40034B9A6822F001023D
S214003D509A6000221A64704700000E40094A0A4B17
S214003D60D969C90705D512B96FF002007047013A44
S214003D70F6E7002AF8D001221861DA60D86940F325
S214003D80800070478096980000000E4070B509B914
S214003D90002070BD0E4A0023082550F82340946189
S214003DA00C4CD5600133D669F60705D514B96FF00B
S214003DB00200EEE7013CF6E7002CF8D0D469A40731
S214003DC002D49942E9D1E3E76FF00100E1E700BFD2
S214003DD000000E40809698002DE9F8431C4B0D46D7
S214003DE041F671311E6C19641A4980464868496864
S214003DF0996841F00101B6B2996097084FF0000942
S214003E00B94501D3002005E008EB89042046FFF7FA
S214003E10A5FF48B10E4B9A6822F001029A600EB1D7
S214003E2000221A64BDE8F883C4F30A01C1F50061F4
S214003E308908A7EB0903994228BF19462846FFF7C9
S214003E40A5FF0028E6D1894405EB8105D8E700BF29
S214003E5000000E4000300E40234B41F671311A6CC4
S214003E6010B5196421494C684968996841F0010108
S214003E70996001211861D960D9694C0792B209D5B9
S214003E80996821F0010199600AB100221A644FF086
S214003E90FF3010BD0221D9601549D869C00700D58A
S214003EA069B9D86910F002000BD0996821F00101B9
S214003EB099600AB100221A646FF00100E9E701393F
S214003EC0EBE741B9986820F00100986002B11964E8
S214003ED06FF00200DDE7996821F0010199600AB9E8
S214003EE00020D6E71864FBE700000E4000300E40C6
S214003EF080969800014B01229A60704700500E4051
S214003F00134B1449F0B500225D68134E1046D6F8E0
S214003F10E8714C680B687F070BD4B3F5006F06D0CA
S214003F2012D8B3F5007F02D0B3F5806F01D144F408
S214003F3080742B4202D02C4208BF18430132092A53
S214003F4001F10801E3D1F0BDB3F5803FEEE700BF15
S214003F5000500E40185303000040E00F8B784A785C
S214003F609B0143EA82030A781343CA7843EA0213A2
S214003F700A7943EAC2234A7943EA02338A7904304B
S214003F8043EA42430001014A1350704700200440B0
S214003F90014B1860704700BF000084424378827867
S214003FA09B0043EA021302781343C27843EA4213A3
S214003FB0027943EA0223427943EA0233827943EAEA
S214003FC0C233C27943EA0243027A43EA4243014AD1
S214003FD013607047002004400D4AD2F8E430D2F84F
S214003FE0E0109B0003F03C03C1F381110B43837088
S214003FF0D2F8E03003F03F034370D2F8E830D2F84E
S214004000EC2003F0F003C2F303121343037070476F
S21400401000FF0FE0044BD3F8E4301B0E0A3303F026
S2140040201F030120984070470081E00F38B5044612
S2140040302AF06DF80FCC044D0FC594E80F0085E804
S2140040400F00002038BD00BF7831002047F6FF7310
S2140040509A42F0B572D0062972D83A4B5B5C022BB6
S2140040606ED8394D05EBC304DF00A17815F8333060
S214004070012938BF0121012B13D1E0780025401A11
S214004080A84202D80844C0B2F0BD431BA0EB5303BD
S214004090666836F913609642CCBF03F1FF301D46C2
S2140040A0EEE760680028EFD0B0F90040944204DBE9
S2140040B0B0F902409442B8BF14468388FF2B04BF71
S2140040C0B0F90620B0F908C03D440FBF012600260F
S2140040D0C8224FF0280C131B93FBFCF333446E7876
S2140040E01BB29E4201DD002B01DA731E1BB20133A8
S2140040F09BB24FF47A7C071D5D1E2DB24FEAC50EAB
S21400410000EBC5059E42EA88AD6814FB025222EA1F
S214004110E27202F15C02B2FBFCF205DD37F83350C6
S214004120954203F10103E7D200EB0E039888904214
S21400413028BF1046884238BF0846A4E7FF20A3E7FA
S2140041400020A1E760530300783100200629F0B56F
S21400415061D8324B595C02295DD8314B13F83100D7
S214004160012816D103EBC1039C78D8785B68012C34
S214004170214638BF0121904294BFC1EB0001C1EB3C
S2140041800201CAB2001B8242C8BF002233F91200E5
S214004190F0BD002A3DD003EBC103596800293AD090
S2140041A09878904202D3B1F90200F1E7DC78B1F9D1
S2140041B000009442ECD95C788B88A3F1FF06013CA2
S2140041C0734201F10405E4B2734101F10C07DEB25B
S2140041D0B44216D805EBC3034FF47A75B3F9024020
S2140041E05B686A43D21A04EBD47302EB630292FB59
S2140041F0F4F29042CCDBB1F902009042C8DC10B277
S214004200C6E737F833C0944503F10106E2D33346D8
S214004210DDE70448BCE70448BAE700BF6053030084
S214004220783100200CFEFFFF0080FFFF08B5044831
S214004230FFF7FCFEBDE80840012029F08DBF00BF57
S214004240685303007FB51422002101A82CF039FF23
S214004250044B029301A94FF0FF3029F0B9FF07B0D5
S2140042605DF804FB006A1800024B03480122C3F8FD
S214004270002670470010C84300000F40094B9842C4
S2140042800ED003F58063984209D10122064B03EB5A
S214004290C2035A68054B13449B0000221A607047FD
S2140042A00022F3E700000F40205403008005F210C0
S2140042B010B504462369DB07FCD404F1800025F022
S2140042C048F9014B236510BD510545012DE9F04322
S2140042D0064689B0174698460C4600294DD1FFF78A
S2140042E0C3FF01460446304625F086FA4FF0010922
S2140042F096F86C5006F15C01C5F10F06C5F10E0389
S214004300F6B22A460DF1010001358DF800302CF08A
S214004310FEFE324600210DEB05002CF0D2FEC6F163
S214004320100001233246002168448DF80F302CF02F
S214004330C8FE25F0B6F804F1800605466946304604
S21400434025F007F90E4B23652369DB07FCD404A987
S214004350304625F01BF9284625F0A7F8424604A962
S21400436038462CF0D4FEB9F1000F02D02046FFF7F5
S21400437085FF002009B0BDE8F0834FF00009B7E7DD
S214004380055101002DE9F04F89B00546DDF848904B
S21400439016461F460C4639BBFFF766FF0146044625
S2140043A0284625F029FA4FF0010B6B6C33446B64FA
S2140043B025F077F88246D6B9504625F076F8BBF158
S2140043C0000F0ED025F06DF805F14C01064604F1FD
S2140043D0840025F0DBF8304625F067F82046FFF726
S2140043E04DFF09B0BDE8F08F4FF0000BDDE72B79ED
S2140043F0102EB04628BF4FF01008012B0DD110220A
S214004400002168462CF05DFE3946424668462CF090
S2140044107EFE69462046FFF74BFF394604F18C00C6
S21400442025F097F8124B2365012363652369DB07A4
S214004430FCD404A904F1800025F0A8F804A942469B
S21400444048462CF064FE297961B9102268462CF0A3
S21400445038FE4946424668462CF059FE69462046D4
S214004460FFF726FFC1444744A6EB0806A3E700BFB4
S2140044704805590370B5048804F4E043B3F5005FBB
S21400448005461ED1C4F30223042B1AD181F0AA6379
S21400449083F4807333F47E13204821F47E1618D0FC
S2140044A081F0AA6383F4007333F47E1311D086423E
S2140044B030D1B4F5105F0CBF6FF086006FF085004A
S2140044C070BDB4F5105F25D1144B21F47E119942CE
S2140044D0F1E786424FEA1143C1F305411AD1B4F51C
S2140044E0105F17D104390C2911D813F001000ED132
S2140044F0073A062A0BD86B88C02B0BD0B3F5807F03
S214004500DED0802B0CBF00206FF08600D8E76FF05F
S2140045108600D5E76FF08500D2E700BF00014005B2
S2140045202DE9F04FA7B0DDE93475DDF8D880DDF869
S214004530EC90089206461C468A4629B96FF0860219
S214004540104627B0BDE8F08F0028F7D0309B002B30
S214004550F4D0329B13B9339B002BEFD1002F7DD1C3
S214004560002DEBD1389B002BE8D0B9F1000FE5D039
S2140045703A9B002BE2D0399B002BDFD0338803F424
S214004580E042B2F5005F74D1C3F30222042A70D170
S21400459084F0AA6383F4807333F47E1306D084F029
S2140045A0AA6383F4007333F47E136BD1C4F305431C
S2140045B0319AC9F80030214630460993FFF75AFF72
S2140045C002460028BCD17288089BB3EBD20F4FEA94
S2140045D0D20BB3D3379B9D425FD83A9A099B93423E
S2140045E05BD8474508D27B19984505D239462A46F6
S2140045F040462CF04CFD4746702200210AA82CF0BD
S21400460060FD5A4651460DF12D00CDF850B02CF005
S2140046107EFD234B24F47E149C423BD13388B3F5B5
S214004620105F37D1D9F800300693399B0397CDE950
S2140046300483339B0293329B0193319B00932A465B
S214004640309B01210AA825F0F2F90246E0B9389B12
S2140046501D6070210AA825F0E2F971E7002D81D0CF
S214004660B8F1000F3FF46AAF379B002B7FF47AAFA8
S21400467064E742F20402934204D184F0052383F4F3
S214004680801390E7002393E7389900230B60C9F85E
S2140046900030DEE76FF08502DBE76FF089024FE758
S2140046A0000140052DE9F04FABB0DDE938A4DDE9A7
S2140046B03B658946099298460746002800F0A28086
S2140046C0002900F09F80349B002B00F09B80369BD7
S2140046D01BB9379B002B40F09580BAF1000F02D132
S2140046E0002C40F08F801DB93D9B002B40F08A8047
S2140046F03E9B002B00F086803A9B002B00F08280C9
S214004700359A41463846FFF7B5FE0246002866D180
S2140047107A88099BB3EBD20F4FEAD20B72D33D9B3C
S2140047209C4272D8AA4509D20AEB0402954205D2E9
S2140047305146224628462CF0AAFCAA4670220021A2
S2140047400EA82CF0BEFC5A4649460DF13D00CDF8A9
S21400475060B02CF0DCFC2E4A28F47E180021904530
S214004760CDE90A11CDE90C1149D13A88B2F5105FAE
S21400477045D1379B0293369B01930AAF359B009336
S2140047802246CDE90457349B0696CDF80CA00EA819
S21400479025F04DF90246C8B93A9B384603EB060C9D
S2140047A090469C451FD11EB13146384625F037F954
S2140047B0B8F1000F20D03E9A002313601CB12146AA
S2140047C0284625F02CF96FF0940204E01EB131461D
S2140047D0384625F024F970210EA825F020F9104659
S2140047E02BB0BDE8F08F10F8011B13F801EB81EA3F
S2140047F00E0148EA0108D4E73E9B1C60EBE76FF029
S2140048008502E8E76FF08602E9E76FF08902E6E7DF
S214004810000140052DE9F04F8FB09846DDF86CA0FA
S214004820049093460023B8F1000F16D0D8F8004045
S2140048301029CDE90633CDE908330CBF0823102331
S214004840029300255D450AD3B8F1000F01D0C8F8E1
S214004850004000200FB0BDE8F08F4446E8E75CB1AA
S214004860199B1A9A1B5D525D013453400AF80530B5
S21400487004F00F040135E5E7FFF7F6FC4FF440437C
S21400488044600360064624F00CFE029A049907462C
S214004890304624F0B0FE06F18403184618990193BA
S2140048A024F057FE3846ABEB050724F0FEFD27F054
S2140048B00F0706F1A0032F440593AAF11009BD4285
S2140048C034D11A9B3B440AAD03F1100C18685968A2
S2140048D02A4603C2083363451546F7D10F2F0ED973
S2140048E00AEB070306AD103B0DF1280C2A4603CA57
S2140048F0624518605960154603F10803F6D106F1C3
S214004900800357440AEB0B0903934F4536D124F036
S214004910C8FD18990546019824F038FE284624F06C
S214004920C4FD3046FFF7AAFC5D468BE724F0B9FDD0
S214004930224B039033653369DA07FCD41A9B05983B
S214004940591924F006FE0F2D0ED90DF1180C09EB9F
S21400495005020DF1280E634603CB734510605160C7
S2140049609C4602F10802F6D106A906F1800024F062
S2140049700DFE039824F099FD1035A0E774B924F0D5
S21400498090FD0E4B336505463369DB07FCD4039870
S214004990199924F0FBFD284624F087FD04F138031E
S2140049A00DEB0302199B12F8102C1B5D01345340CB
S2140049B007F8013B04F00F04A7E700BF4805030112
S2140049C02DE9F74FDDF848A0DDE90E74DDE9106843
S2140049D083461D46894621B96FF0860003B0BDE8C0
S2140049E0F08F002AF8D00FB9002CF5D116B9B8F11F
S2140049F0000FF1D1BAF1000FEED02E4B9D4215D02C
S214004A000BD82D4B25F4807199420FD003F58063A7
S214004A109D420BD06FF08500E0E7284B9D4205D005
S214004A2025F40071A3F580739942F2E7BBF80030D5
S214004A30B3F5105FEED1BBF80230B2EBD30FE9D37B
S214004A40802B02D0B3F5807FE4D124B3B7420AD2DC
S214004A503B199E4207D24445BED8394622463046C8
S214004A602CF015FB3746164BBBF802B09D424FEABA
S214004A70DB0BCFD14445AFD814F00F05ACD173197A
S214004A80009301227B195946484625F009F830B9AB
S214004A901035AC42F3D8CAF8004000209EE74246E4
S214004AA0002130462CF00DFB0023CAF800306FF0D2
S214004AB0920093E70010C004004040040012C004B7
S214004AC0004440042DE9F04F91B0DDE91A4ADDE9D3
S214004AD01C56DDF8789007469B46884629B96FF045
S214004AE08608404611B0BDE8F08F002AF7D014B90A
S214004AF0BAF1000FF3D10DB9002EF0D1B9F1000FC5
S214004B00EDD0574B9B4515D00BD8564B2BF48071E8
S214004B1099420FD003F580639B450BD06FF0850854
S214004B20DFE7514B9B4505D02BF40071A3F580734E
S214004B309942F2E73B88B3F5105FEFD17B88B2EB82
S214004B40D30FEBD3802B02D0B3F5807FE6D1BAF13A
S214004B50000F04D1C9F800A04FF00008C1E7AC422E
S214004B600BD204EB0A039D4207D2B245B7D82146C2
S214004B70524628462CF08BFA2C46394B7F889B45AC
S214004B804FEAD70758D003F540739B4521D0374BE3
S214004B909B45C3D1B245A2D81AF00F0B9FD1404611
S214004BA03B4608AA394624F0B5FF8046002898D12F
S214004BB005EB0B030093002204EB0B03394608A811
S214004BC024F06EFF804670BB0BF1100BDA45EFD871
S214004BD0C0E7AAF10D0AB2453FD801238DF8103080
S214004BE00DF11102234604F10C0153F8040B42F8B0
S214004BF0040B8B42F9D11B7813704FF48073ADF819
S214004C001E300D3404ABCDE900334046CDE90245F5
S214004C10002352463946FFF7FDFDC9F800A080463E
S214004C2000283FF45EAF3246002128462CF049FAB1
S214004C300023C9F8003054E7AAF1100AB2453FF63F
S214004C404EAF04AA04F1100C20686168134603C333
S214004C50083464451A46F7D1D4E76FF0890840E770
S214004C600010C004004040040012C0040044400489
S214004C7010B54FF42F72044600212CF022FA802340
S214004C80C4F88C30054BC4F88430012384F888308F
S214004C9004F19C00BDE8104024F03CBB30540300F7
S214004CA010B5D0F8A0400A4684B925F03EF904466F
S214004CB010B90024204610BD2D2896BF064B074984
S214004CC053F82010064825F077FAF3E7D0F8A4103A
S214004CD01046A047EDE700BFDC5403003A5403003B
S214004CE013B00300F8B590F88060044616B10026AD
S214004CF03046F8BD24F04AFF0028F8D1012384F896
S214004D00803094F8883033B1D4F88410194884F889
S214004D10886025F051FA4FF0FF37D4F8B402421CF1
S214004D201CD0C4F8B47210F0FF0520D0204624F042
S214004D302AFF2946204600F0AFFB0028EDD020468B
S214004D4024F02FFF94F888306BB1D4F8841009480B
S214004D5025F032FA002384F8883004E025F011FAB2
S214004D60431CE0D10126002384F88030C0E70126EA
S214004D70D3E700BFE3710300F8B50B78302B044689
S214004D800D46164604D14B7803F0DF03582B11D09E
S214004D90284F6A1E12F8011F002935D128460A221C
S214004DA024F0D8F8202C03460D4632D1B1FA81F013
S214004DB040091BE04A1C1F4912F8013F93B92846D8
S214004DC02CF0B3F91C4B2340032BA0F1020012D1A8
S214004DD00134A41084420AD1A87837288CBF00205A
S214004DE0012003E0CB5C13F04400E5D1F8BDCCBF56
S214004DF001200020FAE7002CB8BF0334B0EBA40F64
S214004E00D4BF01200020F1E77B5C13F00400C1D181
S214004E10ECE726B1084302D0013B61F10005012210
S214004E20A240013A1A40002D08BF9A420CBF01204A
S214004E300020DBE757D8030003000080F0B50378B6
S214004E407B2B014617D10D4F06460224002216F88A
S214004E50015F7D2D05D10B5D6BB9D24302F00100D9
S214004E6008E07B5D13F0440002D001320134EEE727
S214004E70202DFBD0F0BD0020FCE700BF57D8030074
S214004E8070B506460D462CF050F90446304625F01F
S214004E9093F9044EAC4200D370BD304625F08CF931
S214004EA00134F7E7106C03002DE9F84F04460221A1
S214004EB06048FFF7E5FF1E212068FFF7E1FF636803
S214004EC0586825F079F95C4825F076F967683B7BE9
S214004ED0FD2B12D8D7F80880DFF85891DFF8B4A178
S214004EE0DFF870B140462CF020F90C3706464FF03C
S214004EF0FF3417F8013BFF2B01D1BDE8F88F212BBB
S214004F0014D8212B14D8DFE803F0178C8884807C13
S214004F1078741313131313131313706C6864605CA4
S214004F2058541313131313131313504CFE2B34D06F
S214004F3006B10134414D02E006B10134404D022174
S214004F404846FFF79DFF1E214846FFF799FF50464B
S214004F5025F032F9594628462CF0CFF83949002872
S214004F6018BF2946384825F027F93B78202B02D170
S214004F702B2025F015F9354825F01EF94EB118F806
S214004F8004301F2B05D018F804001F2801D0B442A7
S214004F904BDB294825F010F9ABE706B101342C4D60
S214004FA0CDE706B101342B4DC9E7002EA1D0013460
S214004FB09FE706B10134284DC1E706B10134274DFD
S214004FC0BDE706B10134264DB9E706B10134254DDB
S214004FD0B5E706B10134244DB1E706B10134234DDF
S214004FE0ADE706B10134224DA9E706B10134214DE3
S214004FF0A5E706B10134204DA1E706B101341F4DE7
S2140050009DE706B101341E4D99E706B101341D4DEA
S21400501095E706B101341C4D91E706B101341B4DEE
S2140050208DE706B101341A4D89E725F0B9F8013449
S214005030A9E700BF0E560300185A0300A155030047
S2140050409B550300F2550300E3710300F45503007B
S2140050507B130300A9550300B2550300B95503009E
S214005060C4550300CE550300D8550300C3550300AE
S214005070CD550300D7550300E0550300E455030063
S214005080EC550300955503009C550300EB550300B3
S21400509094550300417903002DE9F04F9BB0054677
S2140050A08B46009204932CF040F8249F049B0590B6
S2140050B000241C600AAA3C6009A9284625F09DF831
S2140050C0064658B90A982CF030F8049B1860D5F8B4
S2140050D09C3003933446B146039B1BB920461BB055
S2140050E0BDE8F08F039B9B680193002B69D02E448C
S2140050F016F8013B202B12D000260C23019A73438E
S21400510002EB030AD3580293002B55D0DDF8248017
S214005110C84551DB9AF808302BB1721C35E03B6865
S21400512001333B60E4E73B68D5F894200299D21A35
S214005130049B1A601AAB03EB890353F8403C0693B2
S21400514018462BF0C6FF07900028E6D102982BF0F1
S214005150ECFFDAF80410079AD7F800A00346087B9D
S214005160FE2816D108F1FF38C8452ED00B680698E1
S214005170029201932BF0D9FF0AF10103029A03442D
S214005180E95C21B13B6009F101091646B5E7013338
S214005190F6E7D5F89420A2EB0A029A42BDDC584600
S2140051A006932BF0C2FF069B03447B2B1DD91F4A98
S2140051B00099584624F0D5F8059A2B462A449A4278
S2140051C02AD1039B1B68039386E7D5F89420A2EBAD
S2140051D00A029A42E3DDD1F8008058F80C2B82B917
S2140051E0059B3B60049B1A60E6E7029A00995846C6
S2140051F024F0B7F80E4A00995846013424F0B1F866
S2140052008BE70099584624F0ACF8094A00995846AE
S21400521024F0A7F80134E0E713F8011B0029CED1EB
S2140052204FF0200103F8011CC9E700BFF755030043
S214005230106C03002DE9F04786B0DDE90EA80024C7
S2140052401C60064689468AF800401168154888F8AA
S214005250004017461D468DF81740FDF7BBF918B9F4
S2140052602B6801332B600124D6F89C60002036B9E9
S21400527014B1012388F8003006B0BDE8F087B068A6
S21400528068B14B46CDE902A8CDE900750DF11702CD
S214005290002124F0E9FD9DF81730002BE8D1366890
S2140052A0E5E700BFFC5503002DE9F0430026ADF509
S2140052B0457D04467C22314605A802AF04962BF0B5
S2140052C000FF009703AB802204A92046FFF7E4FE08
S2140052D001283ED104A82BF028FF03993B68A0EBD9
S2140052E001080B44234428EAE878054604A801444C
S2140052F0424618462BF00BFF00F80860D4F8906082
S214005300039B3968D4F890201944B14212DCD4F8D3
S2140053109410E81A0244C4F89020014404AAC4F881
S2140053209410D41825182B1B002B0DDC0DF5457D8D
S214005330BDE8F083A05C24F033FFD4F8903001334E
S214005340C4F890300136DBE714F8010B24F028FF90
S214005350E9E7EBDD24AD8022314628462BF0B1FE8E
S21400536044AB4FF40072314618462BF0AAFE0DF1FE
S214005370100903464A464FF00108314612F8016B01
S214005380002E49D104A843F828102BF0CEFE29465B
S214005390334619F8016B0DF5887C5CF8042B8242C5
S2140053A043D10133984501F8016BF2DAD4F89060E6
S2140053B0039BB34242DC364A3648234604A924F00F
S2140053C0FBFE28462BF0B1FE039B3F6806461F44B3
S2140053D0F61AE0191D4426EAE67204F1980317440B
S2140053E0984204EB07014ED204F1900399424AD941
S2140053F06A1E81190B1A002B39DD12F8013F00F8DE
S214005400013BD4F890300133C4F89030D4F894308F
S2140054100133C4F89430EDE7202E01F1010104BFFA
S21400542043F8281008F10108A8E70DF1100E7244A1
S214005430D25CB242B1D00022EA54B7E7D4F890303A
S214005440E05C24F0ADFED4F890300133C4F8903020
S2140054500136ADE7D4F890200132C4F89020D4F895
S21400546094200132C4F89420013B002BF2DC002388
S214005470E3552E44731B002B7FF758AF15F8010B2E
S21400548024F08EFEF6E729462BF041FE3346ECE785
S21400549030540300015603002DE9F843D0E92456A2
S2140054A004460F46002294F89830012B07D10A2FA5
S2140054B007D1002384F898300020BDE8F88300F276
S2140054C09F801B2F01D10223F4E70D2F0DD101235E
S2140054D084F898300D2024F063FE0A2024F060FE45
S2140054E00023C4E924330120E7E74FF00008082F23
S2140054F084F8988034D1454530DDB5420FD1384622
S21400550024F04EFE013D202024F04AFE384624F0CA
S21400551047FE04F80580013EC4E92456CCE7FBDAD2
S21400552005F1FF39384624F03BFE04EB0903A6EBF1
S2140055300902611918462BF0AAFD04F806800146F8
S214005540484824F039FE013E35464D4501DC4D46BF
S214005550E2E7082024F024FE013DF6E7ACD0DBE7C6
S2140055607F2F1CD1002EA7DDB542A5DA6319691C72
S2140055702144721B18462BF08AFD04F8068001466B
S214005580394824F019FE0820013E24F009FEB542F1
S214005590F9D1D4F89430013BC4F894308CE70A2F44
S2140055A098D0092F03D12046FFF77EFE84E7D4F873
S2140055B08C30013BB3427FF77FAFB54204EB050862
S2140055C005F101090CDB88F80070D4F89430C4F8B3
S2140055D090900133C4F89430384624F0E1FD6BE730
S2140055E0721B414604EB09002BF051FD404624F0A7
S2140055F0E3FD0820013E24F0D3FDB542F9DDE2E7E5
S214005600022B06D15B2F01D1032353E784F89820A1
S21400561049E7032B7FF450AF413F84F89820032FCF
S2140056203FF64AAFDFE807F002070A1601212046D8
S21400563024F067FD40E74FF0FF31F8E7B542BFF6CC
S2140056403BAF605D24F0ACFDD4F890300133C4F875
S214005650903031E7002D7FF72FAF013DC4F8905012
S2140056600820BAE70A560300EB6C03007FB5094B27
S2140056706A4603F11006154618685968144603C4AE
S2140056800833B3422246F7D12846FEF759FA0020DF
S21400569004B070BD1056030070B5184B86B001AA52
S2140056A003F11006154618685968144603C40833F3
S2140056B0B3422246F7D11B882380114BD3F8B4207F
S2140056C0120316D5A3F500434FF6FF721B889342CC
S2140056D008BF4FF4B4730B48ADF80A30FCF792FDE0
S2140056E02846FDF707FE3220FDF73AFC002006B0FC
S2140056F070BDD3F8B830C3F30803ECE720560300B8
S2140057000081E00F00F0490210B50C480C4C6FF019
S2140057100403A02113F0800F03F1010207D12344F4
S2140057202F2A83F800131346F4D1002010BD03F08F
S2140057300F03043B034419761346EBE700ED00E045
S21400574000E100E010B5044623F0ABFE024B1C60FF
S21400575023F0ABFE002010BDA031002010B523F0D2
S214005760A0FE034B1C6823F0A0FE204610BD00BF21
S214005770A031002038B50C461546014610B9FFF793
S214005780EDFF01462B46224603480CF069FF002831
S214005790D4BF3720002038BD63A3020013B5002312
S2140057A001241A461946009418460DF025F80023E1
S2140057B01A461946184600940DF050F80248FFF7AE
S2140057C0C1FF002002B010BDE010002007B501F0B8
S2140057D00DFB6A4601F070FB18B10448522100F038
S2140057E0DDFADDE9000103B05DF804FB3256030084
S2140057F008B501F02FFA18B102487A2100F0CEFA67
S214005800002008BD3256030008B500F025FA0D4A00
S214005810536A43F4E0235362EFF308830A4A043BD7
S2140058204FF0CD31934209D2084B01221A61FFF79F
S214005830DFFFBDE808400648FEF7F8BB43F804194A
S214005840F0E700BF00ED00E00000002000300E4052
S2140058506853030007B504220DEB0201002028F070
S21400586033FC042804D0054840F2671100F096FA8D
S214005870019800F0D9FB03B05DF804FB3256030034
S21400588010B50A0A41400748C9B2082301F00104CE
S214005890490804B14140013B13F0FF03F6D181EA09
S2140058A0020010BD2083B8ED2DE9F843134C144ECA
S2140058B0DFF85480134FDFF85490002523780BB997
S2140058C0BDE8F88356F8043B22464146002024F003
S2140058D051FD227823460134002AFAD15B7853B171
S2140058E005F00303032B0CBF39464946002024F07D
S2140058F041FD0135E2E73946F8E700BFAE5B03003D
S21400590000100020175A0300945603004FA003000F
S2140059106B4B1B8840F6052293422DE9F0410ED8CA
S214005920B3F5206F0DD840F20252934218D040F2E1
S2140059300172934220D040F2015293420AD0BDE851
S214005940F081A3F602235F4C032B1ED8DFE803F09A
S214005950376396B25C490020BDE8F04124F00ABDEA
S2140059605A49002024F006FD564B1A6C5849BDE8EB
S214005970F041002024F0FEBC524A5649BDE8F041F2
S214005980D2E92423002024F0F5BC5349002024F05B
S214005990F1FC94F868309E0703D55049002024F0A7
S2140059A0E9FC94F86B305D0603D54D49002024F0E1
S2140059B0E1FC94F96B30002BC1DA4A49CBE74A493F
S2140059C0002024F0D7FC94F86430980704D0226CAA
S2140059D03F49002024F0CEFC94F96430002B04DA12
S2140059E0226F4249002024F0C5FC414FDFF80C81AD
S2140059F000250126626E06FA05F3134207D057F813
S214005A00252013781BB14146002024F0B3FC013555
S214005A10082DEFD193E73749002024F0ABFC2C4942
S214005A20226C002024F0A6FC94F86530590703D5B4
S214005A303149002024F09EFC94F96530002B04DAEE
S214005A40226F2A49002024F095FC294E2B4F08256A
S214005A50636EEB40DA0707D556F8252013781BB19E
S214005A603946002024F086FC0135102DF0D194F83C
S214005A70640000287FF463AF21496DE721491C4E7E
S214005A801E4F002024F076FC226C1149002024F0E2
S214005A9071FC1025636EEB40DB0707D556F8252012
S214005AA013781BB13946002024F064FC01351A2D0A
S214005AB0F0D144E71449002024F05CFC226C55E742
S214005AC0D0490020001000209E560300DC5603003C
S214005AD00D57030028570300445703005D57030083
S214005AE098570300CC570300095803002F580300AB
S214005AF0CC620300565803006E5803004D5803004E
S214005B00B5580300E6580300005903002DE9F04F8E
S214005B10424CD4E90D32D4E9121B580748BF002680
S214005B20D4F83CA05DBFD4F850803D4EDFF81C9101
S214005B30DFF81C915ABF8B469246B04613F0080F0A
S214005B40384B394A394918BF1A46B6EB080718BF0A
S214005B507D0885B01BBF642303FB0B553D46B5FB94
S214005B60F7F54B4618BFADB2CDE9016ACDF8008017
S214005B700020BFB224F0FEFBCDE900972C492B464F
S214005B801FFA8BF2002024F0F5FBB24501D8C2457F
S214005B9004D228494A46002024F0ECFBD4E9170337
S214005BA0184338D02449254FDFF8A880002024F079
S214005BB0E1FB00250126E26D06FA05F3134207D045
S214005BC057F8252013781BB14146002024F0D2FB5D
S214005BD00135202DEFD11A4FDFF8788000250126F9
S214005BE0226E06FA05F3134207D057F825201378DD
S214005BF01BB14146002024F0BDFB01350E2DEFD130
S214005C001049002024F0B6FB0E49002005B0BDE880
S214005C10F04F24F0AFBB0C49F4E700BF00100020A3
S214005C2000100020275903002E59030036590300A0
S214005C3068590300A2590300C15903001462030007
S214005C4094620300185A0300F15903002259030016
S214005C50BB9D0300E271030010B5FEF751F9044640
S214005C60FEF748F9E30721D401221046114600FA50
S214005C7001F3234002F101021AD0214B33F8113010
S214005C802049062B19D040F20722934212D14FF03A
S214005C9000524FF20F00548884420BD1108898426D
S214005CA008D14CF23C335380088010BD0021E4E755
S214005CB0112ADBD1134A138012E04FF000534FF243
S214005CC00F025888904218D11B88B3F5406F28BF42
S214005CD04FF4C0630B804FF000534CF23C325A80B6
S214005CE0084B1A8840F201739A4201BF064A074BD6
S214005CF0D2E90001C3E90001D7E74FF4C063E9E742
S214005D008C5B0300D049002090100020A4310020B6
S214005D10014B1888704700BFD0490020014B1888F7
S214005D20000A7047D0490020044B05481B881A0A11
S214005D30B3F5406F38BF00EB82007047D0490020B3
S214005D405C5B0300044B1888044B020AC0B253F88D
S214005D50223003EB80007047D04900202C5B030004
S214005D6010B5044623F0A4FB4FF000534FF20F0289
S214005D701C805A80BFF35F8FBFF34F8F0549064BD9
S214005D80CA6802F4E0621343CB60BFF34F8F00BFD4
S214005D90FDE700BF00ED00E00400FA0538B5044654
S214005DA00D4628F0AAFE08492B462246002024F07D
S214005DB0E1FA24F045FB23F07BFB29462046BDE8AC
S214005DC0384024F023BB00BF075A03006B4A6C4BD5
S214005DD02DE9F04155685D65516A996569496A4CD7
S214005DE0D1F80002D865D1F804121966916A59668E
S214005DF0D16A9966116BD966516B1967D26B586B6D
S214005E005A67D3E90E1210F0040F18BF11465F4A06
S214005E101A6500209142D8645DD301F12000A042AB
S214005E2059D888691864C5F30805CE695E64062DDE
S214005E3055D1574DA84252D3564DA8424FD2058849
S214005E404DF6426085424AD11868C3F890005868FB
S214005E50C3F8940040F20170A242154605D22E689F
S214005E60B6F1CD3F02F10402F6D00022C3E91E22AD
S214005E70C3E92022C3E92222641BDFF814C1424D85
S214005E80DFF810E19C648D422CD8D3E91EC7D3E915
S214005E902065D3E922414FF0000E013AD2B2FF2A24
S214005EA03BD1BEF1000F05D0C3E91EC7C3E920658C
S214005EB0C3E92241B3F85430C3F30803DA1E0F2AAD
S214005EC052D8DFE802F03458414451515151514EF6
S214005ED05151515151380021C3E910112B494FF44B
S214005EE02060B9E755F8044D6445CCD37445CAD252
S214005EF0E607C8D5284F002657F8048FA045C2D01D
S214005F000136062EF8D132B1013AD2B202F11E069F
S214005F1043F82640B7E70522F8E7E0464FF0010EC3
S214005F20BC4637462E4625460C464146B5E740F663
S214005F300120BDE8F081194BDB6913F0020F40F237
S214005F40025318BF1846F4E740F60320F1E740F284
S214005F50017240F60423B0F5206F14BF10461846B1
S214005F60E7E740F60520E4E7013B40F607223D2B35
S214005F7098BF1046DDE740F60220DAE700ED00E0C5
S214005F800010002000E100E00010002000000020CB
S214005F90FC00000060110300741000200020054083
S214005FA000F00CB800F00AB800F008B800F006B828
S214005FB000F004B800F002B800F000B872B61EF0A8
S214005FC0080F09D01EF0040F0DD0DFF850E0AEE841
S214005FD0FF1F6FF002000CE0DFF840E0AEE8FF1FA6
S214005FE06FF00E0005E0DFF834E0AEE8FF1F6FF05C
S214005FF006006946EFF309828EE8070086460848E1
S214006000084C854501D3A54501D384F30888FFF7DE
S214006010DDFE84F30888FFF7A3FE000000100020D2
S214006020400000200010002083B24BF6EF62002BE9
S21400603008BF1346044A000C13804FF6CE2308BF51
S2140060401846024B18807047E8140020E61400201B
S2140060500B4BB3F900201888002AB8BF80F0620006
S21400606042001A80074AB2F9001013880029BCBF04
S21400607083F4805383F00B03590011805840704717
S214006080E8140020E614002008B501F001F960B11C
S2140060900A4B0344072B0DD8072B0BD8DFE803F079
S2140060A00C060A080A0A0A04C12008BDC320FCE739
S2140060B0C420FAE7C520F8E7C220F6E7FF1FFF0F67
S2140060C0F0B551B1002807DA2D23B0F1004F137058
S2140060D000D04042012100E0002100250E4F2C4652
S2140060E057F8046B002301E0801B6346864203F1E9
S2140060F0010CF9D913F0FF0300D125B14D1C303344
S2140061005354E9B201250134E4B2092CE8D1303009
S2140061105054481CC0B2F0BD3C6303002DE9F04F5C
S214006120002495B021468046164603A844220294D1
S2140061309A462AF0C6FFA146274602AC2546317885
S21400614059B9641BE4B2224629460020C0470028FD
S21400615040F08F803819C0B28CE0252918D0B9F1EC
S214006160000F19D104F8011B12AB9C42C0F0D3807B
S214006170641BE4B2294622460020C0470146002898
S21400618077D13C4448222846E7B22AF09AFFC1E07D
S214006190B9F1000F00D101363278622A47D021D8F3
S2140061A0252A3ED004D8002ACBD04FF00009DBE7E2
S2140061B0392A15D82F2AF8D9717801F0DF01582925
S2140061C040F0D880322A06F1010940F0C08020460F
S2140061D03AF8041B042224F03BF904464E46E4E752
S2140061E0582A15E0632A6BD0A2F1640C5FFA8CFC87
S2140061F0BCF1140FD9D8614B012101FA0CF010EA5A
S214006200030940F08A8010F4104060D1BCF1140FEE
S214006210CBD120461AF8041B022224F019F90446B2
S214006220C3E7214601F8022B62700C46BDE7DAF898
S21400623000300193DAF8043000934FF000090DF1B6
S214006240480B009B994502D10AF1080AADE7019B6D
S214006250204613F80910022224F0FAF8584504469E
S21400626012D3441BE4B2294622460020C04701460A
S21400627018B1002015B0BDE8F08F482228462AF055
S21400628020FF3C44E7B22C46009B5A1E4A4584BF7A
S214006290202204F8012B5C450FD3641BE4B2294688
S2140062A022460020C04701460028E2D14822284660
S2140062B02AF007FF3C44E7B22C4609F10109C0E783
S2140062C0534653F8042B04F8012B9A466DE7641BDB
S2140062D0E4B22246294648465AF804BBC04700287E
S2140062E0C7D13C44482249462846E4B22AF0E9FE93
S2140062F05FFA89F34F461BF8030009F101090028ED
S214006300F6D1FFB23A465946C0470028B1D13C44C0
S214006310E7B281462C46013611E76C2ADAF800000F
S2140063200AF104090FD17378752B01D0642B04D1C0
S214006330B3F1750118BF012101362246FFF7C0FEF2
S214006340CA46044431E7752A08BF0021F5E7342A17
S21400635010D15646042256F804AB20464FEA1A419E
S21400636024F076F81FFA8AF1042224F071F8B24677
S214006370044633E74FF00109F6E600BF01010200CC
S21400638008B5054813460A460021FFF7C7FEB0FACF
S21400639080F0400908BD00BF45A40200054B1A78EE
S2140063A02AB95B78002B0CBF03200220704701201F
S2140063B0704700BF344E00200329F8B598BF134B32
S2140063C0054698BF5C5C0E4688BF0024032805D8A7
S2140063D0DFE800F002080B0E44F002040C4B1F68C6
S2140063E04FB9F8BD44F00804F8E744F02004F5E798
S2140063F044F08004F2E77B681A68144203D05B68B6
S2140064003146284698473F68EAE700BF60630300C6
S214006410D831002038B5104D2B78ABB10F4C23780F
S2140064201BB124F036F800232370002024F032F845
S2140064300B4C50B100F0D2FA002320782B700121CB
S214006440FFF7BAFF0123237038BD064B01221A70EE
S214006450054B22781A70F7E7304E00202E4E0020AB
S214006460364E0020314E0020324E002010B523F06C
S21400647018F8064B1B7804461BB1BDE8104023F005
S21400648014B8FFF7C7FF2046F7E700BF2D4E0020E1
S214006490094A137830B101331370084B1B78012B6F
S2140064A003D87047013B13707047054B1B780BB938
S2140064B0FFF7B0BF704700BF344E0020364E0020B6
S2140064C0314E002070B5144E22F0EBFF33780546AF
S2140064D0ABB900F0BFFB044620B1284622F0E5FF2A
S2140064E0204670BDAFF300800C4822F013FF00F08A
S2140064F08FFE0B4B1C6000F093FC0A4B186000F0FC
S214006500EFF923F0C9FF084B1860012328463370C3
S214006510002422F0CAFFE3E7374E0020D8310020DF
S214006520AC310020D4310020B03100202DE9F843F2
S214006530284A0138135C39B1274F397801330129CD
S214006540135404D8BDE8F883013B1354FAE7FFF769
S21400655025FF0128044635D8DFF8888022F0A1FF01
S21400656098F80030054613B31C4E33781BB9012249
S21400657032701B4A1370DFF8709099F8003023B120
S21400658023F087FF002389F80030284622F08DFF8D
S214006590012023F07FFF22F084FF337805461BB1ED
S2140065A000F01CFA00233370002388F800302846D9
S2140065B022F07BFF38788442C4D02146FFF7FCFEE9
S2140065C03C70BFE70329F5D10228F3D100F052FA58
S2140065D0F0E700BF344E0020364E00202D4E00203F
S2140065E0314E0020304E00202E4E002038B522F0CE
S2140065F058FF094B1B78012B054604D822F055FF9F
S2140066000024204638BD054B1C6800F025FA0444DB
S214006610284622F04AFFF4E7364E0020AC31002030
S21400662038B54160044622F03CFF21460546044842
S21400663022F073FE2846BDE8384022F036BF00BF81
S214006640D8310020054B1B68584300F57420044BD6
S21400665000F23F20B0FBF3F0704700BFD4310020BB
S21400666040420F002DE9FF47EFF3108772B6AFF3F5
S214006670008022F06AFD002871D0714EDFF8E481B8
S214006680337823B10020FFF703FF00233370FFF7B2
S21400669085FE0446002869D0841EE4B2012C6CD91D
S2140066A0FFF77CFE0128674CDFF8BC91054600F238
S2140066B08E802078A84205D099F80030002B00F094
S2140066C0B2802570207800F0B1F999F8003013B147
S2140066D05D4B1B782370AFF3008007B962B6EFF30B
S2140066E0108772B6594B1A7852B100221A70564B60
S2140066F020781B78984203D101212170FFF75CFEB9
S214006700534800F0E1FA22F034FD05460028B7D1E0
S214006710DFF8588198F80030A3B189F80000DFF858
S214006720409199F800301BB123F0B3FE89F8005071
S214006730002023F0AFFE002879D000F04FF90023A8
S21400674088F80030337823B10020FFF7A1FE00233D
S214006750337020780021FFF72FFE00232370AFF35D
S214006760008007B962B604B0BDE8F0873378002B26
S21400677096D0FFF78DFE347092E703A9002000F054
S214006780F1FA044600288BD1D8F80030039A9A42D2
S21400679005D80120FFF77CFE0123337080E72D4BE0
S2140067A01D6800F059F9039B05449D42F1D200F0A4
S2140067B077F982000399264842F0020292B2CDE9A8
S2140067C000422346244A491B23F06AFE68E7DFF8A6
S2140067D09CA09AF80030CBB923F058FE207885426A
S2140067E003D099F80030D3B125709AF80030002B0A
S2140067F07FF468AF194B1B7823B923F049FE184B7A
S21400680001221A7001238AF800305BE7207885425F
S2140068103FF458AF99F80030002B7FF452AF29466A
S214006820FFF7CAFDE0E72946FFF7C6FD49E7012066
S21400683000F0FCF807B962B6EFF3108772B677E798
S2140068402F4E0020364E0020324E00202B4E0020C9
S214006850B4310020AC3100206D640000334E0020BF
S2140068602E4E0020B0310020314E0020304E002049
S21400687010B522F016FE054B00221C781A7022F086
S21400688014FE00F0E5FB2043C0B210BD2C4E0020E5
S21400689073B5114E3378834204460ED000230F4D55
S2140068A0ADF8043058B101A8FCF78CFE1E20FFF7A7
S2140068B0C9FE2B681B1A2B60347002B070BD022311
S2140068C001A88DF80530FCF77DFE1E20FFF7BAFE06
S2140068D02B680344EFE700BF22150020E0310020BC
S2140068E073B5284C002501A8636A636A8DF80450C6
S2140068F0FCF78EFF2846FFF7CBFFD4F8903003F066
S2140069000403AB42204B14BF01222A461A70D4F867
S21400691090301E4CC3F30033237005D04FF416702E
S214006920FFF790FE1A4B186023781A4DEBB1112032
S214006930FCF734FA1349D1F80031C3F3042303FB00
S214006940000292B14C6C144EC4F30B440023013485
S2140069501946501E04EB8404E4FB060121F0C4FF34
S214006960FFF770FE2B6803442B606420FFF76AFE77
S2140069702B6803442B60034BD3F89020074B1A6018
S21400698002B070BD00400E403A4E0020384E002047
S214006990E8310020E031002040420F00DC310020CA
S2140069A008B50B4B1B7893B1022000F003FC70B1C6
S2140069B000F008FA58B1002201210220FCF770FB13
S2140069C023F0B1FD034B1860034B01221A7008BD7B
S2140069D03A4E0020E4310020394E002038B50E4CE7
S2140069E00E4D23782BB92B781BB123F09CFD0C4B56
S2140069F0186022F080FE2B786BB10A4AD2F89030ED
S214006A001B07FBD523F08FFD054B1B68C01A064BF2
S214006A1018600023237038BD394E00203A4E0020FF
S214006A20E431002000400E40E831002002280AD061
S214006A3003280BD001280CD1064A136923F004035F
S214006A40136130BF70470020FCF7CEBD0020FCF776
S214006A500FBE704700ED00E0044B1B680BB103EB64
S214006A60D303034A10681844704700BFE83100207B
S214006A70E0310020084B45F60E02D3F88011C3F82B
S214006A808021064A126802F4A0721A66CA0744BF3A
S214006A900022C3F88021704700400E40DC31002001
S214006AA0014B1878704700BF3A4E002038B500F00A
S214006AB01FFB094C094B1A6823680025C31A2AB124
S214006AC023B15169994203D3C91A5161206038BD78
S214006AD055615B1A9268F2E7F0310020F43100202D
S214006AE0C38870B504460D463BB9FFF77FFD854267
S214006AF0064602D223F0BEFC35460E4965610B6899
S214006B008BB90C60A3600DE0AD1A9A6865611846F3
S214006B106AB113465A69AA42F6D930B18460521B4C
S214006B20A3605A6170BD0020F4E70C60F7E79C6034
S214006B30A260F7E7F431002038B5134D2B685B6987
S214006B4093B1124A146802201C4400F005FB20464C
S214006B5000F0D4FA0E492A6800230B70D08880070C
S214006B6009D501230B7038BD022000F0F5FA02208B
S214006B7000F018FBEEE79268002AF4D05069034450
S214006B80012BEBD9EFE700BFF4310020F0310020F5
S214006B903C4E002070B516469DF814200271049AEB
S214006BA00260C0E903360022BDF818308260044651
S214006BB00D46C380EEB900F09BFA2844A0619DB153
S214006BC02E4622F06EFC0546FFF770FF3146204643
S214006BD0FFF786FF104B1B68A34201D1FFF7ACFFFF
S214006BE0284622F062FC02E0E36865617BB900207B
S214006BF070BD00F07DFA3044A061002DE0D1E3685E
S214006C006561002BDDD0216820469847D9E72168CA
S214006C1020469847EBE700BFF43100200C490B688C
S214006C2000227BB183420AD183687AB1936083687D
S214006C301BB15A6941690A445A61002070471A46D6
S214006C409B68EEE70028EFD0022070470B60EEE767
S214006C50F431002070B5154E22F02EFC347805462F
S214006C60FCB9134B1C60134B1C60134B1C8000F0CC
S214006C70FBF9012000F070FA00F0C4FA0F4B024650
S214006C80186020B9284622F01DFC232070BD23463C
S214006C900B4840F2E73121F027FE0A4B186001232B
S214006CA03370284622F00EFC0020EFE73D4E002011
S214006CB0F4310020F0310020D2490020F8310020C5
S214006CC018FCFFFFEC31002070B5044640B322F0FC
S214006CD0E8FB144E0546FFF7E9FE3068A04209D0EF
S214006CE02046FFF79BFF0446B0B1284622F0DDFBA6
S214006CF0204670BDFFF792FF04460028F5D13368A2
S214006D003BB9022000F036FA284622F0CEFB0024DB
S214006D10EEE7FFF711FFF7E73368002BF4D1F0E753
S214006D202224E5E7F431002038B50C460546A8B124
S214006D30A1B100230B7022F0BFFB094B1B68012199
S214006D4033B922F0BFFB002038BD9D4204D121702C
S214006D502278002AF9D0F4E79B68F1E72220F3E7CF
S214006D60F4310020F8B506460F4622F0A5FB134B7B
S214006D701B680446002523B9204622F0A3FB1B20EF
S214006D8011E05A691544DA88B2420DD10C4E00F073
S214006D90AFF93368C01AA8420AD3002320463B60E6
S214006DA022F090FB0020F8BDFF2EEFD09B68E2E7B4
S214006DB000F09EF933682B441B1AEFE7F4310020ED
S214006DC0F031002008B5074B187848B123F0ABFB2C
S214006DD0054B1B689B69C01A02288CBF0020012047
S214006DE008BD00BF3C4E0020F431002070B522F0F4
S214006DF063FB064600F07CF9084B1D88044601201C
S214006E00ADB200F0D7F918B100F072F901350446BA
S214006E10304622F057FB2046294670BDD249002056
S214006E20014B1868704700BFF8310020F8B50C4BCE
S214006E301B68834205460E460FD30A4B00241F6884
S214006E4040F2E73021464FF47A720023E5FB070153
S214006E5021F04AFD30602046F8BD2120FCE700BF47
S214006E60EC310020F8310020014B1868704700BF55
S214006E70EC3100200F4B1A6810B59AB1531E4FF430
S214006E807A711342A0FB01010ED1B2FA82F2C2F16E
S214006E901F04531CE040D24301FA03F3184321FABF
S214006EA002F20243104610BD002321F01DFD0246EB
S214006EB0F8E700BFF831002038B5154B8342154B74
S214006EC08B41144621D3144B1A68F2B14FF47A75ED
S214006ED0A0FB050305FB0131531E134211D1B2FA84
S214006EE082F2C2F11F05531C01FA03F3D243E840B5
S214006EF021FA02F218431043E940C4E900010020D9
S214006F0038BD002321F0F0FCF7E72120F8E700BFAA
S214006F10EFA7C64B37894100F8310020C2072DE99C
S214006F20F84304460BD5474A138801339BB21380B7
S214006F30FFF7BCFD444B1B680BB1FFF7FDFDA30735
S214006F407DD522F0B9FA0546FFF7B0FD4FF00008F0
S214006F503D4F46463C680CB163698BB13B4B002203
S214006F60012E1A7003D118F0020F18BF1E70002CE5
S214006F7061D0FFF7E1FD2846BDE8F84322F0A2BA4B
S214006F8023465A693AB91A792179914288BF1C4634
S214006F909B68002BF5D1284622F094FA2569DDB1CE
S214006FA000F0A6F8A269A0EB02084FEAE873A8452D
S214006FB073F1000311DB23691344A361E368B4F89B
S214006FC00680013613B121682046984722F074FAED
S214006FD00546FFF76BFDBDE7A84622F06DFA814631
S214006FE02046FFF71BFE484622F06CFA2369002B6A
S214006FF0E4D0A38BB5EB080533B1E28B13449BB208
S214007000B3F57A7F0FD2E38322F056FA29468046FC
S2140070102046FFF765FDA36922691344A361404635
S21400702022F050FACAE7A3F57A73E383A369013B1B
S214007030013DA361E8E7022000F09CF89BE7BDE86D
S214007040F88300BFD2490020F43100203B4E0020D8
S21400705010B522F031FA034B1C7822F033FA2046A2
S21400706010BD00BF3B4E002010B51D4B86B0186803
S214007070596803AA03C2197AD3F80900117001905F
S214007080B3F80D201748DB7BADF8082001218DF8FA
S2140070900A300024FBF72EFD03A88DF80C408DF86F
S2140070A01040FCF77BFF01A901208DF80440FCF797
S2140070B055FF0D4A536A23F4FF6323F00703536218
S2140070C040F2FF73136201209460FCF761FF074BE8
S2140070D04FF00042C3F880211A6006B010BD00BF12
S2140070E064630300A00914000020044000E100E0EF
S2140070F0014B9868704700BF0020044010B5044656
S21400710022F0CFF9124A9368516D9269520704D45F
S214007110CA1A032A01D899420DD1E21A022A98BF48
S214007120DC1C0B4BB4F1FF3F38BF013C5C655A6A70
S21400713042F004025A6222F0B8F9064A137833B1D4
S21400714003490B6D43F002030B650023137010BD5B
S21400715000200440231500208207054A00F00103A2
S214007160516A48BF43F004030B435362704700BFA5
S21400717000200440820700F0010309D5074A0121D8
S214007180117007490A6D22F0030243F004030A65F2
S21400719003494A6A22EA03034B627047231500201C
S2140071A000200440830742BF014B0422DA61704787
S2140071B000200440064B01289B6904D0022805D114
S2140071C0C3F38000704703F001007047002070474B
S2140071D00020044010B522F06FF9094A936904466E
S2140071E0590703F0010003F0070348BF40F0020010
S2140071F01362FFF793FE2046BDE8104022F062B906
S214007200002004400148FBF7C9BD00BFA0091400D8
S2140072100A4BD3F8883003F00703013B012B10B567
S2140072200BD822F03EF9012104460220FFF77EF932
S2140072302046BDE8104022F038B910BD00400E4090
S21400724020282DE9F341054604D82C46204602B0F6
S214007250BDE8F0810B4E0C4FDFF830800024002391
S214007260CDF8008038681A46194626F0ECFC8442B1
S214007270EBD2212CE9D056F8043BAB42E6D00134E1
S214007280EDE700BF64660300D8100020FFFF0F0084
S2140072902DE9F04F644E654D3168286889B00CF0D2
S2140072A023FC0446002827D033689A69D3E90001F6
S2140072B01268904733689B6904A89B6898473368B0
S2140072C09B690220DB68984700243268059853685B
S2140072D0B3FBF0F3E7B2BB42916904F101044DD869
S2140072E0CB680020984733689B695B68984731688D
S2140072F028680CF0F9FB0446DFF84C914C4FDFF899
S2140073004C81DFF84CA10026F4B94A4B28689B5DF7
S214007310002B00F08380D7F800B002AB03AA5946D2
S2140073200CF024FE504507D070B9039B012B0BD000
S214007330286859460CF05EFED9F8003028681A68AE
S21400734059460CF043FD04460136212E09F1040986
S21400735007F1040708F10108D6D1374AB4FA84F3D6
S2140073605B0913702B681B7C23B134484FF48B7178
S214007370FEF714FD204609B0BDE8F08F12680B69D1
S21400738007FB00209847A0E73B6803AA194402AB16
S21400739001910CF0EBFD5045019903462ED028686C
S2140073A02BB30BF1010B009B28685FFA8BF1994217
S2140073B0EAD3234B9B5D002BC6D0DDF800B02868CF
S2140073C05FFA8BF37E2BBFD8396802AB594403AA09
S2140073D000910CF0CBFD5045B6D0009928680CF013
S2140073E009FE0BF1010B04460028E8D0ACE7039B2E
S2140073F07BB998F80020029B9A42D2D098F80030C9
S214007400D9F8002028680CF049FC0028C9D00446AA
S214007410CFE701910CF0EEFD0199EFE7094B9B5D7C
S2140074200093A346BFE700BFB8100020D810002086
S21400743064660300416603003E4E0020E8660300D3
S21400744020660300DE65030074630300FF65030027
S2140074500BE000F0F8B50D4616461F46FFF7F0FEA7
S214007460202804461CD8174B1B780BB3164B1868FD
S214007470164B53F82410164B1B5D3BB132460CF0EE
S214007480F1FC0446A0B123F072F812E07F2D08BF8D
S21400749000253B46324651FA85F10CF049FCF0E7F0
S2140074A0FF2808D981B23B46EAB2304622F0BDFF3B
S2140074B000242046F8BD07484FF4A671FEF76EFC80
S2140074C0F6E700BF3E4E0020D8100020646603009A
S2140074D041660300E8660300F8B50D4616461F46EB
S2140074E0FFF7AEFE202804461CD8164B1B7803B3C5
S2140074F0154B1868154B53F82410154B1B5D3BB104
S21400750032680CF063FC044698B123F030F811E0C2
S2140075107F2D08BF00253B46324651FA85F10CF018
S214007520BDFBF0E7FF2807D93A46314680B222F085
S21400753085FF00242046F8BD06484FF4C371FEF7C9
S2140075402DFCF6E73E4E0020D810002064660300AF
S21400755041660300E866030010B5FFF771FE0A4BAC
S2140075601B7813B90024204610BD084B53F8201092
S214007570074B002218680CF0B3FC04460028F1D034
S21400758022F0F5FFEFE700BF3E4E002064660300E2
S214007590D810002073B516461D46002B73D04BF24C
S2140075A03463984210D1082D28BF082537492A464B
S2140075B0304629F0ACFD36492A46304629F057FDBC
S2140075C030B3002002B070BDC9B27F2980B208BFB8
S2140075D00021984218D17F2241F202016846082312
S2140075E022F023FF2A490822684629F040FD30B9D8
S2140075F008237F2241F2F011684622F016FF6B4600
S21400760003CB30607160DCE741F2F01398421ED184
S214007610204B701ED3F8F010D3F8F4202C1F2B4606
S214007620013B9C4200F8011F4FEA11210CD1002CAF
S214007630C7D00423D9B20729F2544FEA1222C0D089
S21400764001339D42F6D1BCE7002BE9D1B9E700F43F
S2140076507043B3F5805F0AD1C0F30B0404F17E6477
S2140076602A4605FB0141304629F051FDA9E700F402
S2140076706043B3F5005FA4D1C0F30B0404F17E644D
S21400768004F58044ECE721209CE700BF0200E00FF1
S214007690B86703000081E00F2DE9F8431646C207DD
S2140076A004460F4604D52A4840F2D311FEF776FB6F
S2140076B0F30704D526484FF4EA71FEF76FFB04F48F
S2140076C07043B3F5805F24D1C4F30B04214A04F160
S2140076D07E64731E2344934215D82546DFF87090C7
S2140076E005EB0608A84529D156B17208394620464A
S2140076F022F055FF20B116484FF40271FEF74EFBFC
S2140077000020BDE8F883124840F2D911FEF746FB88
S214007710E3E704F46043B3F5005F06D1C4F30B045B
S21400772004F17E6404F58044D7E709484FF4F0710D
S214007730FEF734FB6FF00F050024CFE715F8013B8A
S214007740FF2BCFD04FF4F5714846FEF727FBC9E76D
S2140077504D670300FF07E00F014B187824F0A9BC23
S2140077603F4E0020024A0021022001F019BC00BF53
S214007770CA67030010B586B0044618220021684682
S21400778029F09FFC684624F016FCD4E9022052F843
S214007790203002EB80021B788DF80B30516891F98F
S2140077A000108DF80A1091680988ADF80810616815
S2140077B0091A032907DDD268127803F01F0343EA8B
S2140077C042138DF80B30684606F09EFD034A0346CA
S2140077D00021022001F0E4FB06B010BDE6670300BE
S2140077E007B528F013F9054B0090054A0021022042
S2140077F001F0D6FB03B05DF804FB00BF8F12030058
S214007800F367030007B5D0E9023253F8221003EB02
S214007810820308785B681968094B002908BF194677
S214007820003818BF0120A22217F0A6FA054B0090D8
S214007830054A0121042001F0B3FB03B05DF804FB08
S21400784000F8FF079B150300FE67030013B5D0E999
S214007850023203EB820153F82230D1E90114187882
S21400786022780968003818BF012028F045F8044B34
S2140078700090044A0121042001F092FB02B010BDE2
S214007880086803001D68030008B50D4A012300219F
S21400789024F00BFE0A4824F0B0FB0020094907F04C
S2140078A0F9FF002024F037FC10B1054807F05AFF16
S2140078B0BDE80840044A0121042001F071BB00BF66
S2140078C0BE4F0020256803000E56030010B523F0B7
S2140078D0F2FF034630B1BDE81040064A01210420FD
S2140078E001F05EBBBDE81040034A0121042001F010
S2140078F057BB00BF336803004468030010B524F08C
S2140079007EFBBDE810400346024A0121022001F03A
S21400791047BB00BF4F68030010B524F042FBBDE82C
S21400792010400346024A0121022001F039BB00BF85
S2140079306568030037B5D0E9023253F822301D7867
S214007940012404FA05F10023FE224FF6FF701EF014
S2140079507DFE044A00902B462146042001F020FBC1
S21400796003B030BD79680300D0E9023253F8223004
S2140079701B7823B1034A0121022001F011BB024A01
S21400798013707047986803003F4E002007B568469E
S21400799006F0C0FF23F049FF094A034601210220F2
S2140079A001F0FEFA684607F0DDFE23F040FF054AC8
S2140079B003460121022001F0F3FA03B05DF804FB50
S2140079C0AE680300C868030037B5D0E902454068D2
S2140079D054F8253004EB8504401B032819786368A7
S2140079E0C8BFE0681A78A368C8BF007893F900306B
S2140079F0D8BF00200090012027F083FC38B9094A40
S214007A000121022003B0BDE8304001F0C9BA064BA0
S214007A1001900093054A064B0121022001F0C0FAAE
S214007A2003B030BDD9680300E1680300F5680300C1
S214007A30718F030007B5012027F065FC48B9009058
S214007A40094B0A4A0121022001F0AAFA03B05DF8A8
S214007A5004FB054B01900093054A064B01210220CA
S214007A6001F09EFAF2E700BFE16803000C6903002C
S214007A70F56803002F16030008B5D0E9023253F864
S214007A802230187818F08EFB30B9044ABDE808405A
S214007A900121042001F084BA014AF7E721690300B6
S214007AA03D69030008B5D0E9023253F82230188841
S214007AB018F072FB30B9044ABDE8084001210420E2
S214007AC001F06EBA014AF7E75C6903008C690300AF
S214007AD073B5037813F0050F04460ED04588062DBF
S214007AE017D18368184A5B681B78019383880093D4
S214007AF00121164B042001F053FA2378012B20D0E5
S214007B00124B134A0121042002B0BDE8704001F078
S214007B1047BA35B983880F4A0121042001F040FA9C
S214007B20EBE7012DE9D186680B49002007F0B2FE8D
S214007B30304607F017FE094A2946042001F030FABD
S214007B40DBE702B070BD00BFC2690300B96903007D
S214007B50146A0300DF690300FC6903000E56030085
S214007B602DE9F04F374DDFF8F8900FCD8FB009AC08
S214007B700FC42B68344A23600121022001F010FA5A
S214007B800026344623F095FEF5B2A8420BD823F023
S214007B9090FE2E4A009023460121022001F000FAB2
S214007BA00FB0BDE8F08F05A9284628F0D0FD0346A3
S214007BB0002841D19DF81430032B39D904238DF8C1
S214007BC01430234A2B460021022001F0E9F99DF8E3
S214007BD014300EAA02EB8303002153F8143C4A46E5
S214007BE0022001F0DDF928469DF821A09DF815B089
S214007BF09DF81870BDF816801DF068FECDE900B738
S214007C00CDE90280134A02205346002101F0C8F94C
S214007C1001340020E4B224F07EFA18B10DF1190008
S214007C2007F0A0FD0C4A0021022001F0B9F901E09E
S214007C30002BC6D10136A5E7084A0021022001F034
S214007C40AFF9F7E7A46B0300266A03009D6A0300FA
S214007C50536A0300586A0300185A03007F6A030039
S214007C60E3710300C3688268013BDBB2022052F86E
S214007C7023301B78652B064B0BBF064A00220121DA
S214007C801A701ABF0121044A197001F089B900BFA1
S214007C9047150020B46A0300C26A0300D0E9023226
S214007CA053F822301A88014B1A807047EA140020D5
S214007CB007B5D0E9023103EB810253F82130526850
S214007CC019880548054B128800930088012308F0A0
S214007CD061FA03B05DF804FBEA140020D17A0000D4
S214007CE0C3688268013BDBB252F823305B78A3F1AD
S214007CF0660253425341014A137070474A150020EA
S214007D0030B5D0E9023253F8223089B01D7801230D
S214007D10194602AA044624F0C8FB01230093102348
S214007D200DEB03022046022124F0A0FB04AA02A9C0
S214007D30284624F0FBFF00284FF0000014BFB324B1
S214007D40002424F0E8F918B10548214606F0BEFAEA
S214007D50044A0121042001F023F909B030BD00BF18
S214007D60D16A03000E56030070B58EB000261223AB
S214007D7009AA02210096054624F078FB05AA0146CA
S214007D8009A806F0DDF8044698B1BD2805D1154AC5
S214007D900121042001F004F909E0022801D1124A69
S214007DA0F6E70346114A0121042001F0F9F80EB067
S214007DB070BD0123194603AA284624F076FB224606
S214007DC005A903A824F0CAFF0028304618BF1824C7
S214007DD024F0A1F918B10648214606F077FA054ABC
S214007DE0D6E700BFDE6A0300016B03003C6B0300AE
S214007DF05B6B03000E560300D0E90232F0B553F871
S214007E00221003EB820387B09B680E781F78054626
S214007E10384624F060F9044608BBD5E90221012360
S214007E2019448DF8083052F8210002EB81020088D0
S214007E308DF809709268ADF80A0012788DF80C205B
S214007E4004210DF10D02284624F02FFB02A930462E
S214007E508DF815401DF088FD044624F030F9044ADC
S214007E60009433460121042001F09AF807B0F0BDD3
S214007E70706B03002DE9F041284A294E294FDFF8A0
S214007E80B4808EB00121022001F08AF805AB01AA69
S214007E9009A9002025F096F8002504461CB12846BE
S214007EA00EB0BDE8F08102202B463246214601F096
S214007EB077F8204624F02FF910B10AA807F052FCF4
S214007EC09DF830303A460021022001F069F8079B01
S214007ED042460021022001F063F8BDF82030124A25
S214007EE00021022001F05CF8BDF814300F4A002192
S214007EF0022001F055F8013501A824F007F9EDB28B
S214007F000B4A0121022001F04BF805AB01AA09A992
S214007F10284625F057F80446C0E700BFB86B0300B4
S214007F20FE6B0300066C0300D26803001B6C0300A4
S214007F300E560300126C03002DE9F04F064699B06A
S214007F40C0B923F0B4FC07460EA824F061FC404AF2
S214007F50DFF80481DFF80491DFF804A10121022094
S214007F6001F01EF800252C46BC4205D3284619B061
S214007F70BDE8F08F0127E7E713A824F049FC002EA0
S214007F804BD04FF0020B06A913A88DF84CB024F086
S214007F90A6FE0446002859D102A913A824F07DFFA6
S214007FA09DF859302B4A43F00103214658468DF878
S214007FB0593000F0F5FFFE249DF859300AA943F029
S214007FC0010313A88DF8593024F067FF002024F031
S214007FD0A2F810B114A807F0C5FB0C9B424600217E
S214007FE0022000F0DDFFBDF8282012F4007F14BF49
S214007FF041234C2312F0100F0CBF6E227922009200
S21400800000214A46022000F0CBFF06A824F07EF8A6
S2140080100135EDB20134E4B2A6E70AAB06AA13A90D
S214008020204624F05DFF0028F4D102A913A824F00E
S21400803034FF9DF8593043F001038DF8593052460D
S21400804023463146022000F0ABFFB5E7FE24E1E709
S214008050256C03005A6C0300126C0300616C03006D
S214008060FE6B030030B599B00EA824F0D1FB0124B6
S21400807013A88DF838401AF043FCC0B9BDF84C1070
S21400808011EA040513D1454A2146022000F088FF74
S214008090434A2946022000F083FF404A2146022038
S2140080A000F07EFF3D4A2146022000F079FF06A937
S2140080B00EA824F014FE20B11022FF2106A829F0F5
S2140080C000F804A824F0BAFD059B364A0093012167
S2140080D0354B022000F064FF9DF81230334A0093BF
S2140080E00121314B022000F05BFF2F4B304A00216C
S2140080F0022000F055FF06A824F008F813A824F084
S21400810087FB02230AA913A88DF84C3024F0C5FE7D
S21400811000283FD10B9B0093264A274B01210220C3
S21400812000F03EFF244B254A0121022000F038FFD4
S2140081300120FFF701FF204B214A0121022000F019
S2140081402FFF0020FFF7F8FE044623F0B0FB23467F
S21400815000901C4A0121022000F022FF1A4B184A08
S2140081600121022000F01CFFFFF784FE1749184A81
S21400817002280346174828BF0A460849009228BF27
S2140081800146CDE90131144A0121022000F008FF22
S21400819019B030BD4FF0FF33BDE700BF0E560300E9
S2140081A0746C0300B26C0300AA6C0300C26C03007C
S2140081B0D36C0300D86C0300CD9D0300E86C03006D
S2140081C0EF6C0300F86C03000C6D0300706C03008A
S2140081D00D840300A28203001A6D0300D0E9023268
S2140081E010B553F822301C78201E18BF012017F057
S2140081F013FB054A054B0649002C18BF1A460020FB
S214008200BDE8104007F02CBB476D0300426D03002D
S214008210506D0300D0E9023253F8223003491A8821
S214008220034B00201A8007F01BBB00BF916D0300B4
S21400823006150020D0E9023253F8221008780449C7
S21400824003EB820308705B681A78024B1A7070475B
S214008250D64F0020D54F002037B5044614F0CCFF8B
S214008260014638B10D4A0E49002003B0BDE8304043
S21400827007F0F6BAE368A2680A48013BDBB252F898
S2140082802330094A1D78012300936C2D08BF02464F
S2140082901023204624F0EAF803B030BDDF6D03005B
S2140082A0E76D0300341500202415002007B50523CC
S2140082B00093054A054B0121022000F071FE03B031
S2140082C05DF804EBFFF7CEBE046E0300FD6D030001
S2140082D013B5044624F0F0FE38B1CDE90040044B57
S2140082E0044A0121022000F05BFE02B010BD00BF70
S2140082F0DF6D03001B6E030038B51C4615460123D0
S214008300224624F0D2F828B92146284615F0A8F8C7
S214008310044610B90024204638BD034A0121042033
S21400832000F03EFEF7E700BF326E03002DE9F04393
S21400833015461F46D0E902230C4652F8231002EBDE
S21400834083020E88936893F80080D3688BB0B3F8E6
S2140083500090324606AB0121FFF7CEFFF0B90DF1D3
S214008360200CF4B12A8801234021CDE90471CDE91F
S21400837002C2CDE9009306AA43462221304624F0E5
S214008380CBF80B4B0B4A00930B4B0190002C08BF0D
S21400839013460121094A042000F002FE0BB0BDE896
S2140083A0F08328686968624603C203232246DBE737
S2140083B08F6E0300766E0300706E03007E6E030001
S2140083C007B501236A46002124F06FF80349684682
S2140083D007F05CFF03B05DF804FB00BFD17A000035
S2140083E0D0E9023253F822300149188807F020BF3E
S2140083F0D17A0000D0E9023210B503EB820153F8BF
S21400840022304968188809784FF48A5224F074F8A4
S214008410BDE810400346024A0121042000F0C0BD1A
S214008420996E0300D0E9023253F8223010B518884E
S2140084304FF48A52022124F051F8BDE8104003465A
S214008440024A0121042000F0ABBD00BFB26E03005B
S214008450D0E902322DE9F04353F8221003EB8203F1
S2140084600E885A6817789A68DB6892F80090B3F816
S21400847000808BB006AB324604210446FFF73CFF73
S21400848028BB08AD01232A460521204624F00DF816
S21400849038B904200F4A012100F082FD284606F074
S2140084A039FA4FF48A53CDE904930023CDE90253F9
S2140084B00323CDE9008306AA3B462121304624F05B
S2140084C02BF8054A03460121042000F069FD0BB095
S2140084D0BDE8F083C96E0300F86E030038B5D0E936
S2140084E0024303F18043023B0F4954F82300022263
S2140084F09D0028F0BCFD60B90C4B0D491A78042A83
S2140085000BD82C44A068008821F8120001321A709B
S21400851038BD084B08491A78F1E7BDE83840074AE5
S2140085200121042000F03CBD24590300414E0020E8
S214008530DE490020404E0020D44900200A6F030088
S21400854008B5C3688068084903F18043023B0222ED
S21400855050F8230028F08BFD10B9044B187008BDA6
S214008560034B00221A70FAE724590300414E0020FC
S214008570404E002037B5D0E9023153F82120157857
S2140085804268521A012A4FEA810410DD2344294624
S2140085905B681C78204623F00AFFD0B1164A009587
S2140085A023460121042000F0FBFC03B030BD6C091B
S2140085B044F0180405F01F052946204623F0F7FE70
S2140085C00028EBD10121A9400023FE2241EAC46124
S2140085D005E00121A940002CF4D12346FE224FF6E7
S2140085E0FF701EF033F8054A03460121042003B04D
S2140085F0BDE8304000F0D4BC206F0300406F03009D
S21400860070B5D0E9021551F8253001EB8501044616
S21400861018884B681A788B68052A1B8802D85E1E55
S214008620072E0BD90D4A0121042000F0B9FCBDE845
S21400863070400B4A0121042000F0B2BC6468641B41
S214008640032CCABFC968074909681DF0FFFFBDE8CB
S214008650704002460449002007F01CB95E6F030014
S2140086607E6F030000F8FF079B6F030008B5D0E994
S214008670023253F8220003EB8203FF225968038874
S21400868009684FF6FF701DF0E1FFBDE8084002469E
S2140086900149002007F0FEB8AC6F030008B5D0E92A
S2140086A0023253F8223005211888402223F016FFA4
S2140086B0BDE8084002460249002007F0EBB800BFBC
S2140086C0CB6F030008B5D0E9023203EB820148689D
S2140086D053F82210027809884023312023F051FFF6
S2140086E0BDE8084002460249002007F0D3B800BFA4
S2140086F0EA6F030008B5D0E9023203EB820148684E
S21400870053F82210027809884023332023F039FFDB
S214008710BDE8084002460249002007F0BBB800BF8B
S214008720027003001FB5D0E9023253F8221003EBA3
S21400873082030C889B680C491A7808684968003AD6
S21400874018BF012202AB03C3D20102A94023204670
S21400875023F026FF054B0090054A0121042000F077
S2140087601FFC04B010BD00BF9D7003008F6E030099
S2140087701E70030007B5D0E9023253F822300321F9
S2140087801888402223F0AAFE044B0090044A0121D8
S214008790042000F005FC03B05DF804FB8F6E0300B8
S2140087A02B700300C36837B50533826852F8233050
S2140087B004211D786A460123044623F076FE38B964
S2140087C00420074A012100F0EBFB684606F0A2F8F9
S2140087D02B466A4600212046FFF7A8FD03B030BDB1
S2140087E04370030007B5D0E9023203EB8201486804
S2140087F053F82210027809884023322023F0C1FE65
S214008800044B0090044A0121042000F0C9FB03B089
S2140088105DF804FB8F6E0300747003001FB5D0E98B
S214008820023203EB820153F822304968188809881F
S2140088300A4A4FF48A530293094B0193094B00935B
S214008840094B12781B7821F03DFF084A03460121A8
S214008850042005B05DF804EB00F0A2BB414E0020FA
S214008860D4490020DE490020404E002087700300D7
S214008870836970B513F00106044603F0020509D1BA
S214008880EDB9C3695BB314F05FFBE3692046BDE84E
S214008890704018471DB11B489B21FDF77FFAA06961
S2140088A0C0F3810023F005FCE3691BB91548A3213A
S2140088B0FDF774FA204614F047FB4DB916E0C3F3F3
S2140088C0072023F008FCE369B3B1204614F03CFB14
S2140088D0E369607E9847BDE8704023F0F0BB094826
S2140088E0A321FDF75BFA204614F02EFBE369204631
S2140088F09847002EEFD170BD0248A321FDF74EFA2F
S214008900E3E700BFA570030008B514F0B7FC28B174
S214008910BDE8084002483F21FDF740BA08BD00BF49
S214008920A57003002DE9F84FFF2B9DF82870DFF89F
S21400893068B0DFF868A00446884691461D464FF0AA
S214008940000612D1C0E900BAC0E906620661866078
S214008950C160FF2F07D0A36943F0020323F47F43CF
S21400896043EA0723A361BDE8F88FFF2F03D0094829
S214008970BE21FDF713FAAD0045F00105EDB2C4E9DE
S21400898000BA2661A660C4F81C90C4F80C80A561E5
S214008990DFE700BFA5700300FC31002071880000EF
S2140089A010B5064C0460064CC2610023C0E90143C2
S2140089B003610123C160836110BD00BFFC3100204C
S2140089C071880000826938B502F00203D2070446B7
S2140089D00D4620D553B9FF2921D1A36913F00C0FFA
S2140089E017D01148FC21FDF7D9F912E00E48ED2109
S2140089F0FDF7D4F9FF2DF0D0284623F016F8FF280F
S214008A00054603D10848F521FDF7C8F92DB204EB59
S214008A104514204638BDFF29FBD0002BECD1024878
S214008A20F221FDF7BBF9E7E7A57003000023054A2E
S214008A300361C0E906310260C360034A034B42602B
S214008A4083607047FC31002071880000DDCD010096
S214008A50014826F01BBC00BFFC310020014826F070
S214008A6021BC00BFFC31002013B5164826F0E3FBFE
S214008A70F8F7A8FA20F0B9FB20F0D8FB20F0DFFBCF
S214008A80FDF746F90446FDF75DF90F4A00902346C8
S214008A900121042000F084FAFDF740F90123834009
S214008AA040F2A17213420BD00020FDF72FF80020F1
S214008AB0FCF72EFF002002B0BDE81040FCF7F4BE25
S214008AC002B010BDFC31002017710300022808B563
S214008AD003D121F072FC014B186008BD2C32002037
S214008AE008B50CF007F8074B0120187021F06AFE55
S214008AF0022021F067FEBDE8084003490348FDF761
S214008B008FBD00BF444E0020F01000203032002001
S214008B10014B1870704700BF424E002038B50E4B10
S214008B201C786CB9204638BD22F083FE04280FD08E
S214008B3022F07FFE054623F0C2FA052D0AD0F1E7A3
S214008B40002023F0B6FA28B922F073FE0228EBD1F3
S214008B5023F0B5FA0024E5E7434E002008B5074B9E
S214008B601B780BB1002008BDFFF7D8FF0028F9D10D
S214008B7005F0F2FD023818BF0120F4E7424E00204F
S214008B8070B514F0E3FB0446FFF7E8FF14F0070F98
S214008B90204D0CD158B114F0D9FB10BB4FF0FF3468
S214008BA0FFF756FF844228BF0446042C1DD82B78B6
S214008BB023B9012021F006FE01232B7021F010FEC0
S214008BC0044628B32B781BB91348F921FDF7E6F8BD
S214008BD014F024FB0446FFF73BFF844228BF0446FC
S214008BE016E014F01BFB0446DAE7204621F0FAFDF7
S214008BF00028DCD02B785BB120F053FC0021064621
S214008C000120FDF793FC304620F04FFC00232B702C
S214008C10204670BD444E0020377103001FB5FFF795
S214008C20AFFF0446FEF720F9A04228BF204688B1D1
S214008C3003A9FEF7FBF8034638B9CDE90000064A5B
S214008C400399064821F02CFC18B105489221FDF73F
S214008C50A5F8012004B010BDC3A702000C32002006
S214008C60377103000D4B0E4A1B7870B50D4D0E4C38
S214008C700121002B0CBF2B462346022000F090F962
S214008C800A4B0B4A1B780121002B0CBF2B462346B0
S214008C900220BDE8704000F083B900BF434E0020BC
S214008CA0A87103001297030031970300424E00207C
S214008CB0C771030010B5D0E9023253F822301B7892
S214008CC0002B14BF012400244FF0020014BF054AF5
S214008CD0054A012100F064F92046BDE81040FFF780
S214008CE017BF00BFE671030003720300D0E902322B
S214008CF053F82230034A1B78003B18BF0123137039
S214008D00704700BF434E002010B50B4C0B490020A7
S214008D1006F0A6FD23681B68587922F0B0FE23688B
S214008D201B68587921F0B2FF04F0DEFC002023F027
S214008D3089FA012010BD00BFE4350020227203002E
S214008D402DE9F3410C4E0D4DDFF838800C4F002412
S214008D5056F8043B0BB9D8F8003035F8022B0092D1
S214008D60394622460020013406F07AFD292CEFD140
S214008D7002B0BDE8F08100BFFC100020BE4A002013
S214008D8045720300F810002007B5D0E9023253F808
S214008D9022301A78282A0DD8084B53F822300BB9FF
S214008DA0074B1B68074931F812100091002006494E
S214008DB006F056FD03B05DF804FB00BFFC10002073
S214008DC0F8100020BE4A00204572030038B5D0E9EE
S214008DD0023253F8221003EB82030C785B680549D5
S214008DE01D88002006F03CFD29462046BDE8384098
S214008DF000F0BAB8507203002DE9F3410C4E0D4D49
S214008E00DFF838800C4F002456F8043B0BB9D8F82E
S214008E10003035F8022B00923946224600200134F5
S214008E2006F01EFD292CEFD102B0BDE8F08100BF90
S214008E30FC1000206C4A002045720300F810002049
S214008E402DE9F34102AB03E906000446904614F010
S214008E5061F90546204614F06DF9384F9DF800601C
S214008E60374BFDB1202C98F8002033F8141037F853
S214008E70140008D9814253D34FF6FF7291421DD198
S214008E8002B0BDE8F081012A32D802EB42122D482A
S214008E9022444FF6FF7530F81210A94202D0013175
S214008EA020F8121033F8141037F81400814237D324
S214008EB04FF6FF7291424FF0010502D0013123F8C0
S214008EC0141004F0FD02092A2CD19A8AB98A324479
S214008ED08A42B4BF9A82998233F814308342CFD341
S214008EE0002DCDD1204602B0BDE8F04121F0DEBE17
S214008EF0022AD7D1134A32F814104FF6FF70814277
S214008F0004F121001CBF013122F8141032F81010B1
S214008F104FF6FF75A9421CBF013122F81010C1E7B9
S214008F200025CBE71D2CD7D15A8F91198142BDBFA2
S214008F3002F1FF32B6185E875887CDE76C4A0020EC
S214008F40BE4A0020E849002002485222002128F0AC
S214008F50B8B800BFBE4A002002485222FF2128F0BF
S214008F60B0B800BF6C4A0020014B23F810107047C1
S214008F706C4A002008280ED84FF48B73C340DB07DA
S214008F8009D5064A136819B10343136000207047D9
S214008F9023EA0003F9E72120704700BFA411002050
S214008FA00CB4082813B50C4611D84FF48B73C34085
S214008FB0DB070CD5084B1B68184208D005A9049897
S214008FC0019109F03FFB14B1044824F0A2FA02B064
S214008FD0BDE8104002B07047A411002038750300A9
S214008FE0034610B5D3E9023253F822301C780846FF
S214008FF0211E18BF0121FFF7BDFF014650B9094ADF
S214009000094B0220002C08BF1346BDE81040074A53
S214009010FFF7C6BFBDE81040054A00210220FFF753
S214009020BFBF00BF427503003A7503004B750300CF
S21400903061750300024A03480021FFF7B1BC00BF78
S214009040C9900000383200200148FF2121F09FBB64
S21400905038320020034B04480022FF211A7021F00A
S2140090608FBB00BF454E00203832002013B5114C90
S2140090702378032B14D80093002318460E4A0F4972
S21400908006F0EEFB23780E48002B42F210724FF0EB
S214009090FF0108BF002202B0BDE8104021F05FBB10
S2140090A000220849104606F0DBFB02B0BDE810407F
S2140090B0FFF7D0BF454E002072750300847503008D
S2140090C0383200208E750300F0B52A4D2B788FB00D
S2140090D023B309A823F09CFB022309A88DF82430AB
S2140090E023F06CFD244B01AA064603F110079446B4
S2140090F018685968144603C40833BB422246F7D1A1
S2140091001E4B05AA03F1100E174618685968144638
S21400911003C4083373452246F7D1CEB1012409A80B
S2140091201BF016FD28B9BDF8243013F0020F18BF47
S21400913001242B781249002B08BF0021A0222046CC
S21400914015F01AFE90B92B7801332B700FB0F0BDD6
S214009150614609A823F099FD0028DFD1394609A801
S21400916023F093FD04460028D9D0D7E7FFF77EFF0B
S214009170ECE700BF454E0020B0750300C075030045
S21400918000F8FF0710B53349334C002006F068FBA3
S21400919032490822002006F063FB314B314A197829
S2140091A0314B0020002918BF1A46304906F058FBFC
S2140091B0002022F07EFF2368002B47D01B78022B6E
S2140091C044D900222A4B2B49104606F049FB21F0D1
S2140091D0BDFD29490246002006F042FB00F0CAF811
S2140091E026490246002006F03BFB23681B78032B2B
S2140091F02CD900F0D1F82249224C0246002006F075
S2140092002FFB00F0DDF820490246002006F028FB80
S21400921000F0DEF81D490246002006F021FB00F0B3
S214009220A3F81B490246002006F01AFB00F0D6F809
S214009230184954F82020002006F012FB00F024F90C
S214009240154954F82020002006F00AFBBDE810401F
S21400925022F035BFD075030020350020EC750300E2
S214009260464E002012970300319703000F76030046
S2140092702B760300397603004576030068760300F4
S2140092808B760300A8110020AE760300D17603008B
S214009290F77603001D7703004077030008B5D0E992
S2140092A0023253F82230187840B10020074906F001
S2140092B0D7FABDE80840802000F034B8044906F02C
S2140092C0CFFABDE80840802000F046B86377030078
S2140092D080770300D0E9023253F82230034A1B7825
S2140092E0003B18BF01231370704700BF464E002096
S2140092F00A4B18220021C3E900121A7B0AB9084A51
S2140093009A601A7C12B94FF47A72DA8140F6B83253
S2140093105A8200229A829A75704700BF58320020FF
S21400932040771B000A4B1B6810B57BB11B78032BDC
S21400933002D8B0F5007F09D1064C236803432360AA
S2140093406368184202D021F033F8A08210BD00BF37
S2140093502035002058320020024A136823EA000312
S2140093601360704758320020014B1868704700BFE2
S21400937058320020024B9868FA23B0FBF3F070478F
S21400938058320020034BFA225043012298601A7389
S214009390704700BF58320020024BD889FA23B0FB32
S2140093A0F3F0704758320020C0EB4012034B00EB3E
S2140093B0820040000122D8811A747047583200207B
S2140093C0024B588AFA23B0FBF3F07047583200205D
S2140093D0014B5868704700BF583200202DE9F8430B
S2140093E0114B124F9D7D124E00244FF00C08398809
S2140093F0E3B28B4202D32846BDE8F88308FB03F3AA
S21400940006EB0309F05C22F05CFE50B9D9F80800C0
S214009410FF2121F0BCF920B199F805309D4238BFF4
S2140094201D460134E3E700BF58320020EE1400204A
S21400943008120020124B1B6810B5124CEBB11B78BB
S214009440032B02D823689B0517D520F0B1FFA38A0B
S214009450C01A638A80B283423EBFD4E90032934387
S21400946023601BF03FFB08B1E08910BD2368002B8A
S214009470FAD1FFF7B3FF0128F6D0A068F5E700BFE2
S2140094802035002058320020014B987D704700BFE1
S2140094905832002038B504460D4622F00EFE244B06
S2140094A01B7813B1204621F04CFC402C26D006D861
S2140094B07CB1312C17D0BDE8384022F000BE872C96
S2140094C003D07334E4B2012CF5D80220FFF744FF32
S2140094D0F1E74FF40070FFF73FFF0220FFF722FF8F
S2140094E0144B1C71E7E74FF40070FFF735FF0220BE
S2140094F0FFF732FF0F4B00221A71DCE722F063FD04
S2140095000028D8D10B4C2379022001332371FFF7B2
S21400951023FF4FF40070FFF705FF2379AB42CAD351
S21400952021F010FC0028C6D121F0E5FBC3E700BF00
S214009530464E00207032002010B522F07AF902283C
S2140095400AD117F0CFFC034630B10022BDE8104028
S2140095500249104606F084B910BD00BFC477030068
S214009560024A03480021FFF71BBA00BF39950000E6
S2140095707832002038B5002022F09BFD124B1B6885
S21400958093B11B78022B0FD922F053F9022816D17B
S2140095900E4C2568FFF74EFFA842206008D02268D0
S2140095A00B48FF2121F0DBF8BDE8384022F087BDEC
S2140095B00748FF2121F0EBF80028F5D1EFE7044833
S2140095C0FF2121F0DDF8EFE7203500207032002083
S2140095D0783200202DE9F0410E4E0F4FDFF83C8028
S2140095E0002405F0DFF9E5B2A84201D8BDE8F08115
S2140095F0284605F055FB054622F0FEFD2A460028C3
S2140096000CBF33463B464146002006F029F901349C
S214009610E7E700BFDB770300D6770300E1770300B8
S21400962030B585B002230025CDE9013500914023F1
S2140096302A46032122F0C3FB044620B10246034912
S214009640284606F00DF9204605B030BD0278030026
S2140096501FB5212301930DF10E03ADF80E100093F4
S21400966000224023032122F077FB044620B1024665
S2140096700349002006F0F4F8204604B010BD00BFF1
S2140096802078030073B50321044622F0F2F9FF2880
S21400969005461DD00DF106012046FFF7C1FF134E0B
S2140096A0C0B916F8253053B9012306F8253006EB65
S2140096B08503BDF806105980204621F051FBBDF801
S2140096C006303BB14FF47A720321204621F09FFF0B
S2140096D002B070BD0023204606F8253021F041FB7D
S2140096E00321204621F0AAFFF2E700BF104B00201E
S2140096F013B501A9F8F7FEFC0446C8B9BDF8042066
S2140097000C4906F0ADF80C4BBDF804101B681B683E
S2140097105879FFF79DFF22F095FD034610B901200A
S21400972002B010BD054A0649204606F099F8F6E74D
S2140097300020F5E73E780300E4350020F41403002B
S214009740597803001FB51749002006F089F8164B14
S2140097501B681B680DF10E015879FFF761FF044680
S21400976010B9BDF80E3063B9204622F06BFD0346F3
S21400977020B10E4A0E49002006F072F8012004B00F
S21400978010BD0246009303210A4B092005F022FF74
S21400979022F055FD03460028F0D0074A044920462B
S2140097A0EAE700BF84780300E4350020F4140300E1
S2140097B0597803009678030098780300034B1B68DB
S2140097C01878012808BF0220704700BF2035002007
S2140097D0D0E9023253F822301A78024B1A7000F0A1
S2140097E0D7BA00BF474E002070B5D0E902456B1EC1
S2140097F0DBB21D4954F82300032227F038FC54F846
S214009800253004EB8504197863681A78A2F10B03F7
S2140098100F2B05D91549BDE87040002006F020B88A
S21400982001290FD1124C9140236840B90B43114ACD
S2140098302360BDE870401049002006F011B823EA06
S2140098400103F4E702290CD10C49012303FA02F2C2
S2140098500B6818B913430A4A0B60EAE723EA0203C7
S214009860F9E70A460749D6E7F41203009E78030094
S214009870B4110020B4780300BC780300B0110020B7
S214009880CE780300D878030007B5D0E9023103EBA1
S214009890810253F821300B491B785268012B0A4B82
S2140098A0126808BF0B464FF000001A600092074A85
S2140098B0074B084918BF1346074A05F0D1FF03B007
S2140098C05DF804FBB4110020B0110020F37803000B
S2140098D0EB780300FD780300F67D030038B5254AD3
S2140098E0254B264C2649274D002005F0B9FF264972
S2140098F0002005F0B5FF22682449002005F0CAFFC5
S2140099002068234C05F086FF2146002005F0A8FFBE
S2140099102A682049002005F0BDFF286805F07AFF78
S2140099202146002005F09CFF1B4B1C491A781C4B57
S214009930002053F8223005F093FF00F027F919496C
S2140099400246002005F08CFF174B18491A780020B5
S21400995005F086FF164B17491A78002005F080FFA1
S21400996021F067FFBDE8384002461349002005F0A5
S21400997077BF00BFF67D030016790300B411002000
S2140099801D790300B0110020257903003379030008
S2140099904376030043790300634E002053790300A7
S2140099A0B811002064790300594E0020787903002E
S2140099B0584E00208A7903009C79030007B500F012
S2140099C08FF8054B0090054A0549002005F048FF32
S2140099D003B05DF804FB00BFE3990300F67D0300C7
S2140099E0B07903000149002005F03ABFBD790300B5
S2140099F0014812F001BE00BF144B0020F8B50C4F12
S214009A000C4E0D4D0D4A0E490446002005F028FF69
S214009A103B782978327820461FF02DFB00233B70D8
S214009A2033702B70BDE8F8400648FF2120F0A8BE32
S214009A30634E0020584E0020594E0020F67D03004D
S214009A405C7A03009832002037B51948FF2120F0D1
S214009A5097FE184B1B7813F0200013D004F0D4F9AF
S214009A6025F0D4FF0020144B144A154905F0F8FEE3
S214009A700120FFF7C3FF4FF4806003B0BDE830401D
S214009A80FFF76ABC13F0100404D003B0BDE8304002
S214009A9004F0C2B90121B42004F0D8FC094B0090B0
S214009AA00546064A0849204605F0DAFE2846E0E75D
S214009AB098320020634E0020737A0300F67D030080
S214009AC09C7A0300A37A0300BC7A0300024A034888
S214009AD00021FEF765BF00BF499A000098320020BB
S214009AE008B5054B1B7823B19420FFF787FF0020AD
S214009AF008BD7020FCE700BF634E002037B51E4C43
S214009B002378DB0605462FD500901C4B1C4A1D49C2
S214009B10002005F0A5FE1E2D10D0652D0ED0032DBD
S214009B2024D12378184843F0200341F28832FF21DD
S214009B30237003B0BDE8304020F011BE237823F038
S214009B4020032370FCF784FA4FF4FA63B0FBF3F2B9
S214009B5002FB1300C21892B20B48FF2120F0FFFD53
S214009B60237823F01003237003B030BD25F04EFF9A
S214009B70AE20FFF743FFF3E7634E0020C97A0300E9
S214009B80F67D0300BC7A030098320020014B187A59
S214009B90704700BFB832002070B5424E3378DD1FE4
S214009BA0012B8EB0EDB258D0042B56D0032B41F6C5
S214009BB0041255D0991F4B424B415B0013433A4861
S214009BC0ADF80C3021F0F8F848B9384B364A03F1B6
S214009BD0100153F8040B42F8040B8B42F9D133788A
S214009BE0032B3FD0062B3DD0314B0DF10E0203F177
S214009BF0100153F8040B42F8040B8B42F9D103A86A
S214009C001BF0AAF8B728044610D1012D36D8294AE9
S214009C102949002005F024FEBDF80C3003A823F4E3
S214009C200053ADF80C301BF097F804467CBB302090
S214009C301AF06CFF044650BB21F0F6FA012D26D828
S214009C401E4A1068516801AB03C322461C4901A88E
S214009C5023F084F8F0B1182419E043F60412A9E7BB
S214009C600223ABE7104A0DF10E0302F1100152F881
S214009C70040B43F8040B8A42F9D1C0E73378012B72
S214009C8001D0042B03D10F49002005F0E9FD204642
S214009C900EB070BD0449224601A823F05FF80028E4
S214009CA0D9D1F4E7634E0020484E00208E7B030097
S214009CB09F7B0300F67D0300ED7A0300B07B030074
S214009CC0E67D0300407B030030B5044687B02520C0
S214009CD015F034FE1C220021144827F0F2F9144B2C
S214009CE01878FFF76BFD022814BF012304230A200F
S214009CF08DF8083025F016FB04238DF8103002A8E6
S214009D000C4B0593039404F00FF80B4B0B4A1968A1
S214009D100B4B0094A14218BF13460546094A0A4950
S214009D20002005F09DFD284607B030BDB832002063
S214009D30634E0020CD9F0000B4110020F37803008E
S214009D40EB780300F67D0300B97B030008B50E49E7
S214009D500A78531CDBB2072B0B7001D0092B04D1F9
S214009D609420FFF74BFE942008BD02F0FB02032A66
S214009D7007D1064B18680028F2D0FFF7A5FF3D2054
S214009D80F2E70020F0E700BF634E0020B01100208D
S214009D9073B51C4C1C4E23683268134330D01B4BE3
S214009DA01B6833B31A4D2B781BBB21F042FDD8B984
S214009DB04FF48060FFF7B6FA24688CB101232B704D
S214009DC004F022F82046FFF77FFF0446114B124AA4
S214009DD012490094002005F043FD204602B070BDF5
S214009DE0042334682B70EBE70121B42004F02EFB2B
S214009DF0EBE7094A0A49002005F032FD7024E5E742
S214009E007024EAE7B4110020B011002020350020AD
S214009E10634E0020007C0300F67D0300B07903004B
S214009E20E67B03002DE9F341374C3849227AA388B4
S214009E30002005F015FD2268207A22FA00F010F0C6
S214009E40010002D1324905F00BFD324D287838B1B9
S214009E5031493248082227F00AF9003818BF012095
S214009E602F4E2D4F06F10E0807E0082239464046D1
S214009E7027F0FDF8003818BF0120227A2368D34067
S214009E80DB0700D560B1304615F024FD00282DD143
S214009E902B78002BE9D1227A2368D340DA07F2D553
S214009EA0237A0093A3881F4A1F49002005F0D8FC98
S214009EB01E4B1878FFF782FC01230A22184915F07A
S214009EC08DF81B4A137801331370044610B902B09C
S214009ED0BDE8F081134A17492346002005F0C0FC70
S214009EE0204602B0BDE8F041FFF788BD12490020C9
S214009EF005F0B6FCFFF72AFF0028E8D102B0BDE85F
S214009F00F04100F01BB800BFB8320020067C03000A
S214009F10367C0300624E00205A4E0020CA320020D3
S214009F20BC320020F67D0300027D0300634E002055
S214009F30584E0020A57C0300CC7C030070B51B4C5B
S214009F401B4B22781B4953F822301B4A1A4D1B4ED6
S214009F50002005F085FCFFF71FFE034683B9237833
S214009F60032B19D8D3B1164B16481B6840F8043B90
S214009F7015F08EFCA0B1BDE870400120FFF73EBD95
S214009F802A463146002005F06BFCFFF7DFFE58B985
S214009F90FFF702FE0346E1E7072BE4D00A4BE3E7B0
S214009FA0BDE87040FFF73EBF70BD00BF634E0020A7
S214009FB0B8110020217D0300F67D03002E7D0300EE
S214009FC0B4110020B8320020B011002070B51A4C31
S214009FD0237883B3838913F4407F2CD0056835B18A
S214009FE02A461649BDE87040002005F039BC15F039
S214009FF09FFC134E134A307003461349284605F05B
S21400A0002FFC33781BB1BDE87040FFF797BF23786D
S21400A010062B06D8032B06D9BDE87040AB20FFF709
S21400A020EDBC082BF8D004232370084BBDE8704025
S21400A0301868FFF749BE70BD634E0020577D0300C9
S21400A040594E0020F67D0300827D0300B0110020EB
S21400A05030B5434D434A4449034687B00446002082
S21400A06005F0FEFB2B782BBB01A822F0D1FB0223C8
S21400A07001A88DF8043022F0A1FDB0B93B4901A833
S21400A08022F003FE88B1902C0FD1FBF7E1FF47F2D8
S21400A0903153B0FBF3F202FB130000F51C501030F6
S21400A0A080B203F0B9FE07B030BD912CFBD103F0AF
S21400A0B0EDFEF8E7902C2AD12A4A2D49002005F01B
S21400A0C0CFFB2B78032B11D0062B0FD0294B1B78F8
S21400A0D0DA070BD401A81AF03BFD18B9BDF8043016
S21400A0E09B0703D42B7843F010032B70FBF7B0FFCD
S21400A0F04FF4FA63B0FBF3F202FB1300C2181E48DB
S21400A10092B2FF2107B0BDE8304020F028BB13F024
S21400A1107BF804460028C6D12B78013B072B19D8BC
S21400A120104A164905F09CFB154815F0D3FB60B1A4
S21400A1301449204605F094FBFFF708FE0028B2D12C
S21400A14007B0BDE83040FFF7F9BE07B0BDE83040C5
S21400A150FFF768BEAE2007B0BDE83040FFF74EBC44
S21400A160634E0020F67D0300A67D0300E67D030017
S21400A170BB7D0300474E002098320020CE7D0300B2
S21400A180BC320020CC7C030010B588B0002401232C
S21400A19001A88DF80430CDE90244F8F757F89DF889
S21400A1A004201149204605F05BFB039A0F49204620
S21400A1B005F056FB029A0E49204605F051FB0D4964
S21400A1C010230DEB03007F22098820F021F90A49AD
S21400A1D0204605F05FFB04A821F098FF07492046BB
S21400A1E005F03EFB08B010BDBE7F0300DB7F03001A
S21400A1F0F97F0300C2670300178003000E560300B2
S21400A20008B520F0DDFD0349002005F029FB0120FC
S21400A21008BD00BF3480030008B5044A0449002086
S21400A22005F01EFBBDE8084000F02CBD718F030052
S21400A2304880030008B5044A0449002005F010FBD6
S21400A240BDE8084001F08AB9678003004880030033
S21400A2501FB5D0E9023253F822301C7868462146F2
S21400A26001F0FEFB684601F0A1FC28B9044922462D
S21400A27005F0F6FA04B010BD684601F063FAF9E797
S21400A2806D8003000149002005F0EABA89800300CA
S21400A2907FB50DF1060102A801F036FA2649002026
S21400A2A005F0DEFABDF808202449002005F0D8FAAB
S21400A2B0BDF80A202249002005F0D2FA039A214967
S21400A2C0002005F0CDFA2049002005F0E3FABDF89D
S21400A2D006204FF6FF739A4229D01C49002005F04D
S21400A2E0BFFA1B4A1B49002005F0BAFA184A1A4959
S21400A2F0002005F0B5FA00221046184905F0B0FA1D
S21400A300174A1849002005F0ABFA17490A22002020
S21400A31005F0A6FA15490A22002005F0A1FA14490C
S21400A3200A22002005F09CFA07B05DF804FB1149EC
S21400A330002005F095FAD4E798800300B08003006B
S21400A340C8800300E0800300F8800300E4AC03004C
S21400A350005C26050E8103002C8103004A81030061
S21400A360C02709006881030086810300A4810300DA
S21400A370C28103000B81030008B50020034905F0E5
S21400A3806FFABDE80840012001F0B8B9E08103008B
S21400A39008B50020034905F063FABDE80840002030
S21400A3A001F0ACB9F981030030B5104B104D1B5CC1
S21400A3B085B004468DF80F302B78834206D00D4BBF
S21400A3C00D4953F82020002005F04AFA30232C705F
S21400A3D00A4801930DF10F030093062280231921EA
S21400A3E0007821F0B9FC05B030BD00BF528F0300E5
S21400A3F06B4E002048900300118203004515002094
S21400A4001FB523230193039003AB06480093012254
S21400A41080231921007821F09FFC039805B05DF891
S21400A42004FB00BF4515002010B5064C208821F01F
S21400A430EDFD608821F0EAFD6068BDE8104021F07F
S21400A440F4BD00BFD83200207FB523238DF813302B
S21400A4500DF11303029304230193064805AB009302
S21400A460012280231921007821F0A9FC059807B065
S21400A4705DF804FB4515002073B5164D164E2B7877
S21400A4800446CBB120F0BFFC012815D0346040F65E
S21400A490B244124B1B78072B17D02D78C5B920F085
S21400A4A0B2FC031E18BF01230D4800952246192151
S21400A4B0007821F096F803E000233360002CE8D102
S21400A4C0201E18BF012002B070BD02250123EBE755
S21400A4D00025FBE7684E0020D43200206B4E00209B
S21400A4E04515002008B50448FFF7C6FFBDE808403C
S21400A4F00220FFF759BF00BF005C2605814237B532
S21400A5000346154608D2009100200F4A0F4905F071
S21400A510A7F9002003B030BD0C1A22460C490020D3
S21400A52005F09EF940F6BB5322460020094905F087
S21400A53097F94FF47A735C43074B9C4294BF2C60A8
S21400A5402B600120E6E700BF9F7303002482030010
S21400A5505F8203007A82030080EE36002DE9F04722
S21400A560DFF84491044699F8000090460F4621F023
S21400A5705CFA99F80020064628B1BDE8F0473E4947
S21400A580002005F06DB93D4B3D4D18803D4BDFF882
S21400A5901CA15B882B8001202A7105F09FF806F02D
S21400A5A02BF905F09BF8204605F098F80123042CBB
S21400A5B08AF800300BD8022C45D89C4216D0234689
S21400A5C0314A3249BDE8F047002005F049B9062C6B
S21400A5D0F5D12F49304605F043F9384605F07EF8A8
S21400A5E0FFF722FF97B18AF800600FE0294F3888FE
S21400A5F04FF6FF76801B18BF012005F06FF8FFF7B7
S21400A60013FF3888B04201D021F000FD19236B807B
S21400A61099F800302B71204B1B786B71EB8843F058
S21400A6204003EB801D4B0020198821F09FFC034659
S21400A63020B11B492246002005F012F94046BDE82D
S21400A640F047FFF719BF304605F048F8FFF7ECFE75
S21400A650FFF7FAFE21F0E9FC124B1B78002B0CBF2B
S21400A6603F20202005F03AF8042CCFD14FF480602C
S21400A67021F0CCFC3220C7E7A48203002E4B00203A
S21400A680324B0020043500209F730300F082030045
S21400A690D3820300184B002044150020EC14002041
S21400A6A007830300674E002045150020684E0020F3
S21400A6B038B5054605200C46FFF776FE194B1A8876
S21400A6C04FF6FD739A4207D11749002005F0C8F8E7
S21400A6D0BDE83840FFF706BF64B1144A137801336B
S21400A6E0DBB2092B13700CD911490A22002005F0A1
S21400A6F0B7F8EDE7012D11D0BDE838400D48FFF75B
S21400A700BBBE012DF8D10C490C4800F0FDFFBDE89A
S21400A7103840084A00210120FFF720BF034B1C7079
S21400A720F1E700BFEC1400203D8303006A4E0020D2
S21400A73068830300005C2605184B0020D8320020F2
S21400A74008B50649002005F08BF8054800F0FAFF2A
S21400A7500021BDE808400846FFF7AABFAC83030007
S21400A760D832002010B504460820FFF71DFE0D4B1A
S21400A7703CB91C70BDE810400B4A00210620FFF7CC
S21400A780EDBE1B78092BF5D908490A22002005F0F2
S21400A79067F80749002005F063F8BDE81040FFF7AA
S21400A7A0CFBF00BF6A4E0020C0270900BD8303004C
S21400A7B0FE83030073B51D4D2C7834B11C49002070
S21400A7C002B0BDE8704005F04BB80220194EFFF706
S21400A7D0EBFD194B3078FF221A7021F026F938B1BC
S21400A7E032781649204602B0BDE8704005F038B809
S21400A7F0134B144900934988012319224FF6FD7024
S21400A80005F0C8FC70B11049204605F029F80F4B3A
S21400A8100F481C700F4B00221A7002B0BDE8704043
S21400A820FFF72ABE01240C492C70EEE7694E002083
S21400A8300F8403004515002044150020A482030061
S21400A8403DAB00000435002050840300684E002015
S21400A850005C26056A4E00207684030038B5144D49
S21400A8602B78052B044622D9124900F061FF64B903
S21400A87070B9114904F0F4FF95212B78052B0ED002
S21400A8800E4A0620FFF76AFE09E00D4B195D21B956
S21400A890BDE838400020FFF765BF032CEDD1094B1B
S21400A8A0002119700846BDE83840FFF701BF38BDE3
S21400A8B06B4E0020D832002098840300C027090081
S21400A8C0488F0300684E002030B5044689B0072044
S21400A8D0FFF76AFD052C0AD12A4B00221A7003A93D
S21400A8E004AA02A801F000FB30B1022443E09CB9A0
S21400A8F0244B01221A700224224D287878B1421E79
S21400A90050422149504100F043FF022304462B7079
S21400A910022C0DD10A200EE0022CE6D1EBE7631FD5
S21400A9205A4219495A41052020F074FA0446EFE7C6
S21400A930032C04D10020FFF79FFD09B030BD062C84
S21400A94006D11249002004F08BFF01232B70E1E7AB
S21400A95029780F4A0F4B0094002908BF1A462CB1DD
S21400A9600D4B0E49002004F07BFFBEE70C4B0B4955
S21400A970204604F075FF204609B0BDE83040FFF7DA
S21400A9806DBF00BF664E0020D8320020C58403008D
S21400A990BE840300B4840300439E030000850300C6
S21400A9A01985030013B51F4C0620FFF7FDFC22781F
S21400A9B0092A09D91C49002004F052FF042002B0DD
S21400A9C0BDE81040FFF74ABF184B1B7843B94FF459
S21400A9D0FA620320002102B0BDE81040FFF7BEBDBA
S21400A9E000201FF02EFD20F00EFA40B9FFF72CFDD8
S21400A9F00F4B196820F0FEF902460420EAE701A88A
S21400AA0020F0FFF9FF2809D123784FF4FA600133CC
S21400AA10237002B0BDE81040FFF72EBD0198FFF787
S21400AA20EFFCD4E76A4E002020850300674E002026
S21400AA30E8320020F0B5F02389B0CDE900033448B1
S21400AA40344E0078344F354D80230022192121F0F2
S21400AA5083F93349002004F003FF3246394603A841
S21400AA6001F042FA032804461CD1039A2D4900201F
S21400AA7004F0F6FE0398FFF7C3FC062639680020AC
S21400AA8000F0E0FE2E7001F0CBFB274B04460022C0
S21400AA9030461A70FFF788FC84BB09B0BDE8F0406A
S21400AAA0FFF780BF28BB7268204904F0D9FE214614
S21400AAB004A800F029FE059B726893420BD020463E
S21400AAC01B4904F0CDFE072305202B7009B0BDE816
S21400AAD0F040FFF7F9BE17491A46204604F0C0FEBC
S21400AAE00523002101202B7009B0BDE8F040FFF7D8
S21400AAF0DFBD1149002004F0B3FEF1E7042C05D0B9
S21400AB00042009B0BDE8F040FFF7A8BE09B0F0BDCC
S21400AB1045150020D8320020E83200206B4E002079
S21400AB2058850300898503006A4E0020C38503000C
S21400AB30FB8503004D86030088860300F7B50446B0
S21400AB40384D23788768012B4FF00000287004D01A
S21400AB50354B3649187004F083FE26785EBB344BBE
S21400AB601B78FF2B04D103B0BDE8F040FFF7BABC5A
S21400AB70304B1B78032B11D82F4C0320FFF714FC07
S21400AB802088694612F06CFC002843D02B492088A8
S21400AB9005F04EFB20B12E70FFF7A4FC03B0F0BD0D
S21400ABA0214B274901241C7004F05AFE0320FFF7AE
S21400ABB0FBFB2C70F2E7012E25D13B78002BEDD065
S21400ABC01B4D2B78FF2BE9D1A68820F02EFE86425F
S21400ABD006D11C49002003B0BDE8F04004F040BE9A
S21400ABE0194BA2881B783BB132B11849002003B03C
S21400ABF0BDE8F04004F034BE7B6815491B782B7026
S21400AC000D4B1A80F2E7032E08D1A1680822684689
S21400AC1026F03DFA6846FFF70DFFBFE700232B70CE
S21400AC20A1E700BF684E0020694E0020A3860300FF
S21400AC30441500206B4E0020EC1400203DAB0000B5
S21400AC4076840300C3860300654E0020E986030071
S21400AC50138703007FB5094B1A78FF2A0AD11870AC
S21400AC6001F088F8064B00220DF1060102A81A80B2
S21400AC7000F04AFD07B05DF804FB00BF4515002054
S21400AC80164B0020034B1B78022B01D8FFF792BD12
S21400AC90704700BF6B4E002070B5284C284E20F041
S21400ACA0ADF82578BDB12749002004F0D9FD264A25
S21400ACB0137801331370002323703378062B0AD1E0
S21400ACC0224B1868B0F5FA6FBDE8704038BF4FF4F5
S21400ACD0FA60FFF7D1BB3378013B082B2CD8DFE8AE
S21400ACE003F005090D2B13191D222700BDE870403F
S21400ACF0FFF7C8BFBDE87040FFF75CBD00232370B8
S21400AD00BDE87040FFF7EEBB29460120BDE8704065
S21400AD10FFF7CEBCBDE87040FFF744BEBDE870400C
S21400AD200220FFF7D1BDBDE870400120FFF71ABD35
S21400AD30BDE87040FFF704BD70BD00BF684E002040
S21400AD406B4E00202F8703006A4E0020D43200206E
S21400AD5010B90520FFF782BD034B1B78062B01D1E7
S21400AD60FFF79ABF704700BF6B4E00202DE9F047F3
S21400AD708E6833188CB09A78092A05460C4608D98E
S21400AD80A149002004F06CFD852420460CB0BDE8E7
S21400AD90F08750B98B899D49895C8B4205D200911A
S21400ADA09B4904F05DFD8024EFE79A4BE7881B88FB
S21400ADB09F422BD098490978012927D932B1974963
S21400ADC03A46002004F04CFD7E24DEE7944B1A70D1
S21400ADD0914B25791B78052B03D0012B30D8FFF734
S21400ADE051FF002D4FD0A768A489FE783D79002139
S21400ADF008A800F089FC032E63D98A4B8A4A8B493F
S21400AE000096002004F02CFD0024BEE7844B0021B1
S21400AE101970072A00F27E8301A353F822F000BFC0
S21400AE20D1AD000077AF000077AF000067B100003B
S21400AE3067B1000067B10000F9B30000F9B3000085
S21400AE40022B19D120F0F1FC8742BDD0784A79490F
S21400AE50002004F005FDFFF7ADFC002DD4D12946F7
S21400AE60204621F0F2F903460028CDD0724A7349F5
S21400AE70002004F0F5FCC7E7714A7249002004F090
S21400AE80EFFC012481E72946204621F0DEF903463F
S21400AE9070B1694A6949284604F0E2FC614A6A4989
S21400AEA0002004F0DDFC00210120FFF701FCABE7E9
S21400AEB0A3681B78DA06F1D464492A4604F0D0FC6D
S21400AEC0ECE76B1E632B04D9564B574A6049009536
S21400AED097E7604AE3B2945D9C4209D0CDE901341D
S21400AEE0514A504B5C490096002004F0B9FC8BE7B1
S21400AEF056B3A4B222460521384621F0C4F8BDF860
S21400AF002030834203D0474B544A5549B0E7012EC0
S21400AF101AD022460721384621F0B5F8BDF822306F
S21400AF20834203D03F4B4D4A4E49A1E7032E0BD137
S21400AF3022460921384621F0A3F8099B984203D1FE
S21400AF40384B464A484993E7642DACD0FBF780F867
S21400AF506423C0B2B0FBF3F203FB12030133DBB28F
S21400AF60AB42A0D9CDE900533C4A2E4B3F490020C6
S21400AF7004F076FC48E7284B1B78052B01D03C4AAA
S21400AF807BE7EB1CDBB2277BF45C44B1384A3949DB
S21400AF902346002004F064FC00210C460BE00F2F33
S21400AFA00DD81023344900932046314A3B4604F01E
S21400AFB057FC802401210020FFF77AFBE5E60435E4
S21400AFC0EDB22B4A2D49204604F04AFC7A1B711933
S21400AFD0D2B204A81FF037FF05443046284E3A4642
S21400AFE0E9B221F04DF83368049A264F9A42386049
S21400AFF001D100284AD124491D4A002004F030FC23
S21400B00085240121D7E700BF4C8703004791030042
S21400B01062870300EC1400206B4E00208F8703002D
S21400B020684E002087880300B1880300B9880300B3
S21400B030D1870300DE870300F414030003880300AF
S21400B04029880300368803009C8803005388030081
S21400B050D18803004E8F0300EF880300358D030070
S21400B060278903005189030079890300A08903001A
S21400B070D0890300EA890300178A03002E8A03009A
S21400B080D8320020E8320020578A030001F0E0F9A9
S21400B0903D68A8420AD201F0DBF9A24903462A46D7
S21400B0A0204604F0DDFB8924012184E7059D7368B2
S21400B0B09D4205D19C4A9D49204604F0D1FB6BE792
S21400B0C09B4A12785AB19D4209D22046994904F00B
S21400B0D0C7FB994A96210620FFF740FA5CE72A4606
S21400B0E09649002004F0BCFB3968002000F0AAFB5B
S21400B0F000207560FFF784F9914B002706201F801B
S21400B100FFF752F98F4B1F7000F0E6FE0546F8B9C0
S21400B1108D4A11884FF6FF73994214BF13463B467B
S21400B12008A87288318800F047FE08A800F03EFDA7
S21400B13058B108A800F012FF38B18449284604F038
S21400B1408FFB0420FFF78AFB1FE6FFF72BFC1CE6AD
S21400B150042805D17E4B1921187820F06CFA14E6E5
S21400B1607C493846EBE77C4B1B78062B01D07B4AA4
S21400B17083E6DFF8CCA194F80C90BAF80080EB1CBC
S21400B180DBB22EB97649304604F06AFB8724FCE52C
S21400B190F75C2C1D972FE4B23CD1B9F10A0F7FF66D
S21400B1A002AE1FFA89F721463A46304620F068FF7D
S21400B1B005F1080104463A46C9B2304620F060FF61
S21400B1C008AA01462046FFF799F908B9654B089387
S21400B1D0B9F10C0F12D905F10C013A46C9B2304646
S21400B1E0DDF8208020F04FFF5F490446024600202D
S21400B1F004F036FBAAF8004044440894089C5B49D7
S21400B2002246002004F02CFB2046FFF735F91FF0FD
S21400B21000FEF9E5952F01D0982F07D1544900205C
S21400B22004F01EFB0320FFF719FBEDE5812F12D17A
S21400B230504C23786BB11FF0DFFD50B14E49002013
S21400B24004F00EFB002323701FF0E3FDFFF7AAFBBC
S21400B250DAE54A49E3E737B1404A49493B46002028
S21400B26004F0FEFA92E7B9F1100F7FF69CAD3119A3
S21400B2704A4608A81FF0E7FD0444E4B221464A46C1
S21400B280304620F0FDFE231DDBB2053416F803A081
S21400B290E4B2A9EB04035345054605DA00932F4AAA
S21400B2A03849534638467CE5DFF8C89099F80030B0
S21400B2B043B9FFF7C9F88542034607D0274A324903
S21400B2C000959EE51FF09FFD0128F2D12F48102221
S21400B2D008A925F0CCFE10B9BAF13F0F05D91F4AD0
S21400B2E02B49002004F0BCFA50E7164B187099F86A
S21400B2F000304BB11FF080FD30B128461FF07FFDB7
S21400B300042807463FF480AD3219514628461FF000
S21400B31055FE002840D01F49002004F0A1FA042062
S21400B32081E700BF768A0300D0890300AC8A030059
S21400B330644E0020E18A0300C0270900228B030028
S21400B340164B00206A4E0020184B0020438B03004B
S21400B35045150020628B03006B4E0020888B03008F
S21400B3609D8B0300E0930400D88B0300038C03003E
S21400B370228C0300674E00203E8C03007D8C030069
S21400B380AC8C0300C88C0300048D0300D832002068
S21400B3903E8D0300718D030099F80030554463B16B
S21400B3A01FF02AFD48B1FF2FB9D0012F3FF42CAD76
S21400B3B0032F16D11FF02BFD05462846FFF720F871
S21400B3C005210446024654481FF064FD534B1B6893
S21400B3D09C420AD320461FF0ECFD0520FFF774FAC6
S21400B3E012E51FF012FD8046E7E74046FFF744F8F7
S21400B3F000287FF409AD29E7494B1B7803F0FD03CD
S21400B400082B01D0474A38E5A48935B1F27822B135
S21400B4104549002004F024FA04E7E4B22246F11C71
S21400B42008A81FF010FD414BBDF820201988914256
S21400B43005460DD04FF6FF718A4209D0394A3C4B7B
S21400B4403C49002004F026FABDF820203A4948E797
S21400B450BDF82220598891420CD04FF6FF718A42DF
S21400B46008D0304A354B3349002004F013FABDF8B3
S21400B4702220EBE7099A5B689A420AD0013208D08C
S21400B480284A2C492E4B002004F004FA099A2D492C
S21400B49027E7A4B2E91C2246C9B2304620F0F0FDE8
S21400B4A0E91DC9B207462246304620F0E9FD431C96
S21400B4B0014606D10820FEF777FF2348FEF7DCFF9B
S21400B4C0A2E404AA3846FFF719F8A8B91E4B04935D
S21400B4D01E4B19781E4B002218781DF0E9FD049CBF
S21400B4E02046FEF7C9FF1B492246002004F0B8F9A3
S21400B4F00920FEF759FF87E4049A40F6B7339A42CC
S21400B500E6D8154940F6B832002004F0A9F940F60E
S21400B510B833DCE7812438E4948D0300E832002059
S21400B5206B4E00209D8D0300B28D0300D8320020A4
S21400B53041890300D78D0300E4AC03006B89030048
S21400B540F28D03000198030080EE360044150020BB
S21400B550451500202A8E0300FF8D030008B5042041
S21400B560FFF77CF90020FEF71FFF064A0023137042
S21400B570054A1370054B19211878BDE8084020F0DD
S21400B5805AB800BF684E0020694E002045150020BE
S21400B59010B5164B164C1A78164B174953F822203E
S21400B5A0002004F05DF92178144B154A002000298C
S21400B5B018BF1A46134904F053F923782BB1124BDF
S21400B5C012491A68002004F04BF9FEF73DFF0446C6
S21400B5D0FEF73AFF0E4B19681FF04FFC2246034653
S21400B5E0BDE810400B49002004F03AB96B4E00202D
S21400B5F0684E002048900300468E030031970300F3
S21400B60012970300538E0300D43200206D8E030081
S21400B610E8320020868E030038B501460446002036
S21400B620FFF7A4FB054698B1E37C0A4A0A490020C6
S21400B63004F016F92379042B0AD02946204620F078
S21400B64004FE034620B1054A0549002004F008F927
S21400B650012038BD9F730300AD8E0300F414030071
S21400B6600388030010B51346094A127882420DD1AA
S21400B67063B1084A146800200A46074904F0F0F847
S21400B68021460120BDE81040FFF770BB10BD00BF8B
S21400B69045150020E4350020CD8E030010B50D4B77
S21400B6A01C782CB1BDE810400B49002004F0D8B837
S21400B6B06420FEF7A5FE094B4FF6F0716FF00F02FF
S21400B6C0C3E90012032022462146BDE81040FEF7DB
S21400B6D045BF00BF6B4E0020028F0300D83200200B
S21400B6E0014B1870704700BF674E0020024A0021C9
S21400B6F00620FEF733BF00BFC0270900014B1870B5
S21400B700704700BF644E002038B50E2204460D4632
S21400B7100230002125F0D5FC41F202032380034BC2
S21400B720636015B14FF6FF732B8038BD04070F0119
S21400B73008B518B10249002004F092F8012008BDAF
S21400B7407490030037B5002101AB6A4605461FF02A
S21400B750FEFB044630B100220B49104604F080F888
S21400B76003B030BD094904F07BF801201EF03DFE11
S21400B77000F0D8FE431C02D006F0F2FBF0E72146AC
S21400B7802846FEF73DFDEBE785900300CC900300CE
S21400B79038B5054600F0C6FE044620F0FDFB4DB168
S21400B7A000200E4904F05CF8631C14BF20460020FD
S21400B7B006F098FB1FF03CFB0228044605D0012843
S21400B7C005D10749002004F04BF8204638BD05494E
S21400B7D0002004F045F80024F7E700BFE9900300D6
S21400B7E0039103001C910300114B2DE9F04107461D
S21400B7F00D4618680F49DFF8488009680E4E101A83
S21400B8001FF03BFB98F800403070FF2C034604D036
S21400B810A8420AD32C44A04207DB08493A46002037
S21400B82004F01EF8337888F800303078BDE8F081F0
S21400B830F0320020EC3200206C4E002035910300E0
S21400B8404615002050EA010208D0064BFF221A7067
S21400B850054B1860054B091A1960704711461046CB
S21400B860FFF7C2BF46150020F0320020EC32002061
S21400B8702DE9F04FAFB006AD284600F0CBFA634F87
S21400B880DFF8D0910026284600F090F9044648B923
S21400B89000F08CFA5E490246204603F0E1FF2FB026
S21400B8A0BDE8F08FF2B23946002003F0D9FF16A9A2
S21400B8B0284600F0CDFA044620B15649002003F091
S21400B8C0CFFF8FE0BDF85820534903F0C9FFBDF8FD
S21400B8D05A204946204603F0C3FFBDF85C204F4976
S21400B8E0204603F0BDFFBDF85E204D49204603F01C
S21400B8F0B7FFBDF860204B49204603F0B1FF199A08
S21400B9004949204603F0ACFFBDF868204749204669
S21400B91003F0A6FF46490DF16A02204603F0A0FF99
S21400B9204449239A204603F09BFFBDF85C30D907B4
S21400B93005D59DF890204049204603F091FFBDF8BC
S21400B9405C309A0714D53D49002003F0A3FFBDF8EC
S21400B9505830B3F5807F4FD1002020F0DCFB18B1C3
S21400B9600DF1910003F0FEFE3549002003F078FF4C
S21400B970BDF85C305B070BD5BDF8B220314900201E
S21400B98003F06EFFBDF8B4202F49002003F068FFD7
S21400B9900DF1160306220AA928461FF09DFA044652
S21400B9A090BBBDF816202949DFF8ACA0DFF8ACB094
S21400B9B003F056FF0DF12808BDF81610A2B291420A
S21400B9C010D9B8F800205146002003F049FF013492
S21400B9D0D8F804205946002003F042FF062C08F150
S21400B9E00808E9D16C46204600F028FA94E80F00D3
S21400B9F0013685E80F0046E7012320220DF191016C
S21400BA00002003F0A1FEAFE7114957E7519103006C
S21400BA10119303005A9103007E910300B191030035
S21400BA20C9910300E1910300F9910300119203000C
S21400BA30299203003E92030059920300709203007D
S21400BA400E560300839203009B920300B3920300FA
S21400BA50E492030096910300C4920300D39203007D
S21400BA602DE9F04188B004AD04462846884600F02B
S21400BA70D1F900276E46474507D195E80F0084E8C0
S21400BA800F00204608B0BDE8F081304600F0D6F939
S21400BA9096E80F0085E80F00284600F087F8013783
S21400BAA00028E8D1014B0FCBE9E700BF94A00300C4
S21400BAB01FB5D0E9023253F8223068461978FFF7EE
S21400BAC0CFFF684600F04AFA48B1042809D1074A71
S21400BAD00749002003F0C4FE05B05DF804FB054AE4
S21400BAE0F6E70549002003F0BBFEF5E743840300B4
S21400BAF02C9303007D970300438B0300D0E90232AA
S21400BB0010B503EB820153F82230496898B00C68F0
S21400BB10197804A8FFF7A4FF03AB0093402208ABF4
S21400BB20214604A800F0B0F9024628B10E490020CC
S21400BB3003F096FE18B010BD039808A900F007049D
S21400BB400122C0F3C70003F035FE039908A8091BBD
S21400BB500144064801230088224603F0F5FD044808
S21400BB6003F01EFEE6E700BF3C9303003E4B0020BA
S21400BB700E5603000C4BF0B504460D460FCB84E87A
S21400BB800F00AB88EF882E89EA6827809B0744BFA2
S21400BB90D5F83900D5F83D10668044BF04F1080397
S21400BBA003C362602046F0BD6493030008B50449F1
S21400BBB0102225F05CFA003818BF012008BD00BF2F
S21400BBC094A003002DE9F0419AB005460C4602AA5F
S21400BBD0602100201FF058FA18B95D4903F040FEB6
S21400BBE019E060220021284625F06BFA5949042204
S21400BBF002A825F03CFA90B16CB19DF80B30019389
S21400BC009DF80A3000939DF808209DF809305249A7
S21400BC10002003F025FE01201AB0BDE8F081BDF833
S21400BC200C202A80B2F5807F03D04C4903F018FE22
S21400BC30F1E7BDF81420BDF80E102A81DDF81620B5
S21400BC406980EA600499BDF81A202A82696085F83E
S21400BC50320007AC05F112020FAE234603CBB34207
S21400BC60106051601C4602F10802F6D13C4A0F9B58
S21400BC7013606B633B4B10221846002125F021FA17
S21400BC80EA880280AB882A894280EA6842600BB95B
S21400BC900020C1E713F0010713D13C469A0727D5C9
S21400BCA028881FF0FDF8064677B9AB882644F4B21C
S21400BCB05E0701D50434E4B2602C3ED92A49002040
S21400BCC08CE70024274632E002AB03EB040802466A
S21400BCD0414605F1390025F01AFA24483246414615
S21400BCE025F015FAAB885807D2D52644F4B203E0FF
S21400BCF059071FD5002FDDD004F168036B440434C8
S21400BD0033F8602C33F85E3CA5F85A20A5F85C3072
S21400BD10E4B2002FBCD1AB88DA074FF00107BDD5DF
S21400BD2004F168026A4412F8602C85F83820013461
S21400BD30E4B2B3E7002FBFD0AAE702AA2146382014
S21400BD401FF0A2F908B90A4948E73824E3E700BF1C
S21400BD5074930300C9940300A2930300D0930300D6
S21400BD60F4320020F8320020EA930300003300206B
S21400BD703A94030030B50B4C257899B06DB900F0B5
S21400BD80B7FB68B129466846FFF71CFF064BB0FABA
S21400BD9080F04009187001232370002019B030BDD0
S21400BDA00120FBE76D4E00206E4E0020014B1878F8
S21400BDB0704700BF6E4E002070B51E46134B0446FB
S21400BDC01888884298B01D4602D15B88934206D0F8
S21400BDD00F4B0FCB84E80F00204618B070BD96B10D
S21400BDE000216846FFF7EEFE0028F1D1BDF80430CA
S21400BDF05B0708D53388BDF85A209A42E8D8BDF8C4
S21400BE005C209A42E4D395E80F00E3E7F83200207E
S21400BE1094A00300064B1B7810B504462BB9054BBF
S21400BE200FCB84E80F00204610BD034BF8E700BF99
S21400BE306E4E002094A00300F8320020034B10B58D
S21400BE4004460FCB84E80F00204610BD94A00300E4
S21400BE500B4B1B7810B5044608467BB10021FFF754
S21400BE60B1FE48B907481022214625F000F90038EF
S21400BE7018BF0120C0B210BD0120FBE70120FAE781
S21400BE806E4E0020F83200202DE9F0410E46904616
S21400BE900E4910221F4625F0EAF8044670B90C4BEE
S21400BEA01D68AD1B454528BF45463A4629463046DF
S21400BEB01FF0EAF828B9074903F0D2FC0120BDE8D4
S21400BEC0F081069B20461D60F9E700BFF83200208F
S21400BED0F43200203A940300024B00221A7000F05D
S21400BEE065B900BF6E4E00202DE9F0419CB00F46AC
S21400BEF01646804600F076F91649054602460020AA
S21400BF0003F0AEFC382D20D9012104A8FFF75AFE15
S21400BF100446D0B9119B3B606F4604A93846FFF72C
S21400BF2029FE97E80F0086E80F00119BAB429FBFE3
S21400BF30094AC8F800300121117084BFC8F80050C3
S21400BF40032420461CB0BDE8F081034B00221A7083
S21400BF500124F6E7689403006E4E002070B5084D85
S21400BF602B78002653B100F021F904461022002158
S21400BF7004482E7025F0A5F8204670BD3446F5E737
S21400BF806E4E0020F832002008B50749002003F066
S21400BF9067FC064B06491A78002003F061FCBDE8F2
S21400BFA0084000F0D7BA00BF869403006E4E00200B
S21400BFB0B094030008B521F0E6F882880448920899
S21400BFC0012A38BF0122FF211EF0C9FB012008BD4F
S21400BFD01033002038B5134690B1284A012010705F
S21400BFE0274A1160274A002013600A46264903F0B4
S21400BFF037FC02F0D5FB254B1870022002F0D6FB6A
S21400C00021F0DCF8E8B91D4D1D4C2B782BB921F03A
S21400C010BAF822688368134423601A4B24681B68A6
S21400C0209C4229D221F0AFF88168204605F040FDF9
S21400C03000242C70024650B921F0C0F8FFF7BAFF72
S21400C04003E0FFF7B7FF0028DDD0012038BD104918
S21400C050204603F005FC0D4B187802F0A7FB0D49AF
S21400C060002003F0FDFB00F095F908B900F0B2F9E6
S21400C0702046FEF76DFEE8E70124ECE7704E002050
S21400C0800C33002008330020CD9403006F4E0020B0
S21400C090F79403001595030038B500F04FFA0446F0
S21400C0A000F046FA241A21F06EF8054618B91C4826
S21400C0B0B121F9F773FE6B8803F00303032B03D05B
S21400C0C01748B221F9F76AFE00F032FA05461EF06C
S21400C0D080FF01238340013B2B4203D01048B4214C
S21400C0E0F9F75CFE1EF075FF01238340013B2342F7
S21400C0F003D00B48B521F9F751FE05F0CDFA0546F9
S21400C1001EF067FFC4404FF48063B3FBF5F3A34211
S21400C11005D2BDE838400248BA21F9F73FBE38BD1F
S21400C1202B95030008B50548FF211EF029FB0022C9
S21400C130BDE8084011461046FFF74CBF10330020FC
S21400C140F7B504460E4600F089F8054621F01BF8C0
S21400C15083682B449C4220D31EF03BFF2C44C440F3
S21400C160013C114F3B68DEB1A34219D101340023D4
S21400C170ADF8043000F0E8F9054605F08DFA103504
S21400C18004FB005405F088FA01A90246204605F093
S21400C190D5FA1EF02EFF386004E04FF0FF34E0E7DB
S21400C1A0A342E4DB03B0F0BDDC1100200B4B4FF0E4
S21400C1B0FF3210B51A600A4B00221A7000F0B8F968
S21400C1C0044600F0BBF9214602460120FFF702FFB5
S21400C1D000280CBF0120042010BD00BFDC11002089
S21400C1E0714E002038B500F0D5F808B9002038BDEB
S21400C1F0094D0A4C2B7823B91EF0FBFE0123206064
S21400C2002B7024681EF0E5FE01348440EED000F06A
S21400C21025F82044EBE700BF714E0020DC1100201B
S21400C22070B50D4C2368002B01DA012070BD00F0BC
S21400C2307FF9054620F0A7FF246886681EF0C9FE31
S21400C240013404FA00F129448A190120FFF7C2FEDE
S21400C2500028EAD00420E9E7DC110020024B186829
S21400C2600C301EF0F6BE00BFE011002007B5FF231D
S21400C270044A054800930021FCF754FB03B05DF820
S21400C28004FB00BF25C10000103300200E4B70B524
S21400C2901C680368054604F582641C440E46FFF7D6
S21400C2A0DDFF2B68834208D232681A44824208D9DE
S21400C2B0C31A336001202C6070BD044A1268134410
S21400C2C01C1A0020F7E700BFE0110020EC11002048
S21400C2D02DE9F04F87B0B3F5803F019088461F46A2
S21400C2E003D3002007B0BDE8F08F03A904A8CDE96A
S21400C2F00332FFF7CBFFDFF898B0441C8246E4B267
S21400C3004FF00009DDE90356019BAAB2B3B11099BC
S21400C310304620F03FFF0028E3D1022C19D1109AB6
S21400C320DBF800302A441092049309F101037D1BC8
S21400C3309C4203954FF00109E4D80AE04146304696
S21400C34005F0FCF90028CCD1BAF1000F03D1022C7D
S21400C35019D00120C6E7B9F1000FF8D105F09CF915
S21400C3602E44B6FBF0F303FB10600028EFD005F078
S21400C37093F905A902463046CDF8149005F0DEF98B
S21400C3800028E4D0ADE7024BA8441B68CCE700BF0A
S21400C390EC1100207FB50D4A106851686B4603C348
S21400C3A0906818600A4B0C220DEB0201186820F00A
S21400C3B0F1FE0C220DEB0201684624F058FEB0FA9E
S21400C3C080F0400907B05DF804FB00BFB198030099
S21400C3D0E01100201FB5084A1068516801AB03C37E
S21400C3E090681860054B0C22186801A905F0A6F99C
S21400C3F005B05DF804FB00BFB1980300E011002013
S21400C400F7B5044615460E4681B9072A03D8002418
S21400C410204603B0F0BD0D4B80791968E3790630ED
S21400C42000EB03200C3180B21EF01DFE00272146D3
S21400C43000972B4632463846FFF74AFF0446002848
S21400C440E5D039467019FFF77BFEE1E7E0110020E2
S21400C450024B1868A0F50060704700BFF01100207E
S21400C46010B58AB0684605F02BFD10F0FF0027D106
S21400C470009BFBB1174C01A9206005F09DFC10F055
S21400C480FF001DD12268009B9A4204D312484FF445
S21400C490DD71F9F783FC114A019B1360029A10497B
S21400C4A013440B600F490A600F4AA3F5006313603C
S21400C4B0009B63B9084840F2CF11F9F76FFC06E01D
S21400C4C0044A0A4912680346002003F0C9F90AB074
S21400C4D010BD00BFE4110020B9950300EC11002048
S21400C4E0E8110020F0110020E01100203C96030027
S21400C4F008B5FFF7B5FF20F046FE50B120F043FE2A
S21400C500064BC2681B689A4203D20548B321F9F766
S21400C51045FCFFF7C1FD012008BD00BFF01100205B
S21400C520B9950300014B1868704700BFE41100205E
S21400C530014B1868704700BFEC110020014B1868CB
S21400C540704700BFE8110020014B1868704700BF15
S21400C550E011002010B5FFF745FE294904460020EB
S21400C56003F07EF92749002003F07AF926490020D7
S21400C57003F076F92549002003F072F9244B25498B
S21400C5801A68002003F06CF922462349234C002049
S21400C59003F066F9FFF762FE21490246002003F029
S21400C5A05FF9204B20491A68002003F059F91F4B09
S21400C5B01F491A68002003F053F922681D4900201D
S21400C5C003F04EF91C494FF48062002003F048F94E
S21400C5D022681A491032002003F042F922681849EE
S21400C5E00C32002003F03CF92268164902F58262FC
S21400C5F0002003F035F9BDE8104004F085BF00BF09
S21400C600B9960300F69603001597030035970300C6
S21400C610E4110020609703007F970300E0110020DC
S21400C620A1970300EC110020C3970300E811002037
S21400C630E597030007980300299803004B9803002A
S21400C6406D9803008F98030037B515469DF818209F
S21400C65000920A4620211FF0C0FB044630B100902D
S21400C660044A05492B46002003F0FAF8204603B09A
S21400C67030BD00BF29590300BD9803001FB5042331
S21400C68000930B4A03AB00210446FFF7DDFF48B9D1
S21400C690039B3BB1FA2207485A4321461EF05FF837
S21400C6A004B010BD034821461EF06AF8F8E700BF44
S21400C6B0D09803003433002030B589B01FF0BBF8A3
S21400C6C0694624F044F8044600BB114D15F82400D2
S21400C6D004A924F03CF8B0B9BDF80020BDF810302D
S21400C6E09A4210D19DF804209DF814309A420AD13F
S21400C6F008220DF115010DF1050024F0B8FC10B963
S21400C700E0B209B030BD0134042CDFD1FF20F8E7D9
S21400C7101A4B00202DE9F043374B384EDFF8F080F7
S21400C72000241C70FF2385B0054688F8004033704F
S21400C730337133723373A146E7B26946384624F044
S21400C74006F818B99DF80030012B03D00F2C43D003
S21400C7500134F1E79DF80130AB42F7D1BDF8023065
S21400C760202BF3D1264B1B784BB1394628461EF0BA
S21400C7709FFC20B92349224603F072F8E6E7202101
S21400C780214B0022092002F025FFA1B202201FF053
S21400C790EDFB0028DAD106EB890306F829705880ED
S21400C7A009F10109394628465FFA89F91EF080FC2E
S21400C7B010B1012388F800300F2C0DD0B9F1040F0A
S21400C7C004F10104B8D1114B01224FF4FA51284666
S21400C7D01A701EF093FC09E0B9F1000FF3D10B4B71
S21400C7E02021284683F800901EF028FF284605B032
S21400C7F0BDE8F043FFF742BF734E00201A4B0020FF
S21400C800764E0020E29803000E560300754E002078
S21400C810744E00201FB5042300930E4A03AB01217B
S21400C8200446FFF711FF10B90398FCF7ABFD022191
S21400C830094A00910DF10A032046FFF705FF18B9D3
S21400C840BDF80A00FCF7B0FD2046FFF717FF04B05E
S21400C85010BD00BF2499030037990300F8B5224E97
S21400C8603378012B044636D1204B1B78B3B1204BCE
S21400C8701F789FB91F4D20492A780132D2B2032370
S21400C88038462A7002F0ECFF2B78022B06D91B499B
S21400C890384602F0E5FF1EF00AFC2F700023184A07
S21400C8A01D461178FF2903D051888D4238BF0D46AA
S21400C8B00133042B02F10402F3D165B10223337075
S21400C8C01DF07BFD0F4BFA21186069432046BDE83A
S21400C8D0F8401EF013BC0023337020462021BDE82C
S21400C8E0F8401EF0ABBE00BF754E0020744E002010
S21400C8F0734E0020724E00204B9903007999030076
S21400C9001A4B00203033002007B501230093044A59
S21400C9100448FF230021FCF705F803B05DF804FB8C
S21400C92015C700003433002070B586B004460846AC
S21400C9301A460A9906280AD8DFE800F0041A4709BA
S21400C94052656A0004A824F0E2FB049D0DB900209D
S21400C9500CE004230093394A05AB01212046FFF77B
S21400C96073FE18B9059B9D42F1D2872006B070BDB4
S21400C97003A8042624F0CBFB314A009604AB002122
S21400C9802046039DFFF760FE0028EFD1049B9D42E2
S21400C990EBD802212B4A00910DF10A032046FFF73F
S21400C9A053FE0028E2D1BDF80A309D42DDD3264A68
S21400C9B0009605AB05212046FFF746FE0028D5D198
S21400C9C0059B9D4238BF8720D0E704A824F09FFB34
S21400C9D0BDF81050194A04230093012105AB08E066
S21400C9E004A824F094FB0423049D154A0093002118
S21400C9F005AB2046FFF728FE0028B7D1059B9D42D1
S21400CA0088BF8720B2E704A824F081FB049DE1E7F5
S21400CA1005A824F07CFB022300930C4A059D04AB7A
S21400CA2003212046FFF710FE00289FD1BDF81030E6
S21400CA30ADB2AB4288BF872098E700BF24990300B9
S21400CA40D098030037990300AE990300C5990300F8
S21400CA5001291FB507D0022912D071B905B05DF8BB
S21400CA6004EBFFF70BBE042300930B4A03ABFFF760
S21400CA70EBFD10B90398FCF785FC05B05DF804FBE8
S21400CA80064A009103ABFFF7DFFD0028F5D1BDF89D
S21400CA900C00FCF789FCF0E72499030037990300A3
S21400CAA02DE9F041FFF708FE21490546002002F077
S21400CAB0D7FE032D3AD81F4B1B78022B36D11E4BC0
S21400CAC01E4C1B681B68FF275E7904F825701DF056
S21400CAD074FC1B4B1A6823460024A0EB020C21466C
S21400CAE04FF0FA0E1D78FF2D05D05D880EFB05F879
S21400CAF0C4450FD91F700134042C03F10403F1D18F
S21400CB0061B93046FFF7AAFE00201FF09BFB01200C
S21400CB10BDE8F081A94238BF2946ECE7121AFA238D
S21400CB2003FB012130461EF0E9FAEDE70120ECE7B1
S21400CB30D7990300754E0020E43500201A4B0020DC
S21400CB40303300202DE9FF410446FFF7B5FD03A969
S21400CB5005462046F5F7C8FA0446002865D1BDF814
S21400CB600E309DF80C20324902F07AFE032D54D880
S21400CB70304B93F80080B8F1010F4ED12E4B2F4E5C
S21400CB801B6816F825101B685F7938461EF090FA69
S21400CB9098B12B4B83F80080DFF8B88098F8002017
S21400CBA042B12849284B2046012A08BF0B46274990
S21400CBB002F056FE002388F800309DF80C3043B390
S21400CBC0BDF80E30ABB106EB8506BDF80E307380AF
S21400CBD000241A4B00221978FF2901D05988E9B1A0
S21400CBE00132042A03F10403F5D13846FFF736FE76
S21400CBF014E002230093164A0DF10E030321384673
S21400CC00FFF722FD04460028DDD0FF2306F8253076
S21400CC10DFE7FF2306F82530DAE7012420461FF079
S21400CC2011FB012004B0BDE8F0810020FAE700BF48
S21400CC30E8990300754E0020E43500201A4B0020CA
S21400CC40734E00200E560300A2820300089A0300CB
S21400CC50C5990300724E002030B5134B1B6885B093
S21400CC601B6803A95C79F5F751FA0546D0B9039A13
S21400CC700E4902F0F5FD23230093204603AB012264
S21400CC8020211FF079F8044630B10090084B094A7D
S21400CC900949284602F0E4FD20461FF0D3FA012099
S21400CCA005B030BD0020FBE7E43500204C9A0300B9
S21400CCB0249903006A9A0300BD98030030B5144B0C
S21400CCC01B6885B01B6803A95C79F5F719FA054659
S21400CCD0D8B9BDF80C200F4902F0C2FD21230093FD
S21400CCE0204603AB022220211FF046F8044630B14E
S21400CCF00090094B094A0A49284602F0B1FD204631
S21400CD001FF0A0FA012005B030BD0020FBE700BFF1
S21400CD10E43500206F9A0300379903006A9A0300EF
S21400CD20BD980300902802BF014B00221A7070477E
S21400CD30724E0020034A03460120C3E90320002266
S21400CD401A7070470100FEFF2DE9F041264E274F6E
S21400CD50DFF8A88088B0002400F038FAA5B2854233
S21400CD6002D308B0BDE8F08103A928461EF0FCF9FE
S21400CD70A2B23146002002F08DFD9DF80D2012B3C0
S21400CD809DF81210BDF81030402914BF6E2179218D
S21400CD90CDE900310020BDF80E30394602F07AFDAC
S21400CDA0BDF814201AB11249002002F073FD9DF858
S21400CDB00C00BDF8182070B9079B00930D49BDF80C
S21400CDC01A3002F067FD0C49002002F049FD0134DC
S21400CDD01DF036FBC0E7BDF81C30009341469DF8B9
S21400CDE01A300020EDE700BF8E9A0300929A0300E7
S21400CDF0B19A0300B99A03000E560300DD9A0300A9
S21400CE0010B500F021FBBDE810400346024A034976
S21400CE10002002F025BD00BFF8120300C8980300EA
S21400CE20D0E9023253F8223010B5188800F0FCFA28
S21400CE30BDE810400346024A0249002002F010BD39
S21400CE4045170300C898030010B5D0E9023286B033
S21400CE5000248DF8044053F8221003EB820309786F
S21400CE608DF805105A681288ADF806209A68128860
S21400CE70ADF80820DA681278ADF80C40A24214BF6C
S21400CE80402280228DF80A201A691288ADF81020F8
S21400CE905A699B691288ADF812201B68059301A891
S21400CEA000F048FC034A04490346204602F0D8FC3A
S21400CEB006B010BDF4120300C898030038B5074D3D
S21400CEC000241DF07AFA45F8240006342A2CF8D1FE
S21400CED0BDE838400249002002F0C2BCD81E00203F
S21400CEE0019B030030B5214987B0002002F0B8FC52
S21400CEF01F49002002F0B4FC1E49002002F0B0FCDE
S21400CF001DF05BFA00240546A0B201A901341EF00C
S21400CF102BF9072CF8D11DF050FA1749421B0020B8
S21400CF2002F09EFC1549002002F09AFC1DF045FA1E
S21400CF300446012000F00CF91DF03FFA0E49021BD2
S21400CF40002002F08DFC0E49002002F089FC1DF046
S21400CF5034FA044600F016F81DF02FFA0649021BB4
S21400CF60002007B0BDE8304002F07ABC2D9B0300DD
S21400CF705C9B03008C9B0300A99B0300B89B0300EB
S21400CF80D29B03002DE9F0411F4F86B00024FF26F8
S21400CF9007F1140800F01AF9A5B2A84208D800272D
S21400CFA026FA07F3DB071ED4DFB106B0BDE8F08132
S21400CFB001A928461EF0D8F8F20706D5394601A87A
S21400CFC01EF0EFF808B106F0FE0673087E2B06D0BA
S21400CFD0414601A81EF0E5F808B106F0FD0601344A
S21400CFE0D8E70127DCE7084C142303FB07440FCCE3
S21400CFF001AD0FC523682B6001A800F0C1F94FF6FC
S21400D000FF739842D0D1D0E7F49B0300D0B14378A9
S21400D010012B20D14288012A1DD18388202B12D1D2
S21400D0208379402B17D10289AAB90346002103F859
S21400D0300C1B0A49142000FB0212D2E9030183E804
S21400D040030001207047212B05D18379402B02D1A4
S21400D0500389002BE9D0FFF76DBE00BFF49B0300E9
S21400D06010B50C4603F05CFB08B9032C12D11EF079
S21400D070E0FB04280ED01EF0DCFB05280AD006488C
S21400D08002F0D2FAB42801D11EF06DFFBDE81040C0
S21400D09002F0DABA10BD00BF53B102002DE9F04F1E
S21400D0A0DFF8A8B0274C87B000274FF0FF36BBF854
S21400D0B00030B8B2834209D8731C3BD022483246AF
S21400D0C0FF2107B0BDE8F04F1DF049BB01A91EF0D7
S21400D0D04BF89DF8050001F089FDF8B19DF8048035
S21400D0E0B8F1000F1AD1BDF810A0BDF812901DF0CF
S21400D0F064F91821BBB24B430246E018E158007CA5
S21400D100A2EB010C4FF47A7350B103FB0AF36345AC
S21400D1100ED30B44981A864228BF06460137C6E748
S21400D1204D466B43FAD06345F5D31944881AF2E7A7
S21400D1304046F0E70448FF2107B0BDE8F04F1DF079
S21400D1401FBB00BFD81E0020543300202A4B0020EF
S21400D1502DE9F041014688B020B1022809D008B078
S21400D160BDE8F081FF23154A15480093FBF7DAFB6C
S21400D170F5E70024134E27464FF00108A5B22846CF
S21400D18003A98DF80D701DF0EFFF9DF80D0068B136
S21400D19001F02CFD20B19DF80C300BB986F81080FC
S21400D1A00134072C06F11806E8D12546064B1D80EB
S21400D1B008B0BDE8F041FFF771BF00BF15D500000D
S21400D1C054330020D81E00202A4B0020014B18881C
S21400D1D0704700BF2A4B00202DE9F04F624A077DBA
S21400D1E0624989B00446002002F054FB00201EF07D
S21400D1F092FF20B12368218A588803F0DDFA0020C8
S21400D2005B49DFF8789102F02BFB637D002B2368E7
S21400D2105988574B0093228A4FF009030DBF082008
S21400D22000204FF080084FF0400802F0ADF9A289C8
S21400D230BB1C93420CDB1FF002F8034620B14D4A9C
S21400D2404D49002002F00CFB012009B0BDE8F08F2C
S21400D250A068791C89B2C55D1EF015FF0337012D45
S21400D2600646BFB213D8236859885879238A009394
S21400D270324643461EF08CFB824600283ED186206E
S21400D28002F02CFA284602F029FA304668E085209B
S21400D290F6E703A91DF068FF9DF80C30AB4223D1DA
S21400D2A023689DF80D105A7991421DD1BDF80E10D5
S21400D2B05A88914218D1BDF81020B24214D19DF878
S21400D2C01220424510D1BDF81410228A91420BD18B
S21400D2D0002D38D0BDF81810E288914204D19DF890
S21400D2E01A201B799A422ED00BF1010BB9F80030A8
S21400D2F05FFA8BF08342CCD88B20C1E74FF0000B4F
S21400D300F4E79AF8020002F0E9F9BDF818001EF0FA
S21400D3107DFEBDF81A001EF079FE9AF8020003F0B2
S21400D32051FC002883D19AF8020001F0F9FA079E12
S21400D3300546002D3FF47BAFF0B2013D02F0CEF97A
S21400D340360AEDB2F5E7002002F0C8F9284602F0EA
S21400D350C5F930461EF05AFE012DD2D1BDF81C008C
S21400D3601EF054FE63E700BF1C9C0300ED8D030017
S21400D3700E560300299C0300469C03002A4B0020FF
S21400D38038B5084D2C88062C014607D820461DF0D7
S21400D390F5FE2B8801332B80204638BD4FF6FF74F0
S21400D3A0FAE700BF2A4B00202DE9F0431C4F91B04E
S21400D3B0694680461DF0D8FE388800238DF8013077
S21400D3C0431E98B28045388009D1694640461DF014
S21400D3D0D5FE68461DF0BBFE11B0BDE8F08305A97A
S21400D3E01DF0C2FE0F4C3E884FF0180909FB06469A
S21400D3F00FCE0AAD0FC596E803000AAE85E8030017
S21400D40005A940461DF0BAFE0FCE09FB08440FC41E
S21400D41095E8030084E8030038886946D7E700BF2C
S21400D4202A4B0020D81E002008B5064B1B888342D6
S21400D43005D9FFF7B9FFFFF731FE002008BDB12080
S21400D440FCE700BF2A4B002038B5074D2C882CB9C6
S21400D4500648FF211DF094F9204638BD601E80B2B4
S21400D460FFF7A2FFF2E700BF2A4B0020543300204C
S21400D4702DE9F347264F9DF82890CDE900129A46ED
S21400D480182303FB09731446D3E902231EF0AAFFF0
S21400D490064620460D4603F095FB04F0FD03382BA8
S21400D4A080460FD10094DAF8100032462B46002151
S21400D4B01DF09AFEB8F1010F1BD135431ED102B004
S21400D4C0BDE8F087392CDAF810300BD107EE906AF9
S21400D4D007EE103AF4EEC77AF1EE10FAACBF012070
S21400D4E00020E7E79E4275F100032CBF01200020D4
S21400D4F0E0E7B8F1000FE2D10028E0D0182303FBE4
S21400D500097701233B7402B0BDE8F047FFF7C6BDBC
S21400D510D81E00202DE9F04FA3B00025DFF8C491F7
S21400D52004952E46A8462C466A4B1B88A8B2834212
S21400D53009D81CB161882079FFF792FDFFF7AEFD90
S21400D54023B0BDE8F08F0CA91DF00EFEAFB21CF0A4
S21400D55034FF18237B43834609EB030A9DF831000A
S21400D56059F80330059301F041FB002800F0AF8026
S21400D5709DF83020002A40F0AA80059BABEB030004
S21400D580BDF83C304FF47A725343834200F29F80DA
S21400D5909AF8103043B9BDF83E30002B00F0978063
S21400D5A05343834200F2938041230022CDE90132A7
S21400D5B011AB00930DF11D020DF11E03E9B20CA88C
S21400D5C0F2F79EFD002878D1BDF81EB00BF10302DD
S21400D5D0D2B21CB3404B9DF831101B8813442279FD
S21400D5E0914215D1BDF832106288914210D19DF853
S21400D5F03620B8EBD21F0BD1BDF8382004998A42EA
S21400D60006D1B3424DDD3549002002F029F901E08C
S21400D610B342F8DC61882079FFF722FD02F03AF881
S21400D62004469DF936002E4B0093C043C00F0A23D4
S21400D630BDF83820BDF832109DF83680C00001F0E5
S21400D640A3FF9DF8313023714FF48A53E380BDF871
S21400D650383004934FEAD8184FF0000AFF2608A97E
S21400D6605FFA8AF023F073F8B0B99DF821109DF8A0
S21400D6703120914210D1BDF82210BDF832209142DF
S21400D6800AD19DF82D109DF8200022461EF0E0FDE0
S21400D690B04228BF3046C6B20AF1010ABAF1100FEE
S21400D6A0DDD1BDF834001EF0B1FC9DF81D0002F07F
S21400D6B015F8594611A802F025F818235F4309EB20
S21400D6C0070300221A741CF078FE49F8070001359B
S21400D6D02AE700BF2A4B00202E4B0020FD9C0300AB
S21400D6E00E560300D81E002070B5114D8AB00024D7
S21400D6F001262B88A0B2834204D80AB0BDE8704049
S21400D700FFF7CCBC05A91DF02FFD9DF8150001F014
S21400D7106DFA50B19DF814303BB9CDE9013600934F
S21400D7201A46E1B205A8F2F7EBFC0134E1E700BFC8
S21400D7302A4B00202DE9F043DFF858810389B8F81A
S21400D74000908BB0044600938379828841884078A5
S21400D7501EF01EF9002800F09580E78927B1A389FE
S21400D760BB4200F291800027B8F80030BDB2AB4251
S21400D77014D84D460126E2894FF6FF739A4226D109
S21400D78046B9B8F80030AB4202D92846FFF70CFE7F
S21400D790FFF784FC00200BB0BDE8F08305A92846FF
S21400D7A01DF0E2FC9DF814307BB92268059B5340BF
S21400D7B0FF2B0AD86368069E5E4036F07F4604D18B
S21400D7C0BDF81C2023899A42D5D00137CCE7E26801
S21400D7D09A422BD0002E53D1D4E90323CDE9082357
S21400D7E005A81DF0B4FC0028D5D1B8F80030AB422F
S21400D7F004BF6B1CA8F800301CF0DFFD1823244A79
S21400D8006B43D418D0500023CDE9013300931A4659
S21400D810E9B205A8F2F774FC18B100220023C4E9A7
S21400D820022305A928461DF0A9FCB1E7234605AA50
S21400D83004F1100C18685968174603C70833634587
S21400D8403A46F7D11868386005A8FFF7DFFB0028CE
S21400D850C0D0062D1AD800238DF8143063788DF8C2
S21400D86015306388ADF81630A388ADF81830A37964
S21400D8708DF81A302389ADF81C300028B0D1ABE7FC
S21400D8800020E6E7862086E7872084E7892082E76F
S21400D890D81E00202A4B00202DE9F04FA24A057D15
S21400D8A0A2498DB00446002001F0F4FF00201EF0CF
S21400D8B032FC20B12368218A588802F07DFF0020C0
S21400D8C09B49DFF888B201F0CBFF637D002B14BFC5
S21400D8D080234023029323685988954B0093228A1D
S21400D8E04FF007030CBF0820002001F04DFE4FF05C
S21400D8F0000AA28905F10308904506DBBAF1000F7D
S21400D9001FD1504601F0EAFE1BE0A068691C89B2F0
S21400D910475D1EF0B8FB8749064603463A46002098
S21400D9201FFA88F801F09CFFC7B1012F00F0A9800C
S21400D930852001F0D3FE384601F0D0FE30461EF0BA
S21400D94065FB1EF07CFC034620B17B4A7B49002029
S21400D95001F086FF01200DB0BDE8F08FA068A28917
S21400D96010F80880291D89B21EF08DFBA91DA2891A
S21400D970049089B2A0681EF086FB049B0590009078
S21400D9806F493846424601F06BFF08354046ADB257
S21400D99003F018F9002835D1404600F0C1FFA289EF
S21400D9A0034681462946A0681EF05EFB6549039043
S21400D9B0384601F06FFFA1684A4629443B46384680
S21400D9C001F0C2FE5A49384601F04AFFA9441FFA40
S21400D9D089F5236859885879238A00933246029B32
S21400D9E01DF0D6FF80B1837843450DD08D2001F021
S21400D9F075FE002001F072FE30461EF007FB4FF069
S21400DA00010A76E70397E4E7A8F148085FFA88F882
S21400DA10B8F1090F07D840F2113323FA08F3DB07F1
S21400DA2001D58C20E3E700238DF81C3023685A7953
S21400DA308DF81D205B88ADF81E30029B8DF82230D5
S21400DA40238AADF82430049BADF82830059BADF84A
S21400DA502A3007A8039BADF820600B93FFF76AFEF9
S21400DA60814600283FF445AF484601F037FE384669
S21400DA7001F034FE30461EF0C9FAB9F1850FBED16A
S21400DA805FE7A289A06841461EF0FDFA2E490246CD
S21400DA908146002001F0E4FE0535BBF80020ADB25B
S21400DAA00023BBF800101FFA83F8414506D8062A63
S21400DAB04ED9892001F012FE01209BE707A94046B7
S21400DAC0CDE903231DF050FB9DF81C100129DDE96C
S21400DAD0032326D1D4F800E09DF81DC09EF805006B
S21400DAE084451ED1BDF81EC0BEF80200844518D17C
S21400DAF0BDF82000B04214D19DF822000299884259
S21400DB000FD1BDF824C0208A84450AD1BDF828C0AC
S21400DB10E088844505D19DF82A009EF804108842C6
S21400DB202FD00133BDE700BF289D0300ED8D030015
S21400DB300E560300309D0300819D0300469C0300A3
S21400DB404A9D0300679D0300729D03002A4B002038
S21400DB5001238DF81C30236859798DF81D105988DB
S21400DB60ADF81E1002998DF82210218AADF8241007
S21400DB70E188ADF82060ADF828101B798DF82A30C2
S21400DB80904607A8ADF82C901DF0E1FA81460028D3
S21400DB907FF46AAFBBF80030434508BF08F10103C5
S21400DBA007A9404608BFABF800301DF0E7FAA0E62C
S21400DBB02DE9F04F89B09A46BDF848B09DF84C6004
S21400DBC0149C244B07468846914600251A88A8B21E
S21400DBD0824235D903A91DF0C7FA9DF80C201D4BCB
S21400DBE0B2BB9DF80D10B94232D1BDF80E104145BA
S21400DBF02ED1BDF8101049452AD19DF81210514576
S21400DC0026D1BDF81410594522D13046029200F0B4
S21400DC1087FEA6F14103012B01460AD820461EF0D6
S21400DC2038FA0D4B0D4A204484420CD1029302ACC4
S21400DC300421EDB2009503AB32462046FFF718FCF0
S21400DC4009B0BDE8F08F14F8011F4B405343EBE7D3
S21400DC500135BBE72A4B0020C59D1C8193010001BE
S21400DC601FB50F4C2478C4B142EA03229DF8183041
S21400DC708DF8051042EA43220A4BADF80C201A78BC
S21400DC80094B8DF8061003EB0213079900908DF8E8
S21400DC900400DB6802916846984704B010BD00BFD8
S21400DCA0774E0020794E00207433002073B51A4D4D
S21400DCB01A48FF211CF064FD2B7853B3184C194EFC
S21400DCC02378180106EB0313305C1A7A59680FF0B4
S21400DCD041FE4D281DD0E0B1227801230021CDE978
S21400DCE000311201C0B2B25CFFF7BAFF23780B48CE
S21400DCF001330A22DBB2B3FBF2F102FB11332370CD
S21400DD002B78FF21013B2B7002B0BDE870401CF061
S21400DD102FBD02B070BD00BF774E00201434002027
S21400DD20794E002074330020F8B5104F3E780A2E46
S21400DD301AD00FC8DFF840C00D4D9CF8004005EB28
S21400DD400415013485E80F00E4B20A230948B4FB41
S21400DD50F3F2013603FB1244FF218CF800403E70BC
S21400DD601CF006FD0020F8BD0120FCE7774E0020E1
S21400DD707433002014340020784E0020024A0348F2
S21400DD800021FAF70DBE00BFADDC00001434002001
S21400DD9037B5134D00232A78CDE900330C4612011F
S21400DDA0104901238A5C01462046FFF759FFA4B9B3
S21400DDB00D490A788AB12B7801330A20DBB2013A82
S21400DDC0B3FBF0F400FB143308480A70FF212B70F5
S21400DDD003B0BDE830401CF0CBBC03B030BD00BF84
S21400DDE0794E002074330020774E00201434002033
S21400DDF008B5032016F0D8F810B9024B01221A70A5
S21400DE0008BD00BF7A4E0020024B002218781A7018
S21400DE10704700BF7A4E00200246FF2101481CF0E2
S21400DE209EBC00BF34340020114B37B51D78BDB9F9
S21400DE30FF2110481CF0A4FCFFF7DAFF0E4B009001
S21400DE4004460E4A0E49284601F00AFD44B10D4B21
S21400DE501B78DB0604D521F0D9FD20461CF0AEFF6A
S21400DE60094B186803B0BDE83040FFF7D5BF00BFC8
S21400DE707A4E002034340020959D0300C39D030095
S21400DE80BC7A0300634E0020F41100200148FF21F5
S21400DE901CF076BC3434002070B5194E3378054635
S21400DEA00C4663B3174A1849002001F0F3FC032C14
S21400DEB001D0652C1FD11549002001F0EBFC22464D
S21400DEC01349002001F0CCFC1249002001F0E2FCCE
S21400DED0012329460822002001F036FC00200E49C6
S21400DEE001F0BEFC032C84BF002333702046BDE83F
S21400DEF07040FBF703BE012CE1D00849DCE770BD9B
S21400DF007A4E0020C39D030021790300D69D0300AE
S21400DF10D57F0300F49D03000E560300EC9D03001E
S21400DF20014B1860704700BFF4110020024A0348F6
S21400DF300021FAF735BD00BF29DE0000343400208A
S21400DF402DE9F743254B01930D461646044650B17E
S21400DF504AB101AA042312F8011BA94235D0013B9D
S21400DF6013F0FF03F7D1022003B0BDE8F08317F8E3
S21400DF70010F90FAA0F0000E1CF039FA014608EBEB
S21400DF8007039945F3DCCAB2C1F30F2392FAA2F253
S21400DF9093FAA3F3120E1B0E03EB02236219DB4364
S21400DFA012F8020C99B2DBB298420CD112F8013C7E
S21400DFB0B3EB112F07D132462146284603B0BDE801
S21400DFC0F04322F073B8BD20CEE7671E4FF6FF7110
S21400DFD0A5F10209C4F10108D1E700BF080A0E1234
S21400DFE0014B1870704700BF7B4E0020024B18682C
S21400DFF000B14068704700BFF81100200B4B1B684B
S21400E00070B5044600257BB11E88002107E05A68DB
S21400E01002EB0110013145B9021B554255418AB247
S21400E0209642F4D89B68EEE7184670BDF8110020BB
S21400E0302DE9F04F93B01E469DF874300593022EDE
S21400E0404FF00003DDF87090DDF880A0ADF81E30CC
S21400E05007468846144640F2B48099F800305A07BE
S21400E0602AD5042E40F2AD8099F804B0594B00250D
S21400E07033F83520002A00F0AA8001350A2DF7D1A2
S21400E080BAF1000F40F0A180FF25002320798DF81B
S21400E0901D3008AA0DF11D011DF08BFF78B1BDF8EB
S21400E0A02C309DF81D0023801EF003F88DF81C0010
S21400E0B0A0B113B0BDE8F08F99F802B0D6E720798A
S21400E0C01DF0B3FC00287ED120791EF004F88DF8F0
S21400E0D01C000028EDD1404B5B88238062884FF6F9
S21400E0E0FF73002F08BF4346CDE900230021238895
S21400E0F0059A584602F056FC18B1E38843F0200310
S21400E100E380059BCDF83C9007A90DA8CDE90DA4AA
S21400E110ADF84080ADF842608DF844708DF845301B
S21400E1201DF05AFF10B19DF81C00C2E7484602F0E9
S21400E13085FBA01D02F070FB2246414638461EF0C5
S21400E14087F8B04208D274238DF81C30BAF1000F5D
S21400E15032D11DF0B4FFE6E79DF87C300393BDF89E
S21400E160783002930DF11E03CDE900932246F3B2F8
S21400E170414638461DF07EFA8DF81C00BAF1000FB5
S21400E1800FD070B9BDF81E203AB1092D05D8134B33
S21400E19003EBC50143F835A08A801120FBF7C2F8CF
S21400E1A0D7E7BA2808D1E388DB06D2D500230120BA
S21400E1B08DF81C30FFF714FF9DF81C30002BC8D1DB
S21400E1C0EBE7012075E7A32073E7B42071E7EDB213
S21400E1D05BE700BF5834002004350020543400208C
S21400E1E09D2837B504462AD8902812D856D11DF057
S21400E1F01CFB2B4B00902B4A2B49002001F030FBD8
S21400E200902C29D10EF052FF03B0BDE830401DF02F
S21400E210ECBE00F16F03DBB201259D4015F0A905A9
S21400E22028D19D2833D09C2838D11DF044FB1F49A7
S21400E2300246284603B0BDE8304001F011BBBC28BA
S21400E240D5D007D85534E4B2042C27D8184B154A35
S21400E250184914E0BF28C9E7174B184A1849BC2CC0
S21400E26008BF1A46002001F0FBFA1DF0BDFE1DF0A7
S21400E270BCFEC9E79128E9D1094B0A4A114900209A
S21400E28001F0EEFA03B0BDE830401DF0C9BF0E49FC
S21400E290284603B0BDE8304001F0E2BA03B030BD16
S21400E2A0039E0300FD6D03000C9E0300539E0300B7
S21400E2B0429E03004A9E03000E560300FE9D030086
S21400E2C0199E0300399E0300709E030007B5094A95
S21400E2D00346108831B9084A084903B05DF804EBD4
S21400E2E001F0D8BA0091064A064901F0D3FA03B005
S21400E2F05DF804FB3E4B0020FB7203009C7A030093
S21400E3009F730300859E03000D4B1B6837B50446BC
S21400E3109BB11D7803890093C37A0A4A0A49012DE6
S21400E3204FF0000008BF022501F09AFA2146284661
S21400E33003B0BDE8304021F022BB702003B030BDF2
S21400E34020350020FF9E0300AF9E030010B500207E
S21400E3501DF0AFFE0D4B1B688BB15A78052A08D806
S21400E3608AB9144610460FF0CFF820460EF002FF8A
S21400E37005E0FF2A07D00649002001F071FABDE843
S21400E38010401DF09CBE05240222EBE7203500203D
S21400E390049F030013B5124C00201DF08AFE23686C
S21400E3A09BB101A81DF081FA78B923681A789DF808
S21400E3B004309A4209D0D91E032906D9D11E012954
S21400E3C003D9012A07D1022B05D1032301A8ADF8F2
S21400E3D0043010F0E3FE02B0BDE810401DF06FBE42
S21400E3E0203500200023044A194601330A2B918069
S21400E3F042F8081BF9D17047543400207FB50E460A
S21400E400054610F0CDFB0F49044603462A46002079
S21400E41001F026FA96B10C4B1A889B788DF80E30D0
S21400E4200323ADF80C200093002203AB36214FF6F1
S21400E430FC708DF80D501EF066F90446204604B0B8
S21400E44070BD00BF239F0300A4A00300FF2810B5E3
S21400E4500C4604D10020044901F002FAFE202146B1
S21400E460BDE81040FFF7CABF3A9F0300F8B51F4645
S21400E4700B8806460C461546002B5DD14A88B1F936
S21400E48002100029B8BF6B782C49002001F0E8F98B
S21400E4906288132A1DD002F5FF417F3189B2052913
S21400E4A01FD8A2F50042013A052A1AD8DFE802F082
S21400E4B0153B19033809224A2249002001F0D0F9F9
S21400E4C00FE0214A1F49002001F0E4F92A791F498C
S21400E4D0F3E7B5F801201E49EFE71E49002001F0DA
S21400E4E0BFF93B462A46214630461AF003FF70B96C
S21400E4F03B462A46214630461AF0FEFE628848F21F
S21400E50021039A4203D1697830461DF05BFD63888B
S21400E510B3F5004F02D90820FAF71EFF0120F8BD18
S21400E5202A790D49C9E70D4A0649002001F0B2F9DB
S21400E530B5F801200A49C0E70020F0E7759F030000
S21400E5409A9F0300A19F0300B29F0300B89F030099
S21400E550C69F0300DD9F0300F79F030019A003007A
S21400E5601EA003002DE9F04F85B08046BDF8387038
S21400E5700F9DBDF840B0894614461E46002B2FD08E
S21400E580454A4649002001F085F92388002B74D0BF
S21400E59040F20912934272D0414A4249B3F5827F53
S21400E5A018BF0A4601976188009100203E4901F095
S21400E5B071F9238883B1022F0ED92B783B493C4A48
S21400E5C013F0010F08BF0A4659074CBF2B79AB78EA
S21400E5D03849002001F05EF93749002001F040F983
S21400E5E03649002331F833205A454AD1344A52F886
S21400E5F033A0002331F8330058454FEAC30246D112
S21400E6002F4900200A4441F83300908046B92388F9
S21400E61033B9B4F90230002B02DB0820FAF782FE89
S21400E6200120FAF799FE9DB12A78D30710D512F08B
S21400E630040004D03A46012128461DF024FDCDE909
S21400E640016000953B462246494640461DF03EFA8C
S21400E650BAF1000F06D0CDE900563B4622464946A1
S21400E6604046D047CDE900563B46224649464046FE
S21400E6701CF09AFF05B0BDE8F08F124A92E7124AE6
S21400E68090E701330A2BADD14FF0000AB1E7013312
S21400E6900A2BAFD1BAE700BFDF6D030048A0030026
S21400E6A036A003006B72030052A0030041A00300D3
S21400E6B039A0030081A003000E5603005834002042
S21400E6C0543400202FA0030033A003000D4BF0B5F8
S21400E6D00D4E1F88054600234FF00C0CDCB2BC42E2
S21400E6E001D30020F0BD0CFB04F43019345DAC42BD
S21400E6F005D144888C4202D104799442F2D0013389
S21400E700ECE700BFEE1400200812002013B5012429
S21400E7100B4A0C480094FF230021FAF703F90A4A33
S21400E7200A480094FF230021FAF7FCF8084A094833
S21400E7300094FF230021FAF7F5F802B010BD00BFE1
S21400E74069AD0200E43400201BAE0200C434002091
S21400E7505DC80000A43400202DE9F8430D4B0E4F91
S21400E7601E78DFF8388000244FF00C093A88E5B2AE
S21400E770954202D33046BDE8F88309FB0585FF21A4
S21400E780A8681CF00BF818B9AB799E4238BF1E4635
S21400E7900134EBE77C4E0020EE1400200812002027
S21400E7A0014B1878704700BF7C4E0020014B187054
S21400E7B0704700BF7C4E0020F8B506460C461DF09C
S21400E7C0F6FB0546B0B930461DF02FF998B90B4B4D
S21400E7D01F7B87B95A8822809A8862809B7923712A
S21400E7E00121304600F062FA39466071304600F08A
S21400E7F05DFAA07101252846F8BD00BF043500204B
S21400E80070B504460E4615461DF00FF910B14FF6CA
S21400E810FF7070BD084B1A7B002AF8D146B901225A
S21400E8202946204600F064FA0028F0D00088F0E779
S21400E830012EECD1F4E700BF0435002013B5FF230A
S21400E8400DF1070104468DF807301DF0AEFB18B138
S21400E8509DF8070002B010BD074B03EB04131B7BAB
S21400E8600BB1FF20F6E7204600F0A2F80028F8D00B
S21400E870204600F015FAEDE70435002010B5F7F74E
S21400E8804DFA0446F7F750FA224603461049002090
S21400E89000F0E6FF00F04EFFFFF7A4FD00F06CF876
S21400E8A00221084602F0F4F9FFF750FD094B41F249
S21400E8B002021A80084A52231380084A4FF4004086
S21400E8C0138020F018F9BDE81040002020F05BBD52
S21400E8D0A7A003001C150020181500201615002000
S21400E8E038B505461DF083FB80B9284617F014F8A6
S21400E8F0044618B1752814BF88248D24044923467D
S21400E9002A46002000F0ACFF204638BD8D24FBE7E9
S21400E910BDA003000149082222F0B9BBF550002033
S21400E920064A0123D15C814202D1054AD05C704779
S21400E93002335D2BF6D10020704700BFD2A0030043
S21400E940D3A0030070B50A4B1D780A4B044600227C
S21400E950D0B2854201D8FF2070BD1E78A64204D1F1
S21400E9600029F9D05E7BF607F6D401321033EFE7C4
S21400E9707D4E002004350020074B01221A70074BFD
S21400E9801A709A71064A9A604FF482714FF4807238
S21400E990598099809A8170477D4E0020043500206A
S21400E9A038A10300014B1878704700BF7D4E002049
S21400E9B0034B03EB0013587B00F00100704700BFC9
S21400E9C0043500202DE9F04F8DB0DFF81C8202934D
S21400E9D09DF858300793804B06911B7808EB03137D
S21400E9E0054616460A934FF000090A9B984501D142
S21400E9F0862068E02B780393039A98F80030D8F8BE
S21400EA0008A0934240F0E08098F80D30DC0709D566
S21400EA109AF8043009934FF0000B099A5FFA8BF3CB
S21400EA20934202D308F11008DFE7DAF800701423E7
S21400EA3003FB0B77294638461CF07FFF002800F0C2
S21400EA40BE803B890893002308999AB2914202D867
S21400EA500BF1010BE1E70C225A430B937B680492FF
S21400EA609C1821462A46384605931CF07DFF2279DD
S21400EA700B9B002800F09A80069B03B11C60900652
S21400EA8024D4564B09EB03080BE01A79910642BFD3
S21400EA90DA7890441FFA88F80C339C42F5D8504B2D
S21400EAA09844079B63B3214638461CF03DFFDDE9DA
S21400EAB00413B5F802905B5A0246494603981DF0C7
S21400EAC05CFA38B97E200DB0BDE8F08F454B4FF0AC
S21400EAD00008E2E72379DA0639D44346B0461E46F4
S21400EAE0029AA378002A43D1E278A3F141010129D2
S21400EAF040D8013AD2B2414630461DF0D5FB00E080
S21400EB000EB90020DFE7214638461CF00DFFDDE990
S21400EB100413B5F802905B5A0246494603981DF066
S21400EB202AFA0028CED02379DB06D9D521463846E6
S21400EB301CF0FAFE95F80080E2786D880346CDE971
S21400EB4000622946224640461DF027FABBE72146CA
S21400EB5038461CF0E9FE95F800806D881696034648
S21400EB602246294640460DB0BDE8F04F1DF017BAC4
S21400EB70029ABAE7433B012B06D8023A92B24146C4
S21400EB8030461DF0A9FBBCE7079BE2781BB9029B49
S21400EB900BB193421ED341463046B8F1000F02D166
S21400EBA022F08FFAADE722F072FAAAE712F0300FE1
S21400EBB002BFE2784A441FFA82F9013344E77B89B0
S21400EBC04B441FFA83F943E7BAF806304B441FFA62
S21400EBD083F927E7892076E77D4E00203F4F002007
S21400EBE07E4E0020F4A103000435002008B5002165
S21400EBF0FFF7A8FEFF281BBF044B03EB00130846D5
S21400EC00587B18BF00F0010008BD00BF0435002087
S21400EC1070B50C4615461E461CF007FF40B9054861
S21400EC2033462A4621468068BDE870401CF0CABEBE
S21400EC30002070BD0435002070B50C4615461E46F3
S21400EC401CF014FF40B9054833462A462146806822
S21400EC50BDE870401CF0B6BE002070BD0435002034
S21400EC6070B5002306460C461546FFF7D1FF78B16F
S21400EC70094B187858B1094B187886420AD00023F9
S21400EC802A462146FFF7D8FF003818BF012070BD7E
S21400EC90FF20FCE70020FAE77D4E00200435002028
S21400ECA0014B0001185C70470435002070B50C4617
S21400ECB01CF0BBFEC0B90D4B9A682AB11579034605
S21400ECC01426D9B2A94200D370BD116806FB031101
S21400ECD0097B34B911F0800F1CBF0130C0B201337C
S21400ECE0EFE711F0400FF7E70020EDE704350020CE
S21400ECF0F8B50D4616461CF098FE034640B90E4A77
S21400ED009268177904464FF0140CE1B2B94201D369
S21400ED100020F8BD10680CFB0400017B46B911F01A
S21400ED20800F03D09D42F4D00133DBB20134ECE710
S21400ED3011F0400FF5E700BF043500202DE9F04F35
S21400ED403F4BDFF8008193F800A089B00646002408
S21400ED50544506D2FF2E28D030461CF066FE0446E8
S21400ED6040B309B0BDE8F08F1B68142202FB0535DE
S21400ED702B89B3F5967F01D91BF062FB00274FF075
S21400ED800C0B2A89BBB29A421CD809F10109029BD6
S21400ED9043445FFA89F59B681A79AA42E4D8FF2EA5
S21400EDA0DFD10134E4B25445DBD208EB04131B7BFD
S21400EDB0002B41D12301029308EB04134FF0000906
S21400EDC00393E4E7BBB268680BFB03FE00EB0E019F
S21400EDD00A79D30628D4039B93F800C08DF814C094
S21400EDE012F0400FB5F800C030F80E30ADF816C07F
S21400EDF0284614BF4FF0800C4FF0400CADF81A3088
S21400EE008DF818C01CF090FD5207CB78ADF81C00AA
S21400EE100CD5022B8A6800D91268012300930023C0
S21400EE20194605A8FFF7CEFD0137AAE7022B8CBFCF
S21400EE308A6801F10802F0E70134E4B288E700BF0F
S21400EE407D4E00200435002070B50A4A0688082347
S21400EE501488B44208D19578047B2C403F2C03D903
S21400EE600D4201D0506870BD013B02F10802EFD19F
S21400EE701846F8E7CCA3030070B5084D084E0024EA
S21400EE802B78E0B2834200D870BD06EB0010437BBF
S21400EE90DB0701D51CF09EFE0134F1E77D4E002015
S21400EEA004350020F0B59646497D00B321B301290C
S21400EEB018BF04210026194F344632464FF6FF701D
S21400EEC03D8875450DD197F803C01CEA010F08D0A0
S21400EED0BD789D4205D38AB1A54202D81CF0100F1A
S21400EEE015D10136192E07F10407E9D1F0BD002926
S21400EEF014BF04210821DDE70221DBE70CF0100C2B
S21400EF00BCF1000F1EBF2C4601220020E9E7A542F7
S21400EF1001D30028E5D02C460020E2E768A30300D2
S21400EF202DE9F04F0A9FBDF824E09DF82C809DF84F
S21400EF3030904C7D78B39CB3012C18BF04241A483B
S21400EF40002500F1640C068896421ED190F803B0A6
S21400EF501BEA040F19D08678464516D31BF0100F0F
S21400EF6091F80FA004D0BAF1000F0ED0B1F810A09F
S21400EF70BAF1000F09D1A94514D0AE4512D95E5595
S21400EF803E88013501363E80ADB204306045DAD1A8
S21400EF900120BDE8F08F002C14BF04240824CEE71F
S21400EFA00224CCE70020F4E768A303002DE9F04F25
S21400EFB0B1F57C4F85B0CDE9023228BF2B4B0190CE
S21400EFC04FF0000428BFB3F800A000940E4638BFE8
S21400EFD04FF0010AA1464FF6FF78544503D340464A
S21400EFE005B0BDE8F08FB6F57C4F0CD3204B029AE7
S21400EFF0019803EB840331465B88FFF709FE05465C
S21400F000F0B1002718E0029A019831461CF02BFD5B
S21400F010F5E70C23BCB25C43D5F804B0039B3BF881
S21400F020040098420BEB040105D3009B5BB928460D
S21400F0301CF07AFCA0B901372A89BCB2A242E8D8F3
S21400F0400134A4B2C9E74845F5D828461CF06CFC44
S21400F0500028F0D03BF80410494501D38045EAD992
S21400F06001233BF8049000938046E4E730A10300B8
S21400F07032A103002DE9F04F8FB098469DF870300E
S21400F08005930023BDF860A08DF82C00ADF82E1077
S21400F090ADF8322005460E46174600931A4608A9D4
S21400F0A00BA8199C9DF868B09DF86C9008938DF895
S21400F0B03080ADF834A0FFF785FC089850B9CDE94C
S21400F0C00067594A59492B4600F0CAFB86200FB004
S21400F0D0BDE8F08FB9F1000F14D183785B4506D0F8
S21400F0E04846514A524900F0BBFB8D20EFE70379B2
S21400F0F013F0010306D118464B4A4E4900F0B0FB08
S21400F1008820E4E703795B0731D583685A689B68F3
S21400F11009920A9380781DF044F9089A92F80390B1
S21400F120B9F1020F034613D807904A46214609A8AC
S21400F1301DF0F3F8079B06904A4621460AA81DF0E4
S21400F140ECF8069B012B01D0013010D18720BEE7DA
S21400F15006904A46099821461DF0DFF80128F5D0AA
S21400F160069B0A984A4621461DF0D7F8ECE7059B11
S21400F170002B51D1089B4FF6FF72987821461CF061
S21400F1809EFB00284DD05FFA80F9CDE90294CDE9C8
S21400F19000AB43463A46314628461CF017FF002887
S21400F1A095D1CDE90294CDE900AB43463A463146C7
S21400F1B028461CF0E9FC002889D101230093059B12
S21400F1C0224619460BA8FFF7FDFB00287FF47FAF09
S21400F1D0089B3246294620461CF05BFC43463A46CE
S21400F1E031462846CDE901B4CDF800A0FEF7E0FC94
S21400F1F043463A4631462846CDE90294CDE900AB6F
S21400F2001CF0E3FECDF800A043463A4631462846B9
S21400F2101CF092FC00205AE70749002000F020FB73
S21400F220F8E7012053E700BF88A4030094A4030076
S21400F230BCA40300D0A40300E4A4030070B586B009
S21400F24000258DF81030BDF828308DF80C00ADF88C
S21400F2500E10ADF81220ADF814300B9ABDF8303011
S21400F260009502A903A80D9E0295FFF7ABFB044686
S21400F27030B916B1029B9B783370204606B070BD3D
S21400F2808928FAD10249284600F0EAFAF5E700BFD5
S21400F29001A503002DE9F04F4FF0000A99B0FFF7E3
S21400F2A081FB5FFA8AF6B04202D819B0BDE8F08F4B
S21400F2B05B4B5C49360100209A5D00F0D1FA5A4952
S21400F2C0002000F0CDFA00230593554B9DF814401E
S21400F2D033449B681A79A24202D80AF1010ADEE793
S21400F2E01B68142202FB04344FF0000922891FFA1F
S21400F2F089F39A4202D8059B0133E5E7D4F804B0B7
S21400F3000C231FFA89F803FB08F80BEB08051BF023
S21400F31097F82B794549228813F0400F3BF80830C0
S21400F32000934FF00000424B18BF0B46414900F0D7
S21400F330B1FA294620461CF0F7FA074600283CD1C9
S21400F3403D4900F0A7FA2979DFF814C13B48AA78AE
S21400F350EB7811F0010F08BF604611F0020F32D1B2
S21400F360DFF800C111F0100F354918BF6146CDE92E
S21400F37000013449002000F08DFA2B793BF8082074
S21400F3802188274813F0400F4FF0000B4FF0410341
S21400F3900DF11C08CDE9023BCDE900780CBF4023F7
S21400F3A08023805DFFF74AFF86280ED1264900207D
S21400F3B000F056FA09F1010998E7024623490020B1
S21400F3C000F068FABFE72249D1E7A8781CF09CFA5B
S21400F3D0D8B140461CF05DFE421C92B20123414665
S21400F3E0002000F0B1F92088394601F0C7F94FF641
S21400F3F0FF73984207D0174B174903EBC003002052
S21400F4005A6800F02DFA1549D1E7A8781CF082FA60
S21400F41020B140461CF042FE821CDEE7EA78DDE7BB
S21400F4200435002053A503005FA503002BA50300A9
S21400F43030A503009FA50300879B030035A50300A6
S21400F4403BA50300B1A50300C9A5030006AA030057
S21400F45043A50300C8AA03009CAD03000E56030094
S21400F46038A503004BA503002DE9F04F97B00446DE
S21400F470BDF88480BDF880B0B8F1040F0F4615467D
S21400F4809A4635D9CDE9013B00920B4602463049F3
S21400F490002000F0E5F941260DF113030DF11409E3
S21400F4A003932046CDE900B9029653462A463946CC
S21400F4B0FFF7C4FE044638BB9DF813A03246494603
S21400F4C050461CF0FCF9064628469EB1A8F10408F2
S21400F4D0B0450FD3DFF888B01CF098FDBBF80030BD
S21400F4E0B21CC3F152039A4219DB892000F0F6F8E9
S21400F4F0892405E01CF08AFD8924204600F0EEF8F9
S21400F500204617B0BDE8F08F009012492B463A46C9
S21400F510002000F0A5F928461CF078FDEDE720460F
S21400F52000F0DCF8504600F0D9F8BBF800800A4836
S21400F530324649464044B04421F0E9FDABF800802D
S21400F540064900962B463A46204600F089F9D7E74A
S21400F550D5A5030009A603006A4F00202CA60300C9
S21400F5602E4B002010B5044C20600448018004494E
S21400F5700A60044A136010BD1C3500202C4B002086
S21400F580183500201435002030B587B00AAC0D467B
S21400F59054F8041B0093CDE9011413460949059459
S21400F5A002460948098800681CF033FC074B1B68B4
S21400F5B01880074B1B684FF48A525D80DA8007B0CC
S21400F5C030BD00BF2C4B00201C3500201835002015
S21400F5D01435002008B410B587B009AB0C4653F8B4
S21400F5E0041B0092CDE9011302460B490B48059314
S21400F5F00988006800231CF00CFC094B1B68188067
S21400F600084B1B684FF48A525C80DA8007B0BDE86E
S21400F610104001B0704700BF2C4B00201C35002066
S21400F6201835002014350020044A034611680448A3
S21400F630044A0988126800681BF03FBF183500208E
S21400F640143500201C350020044B054A1B68126840
S21400F6501988044B18681BF0B9BE00BF1835002087
S21400F6601C3500201435002007B5074B1B681B8887
S21400F6700192064A12680092054A12681BF0F1FED3
S21400F68003B05DF804FB00BF183500201C350020D1
S21400F69014350020014B1868704700BF1435002051
S21400F6A0094B10B500241C701CF0BFF8074B522203
S21400F6B018802146064821F004FD064B1C80064BA8
S21400F6C01C605C609C6010BDC64F0020304B002064
S21400F6D06A4F00202E4B0020324B002007490B8833
S21400F6E0512B9FBF064AD054581C80B29DBF08803D
S21400F6F000F1FF3080180020704700BF2E4B00201E
S21400F7006A4F0020F8B5094F3B885C18512C0D460F
S21400F7100ADC074E0A46A4B20146F01821F0B7FCF0
S21400F7203C80641BA019F8BD0020FCE72E4B00208F
S21400F7306A4F0020024B034A1A600020704700BF41
S21400F7402035002036A1030030B4044D044C002BB5
S21400F7500CBF2B46234630BC1CF0C5BC0FA70300CD
S21400F76056A6030000B589B0037806934378059340
S21400F77083780493C37803930379029343790193C0
S21400F78083790093C3790448044900883E2200F038
S21400F79081F809B05DF804FB3E4B00205AA6030032
S21400F7A0024B03490246188800F05AB83E4B002028
S21400F7B0607703002DE9F047DFF84C80DFF84CA0B7
S21400F7C0DFF84C9005460E4617460024AC4201D1A1
S21400F7D0BDE8F087B8F8000006EBC40153460822DF
S21400F7E01CF081FC0134B8F800003FB9044AA54279
S21400F7F008BF4A46034900F04DF8E7E74A46F9E7EE
S21400F8000E5603005F7703003E4B002056A603000B
S21400F810175A03002DE9F0410E4E044630881CF0BE
S21400F8207AFCA8B10C4FDFF834800025E3070AD530
S21400F83018B93088414600F02DF830882A463946F7
S21400F84000F028F8002001351B2D4FEA5404EDD1B6
S21400F850BDE8F0813E4B00207C9703004FA00300DC
S21400F8600EB417B505AA044652F8041B01920120EF
S21400F870F6F786FD054A01210220F9F791FB044BB5
S21400F8801C8003B0BDE8104003B07047175A030051
S21400F8903E4B00200EB417B505AA044652F8041BCA
S21400F8A001920120F6F76CFD034B1C8003B0BDE807
S21400F8B0104003B0704700BF3E4B002013B50368EE
S21400F8C00446587900F02CFF80B923685A88032A2A
S21400F8D00CD0E17C5B79CDE900211449144AFFF78E
S21400F8E0BFFF012120461CF0B0FC1BE0637D012B0E
S21400F8F00AD0637D33B92368228A598858791CF068
S21400F900A0F848B9C321EDE72368228A59885879B8
S21400F9101CF0A0F80028ECD020461CF0FEFB0146A8
S21400F9200028DFD1012002B010BD00BF6FA6030083
S21400F9302D150300002970B50F49104E1D46104BBB
S21400F94014460CBF6E227922002808BF0B460D49CC
S21400F9500020FFF79FFF2544AC4205D1BDE870406C
S21400F96009490020FFF77CBF14F8012B3146002020
S21400F970FFF790FFF0E700BFA3A60300E0A6030092
S21400F98099A60300ACA60300AA8C03002DE9F04F4D
S21400F990427D036890F8149090F813B086688589C5
S21400F9A05F88002A8BB014BF802240220446587914
S21400F9B00592C84600F0B4FE98B9BBF1050F05D80D
S21400F9C06FF02D0343FA0BF3DB070AD5032F08D09D
S21400F9D0AF490020FFF744FF012120461CF035FC0C
S21400F9E07CE0E37B73BB607DAA4AB0FA80F04009F6
S21400F9F01380C000FFF772FEE37B93B3208A1CF0EF
S21400FA0005FB8246A07CFFF769FEBBF1160F00F2ED
S21400FA10B281DFE81BF02800B6017D006700EA012E
S21400FA207D00AA01F301B201FC0105020E024D01A0
S21400FA302502B001B001B0013802820238029F02EE
S21400FA404D012502238A002B00F09581607D914BA5
S21400FA50B0FA80F040090022C0001A8040F004008E
S21400FA60C8E79A46CEE78C4A8C49DFF828A23B4680
S21400FA700020FFF7F5FE0120FFF730FE08F102092F
S21400FA80A94529D841462A4630461CF0FCFA236888
S21400FA9080465879BAF80030C3F152039BB20193FE
S21400FAA0238A00934246059B394619F026FC10B17E
S21400FAB01FFA89F8E2E723685879BAF80030C3F1EC
S21400FAC052039BB20193238A00934246059B394614
S21400FAD0FFF7CAFC8928EBD11CF0B1FB01200BB064
S21400FAE0BDE8F08F0420FFF7F9FDEB1E4FF0000A8B
S21400FAF00893089B984550D3BAF1000FECD1E37BEE
S21400FB0094F81480002B634B0CBF022204221A8048
S21400FB100420FFF7E3FD00230693994608F1030A45
S21400FB20554540F2A1802A46414630461CF0ABFAC5
S21400FB3006EB0803EA1E9B780790B244A2EB080285
S21400FB4092B25146184609931BF0B9FE0890002859
S21400FB507BD02268099B5079079ACDE901A3238AB6
S21400FB6000933946059B1CF0CBF8079B4C49824610
S21400FB703A460020FFF78EFEBAF1000F55D1069BDD
S21400FB8048490133DBB250460693FFF769FE089BEF
S21400FB90033343441FFA83F8C0E72A4641463046FB
S21400FBA01CF071FA06EB080308F1030193F80290C3
S21400FBB0089B0690A3EB0802314492B2484609918E
S21400FBC01BF07DFE079068B3236809995879CDF835
S21400FBD008900191238A00933946DDE905321CF02E
S21400FBE0DBF88146C0B14846FFF778FD06981CF062
S21400FBF00DFA069B2A493A460020FFF731FE2A49AD
S21400FC004A460020FFF72CFE0AF1010AB9F1800FE0
S21400FC105FFA8AFA3FF470AF079B033343441FFA38
S21400FC2083F866E74FF08009DDE75046FFF756FD9C
S21400FC3007981CF0EBF909F101091B495246002010
S21400FC405FFA89F9FFF70CFEA1E78720FFF746FD6C
S21400FC5007981CF0DBF909F1010913490898872277
S21400FC605FFA89F9FFF7FCFDBBF1050F3FF436AFED
S21400FC70B9F1000F7FF430AF069B2BB90B4918463D
S21400FC80FFF7EEFD8021A8E64846FFF727FD23E7AD
S21400FC90427503002E4B0020E6A603002FA70300A4
S21400FCA0F0A6030053A603000AA7030012A703004A
S21400FCB0BBF1150F00974CD00020B54BB54AB6499E
S21400FCC0FFF7CEFD0D20FFF709FD2A4649463046D0
S21400FCD01CF0D9F9B144BBF10C0F99F80260054647
S21400FCE03FD1192E28BF1926E37BBBB1B4F810808C
S21400FCF04FF6FF73984511D12068059B40792A4638
S21400FD003946FFF753F9404508D0BAF1000F05D041
S21400FD1020828AF80000000A8AF801009F4B002023
S21400FD20B3F80080FFF7DAFC2368ABF1150C5879BE
S21400FD30DCF1000343EB0C03CDE90163238A009357
S21400FD402A46059B39461BF068FF954B03F80800CA
S21400FD50C2E60020934B8F4A8F49FFF781FD16209D
S21400FD60B1E7132E28BF1326BEE72046FDF794FD05
S21400FD7000287FF4B3AE81212FE62046FDF72CFA4B
S21400FD80F6E70A2F06EB0908A5EB090A22D1DFF8E9
S21400FD9018B29BF80030EBB1E37BDBB9BAF1080F81
S21400FDA018D12A46494630461CF06DF990B998F8A5
S21400FDB002307BB998F80320E22A0BD12A4609F1D3
S21400FDC00401304605931CF05BF91CF011FA059B04
S21400FDD08BF800301FFA8AF24146384619F08FFA3F
S21400FDE000287FF47BAE0021F7E5A5EB090292B26E
S21400FDF006EB090138461CF005F9F1E7A5EB090208
S21400FE0092B206EB090138461CF0BCF8E8E7A5EB11
S21400FE10090292B206EB090138461CF0E3F8DFE768
S21400FE20A5EB090292B206EB0901384619F069FA09
S21400FE30D6E716F80950236809F10109587916F82B
S21400FE400960238A0193059B00932A463946334668
S21400FE501BF020FE3246294638461CF095F83DE653
S21400FE6009F1010216F80910AB1AABF11605684243
S21400FE706841003900909BB2324418BF01213846D1
S21400FE801CF084F8ACE716F80950B144BBF1110F2A
S21400FE9099F801603BD11220FFF720FC4FF00008D4
S21400FEA0E37BB3B1B4F810904FF6FF73994510D1C9
S21400FEB02B463A4621464046FEF7F4FF484508D012
S21400FEC0BAF1000F05D020828AF80000000A8AF8EE
S21400FED00100DFF8C890DFF8C8B0B9F800A0CDF888
S21400FEE00490CAF1510292B20AF1010300925B44F7
S21400FEF0CDE902563A4621464046FFF711F8B9F8D2
S21400FF0000300BF80A000133A9F80030E4E51420AD
S21400FF10FFF7E4FB4FF00108C2E709F101039D4239
S21400FF2034D316F809801E44B8F10008A5EB030385
S21400FF3018BF4FF001089DB22B46324641460020BE
S21400FF40FFF7F8FC0095218A3346424638461CF0F7
S21400FF5021F845E709F101039D4217D316F80980F9
S21400FF60ED1AB8F1000818BF4FF001081E44ADB2F4
S21400FF702B46324641460120FFF7DCFC0095218ADD
S21400FF803346424638461CF003F829E70020A6E52B
S21400FF900E56030023A703002DA703002E4B0020B8
S21400FFA06A4F00203CA70300BC4F002038B54FF630
S21400FFB0FB750446A9429DF81000626098BF43F4A2
S21400FFC00043012121702381A0720A4A0A490223B4
S21400FFD00020FFF745FCE07A084B40F6CA0203EB28
S21400FFE04010FF211AF0BBFBBDE838400420F9F7AB
S21400FFF099B900BF41A703004CA703006435002051
S21401000030B5054685B028B91D4905B0BDE8304074
S214010010FFF726BC0024007B1CF04BF8194A1A494E
S2140100202C702046FFF71CFC184BE87AFF2103EBE7
S21401003040101AF0A5FB164B204602019A5C22B925
S21401004001300428F9D1F9F787F9696899B1B5F94A
S21401005008302A899B1303F002038DF80430C2F39B
S2140100600E03ADF806304FF6FF73ADF808300023E7
S214010070039301A8884705B0BDE830401CF01FB8BF
S21401008077A7030041A70300A9A703006435002052
S214010090243500200948037873B9094A1946D372F2
S2140100A00133042B1173117051601181917202F1A9
S2140100B01002F4D101230370704700BFBD4F00202A
S2140100C02435002008B5FFF7E5FF064900231A018D
S2140100D001EB03108A5C1AB10133042BF7D100201F
S2140100E008BD00BF2435002070B506460D46FFF753
S2140100F0D1FF0A48002300EB0514A17AB14205D1CD
S214010100217819B12B4400EB031070BD0133042B89
S21401011004F11004F1D10020F7E700BF24350020D8
S21401012010B50446FFF7B6FF0E4B9C4212D003F102
S2140101302002944210D003F1400294420ED0603364
S2140101409C420DD10323084800EB0310BDE8104084
S214010150FFF756BF0023F6E70123F4E70223F2E791
S2140101600020F3E7643500202435002070B5074DE4
S214010170074E00242846324600210134F8F710FCC9
S214010180042C05F12005F5D170BD00BF64350020B3
S214010190210101002DE9F34105460C461746984614
S2140101A0FFF790FF064640B91C4A1D49FFF758FB6A
S2140101B07024204602B0BDE8F0814FF6FB739D42E5
S2140101C00AD94FF6FD739D4204D0144A1549002002
S2140101D0FFF746FB4FF6FD75434621463A4628464D
S2140101E01BF0DCFF044600F0B1FD804634B10B4A3B
S2140101F00D4923460020FFF733FBDAE73B4620464E
S214010200064A0A49FFF72CFB089ACDF80080062318
S21401021029463046FFF7CAFECBE700BF41A70300D9
S214010220B6A70300E0A7030015A803003CA8030037
S214010230F7B506460F46FFF745FF054638B9104A9B
S2140102401049FFF70DFB7024204603B0F0BD0022D5
S21401025040231146304620F08CFB044616F0DAFBAC
S21401026034B1074A084923460020FFF7F9FAEBE7BD
S214010270009001233A4631462846FFF797FEE3E70A
S21401028041A70300B6A7030063A8030073B504469D
S2140102900E46FFF717FF054638B9104A1049FFF713
S2140102A0DFFA7024204602B070BD002220461146B7
S2140102B020F067FB044616F0ADFB34B1074A094946
S2140102C023460020FFF7CCFAECE70090234632469F
S2140102D04FF6FC712846FFF769FEE3E741A70300E6
S2140102E0B6A703008FA803002DE9F04388461078CF
S2140102F09FB0002114461D46FFF7F6FE064600286D
S21401030000F001810778002F7ED0B8F80010002990
S21401031040F0F9800389B8F8022043F40040824295
S21401032040F0F180617800296ED1A2F50042062ADC
S21401033000F2E980DFE812F0A400A400E700E7007D
S2140103400700BB006C00E388E17AADF8243023890E
S214010350ADF8263063798DF828308B1D0D3D14F8E5
S21401036013208DF8141015F001058DF81C2046D1C8
S2140103700BA8069004F10C0C80465FFA85FE8E45AC
S2140103800CF1020C09D21CF8019C1CF802EC0EEBD5
S214010390092E28F802EB0135EFE75B00013300EB8D
S2140103A041000A4403F0FF030890D2B28A420FD0FC
S2140103B01EA800EB4105E018013190F801C0E05C91
S2140103C0023300EB0C2025F84C0CC9B2DBB2EDE78A
S2140103D0B6F908203389002AB4BF03220122C3F3E9
S2140103E00E038DF80820ADF80A306288ADF80C20AF
S2140103F005AB049302A930461BF0BBFE04E0434A5A
S21401040043490020FFF72CFA38461FB0BDE8F083B9
S214010410042D02D83D4A3F49F3E72379B4F8028018
S214010420053DADB29D4202D0384A3B49E9E73B4A19
S2140104303B4B3C49CDF80080002D18BF13460020E9
S214010440324AFFF70DFA05348DF81450B6F9083024
S214010450069485B1002BACBF012303238DF82C3005
S2140104603389ADF83080C3F30E03ADF82E3005ABFB
S2140104700D930BA9BFE7002BACBF06230523EDE7C1
S2140104800B2DC7D9D4F80200D4F8061005AA03C26A
S21401049013F4004F14BF032204228DF82C20C3F35B
S2140104A00E036289ADF83020ADF82E30DFE7042D5B
S2140104B0B0D96388ADF8303023790533DBB29D427D
S2140104C006D0124A184900950020FFF7C9F99BE7A4
S2140104D00E4A16490020FFF7C3F93389B6F90820FA
S2140104E0C3F30E03ADF82E3005AB002A0D9304F1CD
S2140104F00503B4BF03220122069323798DF82C202D
S2140105008DF81430B5E700277EE700BF41A703004A
S214010510BAA80300E2A80300F6A803000E560300DB
S2140105204B6D03001DA9030039A903007AA9030036
S214010530334BB0FBF3F2F0B503FB12004FF46165E9
S214010540B0FBF5F3DCB205FB13033C25B3FBF5F377
S214010550DBB24B71A0EB0410C3EB0313A0EB8300DB
S2140105604FF4FA630B8040F201134B80254E8871DD
S21401057001230C7100201F466425904229D091F872
S21401058002C043B1BCF1020F05D14FF01D0E06E0CB
S2140105904FF0010C002306EB0C0414F801ECCC78A8
S2140105A0744513BF01340CF1010C0124E4B208BFF9
S2140105B081F802C0CC708C780D2C00F10100DCD1E2
S2140105C00B888F7001339BB29C070B8002D082424E
S2140105D0DED1F0BDB3FBF5F405FB1434A4B224B1AF
S2140105E08242F6D001239C46D5E74FF4C874B3FB8C
S2140105F0F4FC04FB1C339BB2B3FA83F35B09BCE740
S21401060080510100B5A9030010B588B006A90446BB
S214010610FFF78EFF9DF81E3003939DF81D30029361
S2140106209DF81C3001930748BDF8183000930494D8
S2140106309DF81B309DF81A2003490088FFF710F932
S21401064008B010BD3E4B002093A9030008B5026810
S214010650154B118819805188598051791971117972
S21401066059714FF48A51D980D28812F0200F0CBFED
S2140106700A464FF48B52DA8081690C4A137831B9F5
S2140106800B49C088088023F00203137008BD43F0AD
S21401069002031370074B15220131184620F0F7FCB0
S2140106A0002200F8012CF1E7324B0020C64F002053
S2140106B0304B0020414B002010B5174C2368587969
S2140106C01BF0B3F900BB154B227F197B91421BD15E
S2140106D05A88236819888A4205D04FF6FF708142EE
S2140106E012D1120410D42279023A012A06D9A37B28
S2140106F063B9BDE810400848FFF748B91989587929
S2140107001BF082FC0028F2D1002010BDBDE810408D
S2140107100148FFF7D3B800BFE835002004350020B4
S21401072008B51BF082F910B9024B187808BD0020F5
S214010730FCE700BFCB4F002008B500201BF0B9FC3A
S214010740FF201BF099F91BF0BAFCFEF72BF90121EB
S2140107500246064820F0B5FC054B064A06485221DB
S214010760FEF700FFBDE80840FEF786BBCB4F002032
S214010770324B00202E4B00206A4F0020F0B50D4F63
S214010780044600224FF6FF7590B2034637F83060F4
S214010790AE4201D12846F0BDA64209D1B4F57C4F40
S2140107A0F9D307EBC3035B888B42F4D00029F2D060
S2140107B00132E9E7C8AA030010B50446FFF7DEFFD9
S2140107C0094A034610884FF6FF72934217BF074A3D
S2140107D00749084902EBC3030CBF22465A68BDE825
S2140107E01040FFF757B800BF3E4B0020C8AA0300D1
S2140107F0C1A903009CAD0300034B18780130C0B2B9
S214010800187000F07F00704748150020014B1870E3
S214010810704700BFC94F002038B1074B1B78012B2A
S21401082004D1038843F0400303807047022BFCD1B8
S214010830038823F04003F7E7C94F002068B1074A51
S2140108401378012B07D1064B1B781370037843F0FE
S2140108501003037001E0022BF8D07047C84F002048
S214010860C74F002073B5244E3378D907024640D4CB
S2140108702249096881B10868C1888D0641BF204CAC
S214010880E18841F02001E180C1884C0641BF1C4847
S214010890C18841F04001C1801A4D1B49287809786A
S2140108A040074CBFE9706970184913F002040988C3
S2140108B009D0144A16481BF081FB337823F0020353
S2140108C0337002B070BD134B18884FF6FB73984215
S2140108D008D8CDE900520B46094A014620461AF0CF
S2140108E0C0FDEEE70092074B0A4605491AF0A7FD40
S2140108F0E7E70020E5E700BFC64F0020E43500200B
S214010900324B00206A4F0020491500202E4B002054
S214010910404B0020304B002070B50379012B044674
S2140109200D46164631D883681B78DB0600D561B3C1
S214010930A37B13B9E37C0B2B27D0154B00221A801F
S214010940637DB3FA83F35B09D800E37BABB9FEF7AB
S214010950C5FEA07CFEF7C2FE0B20FEF7BFFEE07CC4
S214010960FEF7BCFE2846FEF7B9FE2046FFF76EFEF0
S2140109703046BDE87040FFF775BF40F00400FEF753
S214010980ADFE208A1BF042FBE3E7002070BD00BFEE
S2140109902E4B0020024B0A4601461868FFF7BCBFE3
S2140109A0E4350020F0B4054618460F4B0F4E1B7871
S2140109B0012B0C46BDF8101001D0377827B1002363
S2140109C033700020F0BC70470CB9002AF9D143B14E
S2140109D04FF65743994204D02B462246F0BC1BF0F3
S2140109E0CFBA0120EEE700BF4A150020CA4F00200B
S2140109F02DE9F04F664E674C8446964698460F465C
S214010A000FCE25460FC596E80F0085B085E80F0086
S214010A10DDF83C90BDF838300093CDE901944346AB
S214010A2072463946604600F0DBF8DFF890810646EC
S214010A3070B90025FEF734FE16220021564820F034
S214010A4040FB00232846C8F8003005B0BDE8F08F0B
S214010A50524BA27C1A70524BC8F800401B78002BF0
S214010A6036D01BF0C7FB4F4902460020FEF712FFA7
S214010A7022684D495379528800920020A289FEF7D8
S214010A8009FF00201BF047FB20B12368218A588804
S214010A90FFF792FEE37B23B1228A44490020FEF74A
S214010AA0F9FEA36842491A78E37C0093A37C0020F0
S214010AB0FEF7F0FE207DA289A168121A01440123E7
S214010AC0002092B2FEF740FE3A490020FEF7C8FE2B
S214010AD03048FFF7BBFD2F4818F00AFC054630BB2F
S214010AE0B9F1000F25D12168E0880B880190BA1E64
S214010AF049880091032A8CBF00220122E07C012153
S214010B00FFF750FF38B923685B79FF2B3AD0FFF720
S214010B10D3FD05468EE72368DB889A06F3D4264C78
S214010B201C48012121701BF090FB84F8009035468B
S214010B3080E7B9F814309B07E5D47AE75846FEF704
S214010B40AFF882465846FDF733FF88B12368228AFC
S214010B50598850461AF06CFF50B13846FFF776FDBB
S214010B60236889F804A083F805A0FFF7A5FD00B95E
S214010B70284601360546FDF715FF5FFA86FB584500
S214010B80DCD857E7034FDFF838900026F3E700BFBD
S214010B903CAA0300E8350020404B00204915002000
S214010BA047150020D9A90300E1A90300FFA9030006
S214010BB00AAA030043760300CA4F0020E43500204A
S214010BC0324B0020054A0023D15C814202D31A44ED
S214010BD0507870470233DBB2F6E700BF28AA03005D
S214010BE073B51546089C2E7816F0040F0CBF032625
S214010BF005269E421A4608D9224A23490096002015
S214010C00FEF72EFE002002B070BDBDF8183021712F
S214010C102060E380A560A2812B7803F00103A37313
S214010C202B7803F00403002B14BF01210021E1738C
S214010C302978C1F3C00161754FF00101217518D003
S214010C4028461BF020FA237D208202332375227D5D
S214010C50531CDBB22375A95CA1740232D2B2227591
S214010C60EB5CE374A3899A4205D900920749054AC9
S214010C70C5E72382EBE7079BA361002323770120C7
S214010C80C1E700BFDF6D030010AB03002CAB030010
S214010C90034B1870034B1970034B00221A707047F0
S214010CA0CD4F0020CE4F0020CC4F00202DE9F74F2E
S214010CB0DFF89080224F98F800303C7805460E46C3
S214010CC0002B3AD04FF6FB73984236D8DFF878A05F
S214010CD04FF0000B98F800309AF800005FFA8BF995
S214010CE04B450ED948446946C0B214F0BFFF0822EE
S214010CF03146684620F0BBF90BF1010B0028E9D11B
S214010D004C463B78A34208D198F80020631CDBB21E
S214010D109A423B7004BF00233B709AF800301C4493
S214010D20E4B23146204615F095F830B929462046FA
S214010D3003B0BDE8F04F14F085BF03B0BDE8F08FF7
S214010D40CC4F0020CE4F0020CD4F0020024B18780C
S214010D5000F07F00704700BFCF4F0020034B18788C
S214010D600130C0B2187000F07F007047CF4F0020EE
S214010D7030B585B00024ADF80A20021D92B2012AD2
S214010D801D46ADF80840ADF80610ADF8044003D98D
S214010D904FF6FF72904207D1064A2B46127801A9F8
S214010DA01FF09FFB05B030BD014601AA204611F099
S214010DB0B7FFF7E74B15002000487047604D00204D
S214010DC0014B1878704700BF5E150020014B18884C
S214010DD0704700BFF6140020014B1878704700BF1B
S214010DE058150020014B1878704700BFD34F0020DC
S214010DF0014B1878704700BF5315002008B5084B03
S214010E0000221A605A60F5F723F9064B1870F5F7B9
S214010E101FF9054B1870054B1A78054B1A7008BD5B
S214010E20EA470020F84F0020F74F00205115002018
S214010E30F64F002000B5002193B008466A460AF036
S214010E40DDFE0146C8B90E4B0E4A09930E4B0A93B6
S214010E500D920E4B0E4A0B930E920E4B0E4A0C93AE
S214010E60CDE90F230D4B11936A460BF0A7F9003815
S214010E7018BF012013B05DF804FB0120FAE700BF9C
S214010E8025F402009D040200B1F5020037AA020013
S214010E9069DC01002FF60200AD1302000901020011
S214010EA0074B1878112803D8064B0341DA0704D5F7
S214010EB0A0F143035842584170470120704700BFD4
S214010EC0FA4F0020CBFFFDFF08B5064B1B78013B10
S214010ED0022B05D80020FFF7E3FF0138C0B208BD9A
S214010EE0FF20FCE7FB4F00202DE9F74F3A4B3B4F25
S214010EF093F800903A4E3B4B3B4D3C4C3C483D49A9
S214010F00DFF8F8C0DFF800E1DFF814A1DFF814B16C
S214010F1001934FF00008019B203301935FFA88F399
S214010F20994507F1200706F1200605F1200504F191
S214010F30200400F1200001F120010FD82E4B2F4D87
S214010F401C782F4E2F4B304F00221146D0B28442D0
S214010F5003F1200338D803B0BDE8F08F2B4B2C4AA1
S214010F6047F81C3C002346E907232A4A47F820CCC9
S214010F7045E90723284A47F8103C44E90723274A4E
S214010F8046F820CC40E90723019A45F820CC47E9EA
S214010F90063E46E905E345E905E344E905E340E99C
S214010FA005E341E908CA41E9063E44F820CC40F889
S214010FB020CC41F8103C08F1010842E908CB42E98F
S214010FC0063E42F8103CA6E743E9085643E90617F1
S214010FD043F8101C0132B9E76115002000410020DA
S214010FE0E040002000400020C0400020604000207B
S214010FF040400020204000205C1500204048002092
S214011000213F0200804000200E560300FFF9020037
S2140110107BF80200B9080200D1220200C7C702000D
S214011020C7D0020041F80100044B00F1100250F84D
S214011030041B43F8041B9042F9D17047FC4F002073
S214011040044B03F1100253F8041B40F8041B9342AF
S214011050F9D17047FC4F0020F0B5071D0546002268
S21401106093B00C46384608211EF051F96A7B0646B5
S214011070D0070BD5687808A91CF01AF8DDF83D30C2
S2140110806B60DDF841307B6080B101E0910702D4EE
S2140110902D2013B0F0BDD20002F0800201213846A7
S2140110A01CF00FF8FF286870F2D0E6B11923194634
S2140110B06A7801A819F0ACF99DF81C305B0604D5D6
S2140110C00B484FF4C071F4F769FE234603AD07AC35
S2140110D02A4603CAA24218605960154603F108035E
S2140110E0F6D10020D5E708A91BF0E2FFCCE700BF48
S2140110F057AB03002DE9F04307468BB01D488846E1
S2140111001646FFF79DFF0025002D01AB194A0CBFBF
S21401111036205C200024994612F8011B0134E4B203
S2140111204140102C03F8011BF6D105A81EF0F1FE74
S2140111304A46214605A81EF0F0FEBDB941463A468C
S21401114005A81EF051FF05AC32460DF1240C2346CE
S21401115003CB6345106051601C4602F10802F6D1CC
S21401116015B10BB0BDE8F0830125CDE73246214627
S214011170E6E700BF2C5000202DE9F04F99B0DFF8CC
S214011180E880DDF890909DF88CB09DF8886088F82E
S21401119000B0174682460C461D462022304B0F9360
S2140111A0002110A81FF08DFF4F4504D02A4639466E
S2140111B048461FF06CFF4FEA0B4303F47C1343F0E1
S2140111C0A86343F480737819711B09EB050C6CB3A3
S2140111D00DAACDE90AB209EB060209920EAACDE9DB
S2140111E007120D22CDE9051CCDE90350CDE900A279
S2140111F01C49029710220FA8F3F792F907460FA889
S2140112001BF0FFFF17F1950F24D02FBB0E9B761B0B
S214011210F6B29E4220D10CB398F800000D9B98427E
S21401122014BF2120002019B0BDE8F08F0EAACDE929
S2140112300912BA19CDE905120D22CDE90350CDE9FF
S21401124000A2CDE907BC0749029710220FA8F3F7C1
S21401125029FAD3E72C20E6E72120E4E72046E2E757
S214011260002480002C50002062150020F0B51B4B96
S21401127093B0002607460C461546314620220AA89A
S214011280CDE908631FF01DFF08AB1022DFB1CDE9E1
S2140112900523CDE90325CDE90164114B11490096DB
S2140112A009A8F3F78DFB044609A81BF0AAFF14B999
S2140112B0089B102B04D00C4840F23E21F4F76EFD3B
S2140112C0002013B0F0BDCDE90323CDE90125044B81
S2140112D00449009409A8F3F7F5FBE4E7002480002D
S2140112E0004440042C50002057AB030030B505469F
S2140112F089B069461BF0F3FC6B8804ACABB122469F
S214011300294668461BF064FC0E4A08AD234603CB0B
S214011310AB42106051601C4602F10802F6D1094842
S214011320FFF782FE002009B030BD064D6B461A4617
S21401133003CAA24228606960134605F10805F6D182
S214011340EDE700BF2C50002050B10B4B0B4A03F1C8
S214011350100153F8040B42F8040B8B42F9D1704785
S214011360064B054A03F1100153F8040B42F8040B2F
S2140113708B42F9D1704700BF2C5000200C50002042
S21401138008B5102202481FF082FE002008BD00BFEB
S2140113901C50002008B50846102202491FF077FEAF
S2140113A0002008BD1C500020F0B587B0054603A8F4
S2140113B00C4613F0CDFB0146002847D1BDF80C3092
S2140113C0980643D5102220461FF07BFE01A812F096
S2140113D043FCB8B16E7B16F0020F05F1040706D088
S2140113E0082201A938461FF042FE00282CD101AB85
S2140113F003CB46F00206686079606E73238843F07B
S21401140008032380238843F00203238012F01AF88E
S21401141060601DF0CCFF30B10D4B1B68A3602388C4
S21401142043F0040323800B4B1A68D1035EBF238865
S21401143043F010032380130242BF238843F4006362
S2140114402380002007B0F0BD2D20FBE72420F9E71C
S2140114503041002034410020D0E9023210B553F863
S21401146022301C6890B04022694620461BF092FE4E
S214011470034630B1064922460020FEF7F1F910B0C6
S21401148010BD012269460820FEF794F9F7E700BF70
S214011490CAAB030070B500F0B1F800280CBF6E228D
S2140114A0792214490020FEF7DBF900F0A7F8F0B125
S2140114B01BF084FE00280CBF6E2279220E490F4CC9
S2140114C00F4E0020FEF7CCF90E4908220020FEF749
S2140114D0C7F9002554F8042C23463146002003356D
S2140114E0FEF7BEF9182D04F10C04F3D170BD3F22AE
S2140114F0E4E700BF02AC030019AC0300D4410020AE
S21401150048AC030029AC030070B51BF03CFE224931
S21401151004460020FEF7A4F92CB920461F49BDE871
S2140115207040FEF79DB900F0B7F81D4B22691D49C2
S2140115302688002A08BF1A4605460020FEF790F9BD
S214011540628819490020FEF78BF91849A288002005
S214011550FEF786F96388E28813F0100016BF144977
S21401156014490020FEF77CF9A26813490020FEF713
S21401157077F9E26811490020FEF772F9104A114B1B
S2140115801149B6F5817F38BF134600202A46BDE8CB
S2140115907040FEF765B900BF7DAC03008AAC03005E
S2140115A00B810300ABAC0300C9AC0300EAAC03003B
S2140115B007AD030024AD030042AD030060AD030098
S2140115C075AC03006BAC03007EAD03000A4A38B568
S2140115D0014600230C2505FB03F4A0181459013419
S2140115E004D10C221FF053FD002038BD0133082B17
S2140115F0F1D10120F9E700BFD0410020034B187854
S214011600012894BF00200120704700BFBE50002073
S21401161038B5054D04462878A04203D021461BF074
S21401162092FD2C7038BD00BFBE50002000B58FB0B3
S21401163001A8F0F77DFE0598D0B182680E4B41886F
S214011640B2F5803F34BF92B2C2F38F22DA800288AD
S2140116501A8042689A80C2689A600269DA604269B2
S2140116601A6128BF41F01001027E59801A7518468A
S2140116700FB05DF804FB00BF58410020054B1B78F6
S21401168020B1012B04D80220FFF7C2BF012BFBD8E3
S214011690704700BFBE50002010B5084C237853B9E0
S2140116A01BF071FD0123237028B10388B3F5817FF8
S2140116B024BF037D2370207810BD00BFBD500020DD
S2140116C070B5184B1B78012B2BD81BF03FFD164D20
S2140116D0164902460020FEF7C3F80120FFF7CEFFA9
S2140116E02E78FF2E1DD1FFF7A1FFC8B14488104800
S2140116F0C4F34004602231462C701FF0E2FC0D4812
S214011700602231461FF0DDFC5CB1FFF7C5FF0428FF
S21401171007D9BDE87040084840F22F11F4F73EBBE8
S214011720287070BDBE50002063150020A1AD0300D7
S214011730D041002070410020B3AD03002DE9F04FE9
S214011740DFF8108305460F46144698E807008DB06B
S21401175003AB83E80700FFF7B3FFFFF79DFFB74B27
S2140117601B78012B0646434640F01B81012840F2B8
S2140117704181B5FBF0F200FB1252002A00F0118104
S214011780AF4900228A46D1F800C0BCF1FF3F04D021
S214011790087A6044854200F0C3800132082A01F1CC
S2140117A00C01F0D193E8070006AE0DF1240B86E894
S2140117B007008BE80700FFF76FFFB5FBF0FA00FBA9
S2140117C01A5AA0EB0A094A46804639460AA80995DC
S2140117D08DF82C901FF09BFC9A4A00230C2002E007
S2140117E00133082B0ED000FB03F101EB020C51581C
S2140117F00131F5D19BE807008CE80700924A13787F
S21401180001331370A14504DD90484FF4E471F4F7F9
S214011810C5FAA4EB080454444D44A3B215FA84F463
S214011820B4FBF8F208FB12424F44A3EB020893B153
S214011830A41A07EB080107A88DF8202006941FF0CC
S21401184066FC3046FFF7C2FEFF2804D17F4840F20F
S214011850DD11F4F7A3FA1FFA88F47CB10320FFF731
S214011860D7FE2246394628461BF078FC83460220DE
S214011870FFF7CEFE58460DB0BDE8F08F4FF0000BD7
S214011880F8E70320FFF7C4FE2246394628461BF038
S21401189065FC83460220FFF7BBFE98F80030002B5C
S2140118A040F0B380BBF1000FE4D1039B0133E5D0D8
S2140118B003A8FFF78BFE8346DCE7BBF1000FD9D107
S2140118C09DF81490624B4A4604A918461FF01FFC67
S2140118D00C2254432A19211D177A29443A464844B2
S2140118E04F441FF014FCBE4204D0584840F26B210E
S2140118F0F4F754FA5649039832461BF02FFC8346F8
S2140119000220FFF785FE98F8003013B1013B88F8F6
S21401191000304FF0FF3329192B51C1E90133A9E7F4
S2140119204FF00C0909FB02A3187AA6EB00085FFA30
S21401193088F8A04501D35FFA84F809FB02F909F19A
S214011940040B58444246394650441FF0E0FB0AEB6C
S2140119500903A4EB08041A7A4244D2B2B242A4B2F2
S2140119601A721AD103200193FFF752FE0AEB0B01FC
S21401197032465AF809001BF0F1FB83460220FFF7B6
S21401198047FE019B4FF0FF314AF80910C3E90111E8
S214011990BBF1000F7FF46EAF4744002C3FF46EAFEF
S2140119A04544DFF8988098F80030012B22D1B5FB2A
S2140119B0F6F306FB135343B124484FF40E71F4F7C4
S2140119C0EDF998F80030012B14D16319B3FBF6F842
S2140119D006FB1838B8F1000F0CD0A4EB0804A3EBF3
S2140119E008033919424604A80393A4B21FF08FFBDB
S2140119F08DF81480DFF85080002C7FF442AF98F801
S214011A000030002B3FF451AFA346039FFFF744FE7F
S214011A100C4B00241D4619684A1C08D093F808C0D0
S214011A20A0EB0C0CA1EB0C018F423FF446AF013446
S214011A30082C03F10C03EED134E700BF6315002038
S214011A40D041002070410020BC500020B3AD0300FF
S214011A503C5000200CAE030070B5134B1B78012BD5
S214011A600CD1FFF72DFE114D002655F8043C01332D
S214011A7006D10336182E05F10C05F6D1002411E027
S214011A800320FFF7C5FD55F8044CFFF705FE294670
S214011A90024620461BF062FB04460220FFF7B8FD13
S214011AA0002CE6D0204670BD63150020D4410020EE
S214011AB070B505460C46FFF703FE0520FFF7A8FDA7
S214011AC0214628461BF058FB06460220FFF7A0FDDC
S214011AD00A4B00222C441968481C08D0A94206D398
S214011AE0A1423EBF4FF0FF31C3E9001199600332B6
S214011AF0182A03F10C03EED1304670BDD041002008
S214011B00D0E9023253F8223010B51C68204600F0A6
S214011B1091FA28B121460348BDE8104000F07EBD89
S214011B2010BD00BF18AE030008B5D0E9023253F865
S214011B302230186800F06CF920B1BDE80840024870
S214011B4000F06CBD08BD00BF3AAE0300D0E902321A
S214011B502DE9F04153F8221003EB82030F685B680E
S214011B601D78642D9AB004D91148642100F056FD01
S214011B7064252A4601A9384600F002F9044698B9B8
S214011B800C48DFF8388000F049FD01AE013DA54262
S214011B9002DC1AB0BDE8F081391916F8012B40466F
S214011BA000F03CFD0134F2E7034800F037FDF0E7B2
S214011BB05DAE03007DAE0300A7AE030094AE030046
S214011BC02DE9F0472D4FDFF8E480DFF8E4908CB084
S214011BD0002503A9284600F0EFF810B10CB0BDE8C7
S214011BE0F087049B039A00932946384600F016FDB9
S214011BF0404600F013FD059910290CD810290CD881
S214011C00DFE801F00F14320B340B0B0B360B0B0B0A
S214011C100B0B0B0B3A0020292CD0194800F0FEFCC8
S214011C2007E0184800F0FAFC0135D2E7164800F044
S214011C30F5FC0699DFF87CA0484600F0EFFC079912
S214011C40124800F0EBFC124800F0E8FC0DF11F060C
S214011C50102416F8011F5046013C00F0DFFC14F07A
S214011C60FF04F6D10B48DDE70B48E0E70B48DEE75B
S214011C700B48DCE70B48DAE70B48D8E7C2AE0300AF
S214011C8067AF030017AF030027AF03008DAF030054
S214011C90A5AF0300185A03002FAF030037AF0300A8
S214011CA040AF03004BAF030062AF030006AF030073
S214011CB076AF0300E0A6030010B50B4C23788EB078
S214011CC05BB9F0F7EDFA014650B9012301A823707C
S214011CD0F0F72EFB054B049A1A6020780EB010BD63
S214011CE0034800F09BFCF8E7BF500020D0430020DB
S214011CF0B6AF030000B58FB0FFF7DEFF002829D08E
S214011D0001A8F0F715FB059B1448198800F086FC1E
S214011D10059B13485969134B002908BF194600F063
S214011D207DFC059B1048598800F078FC059B0F4800
S214011D30196900F073FC059B0D48D96800F06EFC2C
S214011D40059B0C48197E00F069FC0B4B0B48196883
S214011D5000F064FC0FB05DF804FB00BFF3AF0300B6
S214011D6005B003000B81030017B003002BB003007E
S214011D703FB0030053B00300D043002067B0030018
S214011D8070B5064615460C4679B172B1FFF794FF59
S214011D9068B121462A463046F0F7C6FB014618B11F
S214011DA0044800F03BFC012070BD2120FCE7112017
S214011DB0FAE700BF79B0030037B505460C46FFF7D2
S214011DC07BFFE0B1114B1B68AB421AD9CCB10021A5
S214011DD0242220461FF075F921462846F0F7C0FA5E
S214011DE088B901AA04F108012846F0F759FB20B189
S214011DF040F20643C01A18BF012003B030BD1120BF
S214011E00FBE72120F9E70120F7E700BFD0430020D8
S214011E10F0B593B00546FFF74FFF00283CD0234BA3
S214011E201A68AA4207D82248013A294600F0F6FB6A
S214011E30212013B0F0BD05A8F0F77AFA03A92846C9
S214011E40F0F78EFA50BB099B049ADB68B2FBF3F6F7
S214011E505E43B24203D01748294600F0DFFB039FDA
S214011E6086B118F0EDFA099B3846D968F0F798FB69
S214011E70099BD96804463B460F4488B9039BFB1A65
S214011E80B342EED30C482A46314600F0C7FB002485
S214011E90201E18BF0120CCE71120CAE70120C8E7A1
S214011EA000902A46054800F0B9FBF1E7D043002030
S214011EB0A7B0030055B10300C3B10300DFB10300AF
S214011EC010B5044638B1FFF7F7FE30B1044B1B6876
S214011ED02360002010BD2120FCE71120FAE700BF97
S214011EE0D043002010B50446FFF7E6FEB0B10C4B18
S214011EF01A68A24206D80B48013A214600F08EFB2A
S214011F00212010BD18F09CFA07494FF4C0722046F4
S214011F10F0F794FA003818BF0120F2E71120F0E735
S214011F20D0430020A7B003005042002010B504465D
S214011F30FFF7C2FE70B109482146F0F797FA40F262
S214011F400323984208D040F2012398420CBF052093
S214011F50012010BD1120FCE70020FAE750420020C6
S214011F602DE9F0412D4D04462F68FFF7A5FE002808
S214011F7051D02968A14207D84A1E2948214600F0B7
S214011F804DFB2120BDE8F0812648DFF89880F0F768
S214011F903BFA0246B0B92E684346964222D1BE426B
S214011FA00CBF06F1FF323A4612BB31461D48C8F84F
S214011FB00040F0F70FFA014600B31B4800F02EFB75
S214011FC00120DFE72046F0F7E5F9044638B101467F
S214011FD0164800F023FB201E18BF0120D2E7F0F7B9
S214011FE085F9F8E753F8041B8C42DDD00132D4E7BB
S214011FF00C499200081D1FF04AF8D6E729680948DF
S214012000F0F702FA044610B101460948D6E7F0F7A0
S2140120106DF92046B6E71120B4E700BFD043002093
S214012020A7B00300304200205AB2030030B20300CA
S2140120308DB20300F8B50446FFF73EFE002845D0F2
S214012040234B1A68A24207D821462248013A00F0DB
S214012050E5FA21242046F8BD1F48204E00F0DEFA9E
S21401206018F0EEF91D494FF4C0722046F0F7E6F974
S214012070054618F0E5F940F2032765B140F203235F
S2140120809D421AD01648294600F0C8FA0124154880
S21401209000F0C4FADEE718F0D3F929463046F0F727
S2140120A0E5F9B84209D040F20123984203D10E481F
S2140120B000F0B4FAE1E70546DFE721460B4800F0F9
S2140120C0ADFA2046FFF74CFF0446E0E71124C1E7CE
S2140120D0D0430020A7B00300C4B203005042002042
S2140120E0E4B20300185A0300AA8C0300FCB20300F2
S2140120F02DE9F04F91B09B460B1E0A93AC4B1A9EEE
S214012100904614BF8146994600249BF8000060B9AA
S21401211044450A992CBF08F1FF3222464346002067
S214012120C847204611B0BDE8F08F25280BF1010BFA
S21401213006D022460A99651C4346C8472C46E4E762
S21401214000230DE02D2A2AD0302A06D0303A092A5B
S2140121504FF0000711D80A2532E043F001038B4601
S214012160594611F8012B2B2A1CD0EBD8202A1CD05B
S214012170232A1DD02A2A2BD000279BF800202E2A9E
S21401218064D19BF80110A1F1300009280BF101027E
S21401219043F4806351D800254FF00A0C26E043F043
S2140121A00203DCE743F00403D9E743F00803D6E76C
S2140121B043F01003D3E705FB0722A2F130078B4655
S2140121C0594611F8012BA2F130000928F3D9D4E7BA
S2140121D056F8047B002FBCBF43F002037F428B46B8
S2140121E0CBE70CFB0511A1F130050246104610F8AD
S2140121F0011BA1F1300EBEF1090FF2D9114611F8FB
S214012200010B6C282CD024D8682830D06A2837D007
S21401221011468B461BF8010B672875D857284BD8F3
S214012220452807D085D9462800F03181472880D136
S21401223043F4006343F0200341E12A2907D156F80D
S214012240045B0BF1020225EAE575D7E75A4600253D
S214012250D4E7742801D07A28DAD143F48073D8E71A
S21401226050786C28F9D143F44073911CD1E750782B
S214012270682802D043F08003CBE743F0C003F4E7BD
S21401228043F40073C5E70A2A00F06681072A7FF443
S21401229050AF43F0210305930823CDE903531023E0
S2140122A0CDE9011356F8043B00930A9943462246AA
S2140122B048461BF093F8FCE0A0F158020F2A3FF6BF
S2140122C038AF01A151F822F0392301003321010072
S2140122D033210100332101003321010033210100A4
S2140122E03321010033210100332101003321010094
S2140122F039230100E124010039230100B72401003C
S21401230093240100B7240100A0F16902D2B20F2A7A
S2140123103FF60FAF0121914049F2410C11EA0C0141
S214012320B1D0782803F4806122D1002900F0908092
S21401233023F00D02102307E0622803F4806220D107
S21401234042BB23F00C02022312F4007100F08380DA
S214012350CDE907720022CDE9043206F1070A2AF018
S214012360070A06950292FAE80223CDE900233DE02A
S2140123706F2812D123F00C0209B123F00D020823B5
S214012380E2E7582816D1002A39D123F00C0242F090
S2140123902002CFE723F00D02D5E7692823F01002CB
S2140123A030D023F01C0209B123F01D020A23CBE72B
S2140123B01BD2020042BB23F01002930527D5073635
S2140123C026F00706B24671685AF8083B0695CDE92D
S2140123D007720A26CA0F00270029CDE90467029270
S2140123E002DA5B4261EB4101CDE900310A994346CD
S2140123F0224648461BF035F80446564685E623F045
S2140124000D02C4E70029D8D023F01102D5E7D00584
S21401241006F1040A01D5336802E0510613D5337874
S2140124200395CDE904720A220292002B4FEAD37279
S2140124300192B8BF5B4200930A994346224648463A
S2140124401AF0CCFFD8E71306E5D5B6F90030E7E772
S21401245023F00C026EE7D00506F1040A06D5CDE995
S2140124600472CDE9023501913368E4E7510608D5D7
S2140124703178CDE902350023CDE90472CDE90013A8
S214012480DAE7316812F0800F18BF89B2F1E743F03E
S2140124902003CDE90373073626F007060295F6E812
S2140124A002230A99CDE90023484643462246EEF721
S2140124B08FF8044629E6672801D143F40063CDE985
S2140124C00373073626F007060295F6E802230A99F3
S2140124D0CDE90023484643462246EDF7B5FEE8E738
S2140124E013F0020523D04FF0010A631C0B930A99DF
S2140124F016F8040B43462246C8475DB30B9A54466A
S2140125001EE00A9943462020C8470AEB04020AF156
S214012510010A5745F5D8002F07F1FF3308BF0023FE
S21401252007F1010A1C4408BF4FF0020ADDE7AA467C
S214012530EBE7551C0A9943462020C84701342A4632
S214012540BC42F6D30B9AA7EB0A03574538BF0023C4
S2140125501A440B920B9CD8E53246002D52F8046BB8
S2140125600B9214BF29464FF0FF31314432461078A2
S21401257008B18A4211D1A2EB060A13F480620C92CA
S21401258002D0AA4528BFAA4613F002030D931BD119
S214012590AAEB040322460F9308E00132E7E7531C37
S2140125A00E930A9943462020C8470E9A0F9BD318CC
S2140125B09F42F4D8A7EB0A03574538BF00230AF118
S2140125C001021C4403EB020AA31B0E9304E01D4602
S2140125D00A9943462246C8470E9BF41816F8010B83
S2140125E028B10C9B002BF3D06B1E002DEFD10D9B59
S2140125F093B12246AAEB040505E0561C0A99434608
S2140126002020C847324653199F42F6D8A7EB0A0343
S214012610574538BF00231C440B9E76E50FB41FB503
S21401262006AA02A952F8043B0392009204484FF00E
S214012630FF32FFF75DFD05B05DF804EB04B07047AF
S21401264001D502001FB5034600914FF0FF3203A9E2
S2140126500248FFF74DFD05B05DF804FB01D5020009
S2140126601FB5CDE90201009302A9134603484FF0B6
S214012670FF32FFF73DFD05B05DF804FB09D502000A
S21401268008B5124BA822002118461EF01AFD032297
S2140126900346026142610E480E4A98614FF480611A
S2140126A0DA61002219629A625A62DA6218660A4888
S2140126B05866996609491A67DA665A6711F8010D6C
S2140126C098540132102AF9D108BD00BFB41D00206C
S2140126D078B30300B4190020B415002091B30300A9
S2140126E02DE9F84FDFF8808098F80030532B8246AA
S2140126F08946164601D0FFF7C3FF182707FB0A874E
S2140127003D6FD7F86CB05D452BD9BC6E796E641BF6
S214012710B44228BF34462944484622461EF0F7FCF8
S214012720BB6E2544A144361BAB4208BF0025ABEB6C
S214012730050B5E4528BF5E4656B1182303FB0A8388
S2140127403246596E484629441EF0E1FC344435446D
S21401275024B1182303FB0A88C8F870502046BDE848
S214012760F88F0024E3E700BFB41D0020F8B5144B32
S214012770182700FB07751D4407FB00330E46DB6A6E
S214012780012B14460AD0022B14D023B928461AF07E
S214012790D2FE844208D900242046F8BD28461AF005
S2140127A0CAFE844228BF04462246314628461AF00D
S2140127B0CBFEF1E72846BDE8F8401AF0E0BE00BFC0
S2140127C0B41D0020F8B50B4B1B78532B04460D4661
S2140127D0164601D0FFF754FFEFF311874FF02001A3
S2140127E081F31188324629462046FFF7BFFF87F35B
S2140127F01188F8BDB41D00202DE9F041164C1E4687
S2140128002378532B05468846174601D0FFF738FF35
S214012810022D1DD8EFF3118C4FF0200181F31188A2
S21401282065B1182005FB0003E21844F803805760E1
S21401283000FB05420023166293625362182303FBD2
S2140128400544069BE3628CF311880020BDE8F08105
S2140128504FF0FF30FAE700BFB41D00202DE9F84322
S214012860154E1F463378532B05468946904601D0B0
S214012870FFF706FF022D1BD8EFF311824FF0200160
S21401288081F3118855B1182404FB05640023C4F8AC
S2140128906090C4F86480A7662367E366182303FB89
S2140128A00566089B736782F311880020BDE8F883EC
S2140128B04FF0FF30FAE700BFB41D00202DE9F04FBE
S2140128C014469B46C36B87B006465B6960680D4637
S2140128D0012202A99847F36B01225B6903A92846E6
S2140128E0984702A81BF033FA074648B10023A375A0
S2140128F063754FF0FF33A360002007B0BDE8F08F8B
S21401290003A81BF031FA0123A375237E04EBC3034E
S214012910DD611F846368AB420ED1206003A81BF003
S21401292045FA4FF0FF332075A360237D043B022B4D
S21401293025D80023A375DFE723681A1A53425341AB
S214012940A37503A81BF032FA237D834218BFA7752F
S21401295003A81BF00DFA074602A81BF009FA8742E6
S2140129601CBF0023A37503A81BF00AFA074602A89A
S2140129701BF006FA87421CBF0023A375D5E703A800
S2140129801BF0F6F980B1F36B02225B6904A92846B5
S214012990984704A81BF0FBF90346207D032839D885
S2140129A0DFE800F03838040903A8F3E7237E04EBD8
S2140129B0C303CC221A8401F02BFC109B1870277ECF
S2140129C003A81BF0C9F904EBC70787F82200237E8A
S2140129D004EBC30303A8B3F8209093F822701BF00E
S2140129E0C7F9804603A81BF0CBF98246B8F1000F61
S2140129F015D0F36B02225B6904A92846984704A800
S214012A001BF08AF96075637D6BB90023A3754FF0DF
S214012A10000838E0227E04EBC2021384CBE703A849
S214012A201BF065F9EEE794F81680B8F1000FEED0CA
S214012A30B9F1000F09D1DFB1627E0123E375002AE7
S214012A4044D19F4218D1677614E0736C05EB0A02F5
S214012A50594285EA020008421CBF0021A175591E91
S214012A600A409B1A9945D0D8A37D002BE3D1CEE727
S214012A70E37D43B94FF000084B465246294630469F
S214012A801AF0E8FEA060A27D12B123694B442361CF
S214012A901349237E097899421ED901332376BBF167
S214012AA0000F1BD0D2B1E37DC3B1B8F1000F15D131
S214012AB0032F13D0A1684B1C10D0109B0093224605
S214012AC001233046FFF7FAFEA07507E0012FDAD0A2
S214012AD0032F08BFA376CDE70023A375A07D0CE7DF
S214012AE0EC5203002DE9F04F8BB00E460446984693
S214012AF04FF0FF310023104617468DF8133001F0D2
S214012B0071FBB6F5801F3BD3B21C53D1E56A6B1C33
S214012B1057D1616A20461AF0E3FD0546B31C18BF7B
S214012B200123DFF814910193636A626C02932368B0
S214012B3002FB053AE36B05A95B69052250469847F7
S214012B4005A81BF0BDF91BF0E0F950461BF0E8F9AB
S214012B504FF0000B824601464B1C05D0636C81EAA0
S214012B600A025B42134232D0294620461AF0B8FDCB
S214012B70029BAB424DD0BBF1000F4DD10546D3E7CA
S214012B80314605AA04F108001BF096F80146481CD8
S214012B9010D0384601F026FB0DF113030122394609
S214012BA020461AF0D2FE28B19DF8133088F800307E
S214012BB0002003E0237C002BA8D11D480BB0BDE804
S214012BC0F08F2368ED1A636CB5FBF3F5A6E748466C
S214012BD001F008FB0DF11303019A494620461AF04D
S214012BE0B4FE034690B1B21C03D0D9F80020B2421D
S214012BF00CD103930F4B9DF8132088F8002049460B
S214012C001A6838461EF083FA039B9B46D9F80810CB
S214012C10A2E7BBF1000FD0D0B6F5801FC8D298F856
S214012C2000307A68314604F1080001F01FFABFE768
S214012C300BE000F0E8520300E83000202DE9F341F4
S214012C400E461B4D816A044617469846E36A8B4238
S214012C502AD04B1C18E0284601F0C4FA0DF10703F0
S214012C600122294620461AF070FE30B19DF8072051
S214012C70434629462046B847B0B1A9684A1C05D044
S214012C80012E0AD0E36A9942E5D10DE06968204633
S214012C901AF0B3FD012E0146D8D16B6881EA030212
S214012CA0636C5B421A42D1D002B0BDE8F08100BF2E
S214012CB0BC3000202DE9F041036B07689046826B1B
S214012CC09A4288BF8363426C436A02FB0377C36BF5
S214012CD090B05B690E46052201A90446384698471E
S214012CE001A81BF0EDF801280146307057D0656C3D
S214012CF0E26B2368606AD2F814C005FB0030052237
S214012D0006A9E04706A81BF0DBF801284FF00005EE
S214012D1023D0D4E90A3201219342CDE90B458DF83F
S214012D2034800E958DF83C102AD1194620461AF0AB
S214012D3064FD236B626CE06214339B1A23630C9B65
S214012D4053B99DF83C303BB1626A616C2368E06B15
S214012D5001FB02311BF06CF80C9DE36B05225B69ED
S214012D6001A93846984701A81BF0AAF83070236BD2
S214012D70A26B28469A4288BFA36310B0BDE8F081D3
S214012D80237C33B91C490BAA04F1080001F0BEF9F3
S214012D90D5E71A4A0BAB2046FFF750FFCFE7237C57
S214012DA023BB1749224604F1080001F0AFF9616A16
S214012DB020461AF0B6FC616A421C20461AF07FFCD7
S214012DC0054620B9236B626C1344143B2363A16A46
S214012DD020461AF012FD2368A062C01A636CB0FB8D
S214012DE0F3F0606220461AF04BFDB6E7054A002371
S214012DF02046FFF723FFDAE7B53701003137010038
S214012E00D3D902006FD9020073B50D46D11E4A42CE
S214012E101C461B7E4A419A4226D12968236899425C
S214012E2022D3636899421FD8114E0DF1070332462B
S214012E30FFF758FEC0B972686B689A4214D19DF8C4
S214012E400730DA1E53425341227E93420CD1636906
S214012E5001336361D4E90323934205D2A26829684A
S214012E6042F8231001332361012002B070BD00BF78
S214012E70143100202DE9F04F8BB0DFF858B19A4697
S214012E809DF850300293DBF81030534580460D46CE
S214012E901646C0F09980DBF804300193D146B9F1AB
S214012EA0000F00F08D80D8F83C3001985B69012254
S214012EB007A9984707A81AF057FFDBF80030984291
S214012EC040F0858007A81AF05BFF0428074614D156
S214012ED007A81AF05CFF019B029A04463B44002AAD
S214012EE03FD1864212D9361A1446019940461AF045
S214012EF084FCA9EB04090190D1E7D8F83C3001988D
S214012F005B69022208A9984708A8E2E7841B544592
S214012F1028BF5446032C03EB0607AAEB040A4FEA24
S214012F2094021CD9D8F83C3029465B693846984744
S214012F3024F0030304F003061F441D44002ED4D0DE
S214012F40D8F83C3001225B6908A9384698473246D2
S214012F50284608A935441EF0DAF80026C5E72646B5
S214012F60ECE700F00302039203442A180746049292
S214012F700593049BDD1B059BD81B039B9F420FD12A
S214012F80002FB2D0D8F83C30012208A95B699847D7
S214012F903A4608A928461EF06AF878B93D44A4E7DF
S214012FA0D8F83C30012208A95B699847042208A991
S214012FB028461EF05CF808B9043FDAE7DFF81890F7
S214012FC048460BB0BDE8F08FDFF81090F8E7DFF861
S214012FD01090F5E74031002012E000F011E000F01B
S214012FE022E000F02DE9F0410F4688B016469846DB
S214012FF0044660B390F83450FDB101211AF035FB58
S2140130000E9BCDF80480CDE902379DF83C308DF853
S2140130101C30237C04960021CDE905118BB90D499E
S21401302001AA04F1080001F071F8DDE90553E06B2F
S214013030002E08BF1D461AF0DAFC284608B0BDE887
S214013040F081054A01AB2046FFF7F8FDEDE705469E
S214013050F3E700BF9DD90200092E01007FB590F865
S2140130604260019204460DF10B030A4630461249AE
S2140130701AF0C5FC012EE36B054619D15B69324691
S21401308003A998479DF80B10039B019A59B19BB26F
S21401309043EA02430393E36B9B69012203A9284693
S2140130A0984704B070BD1B0C1B0492B21343F1E7A2
S2140130B09B69012201A9F3E7403100202DE9F04F79
S2140130C099B00F4609920A69416C0E931439D31DC3
S2140130D0B3FBF1F3013302EBC302036B93420446E5
S2140130E0C0F00D820023DFF820940D93E36A079366
S2140130F01946484601F076F8D7E9033604930E9B45
S214013100022B4ED1CC2E40F08A81099B002B42D057
S214013110394620461AF0CAFC656C079A14906B1E55
S2140131201340ED1AE36B78685B69012216A998478C
S21401313016A81AF01DFE00280CBF04230823782EBB
S21401314006933DD90123002505934FF0080A3B68F5
S21401315005990E98C9F80030C9F810601AF02AFED1
S2140131604FEA9A031093DDF81CB089F81400002387
S2140131700B930F9308930C93616C4A1E0BEA0202A1
S2140131808B1A002E38D05544AB4240D8236B5B1ABD
S21401319013442363ABE0049B1B6814930823069334
S2140131A0D0E7656C079A6B1E1340782EA5EB0305D6
S2140131B016D8FB7D7BB9099B002BB3D1042306935C
S2140131C0331DAB4210D9A6B1082DBBD80425002368
S2140131D00593AA46BBE7099B002BA3D10823EEE77C
S2140131E0099B002B9ED1D9E7002505954FF0040ACF
S2140131F0ADE704250596F9E75345C7D30BEB0A035C
S2140132000393B046089B002B18BF032313E0A3EBE0
S2140132100A039E42B0460BEB0A0228BF98469E421E
S2140132200392EFD9D9F810200123964289F8173076
S21401323071D1C9F804B0089399F81730002B6CD0F7
S21401324099F818200899D31C09EBC3030132C3F877
S21401325004B0A3F80880997289F81820B8F1000F15
S21401326014D00E9B022B5BD10B9B7BB90F9B434467
S214013270032B0BD9E36B03989B69012214A998478A
S2140132800546002840F03D8101230B93089B0193DE
S214013290059B009399F814203968434616A800F058
S2140132A057FFE36B109A9B6916A958469847051E67
S2140132B00D9B18BF5B460D93524643465946204622
S2140132C01AF0C8FA236BC9F8080008F10302A3EB49
S2140132D00A0322F003029B1A2363002D40F011819A
S2140132E00F9BDDF80CB04344A6EB08060F93594636
S2140132F020461AF082FA00258346002E7FF43CAF62
S214013300814A39689368E36252680E9B04F10800AB
S21401331000F0ACFEDEE002238DE7C9F804B09DE7BD
S214013320099B002B30D1049BB8F1030F43440A9349
S21401333027D9E36BDDE903019B694FEA98029847B9
S2140133400546002865D118F003025FD0049B28F0DB
S21401335003052B440493039B1D444FF0FF3304994C
S214013360159315A81DF0D3FEE36B28469B69012231
S21401337015A998470A9B04930546002D86D0039B02
S21401338099E7039D4246E8E7039B0A9307F120036A
S2140133901193FB7D78689BB13D7E0C9A0023D9B2D0
S2140133A08D4211D9119931F83310914203F1010C74
S2140133B026D907EBC3030699D8690A44104403E0EB
S2140133C00C9B069A13441844E36B01225B6915A90A
S2140133D09847159B13930C9B0A9804330C93E36B45
S2140133E001229B6913A99847039B0A9A43449B1A97
S2140133F0042B054607D978B9134604330A93C8E760
S214013400521A6346CBE70A9B0393B6E70A9B0493DB
S2140134103CE70A9B0493B2E70A9B0393AFE73B4E54
S21401342004F1080303932368079A606CA2EB030A6E
S214013430BAFBF0FA00FB0A301AF072FDE16A804628
S21401344020461AF0DAF9A26A82424AD0626CD9F8AA
S21401345008302568E062511E0B40216B891A0B4427
S21401346023630D9B5D1BB5FBF2F5AA4536D1079B81
S214013470B3EB080A12D0E36B4FEA9A029B69414606
S2140134809847E36A079A5344E362236B9B1A4344C3
S2140134908346236303981AF0DFFBDA462368616CE0
S2140134A0E06B01FB05311AF0B0FC20461AF0E8F893
S2140134B020461AF0E5F92063BAF1000F11D03A69F7
S2140134C0616CD31D1439B3FBF1F3013302EBC30274
S2140134D09042A8D2304619B0BDE8F08F4FF0000AEE
S2140134E0DCE73A69616CD31D1439B3FBF1F30133A0
S2140134F002EBC302236B9342BFF4F8ADEAE7044E36
S214013500E8E72E468CE700BFE830002023E000F015
S21401351006E000F02DE9F3471E4643699DF8289022
S214013520B3420446884617463DD300258DF807501A
S21401353020461AF071F8D4F830A082450AD2236AE0
S214013540B5EB430F06D200220DF107012046FFF727
S214013550B1FB30B39DF80730012B05D100220DF1E8
S21401356007012046FFF7A6FBB9F1030F06D0314647
S21401357020461AF03CF8256B854218D30D4D4FF0C6
S214013580FF31284600F02EFE4B46002229462046F3
S214013590C5E90376C5F8008002B0BDE8F047FFF73D
S2140135A08DBD0135C4E7044802B0BDE8F087034885
S2140135B0FAE700BF143100200FE000F006E000F04B
S2140135C02DE9F04790F8426086B0012E054603913A
S2140135D0A1EB020715D1B7F5807F28BF03264FF070
S2140135E06408DFF848A100244FF6FF7995F84230C9
S2140135F0012B14BF322364239C420AD35FFA88F45A
S21401360015E0B7F5803F34BF012602264FF0320899
S214013610E7E705AB2246514628461AF025FA95F803
S2140136204230012B059B34D14B452DD1E4B295F8A0
S2140136304230012B0CBF64223222121BB24217D336
S214013640012E39D10022012B05978DF8132027D1A1
S214013650082205A90DF113001AF0B9FB9DF81330E5
S214013660059A42EA032221462846FFF7F7FC40B1B5
S21401367002232E4900930968CC2303AA2846FFF7A4
S21401368049FF06B0BDE8F087DBB203B90234013466
S214013690ACE7591CCAD09BB2002BF8D10134F6E72F
S2140136A0102205A90DF113001AF091FB9DF81330B5
S2140136B0059A42EA0342D6E7039A0592012B23D1E3
S2140136C00823202205A90DF113008DF813301AF0F6
S2140136D07EFB9DF81320120221462846FFF7BEFC0A
S2140136E095F84230611C012BC9B21AD10028BFD10E
S2140136F0BDF814202846FFF7B1FC0028B8D10234E3
S214013700BDF81620E1B2AFE71023202205A90DF17E
S21401371013008DF813301AF05AFB9DF8132012048B
S214013720DAE70028A4D1059A9EE700BF40310020C1
S214013730032A2DE9F34106460D4617461C4606D1D7
S214013740237A012B23D0012002B0BDE8F081DFF8F7
S214013750608009680DF107034246FFF7C3F9606010
S2140137600028EDD19DF80720237A032AE8D0D8F85F
S21401377004106A689142E3D1012B2969D4F80CC080
S21401378007D172690CEB0103934202D92074207CA5
S214013790DAE708316144E1603B46012229463046BA
S2140137A0FFF78CFC60600028CAD00020CCE700BF81
S2140137B0143100202DE9F341089C032A2668174698
S2140137C006D1237A012B24D0012002B0BDE8F08176
S2140137D0DFF890800DF1070342463046FFF782F985
S2140137E060600028EDD12568D8F80400A96AD5F8EC
S2140137F044C0227A4840CCF100031840E1D1012AA6
S21401380009D1E268D8F8103013447269934202D99C
S2140138102074207CD9E72868EB6A1B1A081AB3FBC8
S214013820FCF3B0FBFCF083420BD1706CF36A421ED2
S2140138301340326B121A13443363284619F0DDFF26
S214013840E862D8F81020E368064920680832134475
S214013850E36001223B46FFF731FC60600028B0D0F0
S2140138600020B2E7143100202DE9F04F4FF0FF336E
S2140138704FF6FF72002500F10806C0E9092387B05C
S2140138800446C3620562056330460F461AF0E4F942
S214013890204619F0F5FE28BB2046394619F070FF80
S2140138A0204619F0EDFE28BB8A4D20461AF01BF87B
S2140138B0ECE0E26B2368606CD2F814C001A9052223
S2140138C000FB0530E04701A81AF0FAFA012828D1D2
S2140138D02946204619F025FF421C2946204619F0A4
S2140138E0EEFE0135E3699D42E3D3204619F0C8FE9A
S2140138F00028D1D000254FF6FF73C4E908534FF0D6
S214013900FF39CA46A846E369984514D3A5EB0905CD
S214013910012D37D8636A4FF6FF72934247D16E4D39
S214013920C3E71AF0F7FA0028DBD02946204619F03B
S214013930F8FE0246D1E72368E26B606C576901A97D
S214013940052200FB0830B84701A81AF0B9FA8346E9
S21401395001A81AF08CFA074658461AF0D6FA70B142
S2140139605745236A38BFC4F82480B94503F10103DB
S21401397028BFB946BD42236238BF3D46BA4608F164
S2140139800108C0E74FF6FF7363620025E3699D42B5
S214013990C0D2676C2068E36B05225B6901A907FB4F
S2140139A00500984701A81AF062FA0135EEE7E26BC6
S2140139B0676C2068556901A9052207FB0300A84723
S2140139C001A81AF054FA626A2368606C434D00FB42
S2140139D002301AF0A5FA4FF0FF33A062E3622A46DE
S2140139E00DF103036FF001012046FFF77BF8002875
S2140139F050D1AD68E5622946204619F01DFE2063C8
S214013A0020B9E16A204619F0F8FEE0622946204610
S214013A1019F0F3FE0546A36A9D423DD16569626CC5
S214013A20E91C143A2046B1FBF2F105EBC10503355A
S214013A30B5FBF2F519F057FF0235A84280463DD294
S214013A40616A204619F04CFE0027064604F1400A3A
S214013A50474512D3626C236802FB0639E36B0522E5
S214013A605B6901A94846984701A81AF000FA53462F
S214013A7002464946E06B1AF055FA3146204619F0DF
S214013A802FFE0137AF420646E2D3154D284607B052
S214013A90BDE8F08FA56AADE72946204619F0CCFDB2
S214013AA0236B0344294607462363204619F0A5FEE7
S214013AB00546002FAFD1C4E90B07ACE730461AF034
S214013AC0CBF80023074A19462046FFF7B7F800252A
S214013AD0EBE600BF03E000F016E000F01431002032
S214013AE013E000F039D90200634A00232DE9F041C2
S214013AF0176813600E46044618B9604D2846BDE89F
S214013B00F08190F834500DB309680268914240F094
S214013B10AA8071684268914240F0A580B1688268C7
S214013B20914240F0A080F168C268914240F09B80CB
S214013B3031694269914240F09680B169C26B914207
S214013B4040F09180726982611D46D7E7502229466E
S214013B50D0F838801DF0B5FA336823607368636067
S214013B60336963617369A361D6E9021204F108003F
S214013B70C4F838801AF082F8B369E36304F14000B0
S214013B809B68984794F8432020B1E561002AB4D099
S214013B903B4DB3E7656C002DF7D06668B6FBF5F3D1
S214013BA0E361002AA9D0B542F2D82268B2FBF5F14A
S214013BB005FB1122002A58D105FB1363002B54D1B3
S214013BC0204619F029FDA369043303449E424ED3CF
S214013BD0636940F63472CC3B93424AD8B5F5007F10
S214013BE0D6D30321204619F040FDE36BD4E900014A
S214013BF01B689847E36B0546DB68022098471DB1B2
S214013C00002384F834301EE039462046FFF72CFEA8
S214013C101C4B9842054604D139462046FFF724FE40
S214013C200546636C143B002DEAD1226A204602FB4E
S214013C3003F619F0F1FCA369043303449E4206D24D
S214013C4084F83450104DE06B19F0D1FE56E70F4A58
S214013C50012384F834301368D4E90001013313607A
S214013C6015F0C3FBEFE70A4D48E70A4D46E7064D58
S214013C7044E7094D42E700BFD843002009E000F0C1
S214013C8004E000F013E000F002E000F0D44300206E
S214013C9008E000F001E000F005E000F02DE9FF414A
S214013CA00F4690461E46054698B390F8343093B3B7
S214013CB0B1F5801F31D21A4C022119F0D6FC2246EA
S214013CC00DF10F0339462846FEF70CFF024678B180
S214013CD0012300934246334639462846FFF71AFC2D
S214013CE00446E86B19F083FE204604B0BDE8F08177
S214013CF09DF80F30012BEBD12169B142E8D1009339
S214013D00414633462846FFF7B5F804460028DFD17A
S214013D10E7E7044CE8E7044CE6E7044CE4E700BFB9
S214013D204031002009E000F007E000F00AE000F072
S214013D302DE9FF410C4616461F46054688B390F806
S214013D40343083B3B1F5801F2FD2DFF87C80012198
S214013D5019F08BFC21460DF10F0342462846FEF76B
S214013D60C1FE044670B99DF80F30012B11D1D8F869
S214013D701030BB4213D10090024631462846FFF769
S214013D8079F80446E86B19F032FE204604B0BDE827
S214013D90F081074C074A022B08BF1446F2E7064C8F
S214013DA0F0E7064CF1E7064CEFE7064CEDE700BFFF
S214013DB00BE000F00CE000F011E000F009E000F08C
S214013DC007E000F00AE000F04031002070B586B050
S214013DD00E4603920546A0B390F834309BB3B1F576
S214013DE0801F32D2022119F040FC194A0DF1170347
S214013DF031462846FEF776FE044618B99DF8173078
S214013E00032B0ED10223009303AACC233146284666
S214013E10FFF780FB0446E86B19F0E9FD204606B083
S214013E2070BD022B0BD10A49284619F03FFE0399B3
S214013E3081420246EFD02846FFF7C2FBEAE7054C6F
S214013E40E9E7054CEAE7054CE8E7054CE6E700BF7D
S214013E50403100200DE000F009E000F007E000F03E
S214013E600AE000F073B50C461646054630B390F8E6
S214013E7034302BB3B1F5801F24D2012119F0F5FBA4
S214013E802146114A0DF107032846FEF72BFE04468C
S214013E9080B99DF80730032B0CD0022B0CD10A49B0
S214013EA0284619F003FE3060E86B19F0A0FD2046A5
S214013EB002B070BD054CF7E7054CF5E7054CF6E793
S214013EC0054CF4E7054CF2E7403100200BE000F02A
S214013ED00DE000F009E000F007E000F00AE000F075
S214013EE0F7B50C461646054668B390F8343063B30A
S214013EF0B1F5801F2BD2022119F0B7FB154A0DF13F
S214013F00070321462846FEF7EDFDC0B99DF80730A8
S214013F10032B14D0022B14D10E49284619F0C6FDE6
S214013F20471C024639462846FFF74AFB044606B1B7
S214013F303760E86B19F05BFD204603B0F0BD064C18
S214013F40F7E7064CF5E7064CF6E7064CF4E7064CB1
S214013F50F2E700BF403100200BE000F00DE000F07A
S214013F6009E000F007E000F00AE000F02DE9F34177
S214013F701F4600230C4616463B60054650B390F894
S214013F8034304BB3B1F5801F28D2DFF864800121AD
S214013F9019F06BFB21460DF1070342462846FEF752
S214013FA0A1FD0446A0B99DF80730032B10D0022BC3
S214013FB00AD10123336004233B60E86B19F017FD37
S214013FC0204602B0BDE8F081D8F810303060F3E743
S214013FD0034CF2E7034CF3E7034CF1E7034CEFE73E
S214013FE00BE000F009E000F007E000F00AE000F066
S214013FF04031002030B50C4685B0054628B390F810
S214014000343023B3B1F5801F23D2022119F02DFBE2
S2140140100DF10F03104A21462846FEF763FD0346BD
S21401402088B99DF80F20032A0DD00322009221465D
S21401403002462846FFF76EFA0446E86B19F0D7FCED
S214014040204605B030BD054CF7E7054CF8E7054CB2
S214014050F6E7054CF4E700BF403100200BE000F026
S21401406009E000F007E000F00AE000F02DE9F04377
S21401407046688EB3056898464FF0000CA946AE46D2
S21401408055F83C40C4F3130701340CF1010C01D080
S214014090B94218D066450EF1080EF1D12F4600241C
S2140140A003E0A64207F1080713D055F83430013370
S2140140B004F10104F5D1C1F3130141EA0851C7E93E
S2140140C00012BDE8F08341EA0851CEE90012BDE8CE
S2140140D0F083B8F1030F03D101230372BDE8F08327
S2140140E0002303E09E4209F10809F5D055F8334054
S2140140F0C4F30754032C03F10103F3D1C1F31303F3
S21401410043EA0853C9E90032BDE8F0832DE9F043DC
S214014110476883B0CFB10646884691460024336887
S21401412053F83450C5F30752C5F31301013503EBB9
S214014130C403304604F1010405D05B68CDF8009055
S214014140C04710B17768BC42E9D303B0BDE8F0833D
S21401415073B5044622489DF81850012A00EAC11199
S21401416023F07C4007D9961E012E28D9073303F089
S2140141707F03194308E09DF81C30DB060A4303F071
S214014180C053134343F060410023C4E900108DF887
S2140141900730B5B1202221460DF1070019F017FEB0
S2140141A01A220DF10700211D19F011FE63689DF812
S2140141B0072043EA82636360082002B070BD1143A2
S2140141C0E2E71B220DF10700214619F000FE2368E5
S2140141D09DF8072043EAC26323600420EDE700BF91
S2140141E080FFFF0738B5094B04461A680D460021C3
S2140141F01CF067FF00234FF0FF322383C4E900253C
S2140142002361A260E382A37638BD00BFE8520300B3
S2140142100138C0B205289ABF014B185C01207047CF
S21401422092B303002DE9F0410E46596888B007465F
S2140142301546490A0024012922464FEA510104F194
S2140142400104F8D8DC7899781B882403C90201F4A4
S214014250006104F480540C43C3F30A03520323445D
S21401426092B29C18284B03934FF0000825F0784330
S21401427002A90DF107001B2202938DF8078019F0A1
S214014280A6FD9DF80720029B8DF80780ED4343EAC3
S214014290C26302A90DF1070025F078451B2204939D
S2140142A0029519F094FD9DF80720029B6FEA0444DD
S2140142B043EAC26305936FEA14444FF0FF33069353
S2140142C00794BB6907A9012206F110009847BB694C
S2140142D005A90446012206F108009847BB69404536
S2140142E018BF044604A90122301D9847BB69404502
S2140142F018BF0446012203A930469847404508BF27
S214014300204608B0BDE8F08101009AB2431E03338F
S21401431006D8044B984228BF1846642838BF642044
S214014320704700BF40420F00F8B5054615F0B9F8D2
S2140143300F4B1E68074626B9384615F0B6F83446C0
S21401434011E0B4688CB194F810C01CF0010F0CD1C8
S21401435095E80F004CF0010C84E80F0084F810C0BB
S214014360384615F0A2F82046F8BD3668E3E700BFE8
S2140143703012002038B505460C4641B10B6833B102
S2140143801B68013303D0CB680BB18B684BB919F0AE
S21401439058FFBDE838404FF492724121002000F0EA
S2140143A0BBB9084600F008FC0023044A85F8DC3057
S2140143B0C5E92343C2E9003338BD00BF801F002092
S2140143C010B5044618B9054B054A136010BD03F035
S2140143D08BFFD4F89830002BF6D1F4E759DF0200B2
S2140143E02C120020014B1868704700BF801F002068
S2140143F010B50C4603F0B6FF054B00215B680320A1
S21401440098471CB105F0A4F80128FBD110BD00BFE8
S2140144103812002008B502460868FFF777FF0860E3
S2140144204868FFF773FF48608868FFF76FFF88608A
S214014430C868FFF76BFF0B69C860581C03D00B48B0
S214014440834228BF03460B614B69581C03D00748BB
S214014450834228BF034688694B61FFF757FFBDE8D3
S21401446008408861104604F0C9BD00BF40420F00F5
S2140144702DE9F84FD0F8903006460F4613B1038B5E
S2140144808B4244D0D6F88CB0BBF1000F42D0DBF89B
S2140144900830002B3ED0DBF80C1000293AD0D6F8B5
S2140144A0A0A0BAF1000F38D04FF000094D46C8461B
S2140144B001E0DBF8083005EBC50203EB82040135A9
S2140144C0E389BB4214D8238ABB42304610D3B4F9E1
S2140144D01220B6F924309342A04653DD96F8D01048
S2140144E0EFF7B4FD337D834281464BD9DBF80C10E0
S2140144F08D42DED3B8F1000F3ED000234246194666
S2140145003046D0473783C6F8908086F8D990002089
S214014510BDE8F88F0320BDE8F88FD14654465246D1
S21401452047F6FF7504EBC40803EB8808B8F80E30AD
S214014530BB421BD8B8F81030BB4217D3B8F91220CB
S214014540AA4207D14FF0FF093783C6F8908086F854
S214014550D990DCE796F8D0103046EFF777FD337D3B
S214014560834281464246EFD9DBF80C100134A14262
S21401457004D9DBF80830D5E70120C9E7002AFBD0CB
S2140145809046E1E7A046B8E72DE9F04782B0044639
S2140145908946164604F0AAFF3B4D08B100236B601E
S2140145A02B68D4F88CA0D4F890700BB153454BD03F
S2140145B04FF00008C5F8089004F0CAFF012836D16C
S2140145C02B68DAF800103A6813B11868884246D0AA
S2140145D020461AF060F8C5E900A7D4F8A0508DF877
S2140145E00760002D42D000220DF107031146204638
S2140145F0A847204604F0D4F90546B8F1000F00D0CC
S2140146008EB1B5FA85F040F2DE324009332100F072
S21401461083F83146204604F0A3FB1C4B05461B6875
S214014620394620469847284602B0BDE8F087012063
S21401463003F098FE164B00215B680320984704F0B0
S21401464087FF0128FBD1BBE76B68002BB0D0BB42CC
S214014650AED1AB68994514D04FF00108AAE7696856
S21401466011B109689142B6D05968B1E7217D94F835
S214014670D930994228BF19463246204604F064F9DB
S214014680B7E70025CFE700BF801F00202C120020CF
S21401469038120020F8B505460E4614F002FF3146E2
S2140146A007462846FFF7E4FE044620B1384614F0D4
S2140146B0FCFE2046F8BD04F0FBFE224631462846A5
S2140146C0FFF762FF04460028F0D195F91030002B61
S2140146D0ECDA28461AF0BAF80028E7D02246A97D77
S2140146E028461AF005F80446E0E700BF13B504466D
S2140146F0694619F00EFD204619F02EFFFF280246E6
S21401470006D09DF800102046EFF720FD02B010BD40
S2140147100048FBE70080FFFF08B550B90548064B87
S21401472001601A60054B1A68054B1A60186806F096
S21401473055FD08BD34120020E0430020B04400209F
S214014740DC4300202DE9F0411B4A8AB001AC054646
S2140147500B4602F1200C274610685168264603C610
S214014760083262453446F7D1002B08BF3B46106835
S2140147703060002703F10C061C46384690B95FFAF4
S21401478087F821884246284619F0F9FF50B9E18892
S214014790424628461AF004F820B9424631462846D1
S2140147A01AF010F80137032F06F1080604F1020487
S2140147B0E4D10AB0BDE8F081ACB30300F0B589B02E
S2140147C005460E461AF00DF8044600BB06F10C0726
S2140147D00FCF01AC0FC497E8070084E8070001A9D2
S2140147E02846FFF717FE311D28461AF062F80446E0
S2140147F048B90849284604F0C3FB044618B92846B8
S21401480004F02EFF044631682846FFF79BFF20463A
S21401481009B0F0BDA4B30300014919F0E0BC00BF24
S2140148203196010070B5164E0328337804460D46BE
S2140148301ED023FA04F202F00102AA421DD053B19F
S2140148400122A24023EA0203A5402B43DBB23370C8
S2140148504BB1012070BD2DB10A4B01201B68984752
S2140148603378EDE73570074B00201B689847F0E773
S2140148709A07DED003F0FC03E9E7002070BD00BF15
S214014880C05000202044002038B504460D4604F0F0
S214014890A1FF60B104F040FE48B9012D07D8012000
S2140148A019F048FF0D4B1B6823B15B6898470C4B0A
S2140148B01C7038BD15F037FE0A4B1A68801A18604E
S2140148C0F2F7D8FA084B1B684FF47A7202FB0030F5
S2140148D019F083FC012004F027FEE8E7A04400203D
S2140148E065150020184400201C440020F8B5124F1E
S2140148F005460C4614F0D5FD3B78064633B1012D2E
S21401490004D01CB90D48F2F7DFF93C702146284661
S214014910FFF788FF0A4B1B7804463BB93B782BB957
S21401492019F0DBFE10B1074B1B689847304614F0B0
S214014930BCFD2046F8BD00BFC1500020F443002056
S214014940C050002038120020054A0B46117831B1BC
S21401495000211170034A18785268012110477047E8
S214014960C150002038120020124B0239012910B51F
S21401497018701ED804F02EFFD8B104F0CDFDC0B1DA
S21401498004F09CFBA8B90C4B1C6834B1236898470B
S214014990BDE81040002019F0CDBE19F01CFC074BF5
S2140149A0186015F0C0FD064B1860204604F0BCFDEB
S2140149B0EEE710BD65150020A04400201C44002031
S2140149C01844002038B5044680B114F06AFD012170
S2140149D004460846F1F7AAFD012108460A4A15F0E1
S2140149E054FD2046BDE8384014F05FBD14F059FD73
S2140149F0214605460120F1F799FD0120024A21468C
S214014A0015F043FD2846EDE7D0B30300F0B5324D6F
S214014A1085B014F046FD2B78044623B12F48F2F7F3
S214014A2053F900284AD1F2F7FBF902AA03A919F0B3
S214014A303EFE0346002832D019F04DFE029B9842F6
S214014A401ED10020264B03991B68264E99423070D2
S214014A5021D9C91A00270123CDE900771F482B70F9
S214014A60214A334615F03BFD00282FD11F4A137803
S214014A70D90717D4204614F018FD002005B0F0BD64
S214014A8019F027FE029B98421ED0154B154A1B684B
S214014A900393002010700121FFF7C4FEEAE72046C9
S214014AA02B70E8E731780029E4D103F0FE03137098
S214014AB0002BDFD10E4B1B689847DBE7204614F02E
S214014AC0F4FC032005B0F0BD0220BBE7032320461B
S214014AD02F703370F3E700BFC1500020F44300206D
S214014AE0144400206415002049490100C0500020EC
S214014AF02044002038B5134D14F0D3FC2B7804461F
S214014B00C3B9114A11491370114B124A1A6012485F
S214014B10124A5A60F1F784FD11491248F1F780FDF7
S214014B20114B124A1A60124B1B68124B02221A6072
S214014B3001232B70AFF30080204614F0B6FC002052
S214014B4038BD00BFC2500020C1500020D8B30300BA
S214014B50381200200D4A0100E4430020ED48010010
S214014B60E0B30300EC43002020440020C5490100C7
S214014B7000300E4014440020431C08D0044AD2F8EA
S214014B803C311B0C1B0480B20343C2F83C31704716
S214014B900040084030B5074B85B00C46D3F8C050EE
S214014BA000950022694619F038FB0CB100B9256062
S214014BB005B030BD0081E00F054BD3F8B400431CAF
S214014BC014BFC0F380700120A6223121FFF7A4BDD7
S214014BD00081E00F034B1A689B88026083800020E7
S214014BE0704700BFFA1400200F4B0628D3F888310F
S214014BF004D183F40013C3F340507047022805D153
S214014C0013F4400F0CBF01200020704750B9074A2B
S214014C10D2F8D40010F0010005D083F48003C3F36A
S214014C20805070470020704700400E400081E00F22
S214014C300C4A5288B2F5E16F94BFC8225A2210B5C9
S214014C4094BF7824502490428CBF172210220A70F9
S214014C50054A0346107818B19C422CBF002001205B
S214014C6010BD00BFFA1400206915002013B5234BB0
S214014C701B780E2B04463ED00DF10701FFF7D8FF37
S214014C801E2C8CBF1E4C1F4C9DF807304FF00102A6
S214014C908CBF01210021C4F8082170B1194A4DF6D4
S214014CA00174C2F804411B0202F1007243F440434E
S214014CB0C2F80431144AA2F8D430134A134C92F8BD
S214014CC0D83023F00103034323F0020343EA4103F0
S214014CD0DBB282F8D83024786CB923F0040343EAB7
S214014CE0800323F00803B2F8D440A2F8D64043EA82
S214014CF0C10382F8D83002B010BD00BFFA140020FC
S214014D000040084600400844001F0021C55000200E
S214014D10084B094AD3F88831DB4303F4FE1343F406
S214014D200053B3FA83F30E33A3EB4313013B137023
S214014D30704700BF00400E406815002002280CD0C6
S214014D40062802D020B100207047054B187870471E
S214014D50034B18780430C0B270470720704700BF75
S214014D60681500202DE9F7433A4E3B4F96F8009020
S214014D7015463A4AD2F8C820B9F1020F04468846C9
S214014D8007EA02071AD147EA006788F800000023FD
S214014D9072882B60B2F5E16F94BFC8225A2227F4BD
S214014DA07F57944227F008079ABF380A00F47F50CD
S214014DB043F6C870384303B0BDE8F083284A12783A
S214014DC0904228BF144604EB83030B70F4B1013CF8
S214014DD0E4B24FF030632B606A4601A9204619F011
S214014DE055FADDE9002347EA03671E4B98F80010E1
S214014DF01B7847EA823747F47F5747F008073BB9E5
S214014E000029194B18BF4FF07F43C1E7164BE2E765
S214014E10164B1748B9F1060F08BF03462AB90029F1
S214014E20114B18BF4FF07F43B2E7B2FA82F2C2F1DC
S214014E301F02D2B29B5CDBB239B15A1ED2B2FD2A36
S214014E4005D81B0643F00403A2E7074BA0E74FF083
S214014E507F439DE7FA1400203F00C0E0001F0021B9
S214014E6068150020C65000200400000BB883E00F30
S214014E70B083E00F2DE9F3410446C820FFF7F6FEA4
S214014E802B4B2C4E18780E2801D0FF2C05D1FF2471
S214014E903470204602B0BDE8F08102282DD1072CDF
S214014EA0204628BF072001284FF0000301AA0DF174
S214014EB0030138BF0120FFF755FF05461E4B1F4F64
S214014EC0DDF80480C3F85881C7F8C8509DF8034040
S214014ED034702046FFF7CAFE194A4FEA082303F446
S214014EE0E063127843EA1863A7F8D030002AD0D1DD
S214014EF0C7F8CC50A7F8D230CBE7A0B9052C32BF03
S214014F00002701270420201A3B4601AA0DF10301C0
S214014F10C0B2FFF727FF4FF48003054637B1094AB1
S214014F20C2F80831CAE700273846ECE7064AF7E731
S214014F30FA1400206A15002000400840001F0021D6
S214014F40C5500020004008460040084408B501F05E
S214014F50C1FA094B094A002818BF1A46136823F4F8
S214014F607F115B0803F4FE130B431360044B4FF0F1
S214014F700072DA6108BD00BF0041084018410840D0
S214014F800040084008B501F0A5FA064B4FF40012A0
S214014F9028B1C3F800214FF000621A6208BDC3F8B9
S214014FA01821F8E700400844014B1868704700BF15
S214014FB024440020436C012B38BF01232DE9F04720
S214014FC09A46464B464F9B69464E474D03F4E0735F
S214014FD0A3F5C07280464548514251410268524588
S214014FE0434A0FD114788C420CD198F8D0C03C7843
S214014FF0A44507D198F815C03478A44502D1A888ED
S214015000BDE8F087B3F5C07FC0F800A011704AD1A3
S214015010D8F8944024B12368082B58D994F838401E
S2140150200F21204619F014F9BAFA8AF3002852D053
S214015030B0FA80F29B1A002BC6BFD840C3F10F0905
S2140150404FF00F09504501D909F1FF39234B2004D0
S214015050C3F8BC0003F1806340F6FF72C3F8B820C2
S21401506003F100734FEA0921C3F8B81019F021F9CA
S214015070A88000F02BFF09F01F094FF4FA7304FA19
S21401508009F45C4341F66A03B0FBF3F00A23B4FB70
S214015090F0F45C43174B1C6098F8D0303B7098F8DE
S2140150A015303370ABE798F8D030062B06D1124B8B
S2140150B01B78002B0CBF9624C824B1E7022B08D01E
S2140150C00D4B1B78002B0CBFB424F024A8E700245A
S2140150D0A6E73224A4E74FF00F09B7E700600840BF
S2140150E06715002066150020FA14002040120020E3
S2140150F0C850002024440020C650002070B5064643
S2140151000C46154619F0A2FB58B3F27CD31E012BB0
S2140151101ED9112A03D81D4BD340DB0718D41C4BCC
S2140151201C4AC3F8502103F100730022C3F8502132
S2140151300025174B40F2F712C3F850212B01164AEF
S21401514003F4F87305F007052B43C2F850311AE053
S2140151500F4B104AC3F8502103F100734FF4440279
S214015160E4E7FF2C0DD00A4B0A4AC3F8502123046A
S2140151702405094A03F4E02304F0F8742343C2F833
S2140151805031FF2DD5D1002070BD00BF84F603003D
S214015190004008440000F70100400846F8B5134BEC
S2140151A0134E1F68134D384601F080F93378C4B2A8
S2140151B0A34201D12B78A3B1092C14D80E4B012C94
S2140151C0195D05D10D4B1B78022B01D141F0400131
S2140151D001F00F0238460909FFF790FF00233470EB
S2140151E02B700020F8BD0024FA21F1E7B04400201E
S2140151F0C4500020C3500020E8B30300FA14002076
S21401520038B5044600F00AFE142200212E481BF091
S21401521058FF2E4B25781A782D49521B18BF0122AC
S2140152200A7022681A60C820A2889A80FFF71EFDBD
S214015230284BD3F8C820284BFF211970274B284943
S214015240062D03EA0203274A1AD14FF4EE40C2F8AC
S21401525024014FF48A42C1F82421012243F08043FD
S214015260C1F820211B4AC2F8C8301E4B0322C3F8DE
S2140152705821FFF793FF1C4B01221A70002038BDFE
S214015280022D4FF007000ED1C2F80C010620C1F81E
S2140152900C011649C2F808114FF4404143F00303CC
S2140152A0C2F80411DEE7C2F80C010520C1F80C01B2
S2140152B0C020C2F8080143F08043812243F0040372
S2140152C0C1F80821CEE700BFC81F0021FA1400204C
S2140152D0C3500020001F00216A1500202800C0A02E
S2140152E00040084600400844C7500020C100400066
S2140152F0014B1870704700BFC650002073B5264B8F
S214015300044618780E2841D0FF2C42D000283AD106
S214015310052C32BF002301230420201A01AA0DF117
S2140153200301C0B2FFF71EFD1C4EC6F8CC00019A61
S21401533096F8D850130203F4E06343EA1263A6F822
S214015340D2309DF803400DF102012046FFF770FCB4
S21401535005F0FB051E2C45EA800594BF00230123BA
S21401536025F0080545EAC30586F8D8509DF80220C1
S2140153700B4B43EA0223A6F8D6300123094A2046FE
S214015380137002B070BD00231846C6E70023FF2441
S214015390F4E70023F2E700BFFA140020001F002103
S2140153A000C0FFFFC5500020104A114B00201870A6
S2140153B0D2F8C830C2F8CC30B2F8D030A2F8D23029
S2140153C0B2F8D430A2F8D63092F8D83003F0FB0306
S2140153D0990001F004010B4303F0F703990001F073
S2140153E008010B4382F8D830704700BF001F002128
S2140153F0C55000202DE9F0472D4C2E4B236000F0C0
S21401540065FD4FF4FA7307464FF47A76B0FBF6F66D
S21401541029482A4A7343190E1B02181841F1000144
S214015420002313F061FAA0F580730546A36220B944
S21401543066222B21FFF770F901254FF47A726A4331
S2140154404FF0000A53465008310213F04DFA1C4B38
S21401545019601C4BB7F57A7F4FEA05688946044602
S21401546018604FEA152505D276222B215046FFF704
S21401547053F901264FF47A73A8FB030103FB0511C8
S2140154807308C01841F100010023324613F02CFACC
S2140154900D4B023419600D4B49F10009A408186040
S2140154A044EA8974024B013C1C63BDE8F08700BFE7
S2140154B0005008400211010020A1070040420F00E1
S2140154C034440020304400202C440020284400208E
S2140154D0044B4FF00052C3F880211A60024B0122A0
S2140154E05A60704700E100E000500840074B4FF05B
S2140154F00052C3F88021C3F88020BFF34F8FBFF35B
S2140155006F8F034B04225A60704700BF00E100E032
S2140155100050084010B50446A242A2EB0000A3EBDF
S214015520010104D2034B1B6B01331844013901F00E
S214015530030110BD0050084038B502010A4B012591
S2140155409D500A4A4FF4807383405366044613F015
S214015550A8FF074A1378A54023EA05031370BDE8A0
S214015560384013F0A2BF00BF005108440050084065
S214015570C95000202DE9F0471546044688461E46C8
S21401558013F08FFF022D00F0B880074613F094FF4A
S2140155906C4B6D4AD3F8189092F815A0DA6D5FFA45
S2140155A08AFA520744BFD3F818900AF1010A13F099
S2140155B089FF664B664A1B6811684FEA8A7CA3FB23
S2140155C0093213F1004301FB09CCD8F800304CEB4B
S2140155D0020C012D04BF01336344ACEB030C08BF7E
S2140155E0C8F80030BCF1804F0AF0030AC0F098807A
S2140155F0584AD2F800C0584AD2F800E0514A23F07F
S2140156004041106B4FF000480022ECFB01820EFB7C
S214015610012282424FEA937381BF01330130121A8D
S21401562003F00303A3EB0A03914588BF4549DFF85E
S21401563048C184BF096B03F1FF3303F003030CF881
S2140156400430A2EB0900A3B1F10742BF434B41F678
S2140156501F71D966B30742BF404B4149D9667107EE
S21401566042BF384B00211967330742BF354B002133
S2140156701965344B04F1100103EB041E0901CEF841
S2140156800C2111225A5037499A694FF0010EA2EBAC
S214015690090A0EFA04F8D3F85C900A785FFA88F8DB
S2140156A048EA020282450A7026D34FF48072A2406D
S2140156B019EA020F20D11CF8040000283FD10DB3CF
S2140156C0F0071A6608D5254B274941F61F7240F2A6
S2140156D00110DA66C866DA66B10706D51F4B22499D
S2140156E01F4A2248DA66C866DA66720742BF204B4E
S2140156F001229A60330719D4384613F0D6FE0120EA
S214015700BDE8F0871B48240140F804E05A6613F010
S214015710C8FE14490B7823EA08030B7013F0C5FE84
S214015720384613F0C2FE0020BDE8F087212000F0C5
S214015730B9FA044B4FF480325A603846DDE71A66F0
S2140157403846DAE7005008406C4400202844002020
S2140157502C440020304400203444002000500844EB
S21401576000001F1FC950002000500846000001011C
S2140157700040084000510844CA500020024B1878E7
S214015780003818BF01207047C95000201030034B65
S2140157900001185800F00100704700BF0050084093
S2140157A01030044B01F46001000141F0030119506F
S2140157B0704700BF0050084038B513F07DFE084B17
S2140157C0084A9D69547DDA6D520748BF9D69E4B267
S2140157D048BF013413F076FE284604F0030138BDB5
S2140157E0005008406C44002038B50B4B03EB001208
S2140157F010300001D2F80C411D58FFF7DDFFAB0752
S21401580006D5844200D90139204601F0030138BD8E
S214015810844238BF0131F7E70050084070B5184C94
S214015820E66B26BB202000F03DFA164B10251D60C6
S21401583002F0DCFA144B8022C3F8802101F082FCCE
S21401584038B132460020082102F088FC0F4B65660D
S2140158509D660F4A536803F07063B3F1807FF9D9F0
S214015860074B0C4ADA6641F201421A6770BD01F035
S21401587069FC0028F4D0054A074B63669366EFE798
S214015880005008400040084600E100E0005008468D
S21401589000400840011B01181000000208B5212035
S2140158A000F000FA024B4FF480325A6008BD00BF88
S2140158B00050084008B5222000F0F4F9024B4FF4DE
S2140158C080225A6008BD00BF00500840064B1B6886
S2140158D0434303EB8171054B1B68A3FB003013F1B7
S2140158E0004341EB000070472C4400202844002070
S2140158F00D4A10B5146820F0404301464FF00042AF
S2140159000020E4FB0320094A126802FB0300084B4F
S2140159101B6B98424FEA917104D901330131C01AC9
S21401592001F0030110BD00BF3044002034440020C4
S21401593000500840F8B5064603F0EEFD044608B1EF
S214015940FFF7D4FD084D094F00232B6130466B61EC
S214015950AB617B75FFF7CCFFC9B27975A8610CB155
S214015960FFF7B6FD0020F8BD005008406C4400204B
S2140159702DE9F041224F0646386820F4700040F4C5
S214015980A00038609DF81C401D1E9DF818304FEA97
S214015990042444EA036444EA021408BF002144EAEA
S2140159A005440C43FC64D7F82C80B8F5803F40F2E0
S2140159B0B5224FF018012CBF00200120FEF7ACFEE7
S2140159C0C7F83880CDB10F4BB468D3F88030412C7E
S2140159D038BF41245B0606D500F02CFB18B10A4BF4
S2140159E0B3FBF0F31C442046FFF782FF01308045ED
S2140159F0034B3ABF0022DA63D863BDE8F08100BFEB
S214015A00005008400070084000093D00F8B5184DE8
S214015A10AB691B04044626D500F0F2FBAB6913F014
S214015A20787FA0FB04464FEA9367C3F34450C3F361
S214015A30044505D140F25E422B21FEF76DFE0120A2
S214015A40AD01B5FBF0F010EB871005D140F26342D3
S214015A502B21FEF761FE0120024600232046314637
S214015A6012F042FFF8BD00F0E5FAA0FB0401F9E7E9
S214015A700070084030B50C4C02460120A0F120030E
S214015A80C0F1200524FA05F504FA03F32B4304FAC2
S214015A9000F595428B4100D330BD0F2801D001306F
S214015AA0ECE7FF20F8E700BF40420F0010B50C46B8
S214015AB0FFF7ACFFC30943EA4163C01A61EBD1119A
S214015AC0FFF7D8FFFF2814D00C4B0F22C3F8802015
S214015AD003F1007340F01000C3F8800003F17A432D
S214015AE09B69DBB2802B06D02046BDE8104000F053
S214015AF073BB012010BD0220FCE700BF0070084404
S214015B003B4B082270B501210546C3F8C820394829
S214015B10394CECF7EFFF394B1D702378013B012B15
S214015B200CD8237CE07B01229A400C21302313FB06
S214015B30001303F1884303F520431A60304B00221B
S214015B405A677DB92F4A4FF6FF71D16702F100728D
S214015B50F821D1675D672C4B4FF08042C3F8942043
S214015B60002070BD636853B300F0B0F9626800EBC3
S214015B705203B3FBF2F3013B1B0243F0F803267812
S214015B802049224A022E1CD0032E1D484FF6FF75CF
S214015B9021D0012E27D143F00203CD67D367072317
S214015BA04367237CE07B01229A400C21302313FBC0
S214015BB0001303F18C4303F520431A6011E0F82328
S214015BC0DDE743F001034FF6FF70C867D3670C4B60
S214015BD005225A67E5E743F00503CD67D36701233E
S214015BE043670B4BB8E7CD67D3670023F8E700BFE1
S214015BF000400E4600350A0038440020CF500020F1
S214015C000000084000000844004008440000084620
S214015C1000400846F8B5064604460FCE1C4F3D46E2
S214015C200FC533682B601B4B1B480822C3F8C820DE
S214015C300121ECF75FFF194A00235367A37BE17A42
S214015C401B0443EA0123217A0B4393673B78032B1A
S214015C501BD8DFE803F01402080E617B207B0023CB
S214015C600422EEF727F8217CE07B00230422EEF7DE
S214015C7021F8A17A607A01230422EEF71BF8084B7B
S214015C801878BDE8F840FFF73BBF0120F8BD00BF1C
S214015C903844002000400E4600350A000000084047
S214015CA0CF500020044BD3F89430002BBCBF034BDD
S214015CB0C3F88000704700BF00400840000008405D
S214015CC008B5074B1B681A68064B920019684FF017
S214015CD004501BF01CFABDE8084000F03DBF00BFB1
S214015CE04C4400205044002007B501A8EEF774F993
S214015CF0134B144AC3F8442148F2E672C3F838211C
S214015D004FF40862C3F834210F4AC3F8A0200F4AA3
S214015D104AF63F41916002F580424FF0C0719162B0
S214015D200022C3F8FC200A4AC3F89C20094B7F22B4
S214015D305A6203F1007323225A6203B05DF804FB32
S214015D4000400840C0E653517A27000F0030084053
S214015D50806D630300300844064B1B783BB1064B4D
S214015D60064A1A60064B074A1A600020704702204E
S214015D70704700BFD05000205044002020B40300DC
S214015D804C4400201CB4030038B51B4B0022C3F85A
S214015D908820C3F88C20C3F89020184A4FF400716D
S214015DA05162174A0121D1605A6812F0706FC2F32E
S214015DB00365F9D14FF00452DA671249124C0122F9
S214015DC0C3F880201966227013F011FD0F4B257061
S214015DD0186820B10E4B1868003818BF012040F231
S214015DE07E525421FEF798FC0A4B1B6898470A4BD3
S214015DF00122DA6038BD00BF0040084000000840BC
S214015E0000400846A01F0021D0500020504400202A
S214015E104C4400204412002000400844034BFD225D
S214015E20C3F8C8200122C3F8CC20704700400E46B4
S214015E3038B5FFF7F3FF1B4B1B481C4C1C490222CD
S214015E40C3F8C8201B4B1A6842B102EA0005A542F6
S214015E5004BF5D68156008338B42F4D1164B0222ED
S214015E60C3F8C820154B164AD3F83C111160154AE1
S214015E70C3F8942000F0CCFBFFF736FF124B032249
S214015E80C3F8D820A3F500530122C3F894204FF499
S214015E906072DA604FF04072C3F8F820C3F8102140
S214015EA038BD00BF00400E460000FFFF000008405E
S214015EB0B081E00F0080E00F00400E440040084033
S214015EC0481200200048F0000060084608B5ECF7CC
S214015ED057F9044BD3F81031C3F308230133B0FB51
S214015EE0F3F008BD00400E4070B5044618B1284DC9
S214015EF02268531C00D170BDC2F30063110C35F843
S214015F00130011F0FE0F93B243EA0043606818D005
S214015F100434CAB2022A216808D9D4E90160033AD6
S214015F20C3E9001698600C340C33F3E704D16268B9
S214015F30C3E900120834DBE7012AD9D10434196019
S214015F40D6E7120F072AF5D8DFE802F00704090D95
S214015F501013181DC04303F180631860EAE71A683E
S214015F6042401A60E6E703F1C063F6E718F0CFF99E
S214015F70E0E70122824003F1C063F2E7012282409A
S214015F8003F18063EDE71A6830EA0202FBD1D1E73C
S214015F90FAB30300024B0122C3F89420704700BFF6
S214015FA000400846024B0122C3F89420704700BF08
S214015FB000400844024B4022C3F89420704700BFBB
S214015FC000400844024B4022C3F89420704700BFAB
S214015FD00040084608B50C4B1B68D3F8943023B133
S214015FE01A68022A01D9186A08BDFFF76FFF074B26
S214015FF01B6D024698B20028F6D0C3F30743D208B9
S2140160005343B3FBF0F0EFE7B044002000600840D4
S214016010064B5B68C3F30363984206D1044A536B8D
S21401602023F0F00343EA0111516370470040084032
S214016030001F00211F4B1B68D3F8943070B52BB19D
S2140160401A680A2A02D91C6C204670BD1A4DAA6D20
S2140160506B6DC2F34544C2F3CD010134C3F344165C
S21401606001FB0444C3F3822103F01F0306FB013343
S2140160705C4302F00702114B9B5C5C43640004D056
S214016080FFF724FF7043B0FBF4F4D5F8E4301905AC
S21401609005D513F0FF021CBFE401B4FBF2F41A01AC
S2140160A0D2D5C3F30A43002BCED0A402B4FBF3F43B
S2140160B0CAE700BFB044002000600840F2B3030006
S2140160C010B50446FFF786FF104AD2F830311B049C
S2140160D00F4B1B6C03F4C05348BF4008B3F5805FF9
S2140160E00ABF136BC4F30113C3F34163022B05D03C
S2140160F0032B09D0012B00D1400810BDC4F3C424E2
S2140161000134B0FBF4F0F8E78008F6E700600840D9
S214016110000008402DE9F0470E4618F0E2F8DFF8D7
S214016120B090DFF8B0A08046002513F0BAF9D9F890
S2140161300430C3F30363012B07460BD1711C1AD03D
S21401614018F0CFF8A0EB0805384613F0AEF9AE42CA
S214016150EBD80DE0052BF1D00B2BEFD0023B012B3A
S2140161600CD9013602D018F0BCF8384613F09DF968
S2140161701648BDE8F08713F098F9D6E7DAF8083044
S2140161801A04C3F389140FD4013602D018F0A9F803
S214016190384613F08AF924B2A4F1C8006FF4FF73ED
S2140161A09842B8BF1846E4E7731C03D018F099F874
S2140161B0A0EB08056FEA84546FEA9454384613F04E
S2140161C074F914F5007FC2D0E6E700BF00FEFFFFBA
S2140161D0004008400070084010F1800F04D04D28A0
S2140161E0DABF323040B27F20044BFF229A6103F1BE
S2140161F00073C0B298610020704700BF0070084469
S2140162000B4B0C499A6D70B502F007029E6D8C5CC3
S2140162109D6DFFF75BFEC6F3CD0606FB0444C5F392
S214016220454505FB04448001B0FBF4F070BD00BF9A
S21401623000600840F2B30300084910B5D1F8703188
S21401624040B11C464A68D1F870319C42F9D1C2F37C
S2140162500362027003F00F0010BD00BF004008404B
S214016260094BD3F8883001F0800103F480030B4317
S21401627009D1064B4FF400129A61837F1BB1044B80
S2140162800122C3F8F8207047004008400060084427
S214016290006008462DE9F0411F4CDFF89080069F0C
S2140162A00646A2FB03502C1960F1000E9C46A04541
S2140162B04FF0000373EB0E0E07D24FF4B4720E21AB
S2140162C01846FEF729FA02201BE00029FBD0C6F388
S2140162D0130601EB5C04B4FBFCF4A4FB0646E40CD9
S2140162E044EA46340D4E34600D4C22600D4A91420C
S2140162F009D10D4AA5FB025302FB00339B093B6003
S2140163000020BDE8F081C4040A46E80444EA553199
S21401631012F0EAFA3860F3E700C9E8765444002040
S2140163205844002000F049020A3BB2DF0046C3236E
S21401633038B5164D2B780C4623B9154B1B6D03F05B
S2140163403F032B70134BD3F894305B051CD5124BCF
S214016350B0FBF3F040F24D534343A3F546430C3BE9
S214016360584300F5C91000F5556028B940F21B32B4
S2140163702B21FEF7D1F901202B78084A5343B3FBB2
S214016380F0F30020236038BD0220FCE7D450002043
S214016390003008400040084000366E0180969800A4
S2140163A070B5374C374B256B374C1B682468ED02AC
S2140163B04CBF1B191B1BB3F1804F04D8002B3AD1DD
S2140163C0324E1C460AE0B3FA83F4314EC4F102049D
S2140163D0E340304DAB4201D901345B0803EB56056F
S2140163E0B5FBF6F52C4EB34234BF00260126240336
S2140163F0013D44EA86242C430C60D8B1B3FBF0F18E
S214016400642400FB11336343984288BF01F1FF31D6
S2140164104808013801390728204D214C4FEA51031D
S21401642011D9002129700621C4F894101B0243EAF1
S2140164300013136070BDB3FA83F4D4F10204134E53
S214016440C6D50024C5E71029EBD068B10121297013
S2140164500621C4F89410134909780029E6D0124998
S2140164600224C1F89440E1E7012914BF012100216B
S21401647029704FF00601C4F89410ECD1D6E700BF9E
S214016480003008405844002054440020E06735009E
S214016490C0CF6A003FBE4025401B5F13D15000208D
S2140164A000400844D250002000400846084B5B6B71
S2140164B003F00700C3F3C20213F0380F18BF5043AE
S2140164C0C3F3821213F4E07F18BF5043704700BF36
S2140164D000300840034BD3F8380180F01000C0F3B9
S2140164E00010704700400840174B4FF4002210B5CB
S2140164F0C3F89420154C164BB0F1804F88BF1C464C
S214016500144BDA6CD2071DD51B6F134A04F5F4241D
S21401651004F59074B4FBF2F4033CE4B203F0070311
S214016520A34202D02046EDF7F7FA0C4B1B784BB18D
S2140165300B4B4FF47022C3F8942003F1007324042C
S214016540C3F8944010BD00BF00400846E067350020
S214016550C0CF6A0000300E4040420F00D3500020EA
S214016560004008447FB50446EBF746FE1C4B064642
S2140165702C3358680093A37922683146FFF78AFEC8
S214016580054648BBA379012B14BF164916491022AC
S214016590C1F83821206815495843FFF7C9FE03AAF8
S2140165A002A93046FFF7FCFE0F4A43F6FF53C2F836
S2140165B0A4300C4B0299C3F8A4104FF4EE6111639A
S2140165C0039A1A632068FFF78FFF094BA2881A62A5
S2140165D003F5405300229A63284604B070BD00BFFD
S2140165E0003008400040084600400844503008404B
S2140165F00000084008B5044B01221A70034B1868C6
S214016600FFF772FF002008BDD35000205844002039
S214016610024B4FF48062C3F894207047004008464E
S2140166200D4BD3F80421D3F8B030D2B2FF2A03D0F1
S21401663043F30743591C01D190221923074903EB61
S214016640D37302EB6302022381F84230232381F8DD
S214016650432081F8413070470081E00F001F002180
S214016660044A5368C3F30363022B04BF8023936079
S214016670002070470040084040B10368012B05D94F
S2140166800069034B002808BF18467047004870474A
S21401669000B4030070B504461F480D46FFF728F9FD
S2140166A01E4BD3F8306116F400464FEAC01015D0E1
S2140166B000F574431A4C1B4A2433B3FBF2F32B60E8
S2140166C0194B00EB5400B0FBF4F068605B68D9022C
S2140166D00AD5002406B10334AC6070BD002CEFD19E
S2140166E0114B5B68D802F7D4104B0F491B68D1F8E1
S2140166F0A820C3F3810312F4806403F1010309D1D6
S214016700D2B2FF2AE6D0D1F8AC20520548BF04EB3E
S214016710C304DFE7DC00F3E740420F0000600840F7
S21401672020A1070048E801000000084000200840BA
S214016730084B1A68C117A2FB000310F1807002FB18
S214016740013343F10003400E40EAC310803820EACB
S214016750E070704760440020174B072270B5C3F8FD
S2140167608420FFF7B3FB154B154A164EC408010BE0
S2140167700546E005C01841F10001002312F0B4F807
S214016780114B18604EF66020FFF7D2FF4042C6F864
S2140167909C000E48FFF7ACF8024658B1E3015008DA
S2140167A018184FEA15714FF0000341F1000112F07D
S2140167B09BF8706770BD00BF00400840B2E60E004F
S2140167C065CD1D00001F00216044002040420F00DF
S2140167D02DE9F047064608469846FFF74DFF154651
S2140167E00746002E00F0B08018F0050F63D034691C
S2140167F0002C00F0AB80FEF7D7FB4FF47A735C43B6
S214016800201A7B68A0F6AC50C01AFFF791FFB48B34
S2140168106862002C00F09D80FEF7C6FB4FF47A7389
S2140168205C43201A7B68A0F6AC50C01AFFF780FFC5
S214016830A861614BF468D3F80090DFF88CA1002CB6
S21401684000F0B080FEF7B0FB4FF47A735C43241A75
S2140168507B68A4F6AC54E41A99F81130053B012B79
S2140168607AD8DAF80020A4F53E44EB3CE117A4FB05
S214016870023402FB014413F1807144F10000490E19
S21401688041EAC0118039E9614C49A2FB01219B1AFA
S21401689064EB010413F1807344F100045B0E43EAD8
S2140168A0C413803B2B62B469FEF77EFB014620468B
S2140168B017F078FD286318F0020F29D073684FF49B
S2140168C07A7058435BB13B6803F51C531033184488
S2140168D0B37F002B46F2A81308BF00231844FFF726
S2140168E027FF7369E862002B5FD078684FF47A72ED
S2140168F002FB0300B37FA0F50350002BA0F11000AC
S21401690046F2A81308BF0023C01AFFF711FFA862BA
S21401691018F0040F18D0B068002849D04FF47A73E5
S2140169205843A0F503501038FFF702FF286133687B
S2140169304FF47A70584323B13B6803F51C53103368
S2140169401844FFF7F5FE6861BDE8F0874CF2503059
S2140169505BE74CF2503069E73B68E41ADAF800204E
S214016960E117A2FB044314F1807402FB013343F1E7
S2140169700003640E44EAC314803C114BEC61114CD5
S214016980D3F884302B622368002B8CD0484617F04E
S214016990F3FE002887D02368D9F848002A463946EE
S2140169A0984780E74CF25034D8E747F23050ACE7CE
S2140169B047F23050B8E700BFB0440020101B020079
S2140169C0001F00215C44002060440020E0B507461B
S2140169D008461E46154617F08BFC7B7C053B012BB3
S2140169E006440DD80C4B4BF6EB61002D18BF19462B
S2140169F04FF4FA720A44094892FBF0F03044E0BDC5
S214016A00074B084AD3F8F800FFF736FE016800295D
S214016A10A8BF4FF4FA72EDE7FBD9020018FCFFFF9E
S214016A20001F00210CFEFFFF2DE9F04F384C0A46EF
S214016A3085B00D46002181461AF043FBD4F8C830D4
S214016A4043F06C029A4204D00025284605B0BDE802
S214016A50F08F304BDB68D907F6D4FDF7C3FC00286E
S214016A60F2D0D4F81061C6F30826002EECD12A4CD9
S214016A702A4BD3F81880D4F884300193284B4FF072
S214016A8060529A6103F100734FF000629A61242309
S214016A90C4F88430234B04221A604FF4804A4FF422
S214016AA08053C4F868A0B3466362AB4512D31E4B4D
S214016AB004221A60184A019BC2F88430184B4FF022
S214016AC06051996108EA010318498B614FF48043CC
S214016AD09366BAE7226E5204FCD52268D305F9D52F
S214016AE0C4F868A00136D4F888200392012EDCD9B8
S214016AF0A5EB0B07042FA8BF04273A4609EB0B00AA
S214016B0003A95F441AF003FB1FFA87FBCDE700BF1A
S214016B1000400E4000400840000008400060084069
S214016B2000600844004008460040084400600846EB
S214016B30074BD3F8D8304FF604014FF605029BB247
S214016B408B4208BF1346034A01209365704700BF76
S214016B500081E00F0050084070B5194C0FCC86B08C
S214016B6001AD0FC5CC22236816482B6000211AF010
S214016B70A8FA8422002114481AF0A3FA134B144AE7
S214016B80C3F8F020FFF74CFD124B1B782BB101AD7B
S214016B900FCD0B4E0FC62B6823600F4B0F4AC3F861
S214016BA0DC2F0F4AC3F8E02F0E4AC3F8E42F02F198
S214016BB0957202F24952C3F8E82F06B070BD00BFC5
S214016BC0C81F0021341F0021B01E0021001F002114
S214016BD03F003700C7500020001000210200620667
S214016BE009C8056E0704DC060A4B197801F0FF0296
S214016BF029B10021197008499202C1F8A0205978DC
S214016C0001F0FF0229B1002159709302024AC2F82D
S214016C10A4307047D550002000000846074BD3F833
S214016C20E00E074BD3F88C301A0103D4054B1B6ECC
S214016C301B0401D500F58070704700BF00100021CD
S214016C40004008400000084008B512F02AFC0F4B2F
S214016C501A78B2B90E4A126812F4843F11D10D4A5D
S214016C601021C2F894101B786BB9094B1B68DB0521
S214016C7009D4084B2022C3F89420BDE8084012F03E
S214016C8014BC054AECE7044BF4E700BFD9500020DA
S214016C90D8200020004008440040084610B512F0F5
S214016CA000FC0E2104460320FFF7B2F9044B40F224
S214016CB0012220465A62BDE8104012F0F6BB00BF22
S214016CC000000840044B00221A70044B197811B1D9
S214016CD01A70FFF7B9BF7047D8500020D95000206E
S214016CE008B512F0DEFB234B4FF08052C3F880202C
S214016CF0BFF34F8FBFF36F8F4FF48072C3F88020BE
S214016D00BFF34F8FBFF36F8F0222C3F88020BFF30C
S214016D104F8FBFF36F8F1022C3F88020BFF34F8FC2
S214016D20BFF36F8F2022C3F88020BFF34F8FBFF3CE
S214016D306F8F4FF00052C3F88020BFF34F8FBFF321
S214016D406F8F8022C3F88020BFF34F8FBFF36F8F02
S214016D504022C3F88020BFF34F8FBFF36F8F01220D
S214016D60C3F88420BFF34F8FBFF36F8FBDE8084091
S214016D7012F09BBB00E100E008B512F092FB0B4B52
S214016D804FF080521A604FF480721A6010221A6017
S214016D9020221A604FF000521A6080221A604022A8
S214016DA01A60BDE8084012F080BB00BF00E100E0B9
S214016DB070B5084C01232370074B1E68074BD3E9B7
S214016DC0005332401940284001F0C8F900232370CF
S214016DD070BD00BFD750002068440020D820002096
S214016DE02DE9F047DDF820A003EA0108099B0646D5
S214016DF00D4602EA000703EA0A09BAF1000F40F05D
S214016E004D81031F0B4300F01381052871F1000328
S214016E1080F0E78050EA010300F06081431E0B43D7
S214016E2000F02181FFF75CFFAD4AD2E9004323EA77
S214016E30050324EA06043C4343EA0807A94BDFF8A6
S214016E40F8821E6826EA0A0646EA09061E60C2E9B4
S214016E500047FFF7F9FEA44814F02A4FC26E14BF8C
S214016E6048F202034FF40043B50748BF43F400530A
S214016E709E4D83EA020122EA0302EA669C4A816683
S214016E800B40D366C4F380421203200348BF42F48A
S214016E908072E10648BF42F40052A30648BF42F49E
S214016EA00072650648BF42F4806220069148924D02
S214016EB0D0F80C3248BF42F4006282EA030123EAAA
S214016EC00203C5F80C328D4BC0F80812C7F34025F3
S214016ED00A40AD04E10448BF45F48035C3F80C22EE
S214016EE0A20348BF45F48015A30748BF45F48005B3
S214016EF014F4001F06D0D8F8000017F0AAFC08B951
S214016F0045F40025E00248BF45F40035F9067C4902
S214016F107C4848BF45F40005620248BF45F40015A9
S214016F200A6A730748BF45F0040585EA020323F0A1
S214016F3001031A4002621D40CB61734B73481D6208
S214016F40734B744A16F0010F18BF1A46836E7D07FD
S214016F5048BF42F40012704D82EA030123EA02039D
S214016F60AB666E4B41660A4000F500509A66C16BEF
S214016F7004F0010305F5005581EA030221EA030145
S214016F80E96382631A40664BDA63D8F80020200270
S214016F9048BF644B92F8E92058BF634B610748BF6E
S214016FA043F4806322B114F4C06F18BF43F48073B6
S214016FB05E485F4CD0F8EC10320748BF43F0004300
S214016FC083EA010222F4A0221140C4F8EC10134017
S214016FD0C0F8E820574ABDE8F047C2F8EC30FFF7A2
S214016FE0CBBEA0F580630B4306D020F48063A3F5E7
S214016FF000730B437FF416AF12F053FA3849D1E908
S214017000003223EA060322EA050242EA08023B436B
S214017010C1E90032484A126892F8E9200AB313F42B
S214017020C06F1ED0434B4FF48072C3F8EC2014E0BF
S21401703012F037FA2A4AD2E9003123F004033B431F
S21401704041EA080157EA0807C2E9003114BF394A84
S214017050374A4FF48063C2F8EC30BDE8F04712F0CF
S21401706024BA334BDFE712F01CFA1D4AD2E900318D
S21401707023F001033B4341EA0801C2E900312F4AEC
S21401708057EA08074FF0010315BF93632C4902F135
S214017090C062CB6314BFD3639363DEE750EA010398
S2140170A07FF4C0AEBAF1010F7FF4BCAE12F0F9F96D
S2140170B00C4A136823F0010343EA09031360134AD9
S2140170C04FF48063B9F1000F04D0536602F1C06239
S2140170D09366C2E710498B665366BEE7BDE8F08744
S2140170E0D820002068440020000008400000084422
S2140170F0000008460060084000600844006008463A
S214017100004008400040084400400846005008403F
S214017110041C500004185000005008440050084653
S214017120007008460D0A0A09090A0A0900100840F3
S2140171300010084400100846B044002000700840C3
S21401714000700844024B5868C0F3C000704700BF87
S214017150D8200020024B186800F00100704700BFDD
S214017160D8200020024B5868C0F3C030704700BFDB
S214017170D820002010B50446FEF75AFEFFF7B0FDF2
S21401718004F14C0002F08AFCFEF7FEFDFEF732F930
S214017190FEF79EF9FFF7E0FA1049114AD1F8F81008
S2140171A0072304F1A400FFF713FB4FF4400100206E
S2140171B0FEF7F6FA4FF400110120FEF7F1FAFFF799
S2140171C0B7FC20B940F2E7221421FDF7A5FAFFF734
S2140171D011FABDE810400120FEF792BC001F002105
S2140171E0681F0021084B8022C3F8882003F17E43E4
S2140171F00822C3F88820054AD2F8B03E23F02003BF
S214017200C2F8B03E704700BF00400846001000219B
S21401721008B512F046F9FFF7E5FF034B01229A6025
S214017220BDE8084012F041B900400840F8B5194CD5
S21401723005462078B0FA80F040F206423E21400929
S214017240FDF76AFA55B96078B0FA80F0BDE8F84003
S21401725040F206423E214009FDF75EBA0E4F0F4D41
S214017260D7F8A0304FF44066C3F381232370C5F8E6
S214017270A0606078B0FA80F040F206423E214009F4
S214017280FDF74AFAD7F8A430C3F381236370C5F833
S214017290A460F8BDD5500020000008400000084456
S2140172A0F8B50B4C0B4DD4F888300B4F0423C5F8BA
S2140172B08830D4F888305B0300D4F8BD0426C7F8BC
S2140172C08860022017F023F8C5F88860F1E700BF50
S2140172D00040084000400846004008441C4B70B57A
S2140172E0D3F888601B4D03F18063A822C3F8882079
S2140172F010221A60184A194B93666B66FFF774FCE6
S214017300174B1B7813B90320FEF716F900242C67D8
S214017310FFF7C6FF134A144BD2F8E01E0B40C2F823
S214017320E03E124B0422C3F88820114BB206C3F884
S214017330B84008D503F580735B6CB3F5817F22BF37
S214017340034B80229A60BDE8704001F0D5BE00BFB5
S2140173500040084000500840005008441000000259
S214017360DC50002000100021DF0000FF0040084430
S214017370001E002110B549B938B3164A53681B0ED2
S21401738013F00E0F21D113689A061ED4FFF786FC60
S214017390104C0020FEF750FF032801D0092806D123
S2140173A0D4F88C30DB03F4D4636F0C2BF1D9FFF7E0
S2140173B077FF094B4FF400725A62084B0122DA60DC
S2140173C003F17E430422C3F88820054B4FF4C062C4
S2140173D05A6210BD004008400000084000400846C0
S2140173E00060084408B503210920FEF711FE024B90
S2140173F020229A6008BD00BF0040084038B5054607
S21401740012F04FF8044602F005FB35B1FFF75AFCBF
S2140174102046BDE8384012F048B8084B1B78002BD0
S214017420F6D0074B1D78002DF2D1FFF74BFC2A460C
S2140174304FF480400021FFF7BBFCE9E7D85000205D
S214017440D75000202DE9F84F584B0646D3F8883020
S2140174500D461446002A40F0A58013F0A00F14BF75
S2140174604FF001094FF00009DFF85C81504F01F041
S21401747043FEA023C8F888300320FEF75DF80420F9
S214017480FEF75AF84FF0000AFFF71CFC494BFB6663
S214017490C7F870A0FFF704FF474BD3F8B02E42F0B1
S2140174A02002C3F8B02EFF22C8F800203F4A4FF44E
S2140174B080719160D3F8E02E40494FF0040B1140E3
S2140174C0C3F8E01EC8F888B0C3F8B8AEFB6813F07E
S2140174D0060F04D0FEF7EEF95846FEF72DF8B9F17F
S2140174E0000F08D0364B4FF40062C3F88820354BA6
S2140174F04FF400425A6666B1324B5B6C180701D4F2
S214017500FFF7CCFBFFF76EFF0420FEF715F8FFF739
S2140175106BFB264BDA68D1073FD55A6812F0706FBD
S214017520FBD1294B294AC3F88820294A536B23F0FB
S214017530F003536315B12046FFF760FF254BD3F8E0
S214017540B4305A1C01D05B0002D51F4B0122DA6011
S2140175501CB31C4BDA6E9A66144A136A23F00103B5
S214017560D3611D4BD3F80C22C3F80822A3F5405370
S214017570DA6F9A67A3F50053D3F8EC20C3F8E82036
S21401758003F5C043DA6B9A63A3F50053134A5A66B0
S2140175900D4B4FF60842C3F88820BDE8F84F00208F
S2140175A002F04EB84FF000095EE700BF0040084009
S2140175B0005008400000010100100021DF0000FF1C
S2140175C00040084600000840004008441000300013
S2140175D0001F00210081E00F006008405000F0020B
S2140175E09A4B196EDA6E2DE9F04F01EA0209C3F8DB
S2140175F0689003F5805385B0D3F8E060D3F8EC20AB
S2140176001640C3F8E86003F5A043D3F80012D3F898
S2140176100C2201EA020AC3F808A2A3F5005359692D
S2140176201A6A01EA02088A4A08EA0202DA61894B02
S214017630D3F80022910006D4D3F800319A00C3F3A0
S214017640407740F1E18011F02CFF834BDA68DF6D63
S21401765012F0060F9A6E07EA020727F4800222F458
S214017660006214BF4FF0010B4FF0000B5A667B0708
S21401767004D57A4A537D0133DBB2537511F015FFF9
S214017680B9F1000F00F0DF8019F4004427D011F0A3
S21401769008FF0146FFF7C2FA6F4D0446AA69AB69B7
S2140176A09A42FCD0AA699342FCD0FFF7B7FAA042EF
S2140176B040F0AC80084611F0F8FE694B1C60694B3F
S2140176C0D3F8885015F4E05240F0A28024F07F44AD
S2140176D024F0DF040CB9FFF701FE4FF0807419F0B7
S2140176E0020F4FF0000516D05E4B5F49D3F8883085
S2140176F003F46042C1F88820002A00F09E801D0431
S21401770000F19E8013F4005F0CBF4FF000534FF062
S21401771000631C430025C9F340394FEA4909534B1E
S2140177203340002B4AD016F4206F0AD040F60F02E1
S21401773006210020FCF7F0FF0020FFF75FFE26F48D
S2140177408026F00506D5484BFF221A6044F4C06433
S214017750FFF7A4FA16F0090F0AD040F62402082112
S2140177600020FCF7D9FFFFF73DFE414B01229A624C
S21401777016F0106F0CD040F62D0209210020FCF700
S214017780CBFFFFF72FFE00221146104602F01AF932
S21401779016F4202F0AD040F6350207210020FCF708
S2140177A0BBFF0020FFF72AFE26F48026F10301D551
S2140177B002F058FA002EB8BF49F0080972070DD535
S2140177C02B4B5B6A13F4005F14BF2A4A2A4A4FF414
S2140177D000531ABF536244F400045362730548BF52
S2140177E044F0040416F4802600F0AA8002F004FA9D
S2140177F00138062842D8DFE810F02E0131012E01AB
S214017800340137013A013A01BB4639E7044645E7F8
S2140178100192FFF763FD144B019AC3F8882015F413
S214017820805307D115F4806F0CBF4FF080544FF092
S214017830806454E74FF0804451E74FF0007368E7E7
S2140178404FF0004365E74C464D4668E700000840A8
S2140178500000F7FF00E100E0005008406C44002003
S214017860644400200040084000400844090B0B898E
S21401787000100840001008440010084640F6660252
S21401788003210020FCF748FF844A136ED2F88000DB
S21401789003F007030633012101FA03F3C0F30C00DA
S2140178A01B1A9BB2072B13D97D4BD3F8883058028D
S2140178B00ED47C48136B126DC06C58B103F00703ED
S2140178C006339940C2F30C03C91A89B2072901D8B5
S2140178D044F40074744B1B78002B31D06F4BD3F8F3
S2140178E0E03013F4A02F2BD1704B714A1B7893B95B
S2140178F0F90410D4137873B1E3086E4943EA45736B
S21401790083F00103D1F8E01E03F001035B0021FAC6
S21401791003F39B0714D10420FDF70EFE664B67495F
S214017920D966FFF7CFF9624A13782BB9644B654ADB
S2140179301B682340134201D144F4804427F4805746
S214017940BAF1000F1DD01AF4805F18BF44F48024EA
S2140179501AF4807F18BF44F400241AF4005F18BF9D
S21401796044F010041AF4007F18BF44F020041AF4FF
S214017970806F18BF44F040041AF4006F18BF44F03B
S2140179808004B8F1000F48D018F4802F18BF45F4D2
S214017990007518F4803F18BF44F4805418F4801F13
S2140179A018BF44F4003418F4800F18BF44F00204E2
S2140179B018F4003F09D03A4BD3F88830580059D50F
S2140179C0414B1B68984704430D4318F4000F18BF3A
S2140179D045F0100518F4002F1AD0364BD3F8B03EF8
S2140179E013F0C00F14D02E4B5A68C2F30362032A59
S2140179F001D0072A07D1D3F88C20D10603D4D3F8B7
S214017A009020120739D54FF40022DA6128F40028B5
S214017A1018F4001F18BF44F48004002F00F01381EF
S214017A20380540F18680294ADFF88CA0D378002BF0
S214017A3052D0013B4FF40061DBB2CAF86410D37038
S214017A4033B9234B1B78DBB1224B40F60142DA6691
S214017A50002300226BE044F4803415E744F400640C
S214017A6012E744F480640FE744F480740CE744F0B2
S214017A70080409E744F48014A7E744F40014C7E7B0
S214017A80DAF8703013F4A05F15BF4FF4807340F638
S214017A900143CAF85030CAF87030D9E700100840E0
S214017AA00040084000000840D9500020D85000206F
S214017AB0DA500020001000210050084000000101AB
S214017AC0D8200020088D010060120020CA50002036
S214017AD0DC500020005008460320FDF72DFDDAF8A3
S214017AE00C30AD48AD4913F0060F02BFAC4B41F662
S214017AF01F72DA664FF40063CAF86430DAF80C30A5
S214017B0013F0060308BFCAF87030C38A13F4006284
S214017B1061D023F40063C3820B7803F0FF0A002BC5
S214017B205DD1FDF7C7FEFFF7D9FB534620221C4364
S214017B301543B9010BD52E20FEF7B4F8984A4FF03D
S214017B400073936602F17C4245F008055366FA0617
S214017B5008D52B20FEF7A6F8914A1023936602F16A
S214017B607C42536617F4E00F05D1FB045FD5BBF1E9
S214017B70000F00F0B780B80210D52920FEF792F862
S214017B80FFF7E0FA40B18749874A884B53668B6610
S214017B9087494968490425D445F0040517F4800B44
S214017BA0DFF804A22AD00420FDF7C6FC2720FEF742
S214017BB079F8FFF793FB4FF48003CAF864307D4BE6
S214017BC0D3F8E02E520600F186807B4B02221A6023
S214017BD045F0020528E00B784FF40053A7E74FF471
S214017BE0004336E76E4920208B665366FEF75AF847
S214017BF02D2045F00C05FEF755F8CFE7F80255D5D0
S214017C000420FDF799FC2820FEF74CF8DAF87030CE
S214017C10002B48D1FFF762FB614A644B936602F181
S214017C207C4245F0010553665F4B00221A657A05D2
S214017C3009D5624A9378002B00F0A280013B93702D
S214017C40002349EA03095B4BD3F8B03E1B0603D574
S214017C502046294601F0FCFC4A4620462946FFF705
S214017C60A7F80EB101F0F0FF18F4002F00F08D8098
S214017C704F4B4FF40022DA6118F0206F00F0898034
S214017C8018F0007F01D0FDF761F918F0006F01D000
S214017C90FDF778F9002200204FF4006105B0BDE839
S214017CA0F04FFFF785B8CAF870B0B5E7F904BBD551
S214017CB00420FDF741FC424BCAF86C30FDF7FAFD93
S214017CC0DAF85C3013F4A00FAED12A20FDF7EAFFF4
S214017CD0FFF704FB73E7D3F8B03E98063FF578AF9D
S214017CE0384B73E7354A13794BB1013BDBB213715D
S214017CF013B92C4B344ADA6600231C4397E7042059
S214017D00FDF71AFC0320FDF717FC274B2C4ADA6611
S214017D1011F0C7FB82460DF10F00FEF78DFA2B4BD3
S214017D201B7883460BB1FEF7B9FFBBF1030F0ED1EB
S214017D30DFF87CB00020FEF77FFA032807D1DBF8D6
S214017D408C30D903F6D4DBF874300C2BF2D99DF8BD
S214017D500F30032B06D11E4B012250461A7011F02C
S214017D60A4FBC9E71B4BD3F8E03013F4A02FF2D1E4
S214017D70FEF7A8FF504611F098FB4FF48043BCE78E
S214017D800220FDF7D9FB01235BE7B8F1000F7FF472
S214017D9073AF05B0BDE8F08F6C440020DC500020C6
S214017DA000500844005008460050084010000002E9
S214017DB0004008400010002100400844CA5000203E
S214017DC000000101004008460000010DDB500020C4
S214017DD0D850002000100840034A0123136202F124
S214017DE07C42D361704700BF004008440B4B10B57E
S214017DF05C691A6A1440A2B2DA61E20704D55868CF
S214017E00C0F30360FFF7E8FF630706D5BDE810403F
S214017E10042200200021FEF7CBBF10BD0040084021
S214017E200C4A08B5136BD16B0B409363DB070FD578
S214017E30094B187840F6AC22122100F00100FCF73D
S214017E406BFCBDE80840002201200021FEF7B0BF10
S214017E5008BD00BF00700840D8200020044BDA6F30
S214017E60D207FCD41A6FD96F0A409A67704700BFD1
S214017E700030084070B50D46144611F012FB064B53
S214017E80D3F8B06E74402C407440C3F8B04E11F075
S214017E900CFB06EA050070BD00100021034BD3F869
S214017EA0B03E99430CBF012000207047001000210E
S214017EB02DE9F04117460A43012A9DF818409DF81E
S214017EC01C60DDF820801D4629D8B44227D2082E32
S214017ED025D8032B23D8B8F1000F20D00A4600215D
S214017EE001F072F8EB00FF219940DFF838C0C94372
S214017EF008F1FF38FF00E2B2964202D80020BDE842
S214017F00F0813D190CEB850518F8010FD5F8E8202E
S214017F1098400A401043C5F8E8000134EBE7012019
S214017F20EDE700BF001E002109490A4AD1F8EC001E
S214017F3010B504230124C2F8EC308C624FF40051D2
S214017F405162410744BF02F10072C2F8EC3010BD25
S214017F5000100840001008442DE9F7438E780F2ED4
S214017F6080460C4603D9012003B0BDE8F08326B94C
S214017F7001232E4A00201370F6E70D7891F8019040
S214017F80002D3BD1B9F1000FEDD194F90310E08833
S214017F90FDF78CFD0128E6D055EA0903A088244F99
S214017FA032D1FDF7A5FC23498A6D4FF6040583B24D
S214017FB092B24FF60500AA4208BF02463A8008254B
S214017FC0802201278F658A672A461A4903B1013B39
S214017FD0013ECB62F6B200230193009601232946A7
S214017FE008F1A400FDF7C4FC1FB1134B4FF4801237
S214017FF0DA64124BA2681A600223BAE7082DB2D8D7
S214018000B9F1080FAFD8C0E7FDF772FC3A884FF612
S21401801004039A421EBF07498A653B80A9454A4622
S21401802083B238BF2A460027CFE700BFDD500020C5
S21401803000150020005008400050084688440020E3
S2140180400C4BD0F8C42010B5C3F8B420027C04460B
S214018050120202F400624FF40061FFF70BFF237C6B
S21401806013F0080F14BF044A044A4FF40073C2F811
S214018070883010BD001E002100400846004008441C
S21401808037B5204D0C4641B90A460721FFF7F2FEE7
S2140180901D4BEC625C6003B030BD07221146FFF752
S2140180A0E9FE1A4B07225A60237985F82C3063794A
S2140180B00193012101A816F0F4FC019BC2B2D34042
S2140180C000F00F0040EA031085F82D00A27985F82C
S2140180D02E20E27985F82F202068286383B1028854
S2140180E001218B4205D82379013B1344084A936149
S2140180F0D1E730F81150AA4228BF2A460131F0E7ED
S2140181001A46F0E7001F00212C1F0021000008443A
S21401811000000840431C07D0044B6FF0FF029A6131
S21401812003F1007310409861704700BF0070084467
S21401813000F01803182B0AD003070AD410F0100019
S21401814040F2011318BF1846034B9864704700208D
S214018150FAE70120F8E700BF001F0021344B2DE9A4
S214018160F7431E6801F4007900F00103174653EA4D
S214018170090205460C462ED04FF0000803B3002333
S214018180002201200021CDE90088FEF729FE4146A4
S2140181903046FDF7BFFF414670830120FCF728F902
S2140181A0716B06F1A400FEF75BF822490868FFF739
S2140181B0B1FF4FF0FF330B60337C43F0040333749D
S2140181C0B9F1000F07D00121304615F0C7FF24F49E
S2140181D0007405430C43D6E93E232A40234052EA65
S2140181E0030103D01449304609688847FB070FD5B9
S2140181F01249134A0868136800211160114A0121C7
S214018200117003B19847104B00215B680220984714
S21401821017F00E0F08D040F2F3123B21002003B0F6
S214018220BDE8F043FCF778BA03B0BDE8F08300BFC1
S214018230B0440020581200205C1200209844002010
S2140182409C440020E050002038120020044B18689F
S214018250830654BFC0F30F204FF6FF70704700BF70
S21401826064440020F7B50446D4E93EC71046DDE96C
S21401827008268CEA020587EA06010540194085EAC8
S2140182800C057940C4E93E5123F4004106EA010396
S21401829020F00100002543F40073024043F002037E
S2140182A0CDE90055FEF79CFD237C9A0717D5D4F837
S2140182B0FC309B0513D54FF48811204615F04EFF70
S2140182C0237C65F341032374D4E93E2302400B402B
S2140182D052EA030103D00349204609688847002073
S2140182E003B0F0BD5C12002038B10368044A002BCD
S2140182F008BF1346034A13607047014BFAE700BFF5
S214018300D1E302005C120020024B586B00F00F0014
S214018310704700BF001F00210F2938B505460C46DF
S2140183200ED801F015F901280CD1074A536B23F03A
S2140183300F0323435363284616F062FA002038BD24
S2140183400120FCE70220FAE7001F0021014B986B91
S214018350704700BF001F0021014B00209963704742
S214018360001F002103282DE9F7434CD8274B13F8AB
S2140183700080274B1E5C274B13F8009011F091F8F4
S2140183800746FEF7E7FE054640B10023CDE9003378
S2140183900022002301200021FEF722FDFEF7E2FE67
S2140183A048B10023CDE900330022002300204FF41A
S2140183B00041FEF715FD26B3174B5C6C04F008046C
S2140183C0164B31465C644046FEF7D4FF4A463146BA
S2140183D04046FFF737F8124B5C6465B1114B1868DD
S2140183E0416BA430FDF73CFF0F490868FFF792FE8A
S2140183F04FF0FF330B60384603B0BDE8F04311F091
S21401840054B83446DCE703B0BDE8F08310B403008B
S2140184100CB4030008B40300000008400000084440
S21401842000000846B044002058120020104AD2F836
S214018430883013F0A00F16D1D2F88C0010F004008B
S21401844013D10C4BD3F8E03E23F07F4323F0FF0318
S2140184505BB15368C3F30362092A07D0B2F10C007B
S21401846018BF01207047002070470120704700BFE9
S214018470004008400010002170B50D46064620B9A0
S214018480194B1B68A3B1032011E001F061F8012824
S21401849028D1164B93F90040C4F11C04641BC4F1A7
S2140184A01C03002BB8BF5B42232B0CDD012070BDE3
S2140184B081EAE173A3EBE173DBB2232BF6D80B4B16
S2140184C019700020F3E7B57410F0EBFF084A536902
S2140184D0E40223F4FF2304F4FF241C43546110F048
S2140184E0E4FFEEE70220E2E7B0440020DE50002081
S2140184F00070084018B9034B93F90000704790F9D3
S21401850012007047DE50002010B5044616F034F90C
S21401851010B1012001F094F82046FFF791FD10F00C
S214018520C0FF074AD2F8B03E23F02003C2F8B03E9F
S21401853010F0BBFF034B02221A60002010BD00BFE3
S214018540001000210040084690F8C23053B9074B8E
S214018550DA69920208D49B6F13F4706F14BF01207E
S21401856000207047002070470120704700600840D7
S214018570F8B5436B02EA010523EA01032B43436383
S214018580344A01F00B030C4623EA0501516402F15B
S21401859000722B4061070646536411D50121FFF78F
S2140185A0D3FF68B1FEF77CFE15F0040F14BF2A4A0C
S2140185B02A4A4FF40073D361294B0422C3F888205A
S2140185C0E20606D515F0100F264B14BF00221B221B
S2140185D0DA6423061DD52F0616D51F4B4FF400125D
S2140185E09A6103F17E430122C3F8F82010F059FF87
S2140185F00E2107460320FDF70BFD1A4B40F2012220
S2140186005A62384610F051FF294606F1A400FDF7DC
S21401861027FEE00503D5E90516D5FDF7C3FCA2053F
S21401862003D5AB0513D5FDF7CDFC14F0600F09D0CB
S214018630D6F89410304615F0CCFE0B4B58640B4B15
S21401864080229A600020F8BDFDF7A4FCE7E7FDF75D
S214018650B1FCEAE7000008440060084600600844F0
S2140186600040084400000840001F00210040084068
S214018670014B1868704700BF9444002037B50123AA
S21401868000240022CDE90034002310461946FEF7E7
S214018690A7FB0220FCF750FF054D064B21461C6048
S2140186A002206B6898472B6803B0BDE83040184736
S2140186B0381200209C4400202DE9FF410229039036
S2140186C00C461546984605D1FFF7D8FF002004B0A2
S2140186D0BDE8F081194E10F0E4FE336807463BB161
S2140186E0AB4205D010F0E1FE002333600120EEE737
S2140186F0134B3560C3F8008001230022CDE9003317
S214018700002310461946FEF76BFB0E4B0025022090
S2140187101D70FCF711FF22462B4603A90220FCF729
S21401872029FF094B039A1A60084B1B6804469847B1
S214018730384610F0BAFE002CC8D1D5E79C4400207C
S21401874098440020E0500020944400203812002075
S214018750044BDB6D5B055ABF034B1878012000F014
S2140187600100704700500840E0500020014B986916
S214018770FDF7A6BC00600840014B986915F0D4BD12
S21401878000600840437C5A1F012A01D9082B05D1F5
S2140187904B7C2BB1012B05D0022B05D015F092BED8
S2140187A002487047024870470248704720A10700F8
S2140187B048E8010040420F0070B50E4610F071FE09
S2140187C0054600F0E9FE044620B1284610F06DFE8D
S2140187D0204670BDFEF764FD114B3278D3F8E03EBB
S2140187E0022A23F0F00316D0101F424242415200E3
S2140187F043EA02137278022A0FD0111F4A424A41F5
S214018800520043EA8213064AC2F8E03E054B0422B0
S214018810C3F88820D9E70122EAE70122F1E700BF81
S214018820001000210040084470B50E4610F039FED5
S214018830054600F0C9FE044620B1284610F035FE74
S214018840204670BDFEF72CFD104B3278D3F8E03E83
S214018850022A23F00F0315D0101F42424241520054
S21401886013437278022A0FD0111F4A424A4152001E
S21401887043EA8203054AC2F8E03E054B0422C3F8E8
S2140188808820DAE70122EBE70122F1E70010002158
S21401889000400844F8B50E7890F8D070044630468B
S2140188A00D46FCF7A1F9002844D094F8D030B34225
S2140188B008D1AA88636C9A4204D16A88B4F8D23087
S2140188C09A4235D084F8D060AB88A4F8D4306B884F
S2140188D0A4F8D230AB886364FF236375304615F085
S2140188E0C7FC04F1D00520752846FCF789FC10BBAF
S2140188F02846FCF76FF9F0B9D4F8903053B194F8E4
S214018900D010B94206D0B3F912202046EBF79EFBF1
S21401891084F8D9002046FCF74DFB0949A4F8D40099
S214018920084AD1F8F810012304F1A400FDF750FF1E
S2140189300020F8BD01200E2384F8D030F9E700BFEF
S214018940001F0021681F002170B5054690F8D00071
S2140189500E280C461DD0FF291DD01AB10F4B4FF023
S214018960FF321A6015F084FC064695F8D000FCF735
S214018970E5F9844228BF0446E4B2B44238BF34461F
S214018980E0B26875FCF776FAA0F1FF035842584149
S21401899070BD0220FCE70120FAE700BF401200206C
S2140189A0C36B012B01D10020704770B5364BD0F850
S2140189B09060D3F8F830C0F8943086B03146058B15
S2140189C0044615F0D6FCB3898DF80600D6E90121D8
S2140189D0EB1A9BB201FB032268460021ADF8043076
S2140189E00092FDF7BFFD38B9284B228BDA63FCF7FE
S2140189F0D5FB20B106B070BD022006B070BD227C4A
S214018A0060F34102227415F08DFCD4F89030596958
S214018A10431EDBB209680291FD2B02460BD9CD1C21
S214018A2009D91B4B01311B680CD0D81C07D802A9E9
S214018A302046029301E002A9204615F0EEFB002035
S214018A4006B070BDD91C04D802A92046029315F0C1
S214018A50E4FBD4F8FC309B0504D4237C43F00203EA
S214018A602374ECE74FF48031204615F077FBD4E908
S214018A703E2302400B4052EA0301E0D0054920465E
S214018A8009688847DBE700BF001F00210030084067
S214018A90481200205C12002038B505460C4641B14C
S214018AA015F06AFE28B14FF400312846FFF7F6F9B3
S214018AB004342046FCF71CFF024B4042C3F8D00E9C
S214018AC0002038BD0010002170B54C30814214BF23
S214018AD00C460024164610F0E4FC0D494A684FF493
S214018AE09C53C2F30362D340DA07054603D5D1F897
S214018AF088309B030AD420460122314600F062FFEB
S214018B000446284610F0D1FC204670BD0324F8E741
S214018B10004008402DE9F74F06461546084619B9A4
S214018B20012003B0BDE8F08F002AF9D0032904D84C
S214018B30002101F0ABF80028F2D08278048803798E
S214018B4090F805B0C788B0F90000002802F00701C8
S214018B50C0F2D280A1F1070CDCF1000040EB0C0062
S214018B60052928738CBFC2F300100020C2F3801CB5
S214018B706873900985F810C000F00200C2F3C00CBB
S214018B8040EA0C00C2F340126874AA74AF820BB9B3
S214018B9096F8CA30013BDBB2EB74736BD80600F172
S214018BA097800639012900F29380544BDB6C544BB5
S214018BB05A6B1B6B03F0070306334FF0010909FAE2
S214018BC003F909F1FF39083C42F0005804EA0904A8
S214018BD0002318F804A0AB60013404EA0904631DFD
S214018BE003EA09035A1C02EA090218F8037018F886
S214018BF00220BAF1800F47EA0227727C18BFAAF159
S214018C00320A3BB214BF4FFA8AFA6FF07F0AC7F3F3
S214018C100B079AB30020D6F89C300BB15146984703
S214018C20631C03EA0903E87385F80EA018F803101D
S214018C30013303EA090318F80320013303EA0903A1
S214018C4041EA022118F80320013303EA090341EA45
S214018C50024118F803006A7C002341EA00613046AD
S214018C60FDF7B4FE2860737C042B03D1042FDCBF10
S214018C70033028600423AB71002052E7D90423D5C2
S214018C80D6F894309BB11A68022A10D993F82400BA
S214018C90FB0008B1B3FBF0F39B45BBD8002BB9D062
S214018CA0CBEB0B20B0FBF3F0C043C0B2B3E72946D1
S214018CB03046FFF767FD0190304615F0F3FB019B48
S214018CC0B3FBF0F0C0B2E3E718F804004000ECE7AD
S214018CD00023EB730B4BDA68C2F30723120448BF79
S214018CE063F0FF035AB212F1800F1CBF323B5AB237
S214018CF00023AA732B60BEE7022012E7000008409B
S214018D00001008400070084070B50A4B0A4DD3F8B1
S214018D10EC604FF48064C5F8EC400020FEF76EFB73
S214018D204FF400536B65730544BF044BC3F8EC4026
S214018D3070BD00BF0010084000100844001008462F
S214018D4011F5004F1FBF01F30E01044BC1F30E01D5
S214018D50002014BF19640120704700BF003008408E
S214018D60F8B504460E4611B9037C5A065FD4464B45
S214018D70A18BD3F88420D4F8947012F4E05F04BF7A
S214018D802022C3F810224FF6FF73994260D03F4B62
S214018D901B68002B5CD03E4D20469847D4F89410B3
S214018DA02A688A4207D0204615F013FB394B5864CF
S214018DB0394B8020986097424FD0384B1B684BB197
S214018DC01FB13A68002A58D0BF68394620469847EE
S214018DD0D4F89410084615F014FB002849D0304901
S214018DE0FDF758FC07272046FCF7E4F8002E36D09E
S214018DF02C4B94F9122093F900302B49D4F89400A7
S214018E00C3F11C039B1A4A69DB0222F4FF2203F416
S214018E10FF231343254A4B61254B28600621116722
S214018E20204601221A7015F0EBFC0020F8BD61F314
S214018E308613154A0374D2F88430D0F894704FF62E
S214018E40FF7113F4E05F818302D12023C2F8103250
S214018E500F4D2A68BA423946A5D10127C3E70D4B03
S214018E600F4AD3F8F81004F1A4003B46FDF7B0FC16
S214018E70BEE7204615F097F8B1E717463946204673
S214018E809847D4F89410A5E7006008409044002065
S214018E9084440020001F0021004008408C4400202C
S214018EA0681F0021DE5000200070084000000844C2
S214018EB0DF50002002484822002118F002B900BF06
S214018EC0E41E0021002373B583746423C0E92C33A8
S214018ED0C0E92E334FF0FF35C0F8AC30A0F8C030F3
S214018EE00E264FF6FF73C0E9075580F8D06045643B
S214018EF08582837504461120E9F7A8FE042834D13B
S214018F001B4B5B6813F4403F2FD12046FEF732F926
S214018F102046FFF7CFFF94F912102046FFF7ACFA70
S214018F20144A6023536402F5805240F6FF71516281
S214018F305165114A5364114B4022C3F88820626B75
S214018F4029462046FFF714FB002240F20223104672
S214018F501946CDE90066FDF743FFFBF7D9FE20462B
S214018F6002B0BDE8704000F06FBC022002B070BDD8
S214018F7000300E400000084000000846004008444B
S214018F8010B50C46FFF796FFBCB1A378082B16D890
S214018F90E278082A13D843EA021313F0FF03094ABA
S214018FA014BF61681946C2F8E410217882F82811C6
S214018FB0617882F8291182F82B31002010BD01203A
S214018FC0FCE700BF001E0021012A10B512D8032BB2
S214018FD010D803EB8202084C0123934094F82A012F
S214018FE0DBB221B1034384F82A31002010BD20EA08
S214018FF00303F8E70120F9E7001E002170B50C68AD
S214019000B0F8D4208D680346013404BFD3F8AC40D1
S2140190100C604C68013404BFD3F8B8404C606E1C39
S21401902000F1A40038D1D3F8B440CE688C60751C2A
S21401903038D1D3F8B0500E69CD60013604BFD3F8ED
S214019040A4600E614E69013604BFD3F8A8604E6174
S2140190508E69013604BFD3F8BC608E618E693EB35B
S2140190604132B24238BF32460E688A61C3F8B44014
S2140190704C68C3E92E420A69C3F8A4204A690D491F
S214019080C3F8A820C3E92B650B4AD1F8F8100723CB
S214019090FDF79EFB002070BD02F14104AC4238BFD3
S2140190A02C46C2E702F16405B54238BF3546C2E731
S2140190B06422D9E7001F0021681F002170B510F057
S2140190C0F0F90C4E054600F043FA012804D0284674
S2140190D010F0EBF9022070BD736813F0706FC3F3E4
S2140190E00364F0D1F36BDB06EDD5284610F0DDF90D
S2140190F02046F0E70040084038B510F0D2F90B4A98
S21401910013884FF6FF718B4203D110F0CEF903207E
S21401911038BD074C074DE56504F100741B04E36593
S214019120118010F0C2F90020F2E700BF02150020FE
S214019130006008440000FFFF2DE9F34105460F4695
S2140191401646FFF773F9A0B1DFF85482D8F80C3051
S214019150DB0704D40324204602B0BDE8F08110F0FA
S214019160A0F904460320FCF711FB20B1204610F0BD
S2140191709CF90224EFE7D8F80C3013F0060FF5D16E
S214019180204610F092F97A4B4FF400612846D3F846
S214019190E08ED3F8B84EFEF781FE40B1754B4FF422
S2140191A000720121C3F888200846FBF721F93946E9
S2140191B02846FBF76FFA6E4BC3F8B84EC3F8E08E3D
S2140191C004460028C7D12B7CDF0601D4002E58D0D8
S2140191D0C6F34000FEF72AF816F4807F14BF664AED
S2140191E0644A4FF002031BBFC2F88830634AC2F8D4
S2140191F0883000211CBFD1609362FEF751F816F04B
S214019200040F14BF5E4A5F4A4FF48063D361594B23
S214019210042216F0400FC3F8882014BF5A4A5B4A4E
S21401922040233046C2F88030FEF782FF284615F00C
S214019230BEF940B116F0010F14BF4F4A4D4A4FF424
S2140192408073C2F88830B00642D56B8C4FF6FF7239
S21401925093420FD04E4A4F49D26D100CC2F3011201
S214019260088001324749B3FBF2F3454A4A48C865CC
S2140192701B04D3652B7C003E18BF012666F304133E
S2140192802B74284615F078FAC0B3284615F08FF9E6
S214019290D0B14FF400312846FEF700FE431C9BB2C6
S2140192A00322364801A915F0B8FB9DF8042002F008
S2140192B00703052B9DF8053013D111070BD443F492
S2140192C08073364AC2F8C030002014F0BDFF42E772
S2140192D0FFF712FFCEE713F0040F09D19DF8063011
S2140192E0EDE703F03002202A05D113F0010FF4E771
S2140192F04FF48073E5E79DF80630E2E7284615F05F
S214019300A5FA0028E0D0284615F051F90028DBD050
S214019310EB7CA3F10C02012A16D82B8B032B19D058
S2140193201E4B93F8C93003F00703072B16D01348DA
S214019330062115F07BFB421C3FF40CAF00F00F003A
S214019340164B83F8C800BFE70F2BE6D0102BE4D0EE
S2140193500E2B01D1092102E0112BE0E70821074875
S21401936015F064FB431C3FF4F5AEC0B2E8E700BF5E
S2140193700010002100400844004008460010084044
S2140193800060084600600844007008460070084403
S21401939000600840021500200000FFFF001E0021AB
S2140193A0005008402DE9F3410646884615461F46FB
S2140193B010F077F804460320FCF7E8F938B12046A8
S2140193C010F073F80324204602B0BDE8F0810420B3
S2140193D0FCF7DCF90028F2D1204610F066F82A46A0
S2140193E041463046FFF7A8FE04460028EBD1DFF8D9
S2140193F0BC80002F38D088F8000039463046FEF78A
S214019400ABFD002845D198F80030012B29D0224B1E
S2140194102022C3F88820214B5B6CB3F5817F2BD2C9
S214019420012014F074FF10F03CF81D4B1B680193EB
S21401943006464BB10420FCF77FF80023012201A960
S2140194400420FCF797F800B3FCF7E8F92B0617D5CC
S214019450144B00221A67FCF721FA304610F025F863
S214019460B1E7FDF7D5FEAEE798F80030012BF8D04E
S214019470002BCCD10124A6E70B4B80229A60CFE7C4
S214019480FCF70CFAFDF7AEFEE7E7FDF727FF012430
S214019490E3E7044697E700BF00400846001F0021A7
S2140194A0884400200050084000400840DD5000205D
S2140194B008B50B4BD3F8B4305A1C0FD05B000DD453
S2140194C00320FEF74FFF074B4FF08062C3F894204E
S2140194D0054A4FF4007151620122DA6008BD00BFEF
S2140194E00081E00F0040084600000840054BD3F815
S2140194F0880003F180634FF40022C3F88820C0F38C
S214019500C040704700400840014B024A1A6070474D
S2140195108C44002081800100024BD86800F00100D5
S214019520704700BF00500840084BDA68D10707D5DE
S21401953008B9FBF7DBBFDB68DA0706D4FBF7C8BF61
S214019540DB68DB0701D40028F8D1704700500840DB
S2140195500F4B5B68C3F30363013B0B2B0FD8DFE8AC
S21401956003F006060C06060606080A080808022086
S2140195707047042070470520704703207047054B4D
S214019580DB6813F0060F0CBF01200420704700BFF4
S21401959000400840005008400A4A5368C3F303637A
S2140195A00B2B08D06FF49050184100F0010080F0AA
S2140195B0010040007047D2F8880010F48030ECD1EA
S2140195C0704700BF004008400C4A5368C3F303636A
S2140195D0062B07D8042BD8B20CD8C31E58425841C4
S2140195E040007047072B07D1D2F8440110F0005015
S2140195F0EBD17047022070470020704700400840BA
S2140196000A4A5368C3F30363032B01D0072B0AD11D
S214019610D2F88C30DB0606D4D2F8900080F0080031
S214019620C0F3C00070470020704700BF00400840EC
S214019630024B0022196815F07EB800BFC0D20300A5
S214019640024B1B6803B11847704700BFA8440020AF
S214019650024B1B6803B11847704700BFA4440020A3
S21401966010B5FF224FF6FF71044615F088F868B969
S214019670FF224FF6FF71204615F092F830B92046CA
S2140196800349BDE81040FF2215F09CB810BD00BF8D
S21401969014B4030010B55B0743EA02439DF80820A3
S2140196A0520543EAC16302F0BC621A43064942F41A
S2140196B0C8720446FEF7DEFB002211462046FFF77D
S2140196C003FA002010BD00BF9007E12D08B5FFF793
S2140196D097FFA8B10B4B5A69110311D5D3F888200F
S2140196E092030DD4D3F8903013F0100F4FF01003FF
S2140196F004D1054AC2F89030002008BD034AF9E7B4
S2140197000220FAE7004008400040084600400844AE
S21401971038B5044608B3134A53691B031FD5D2F85C
S2140197208C50114BC5F38115032DB3F8BC300ED107
S214019730083B9BB208220D48214615F06EF9094BED
S2140197402572D3F890301B0A6372002038BD022DB3
S21401975005D1023B9BB22A46EDE70120F6E702203F
S214019760F4E700BF00400840001E0021301008400A
S214019770034B1868034B002808BF1846704700BF04
S214019780AC44002098D20300F8B50D4610B9002469
S2140197902046F8BD0E4F3E68002EF8D1FAF7C4FDFC
S2140197A004460028F3D03860FAF70AFE204614F083
S2140197B0EAFB38B130463E60FAF702FE204614F066
S2140197C0D7FBE4E7002DE3D02046A847E0E700BF3B
S2140197D0B0440020024B1868003818BF01207047BB
S2140197E0B0440020024B00215B680846184700BFC2
S2140197F03812002010B514F072FF044618B9034B56
S21401980001215B689847204610BD00BF3812002032
S21401981010B5FFF7C7FD044618B9034B01215B6875
S2140198209847204610BD00BF3812002010B514F02E
S2140198303CFC044620B9034B01215B680846984767
S214019840204610BD3812002007B54FF400730A49B0
S214019850ADF806300DF1060215F074F8BDF80630C5
S214019860B3F5007F05D1022808BF002003B05DF8DC
S21401987004FB0120FAE700BFB44400200D4BD3F8E7
S214019880E020D20314D50C494FF48032C3F8E82007
S214019890C1F8EC209A6BD1B2C2F3072299679A6796
S2140198A004229A6700229A679A679A679A679A6764
S2140198B0704700BF0010084000100846F8B50C4C71
S2140198C00D46174606460FF0ECFD0123A36204235E
S2140198D027606660A560C4F8E830064B4FF48072D6
S2140198E0C3F880210FF0E1FD0DB10223A362F8BD9C
S2140198F00010084000E100E0054B1860054B01220E
S2140199009A6540F6FF72196358635A65704700BF3F
S214019910B8460020001008402DE9F04F042A83B015
S214019920054639D90B7883614B7883618B788361DF
S214019930CB7883610068D5F808B06E6800F0070040
S2140199400123063003FA00F808F1FF3909EA0B078C
S214019950A2F1040AA8EB0702924501F1040446F0BD
S21401996000560DD8F0192146524617F0D0FB0AEBE7
S2140199700B0248EA09031A40AA6003B0BDE8F08F5B
S2140199802146F019019217F0C2FB019AA118AAEB21
S214019990080230463A44E8E7013A032AEDD8DFE800
S2140199A002F00B08050211F8013B836111F8013B37
S2140199B0AB6111F8013BAB610B78AB6103B0BDE85D
S2140199C0F08F00BF38B50C46104B1546014668B1FE
S2140199D00122C3F8B8200E482246FFF79DFF1DB1AD
S2140199E00A4B0422C3F8B820002038BD64B1D3F86E
S2140199F09C20A24284BF0122C3F8B820C3F8984035
S214019A000222C3F8B820EAE70122FAE7001008406C
S214019A109010084010B50FF044FD184B184901226C
S214019A209A65C3F888201A66164A5A660722C3F84A
S214019A3084200A80144900220A804FF4A021C3F82A
S214019A40E81003F1C0630446C3F8EC100F4B1A602C
S214019A500F4BD3F888305B020AD50E4B18680E4BB5
S214019A604FF48002C3F88820416BA430FCF7F8FB62
S214019A702046BDE810400FF018BD00BF001008409A
S214019A80984D0020E0200020964D0020B44600208E
S214019A9000400840B0440020004008440D4B072217
S214019AA01A800D4B00221A800C4B0121C3F8B81006
S214019AB0C3F890204FF40052C3F89400C3F8B420C2
S214019AC0074BF0221A6403F10073A0221A64FFF711
S214019AD0A1BF00BF984D0020964D00200010084001
S214019AE0000008442DE9F041044688B1394E3A4F4A
S214019AF00FF0D7FC3388394A03F07801032C05466A
S214019B0003F07F0C114453D13C6824B90FF0CDFC0F
S214019B100320BDE8F08124F00104386820F001003C
S214019B20A0424AD100223A6022886FEA42426FEA96
S214019B3052428C42228036D1294CDFF8B8C02788A1
S214019B40ACF180083A46083A92B201F10800604545
S214019B5028BF4046082A04D9B0F900E0BEF1000F3C
S214019B6036DB22803B440C8888781E499B1ADBB280
S214019B70C4F30C04CC6300F007003380CB66C1F855
S214019B808420FFF77BFE04280DD1174BD3F88830CD
S214019B90164B1868164B4FF48002C3F88820416BA9
S214019BA0A430FCF75DFB28460FF07FFC0020B0E7F1
S214019BB0601E012898BF0C46AFE70948624400883A
S214019BC0A21A48BF803208389042ADDC28469DE78D
S214019BD00146B8E7964D0020B4460020E02000205C
S214019BE0984D00200010084000400840B044002076
S214019BF000400844602100200E490F4B0A881B884C
S214019C000E481344073B03F0780303440832987860
S214019C1092B20A8000F0070009490428C1F884209E
S214019C2004D101F540514A681203FCD4054A136079
S214019C30704700BF984D0020964D0020E020002080
S214019C4000100840B446002010B5054C206828B125
S214019C50C30701D4FFF746FF0023236010BD00BFF2
S214019C60B4460020084B4FF48032C3F8EC2003F1D1
S214019C707C43C3F8E420D3F88030C3F30C03782B7D
S214019C8001D8FFF7FBBD7047001008442DE9F843E3
S214019C9004460E460FF005FC504B514D1A882D8890
S214019CA08146504802F07801032C02F07F030144FC
S214019CB017D14D4C24688CB92A44073A02F0780231
S214019CC084180344E31A48BF8033AB4210DB48468E
S214019CD00FF0EBFB00242046BDE8F88324F00104D6
S214019CE0EFE7012C02D0022CEBD1083D0C46E8E749
S214019CF0002E41D08C423D4942D1D1F83C800A6BBE
S214019D0002F00702063201279740D1F88020C2F3FD
S214019D100C029A4247DDB4F900302588002BD6DBC9
S214019D20A378C5F30C0503F007037A1EA5EB080517
S214019D303A43052B337005EA02052CD82DB2E843C9
S214019D4040F236420421C00FFAF7E6FC7580E3784C
S214019D50274A337412687B1E03EA0803D118B160E0
S214019D60A9B213FA85F5BD4289BFFF1A0023B78051
S214019D70F2609CBFB180F36048460FF096FBAAE7FD
S214019D80A4F10802824238BF04F17802B2F80080DA
S214019D90C8F30C08B3E7174BDB6C003B18BF012375
S214019DA0A5EBC305CAE78B6B7A1EA3EB08033A4300
S214019DB01A40114B15B25B686AB9C3F30363D91E27
S214019DC04B424B41DB0033700B4B7280D3F8903023
S214019DD0C3F30723BCE70823F5E700BF964D002031
S214019DE0984D0020E0200020B446002000100840D6
S214019DF0B8460020000008400040084010B50FF0AB
S214019E0050FB084B1B6804463BB1984728B100221B
S214019E1000204FF48061FCF7CBFF2046BDE81040E0
S214019E200FF043BBBC4600202DE9F74FDFF8ECB03E
S214019E308146DBF800A00F46FBF7BEFC4FF0FF356E
S214019E40CDE9000100202C46064606F110031B0151
S214019E505BF8033003F00308B8F1010F15D1304663
S214019E60FBF7C2FC02460B46DDE90001FBF752FB9D
S214019E70DBF85C3006F10802D340DB0737D5002F4C
S214019E803ED000253E602C4640460136052EDCD1EC
S214019E9050B3224F396B0131A4FB014164190AF416
S214019EA0403341F10001B3F5003F4FF000022FD1DE
S214019EB0FB6A0AF4405A013342F10006BAF5805FA4
S214019EC021D1BD6A15F5807542F100026E4303FB90
S214019ED00266A5FB03323244594304FB0212A3FB7C
S214019EE004341444C9E9003403B0BDE8F08FA84235
S214019EF071EB0403C8D207B13E6005460C46C3E7C2
S214019F003D463C46C0E7320242EA13621B02E3E7E3
S214019F10BB6A13F5807342F10002DDE7005008408A
S214019F20024B99685A690A401A617047004004401A
S214019F3008B5FFF7F5FF054B5B7B01330122DBB26A
S214019F4002FA03F3024A136108BD00BF6C44002005
S214019F500040044038B504460D460FF0ADFA064AF7
S214019F6013889BB22DB123431380BDE838400FF010
S214019F70A9BA23EA0403F7E79C4D0020034B00220D
S214019F8001214FF480701A70FFF7E4BFE7500020FC
S214019F9008B5054B186814F06CFC00F00300C31EEE
S214019FA05842584108BD00BFD8460020F0B585B0DC
S214019FB00023CDE901330393124B134D134E1B7847
S214019FC08DF804300FF078FA2A783378104F9A42D9
S214019FD004460CD031783868297001AAFFF726FCB0
S214019FE050B10C4840F69911EBF7D8FE04E03868FA
S214019FF014F03FFC0128EDD020460FF063FA05B0BF
S21401A000F0BD00BF761500207315002074150020E2
S21401A010D8460020C2D5030038B504460FF0D1F863
S21401A0200C4B05461978987881420FD0631E082B91
S21401A0300CD8DFE803F0050D0B0D0B0D0D0D0D0013
S21401A04000220146044B186814F011FC284638BD5E
S21401A0500022F7E776150020D8460020F8B52B4BEE
S21401A0601B7823B12A4840F67B31EBF797FE0FF0B9
S21401A07023FA284B1C8814F00604064609D0012151
S21401A0804FF48070FFF766FF3046BDE8F8400FF0EA
S21401A09019BA21464FF48070FFF75CFF204602F0A4
S21401A0A025F802280AD180221B4B8021186813F05C
S21401A0B0FAFF10F092F9FFF779FFE5E7204602F084
S21401A0C015F8054638B1012807D0114840F6BD31CC
S21401A0D0EBF764FED8E70246E6E70F4F3868FFF76E
S21401A0E081FB386814F0C5FB01280CD038682A4675
S21401A0F0294614F0C0FB21462C20FFF78DFF214690
S21401A1000A20FFF789FF10F069F9BDE7E750002044
S21401A110C2D503009C4D0020D846002038B54FF02C
S21401A120FF300C4617F009F80A4B0546186817F079
S21401A13004F8641B241A20B210F1630F06DB10F139
S21401A140240F05DA64308000C0B238BD0020FCE779
S21401A150FF20FAE7D846002010B50E4C236823B935
S21401A1600D4840F62C41EBF719FE2068013014F03B
S21401A1701EFD00F0070003280AD1246809220121E8
S21401A180204601F0C7F8205C031F5842584110BD15
S21401A1900020FCE7C8460020C2D5030008B5134BD3
S21401A1A01B78062B04D0124840F2DF71EBF7F6FD60
S21401A1B0104B1B881B0704D40D484FF4FC61EBF7CA
S21401A1C0EDFD0D4B2A201978FFF726FF0021082008
S21401A1D0FFF7C0FE094B02221A70094B1868FFF7F9
S21401A1E001FBBDE8084010F03EBD00BFE75000206F
S21401A1F0C2D503009C4D0020E450002071150020BC
S21401A200D84600200148002102F002BEA812002014
S21401A2107F2837B5044612D119494FF6FF73024617
S21401A220ADF80630098802230DF1060010F0FDF89E
S21401A230BDF80640E20554BF64B26FF04A040FF061
S21401A2403BF9104B1C70104B1B88DB07054610D5DD
S21401A2500E4B1B78002B0E4B0CBF21466FF07F0177
S21401A260186813F041FF20B10A4840F60261EBF787
S21401A27095FD284603B0BDE830400FF023B900BF76
S21401A280C86703006B1500209C4D0020E850002095
S21401A290D8460020C2D5030008B50A4B1B88DB064A
S21401A2A004D4094840F60201EBF778FD002110209E
S21401A2B0FFF750FE002001F07BFEBDE8084010F0DD
S21401A2C0D2BC00BF9C4D0020C2D50300F7B5124C8E
S21401A2D0D4E9006586EA020C85EA03070CEA000C5D
S21401A2E00F405CEA070E15D086EA0C067D40C4E9ED
S21401A2F00065CDE900230B4608490246086813F0BD
S21401A300CEFE38B1064840F2F11103B0BDE8F04088
S21401A310EBF744BD03B0F0BD60210020D846002015
S21401A320C2D5030010B50FF056FA60B10FF055FA1A
S21401A3300B4A80B141F20D03BDE81040084841F2D6
S21401A3400D01FFF7C3BF074B1A789B789A4204D1D9
S21401A35000220023F0E70D23EEE7034AF9E700BFEA
S21401A360400D030076150020488D010038B5294BB5
S21401A3701B889B07044647D5274B002218680121F6
S21401A38014F003FB012C254B2DD1197859B3013953
S21401A390C9B2197011B92020FFF7DCFD0021022097
S21401A3A0FFF7D8FD1E4B1F48042200211A7002F049
S21401A3B02FFD1D4C2068013014F0F9FB00F44060BD
S21401A3C0B0F5006F23D1246801210422204600F055
S21401A3D0A1FF204414F0EBFB0146BDE83840002203
S21401A3E0202012F0ACB9114D002102201970FFF7A0
S21401A3F0B1FD2B78FF2B04D00D484FF4CA61EBF763
S21401A400CDFC2C7010F02FFC012CD2D038BD4FF6AD
S21401A410FF71E2E79C4D0020D8460020E650002060
S21401A420E750002088120020C84600207215002040
S21401A430C2D5030038B5124C23880546580709D5FE
S21401A440FFF7A6FD01460720FFF7E6FD00210420E1
S21401A450FFF780FD238899070AD50A4B19788A1FCA
S21401A460514251412846FFF7D7FD0120FFF77EFFF5
S21401A47023881B0703D5BDE83840FFF78FBE38BDDC
S21401A4809C4D0020E75000202DE9F04F570691B073
S21401A490804614461D4605D5FFF77AFD0146012084
S21401A4A0FFF7BAFDEE0403D500212D20FFF7B4FD1A
S21401A4B0A00223D5404614F041FA0146F0B94020E7
S21401A4C0FFF748FD0AA9404613F09EFEB0B99DF875
S21401A4D03030022B6DD1BDF8280016F0A4FAFF2803
S21401A4E008D1404613F08EFE40B901214020FFF707
S21401A4F031FD03E016F09DFA0028F2D1A10305D53F
S21401A500FFF746FD01460320FFF786FDE20104F052
S21401A510807354D5AD4B1B889F072FD5AC4E306842
S21401A52013F018FE50BBAB4BAB4F18703B78FF2BAC
S21401A53004D0AA4840F20D61EBF730FC002102205E
S21401A5404FF00009FFF706FD87F80090A44F3B780F
S21401A550062B07D101210820FFF7FCFC49462820DD
S21401A560FFF75AFD3B78052B06D100212B20FFF77C
S21401A57053FD3068FFF736F910F075FB260740F1FA
S21401A580C180934F05AA3868032114F0DDF9064609
S21401A59020B992484FF4D061EBF700FC9DF81430D7
S21401A5A0072B49D0FFF7F4FC01460420FFF734FDE2
S21401A5B0A8E0032BA2D10AA816F024FA9CE705F01E
S21401A5C0020213430BD0864B19788E1F71427141DC
S21401A5D02620FFF721FD0120FFF7C8FECEE704F095
S21401A5E080531A4309D07E4B1978881F4142414156
S21401A5F02620FFF711FD0220EEE704F088410B4309
S21401A60006D0774B19788A1F514251412720F0E72F
S21401A61005F008030B4302D02320FFF7FDFC6B0770
S21401A62003D500212420FFF7F7FCEF07A6D500216C
S21401A6302520FFF7F1FCA1E738680AAA314614F095
S21401A6408BF920B1654840F28761EBF7A7FBBDF8AF
S21401A6501610386802310AAA89B214F07FF920B1BF
S21401A6605E4840F29661EBF799FB00230093386849
S21401A670042304AA314614F095F9042804D0574857
S21401A68040F29C61EBF78AFBDFF8609199F80030A5
S21401A690002B40F0AD800DF1110014F088FA00F0A7
S21401A6A00700022840F0A480FFF772FC014609204B
S21401A6B0FFF7B2FC4A4B1B78062B23D1494B9DF87A
S21401A6C013201B789A421DD19DF8353023B9434893
S21401A6D040F2B261EBF762FB0DF1110014F067FA7C
S21401A6E0C0F3001631462920FFF796FC002108200A
S21401A6F0FFF730FC3C4B1E70FFF72EFD10B9386893
S21401A700FFF770F8E20505D5FFF742FC0146042085
S21401A710FFF782FC14F4863F05D0FFF739FC0146AB
S21401A7200220FFF779FCA30111D5FFF731FC0146A2
S21401A7300820FFF771FC00210420FFF70BFC284BD3
S21401A7401B78012B03D1224B1868FFF74BF814F046
S21401A750084F09D0FFF71CFC01460720FFF75CFCF9
S21401A76000210420FFF7F6FBA70009D5FFF710FC30
S21401A77001460620FFF750FC00210420FFF7EAFB04
S21401A780A60705D5114B1B881C0701D5FFF706FD4B
S21401A790680603D500210A20FFF73EFC290602D5EC
S21401A7A0012014F09DF9EA0540F1C180404614F0FD
S21401A7B05CF8052800F2B1800138042800F2B78061
S21401A7C0DFE800F0B2C2B2B2B20000BF9C4D00207A
S21401A7D0D8460020E650002072150020C2D503009E
S21401A7E0E7500020E250002071150020EA500020BA
S21401A7F0BDF816000830012180B202F09DF90390E1
S21401A80000283FF4CFAE02F0D1F80799BDF8182022
S21401A810064616F07CFC089941B1BDF81800BDF853
S21401A8201620121A92B2304416F071FC99F800A064
S21401A830BAF1000F20D106F1010B584614F0B7F912
S21401A840800659D5386814F079F80746FFF7A0FB5B
S21401A85005370146F8B2FFF7DFFB584614F0A7F9B3
S21401A86000F0070003283E4F2DD001210420FFF7FA
S21401A87071FB13F0B0FC386000223A49BDF816307F
S21401A8800978F154F7189DF83630BB709DF83730CB
S21401A890FB700A9BFB71190E3971190C7971190A33
S21401A8A099F80030B97123B973789AB343F020034D
S21401A8B07370002001F0AAFD7870039802F098F9F1
S21401A8C010F0D1F91EE701210922304600F022FDE1
S21401A8D0305C04284FF00101C8D1FFF73BFB13F0B1
S21401A8E07AFC214B38601B885906C5D55146402055
S21401A8F0FFF730FB0122C0E7FFF74AFB01460920BC
S21401A900FFF78AFB194B1B78012BB5D13868FEF788
S21401A91069FFB1E723F02003CAE7342804D00FD833
S21401A920142801D0242811D12620FFF783FDAB057A
S21401A93012D50121802011B0BDE8F04FFFF70ABB08
S21401A94000F0EF004428EEE72720EEE7084840F63F
S21401A9509E01EBF723FAEAE711B0BDE8F08F00BFDE
S21401A960C4460020731500209C4D0020E7500020AF
S21401A970C2D50300F8B5164E33780D4602F0010431
S21401A98023B1144840F28A31EBF708FA124B134F01
S21401A9901D60134DA4B1134B997801B101212020FC
S21401A9A0FFF7D8FA2B783B700F4B1C780F4B1048EB
S21401A9B01C7004233370BDE8F840002102F028BA69
S21401A9C021462020FFF7C6FA2B783B70EEE700BF42
S21401A9D0E7500020C2D50300C8460020E4500020FE
S21401A9E075150020CC460020E5500020E6500020DA
S21401A9F0A81200202DE9F843DFF8A481634C0EF07D
S21401AA005BFDB8F8003013F4807F054603D0237849
S21401AA1073BBFFF723FB00210846FFF7FDFA5C4BEB
S21401AA201A78FF2A13D01A7802F0FF0632BBFF22EB
S21401AA301A702378052B0AD10023284623700EF0BE
S21401AA4041FD304614F03FF80EF036FD05462378FA
S21401AA50504E062B09D13378FF2B06D03378022BC4
S21401AA6015D14D48002102F0D3F9FF2333702BE0B6
S21401AA7000214FF48070FFF76DFACCE71A78012AAF
S21401AA804FF0FF021A7014BF33264C26D4E73378F2
S21401AA9013B13378012B22D1FFF75EFB96F80090B5
S21401AAA007463D4802F050FAFF235FFA89F93370F2
S21401AAB077B1B9F1010F44D1374884F80090642189
S21401AAC002F0A6F9FFF772FA28460EF0FBFC06E044
S21401AAD0284627700EF0F6FC384613F0F4FFB8F857
S21401AAE000301B0605D500218020FFF733FA10F051
S21401AAF0C0F802F08FF8294E308000B32778012F76
S21401AB0042D101F053FF054610B3013014F04FF85F
S21401AB1000F44060B0F5006F1AD104223946284689
S21401AB2000F0F8FB284414F042F84FF6FF73984201
S21401AB300ED13188002001F08DF900233380BDE865
S21401AB40F8830023284623700EF0BCFC3F20C4E7A0
S21401AB50114802F0F9F900210846217001F02CF99C
S21401AB60012523780BB9FFF779FA3188002001F027
S21401AB7071F900233380002DE1D020780028DED142
S21401AB80BDE8F84314F061B90025EAE7E750002074
S21401AB907215002071150020A81200209A4D002081
S21401ABA09C4D002008B513460A461946064B186800
S21401ABB013F01CFB30B1BDE80840044840F2AF4139
S21401ABC0EBF7ECB808BD00BFD8460020C2D503009D
S21401ABD008B513460A461946064B186813F000FBDB
S21401ABE030B1BDE80840044840F2B641EBF7D6B8AC
S21401ABF008BD00BFD8460020C2D50300024B187816
S21401AC00B0FA80F040097047E7500020024B1878F0
S21401AC10431E584258417047E750002008B5064B7E
S21401AC201B7823B1054840F2DF41EBF7B7F8FFF791
S21401AC3015FA002008BD00BFE7500020C2D503006A
S21401AC4008B5064B01EB81011868490013F063FA59
S21401AC50002814BF2120002008BD00BFD8460020D0
S21401AC6008B5044B1868F9F741FD0A2390FBF3F089
S21401AC7040B208BDD8460020014B1878704700BF87
S21401AC807415002008B5044B186813F090F9B0FA53
S21401AC9080F0400908BD00BFD846002038B5124DE7
S21401ACA02B78012B0C4604D910484FF4A061EBF722
S21401ACB075F821460020FFF7E5FF90B10C4B1C709C
S21401ACC02B785BB9FFF7CAF90A4B93F900100A4BC8
S21401ACD0C901186813F0E5F9002038BDFFF766F9D9
S21401ACE0F2E72120F9E700BFE7500020C2D50300B4
S21401ACF074150020E9500020D846002008B5054B01
S21401AD000121186813F0D2FD0028B8BF033040F3C4
S21401AD10870008BDD846002008B5074B186813F011
S21401AD2040F930B1054BB3FBF0F083B20BB11846D6
S21401AD3008BD0120FCE700BFD846002040420F00B6
S21401AD4008B5074B186813F030F930B1054BB3FB63
S21401AD50F0F083B20BB1184608BD0120FCE700BF36
S21401AD60D846002040420F002DE9F347534F0120FB
S21401AD700FF035FB3B88990704D4514840F6CB3198
S21401AD80EBF70CF8DFF85C8198F80030053B012BF7
S21401AD9004D94B4840F6CD31EBF700F8494E3368FD
S21401ADA023B947484FF43D61EAF7F8FF3C8814F0B1
S21401ADB020045CD001212220FFF72EF94FF47A748B
S21401ADC0FFF7BEFF33681B780933434304EBC30424
S21401ADD098F80030062BA5B20BD1FFF79DFF04466D
S21401ADE0FFF7AEFF602358430C2303FB04002844FF
S21401ADF085B2D6F80090344B99F800801C78334E13
S21401AE0008F1FF381FFA88F8002C3FD13B885A0515
S21401AE1032D57378DFF8C8A026468AF80030CAF81B
S21401AE2008500EF0DEFC30B10EF0D9FC012814BF3C
S21401AE30102308231E43264D802349462868424690
S21401AE4013F07EFD234B1978234B19703B889B0624
S21401AE501FD5CDF800A0214B28683246FEF7D8FC56
S21401AE6010BB002002B0BDE8F0470FF0B8BA21468B
S21401AE702220FFF7D1F8A3E709F1010013F097FEAE
S21401AE8010F020047378C5D00124C3E7737800243A
S21401AE90C0E7134B28683246FEF7ACFC014618B9EA
S21401AEA02520FFF7B9F8DCE721462620FFF7B4F89E
S21401AEB0034840F67331EAF771FFD2E79C4D002054
S21401AEC0C2D50300C8460020EA50002076150020AF
S21401AED0D84600207415002073150020CC460020AB
S21401AEE06C120020E750002008B5174B1B889B0703
S21401AEF004D416484FF46361EAF750FF144B1B78ED
S21401AF00053B012B04D9114840F63161EAF746FFAB
S21401AF10104B1B6823B90D4840F63361EAF73EFF34
S21401AF200D4B0E49002221201A70FFF775F818B94B
S21401AF30BDE80840FFF718BF022803D1BDE8084066
S21401AF40FFF714BA08BD00BF9C4D0020C2D5030010
S21401AF50E7500020C8460020E1500020F9B001006B
S21401AF60F8B5594C23889A0704D5584840F2D6219B
S21401AF70EAF714FF564801F0E7FF0EF09DFA238822
S21401AF805B0705460BD513F026F9524B1B68C01A12
S21401AF90B0F5717F03D900210420FEF7DBFF2846B8
S21401AFA04D4D0EF08FFA2B78042B32D10EF084FA29
S21401AFB023885F07064608D54548002101F028FF8B
S21401AFC03046BDE8F8400EF07DBA0EF07BFA0EF082
S21401AFD073FA424B424F1B78064613B9238859052C
S21401AFE00FD50523012102202B70FEF7B3FFFFF7D3
S21401AFF07BFF30460EF066FA3B68DA78394B1A70FA
S21401B000F8BD3868013013F0D2FD8206E9D5062373
S21401B010E8E7062B4DD1344B1B78FF2BF0D1334E8E
S21401B0200EF0E1FB3378002B3DD00EF045FA238875
S21401B0305B07054605D52648002101F0E9FE2846AE
S21401B040BFE70EF03FFA3378013B33700EF034FA67
S21401B050012104460220FEF77DFFFFF745FF20464B
S21401B0601F4C0EF02FFA2068013013F0A0FD00F4FB
S21401B0704060B0F5006F13D12468012104222046F8
S21401B08000F048F9204413F092FD0146184B1A7857
S21401B0903378D21AD2B2BDE8F840042011F04FBB83
S21401B0A04FF6FF71F2E72B704020BDE8F84013F031
S21401B0B00ABD012BA4D100232B700E4B1868FEF796
S21401B0C091FB3F20F1E700BF9C4D0020C2D5030055
S21401B0D0A8120020C4460020E7500020EA500020B5
S21401B0E0C8460020E250002071150020E4500020E0
S21401B0F075150020D846002008B50A4B1A7882B983
S21401B100012210281A7004D0074840F62761EAF792
S21401B11045FE00212020FEF71DFFBDE80840FFF791
S21401B12023BE08BDE1500020C2D5030038B510206B
S21401B1300C460121FEF70EFF064B1D68FFF7ECFDDE
S21401B140054B00FB04F10122284613F098FB002072
S21401B15038BD00BFD846002099A2010008B5094BAA
S21401B1601B88DB0604D4084840F27651EAF716FE3F
S21401B17010200021FEF7EEFE044B1868BDE80840DB
S21401B18013F08BBB9C4D0020C2D50300D84600208F
S21401B19010B5064C206813F002F8C30704D52068E2
S21401B1A0BDE8104012F0FDBF10BD00BFD84600201C
S21401B1B008B5094B01221868114613F05CFB002103
S21401B1C02C20FEF729FF00210A20FEF725FFBDE807
S21401B1D008400FF003B900BFD84600200148EAF73F
S21401B1E0DDBD00BFDCD50300014B4008185C70478D
S21401B1F06D15002008B513460A461946064B186811
S21401B20012F0FAFF30B1BDE80840044840F671413B
S21401B210EAF7C4BD08BD00BFD8460020C2D503006A
S21401B22008B5044B186813F024FB013818BF012039
S21401B23008BD00BFD846002070B505460EF03CF9A3
S21401B2400E4B0F4E1B883570DA07044608D50D4B9A
S21401B2500D4D1B78012B08D90121286813F06CFBD2
S21401B2602046BDE870400EF02DB91BB10EF0B1FAC4
S21401B270C305F1D4317881F00101EEE79C4D002041
S21401B2806C150020E8500020D84600200C4B1B8887
S21401B290DB0710B5044611D5FFF744F8094B84F0D7
S21401B2A001021868D200082112F0FDFE30B1BDE897
S21401B2B01040054840F6BF61EAF770BD10BD00BFFB
S21401B2C09C4D0020D8460020C2D5030008B5044B8B
S21401B2D00146186812F09BFF003818BF012008BD10
S21401B2E0D846002010B50A4C23787BB1FFF760FFE3
S21401B2F000210420FEF72EFE00210220FEF72AFE82
S21401B30000232370BDE81040FEF7A8BE10BD00BFA5
S21401B310E7500020032A134601D913F0EFBB014A78
S21401B320D05C7047E6D5030018B1034B19600020C6
S21401B3307047024BFAE700BFDC460020E0460020DB
S21401B3402DE9F8431046DFF82481174613F02FFC49
S21401B350D8F8003005462BB9424B1B6813B90020BC
S21401B360BDE8F88315F4406905F040060FD136BBF9
S21401B370B5F5804F52D24FF48074D8F80030002BC8
S21401B38056D1384B1B68002BE9D0002262E0F81C2E
S21401B39013F00DFC4FF6FF73984214BF01240224EC
S21401B3A086B1052605F44043B3F5004F44F0080482
S21401B3B024D0B5F5804F23D244F4807420E04C4667
S21401B3C00326EFE7B5F5804F4FF00506F4D3B9F540
S21401B3D0406F14BF022008203044384413F0E7FBC6
S21401B3E0214BB3F85C3005F4404583420CBF44F072
S21401B3F0080444F00404B5F5004F01D144F080047C
S21401B400B9F5006F0ED1B81913F0D1FB164BB3F88E
S21401B4105E308342B1D144F01004AEE74C460326B9
S21401B4200220D9E7B9F5406F08BF44F02004A4E72D
S21401B4300022D1B233F8110033F911100029A0DB34
S21401B440A04202F10102F4D1012089E7A04202F1F3
S21401B4500102F9D0D1B233F8110033F911100029E5
S21401B460F4DA7CE7DC46002080470020E046002036
S21401B4702DE9F04F104685B01646984613F097FB17
S21401B4805D4F00F00803B7F85C100293044600F025
S21401B4900709F01C0391B7F85EB013F088FB06F1BC
S21401B4A0050A0546504613F082FB03464FF6FF7029
S21401B4B0854218D00399A1EB050CDCF1000545EB9C
S21401B4C00C056D004FF6FF718B420ED145F0040559
S21401B4D000F0ECF9029B6BB1B9F1000F11D04220DC
S21401B4E005B0BDE8F08F0125ECE79B4508BF45F0A8
S21401B4F00805EDE7B9F1030FF1D8DFE809F0021B03
S21401B500795D00F0D3F908B9A807E8D524F0080456
S21401B510A4B2B4F5004F05D0B4F5624F02D0B4F52D
S21401B520404FDCD1002597F8A8202946002013F0CB
S21401B53052FC3CE0D7F88030E3B900213246084699
S21401B540FFF7FEFED8B924F038039BB248F6410255
S21401B5509342C4D10A2D49D0062DC0D197F8773031
S21401B560023B012BBBD8FFF751FB0028B7D140F6B1
S21401B570040505E04146304698470028DDD00825F9
S21401B580E20648BF45F08005A30648BF45F480554E
S21401B59005F00C03042BC6D1F01D13F008FB97F839
S21401B5A0A830009332462B46414613F0E9FB08B318
S21401B5B00E9B1880002093E7A90705D1B7F85C20F9
S21401B5C04FF6FF739A428AD104F44063B3F5006FD5
S21401B5D00AD0B3F5406F82D108490822504615F0CB
S21401B5E046FD00287FF47BAF0C25C9E70425C7E795
S21401B5F0432075E7192073E780470020E0470020C5
S21401B600074A084900231360074A1360074A136074
S21401B610074A1160074A01211170074A13607047F3
S21401B620F046002031EE0200EC460020E8460020FD
S21401B630C812002079150020F84600200E2A70B5A1
S21401B6400C4606461546194603D9FFF7D9FF502082
S21401B65070BD012807D10020FFF7F2FAF8B1FFF715
S21401B660CFFF2120F4E7284B4FF4FE421A80274BE8
S21401B6707F221A70264B80221A70264B00211980D1
S21401B680254B1960254B1B684BB1342001F054FA49
S21401B690234B188018B9FFF7B3FF0120D8E724F031
S21401B6A0FF6323F4FF231BB1FFF7AAFF4F20CFE769
S21401B6B07CB92046FFF7E0FA10F0800F43B24FF056
S21401B6C001041BBF00F01F039C409C4044F07844DB
S21401B6D00325144B14491E70144B1D70144B24F093
S21401B6E078441C60134B00201870134B1A6800F046
S21401B6F0E3FA18B1FFF784FF0420A9E70F4B9DF882
S21401B70010201A70A4E700BFA04D0020EC500020C6
S21401B710EB5000209E4D0020F4460020E846002015
S21401B720A24D0020F150002029BB0100EF5000205F
S21401B730F8460020F0500020F0460020ED50002092
S21401B7407FB5244B24481A7824490078012303FA4C
S21401B75002F21A4400250A60ADF80E5020B3984252
S21401B76036D11F4C1F4B20781B681F4E0DF10E0162
S21401B7709847BDF80E20307092B11C4B009301958E
S21401B78002232946284600F0D1FA3278237822B1DE
S21401B790012A06BF0133DBB21B23237004B070BD40
S21401B7A0013818BF0120F0E778235A43013A0A60AE
S21401B7B00F49082200F086FC0B49094A09781378DC
S21401B7C021B1012906BF0133DBB21B231370E5E764
S21401B7D01846E3E7EF500020F1500020FC46002019
S21401B7E0F0500020C81200207915002065BB01002A
S21401B7F0F5B7010010B5244B244C1878002834D135
S21401B800FFF77CFA224A136801331360214A92F942
S21401B81000108142B8BF10701F4A92F90010814291
S21401B820C8BF1070012B1D490DD100020880236886
S21401B8300BBB1B4813F025FD014620BBBDE810409D
S21401B840174801F0E5BAB1F90020A2EB221303EB89
S21401B85000131BB20B801349A0EB2323A0EB22207D
S21401B8600A8813FB00230B80E1E72368002BE0D056
S21401B8704FF4707200E008220B49002000F022FC11
S21401B8802368013B236010BDF1500020FC460020D8
S21401B890F4460020EB500020EC500020A04D002084
S21401B8A0CC1200209E4D0020F5B70100054B1B6809
S21401B8B02BB9054B1868003818BF012070470120C6
S21401B8C0704700BFEC460020E846002037B5054625
S21401B8D01C46FFF7EBFF68B974B1084B1A60084BBA
S21401B8E01C60012300930A4603232946FFF7A6FEA0
S21401B8F003B030BD4D20FBE72520F9E7E4460020E4
S21401B900EC46002013B50446FFF7D0FF58B962B1E4
S21401B910074B1A60012300930A4603232146FFF7CB
S21401B9208DFE02B010BD4D20FBE72520F9E700BFD4
S21401B930E84600202DE9F0410446DDE906869DF83B
S21401B94020701D46FFF7B2FF88B99EB1A2B10B4B1E
S21401B9501A600B4BC3F800800A4B0A461E6021464C
S21401B96006972B460120BDE8F041FFF767BE4D2044
S21401B970BDE8F0812520FBE72120F9E7C812002069
S21401B980F0460020EC460020014800F035BE00BF1E
S21401B990A24D00202DE9F0410020FFF7A3FC0F4B3C
S21401B9A00F4C1E680F4B20881D680F4B0F4FD3F8A6
S21401B9B0008010B1397801F031F800203870FFF7B7
S21401B9C01FFE00F033FC0EB14046B0471DB1208883
S21401B9D0A84700232380BDE8F08100BFEC46002085
S21401B9E0A24D0020E8460020F8460020F250002034
S21401B9F02DE9F0473D4801F0A7FA3D4B1C78002C95
S21401BA0042D13C4F2046FFF737F93B680546002BED
S21401BA103AD0394EDFF804A1DFF80481DFF804914B
S21401BA20012B1EBF348803F1FF33B4FBF3F4334B11
S21401BA3034801C6834B19AF9013098F9002099F9DC
S21401BA400010A0472E4B1B688BB12E4C2378312B50
S21401BA500DD82D4B188800F0A9FF23785A1C2270A8
S21401BA6098F80020C25423785A1C2270C5544FF40B
S21401BA70FE43AAF800307F2389F80030802388F837
S21401BA800030002333803B60204C23781A2B23D8C8
S21401BA901F4A1278012A09D11E4A1568002125FA83
S21401BAA003F0C007DAB20FD501B122700020FFF70C
S21401BAB0E3F82178884213D1174B00221A70FFF75A
S21401BAC03FFE48B9BDE8F0870133D8B21A284FF0D7
S21401BAD00101E4D90A442270BDE8F047FFF75ABFD6
S21401BAE00020FFF7DBF80028E6D0F5E7CC120020AF
S21401BAF0F1500020F44600209E4D0020E446002030
S21401BB00E8460020F2500020A24D0020F050002010
S21401BB1079150020F8460020EE500020A04D0020A8
S21401BB20EB500020EC50002008B50B4B187880B97C
S21401BB300221FFF773F8094B1B782BB100214FF652
S21401BB40FF720846FFF744F8BDE808400448FFF7CF
S21401BB504FBF00210846ECE7F1500020ED500020D1
S21401BB60CC12002038B5144B1D78012D0C4621D17E
S21401BB7081B90846FFF780F8104A1149136805FA9B
S21401BB8000F023EA0003136020462A46BDE8384049
S21401BB9000F098BA0B4A13780133DBB2022B13700C
S21401BBA004D9BDE838400848FFF722BFFFF7C8FDB3
S21401BBB00028F6D138BD00BFF1500020F84600201D
S21401BBC0F5B70100EE500020CC12002038B5094828
S21401BBD0094D00F011FD002495F84430E0B283428F
S21401BBE000D838BD05EBC000043000F005FD013477
S21401BBF0F2E700BF204800208047002008B503492F
S21401BC001046482215F083FA002008BDD8470020C8
S21401BC1008B5054813F035FB014620B9BDE80840D4
S21401BC20014801F0F5B808BDEC12002038B51C4BF0
S21401BC3000221A701C4615460132082A5D609D8056
S21401BC4043F8085FF8D148220021164815F039FA62
S21401BC504FF6FE73A4F868307F226FF4803300211C
S21401BC601148E36515F02DFA104B84F84450C4E9E9
S21401BC702835C4E9125584F85050656584F8A850F3
S21401BC80EAF7E6F90A4B18700A4BFF220121002059
S21401BC901A70E4F72DFE0020FFF7BAFF002038BD2A
S21401BCA080470020D8470020004700200000FFFF03
S21401BCB0F350002030510020094B10B5AC2404FB92
S21401BCC00030836C53B990F850403CB931B1C0E9AB
S21401BCD012122046FFF79CFF204610BD2120FCE7EC
S21401BCE08047002070B5AC230A4E03FB00F573199C
S21401BCF093F850405CB920460BF058FC735D204623
S21401BD0043F002037355FFF783FF204670BD012001
S21401BD10FCE700BF80470020AC23034A5843135C6E
S21401BD2023F00303135470478047002070B516466E
S21401BD301F4A12780446C2BB1E4DAC2101FB0051BE
S21401BD408A6C92BB91F850203AB1022B2DD191F812
S21401BD504410072907D91C2026E091F8441007292A
S21401BD60F9D8012B08D0AC2000FB0450CA00011DF5
S21401BD700C3015F08CF90021AC2303FB04F000EB2A
S21401BD80C10129449DF81430CB71049B8B602B189C
S21401BD90002493F844208E80013220468C7183F86B
S21401BDA04420FFF735FF204670BD0120FCE700BFA9
S21401BDB0EA50002080470020F8B5234B1B78044644
S21401BDC00F46002B3ED1214DAC2303FB0053B3F8A5
S21401BDD0A03023B91E4840F23631E9F7DFFFAC2226
S21401BDE002FB0452D2F8A46036B192F8A330B2F83E
S21401BDF0A02039460020B047AC236343EA1800214F
S21401BE00A2F8A010C2F8A41092F8A820482101FBBD
S21401BE1002322A44D2F89820964213D0EB5C9B0754
S21401BE200CD5AC2262432046AB5C23F0020343F000
S21401BE300103AB54BDE8F840FFF7EABE0BF0D8FBB0
S21401BE400028EED1F8BD00BFEA5000208047002050
S21401BE5027D703002DE9F04F8BB00D460790084613
S21401BE6000F0A4FD044618B921200BB0BDE8F08F00
S21401BE70284600F0B7FDC0B208382218215C92F8B7
S21401BE8002B092F803A05268069200222678B4F80F
S21401BE900130ADF82620434A059192F80090B9F199
S21401BEA0000F09D0404B1B6823B14FFA8BF2514665
S21401BEB0204698470020D8E703F00703022B6ED0F0
S21401BEC00134092249462046FFF724FA023EF6B21B
S21401BED0331ADAB21B0607460392C5D4DFF8CC80C4
S21401BEE0D8F890302BBB00210DF12609039BCDF825
S21401BEF0009022460846FFF7BBFAC3B20546002B60
S21401BF0048D1BDF8260012F09FFEC8B9BDF826003C
S21401BF1012F083FF0490BDF8260012F095FED8B902
S21401BF20012332462146484600F08CFEC8B119204E
S21401BF309BE74A460121284698470028D3D193E734
S21401BF40D8F89430BDF82600002BDFD0E1199847C9
S21401BF500028DBD1022088E7039A0498E11915F03E
S21401BF60D6F8BDF8260000F021FD059B8372069BDE
S21401BF70079A80F808A01BBAC360AC2303FB0283B0
S21401BF8080F809B093F85020BDF8260022B1DB6C8A
S21401BF9003B19847E8B268E7D8F87830F8E70120A7
S21401BFA063E700BFEA500020C0460020804700201B
S21401BFB070B50A4CAC2303FB004305465E6D26B9FB
S21401BFC0074840F2F731E9F7E9FEAC2303FB0544E5
S21401BFD0002363653346BDE870401847804700205C
S21401BFE027D703002DE9F84308460F46164602F107
S21401BFF0010912F017FF8046384612F01EFE04288B
S21401C00056D1384612F03DFE2C4C4FF6FF7248F6DC
S21401C010410348F66105904208BF1D46B4F85C101E
S21401C020301D12F0C6FD384612F02BFE0146B01D3B
S21401C03012F0BFFDB4F85E1006F1080012F0B9FD6B
S21401C04006F10A04384614F0E1FC10B145F010057B
S21401C050ADB22946484612F0ACFD384612F0DDFE78
S21401C06042460146204615F052F83846012100F0B6
S21401C07027FD4444074660B100F0B4FC0546384647
S21401C08000F094FCEDB201462A46204615F03FF832
S21401C0902C440B4A1378F370A41B591C01341170FD
S21401C0A0347030460922BDE8F8430121FFF732B962
S21401C0B0484612F07CFD4C460546C3E78047002003
S21401C0C0F3500020084B10B40C461146AC2202FB7C
S21401C0D00033586D20B95C655DF8044BFFF726B850
S21401C0E002205DF8044B70478047002010B50B4BCB
S21401C0F0AC2250431A18482492F8A81004FB0100F9
S21401C100034493F87700022806D092F850301BB902
S21401C110032818BF012010BD0020FCE7804700203F
S21401C12070B508B1012070BD234C94F8A850002DBD
S21401C130F8D1B4F85C202946FEF74AFDB4F85E2033
S21401C14029462846FEF72EFD04F1600229462846B8
S21401C150FFF750F894F87730002BE3D0284694F890
S21401C1605860FEF789FD864215D1002094F95A5091
S21401C170FEF776FD854216D10020FFF7B7FF04468D
S21401C1800020FEF73BFD0028CDD021460020BDE86B
S21401C1907040FEF743BD94F858102846FEF77EFD22
S21401C1A00028E2D0BFE794F95A100020FEF748FDB8
S21401C1B00028E1D0B7E700BF8047002010B514463D
S21401C1C0174A0346AC2000FB032292F877000228A8
S21401C1D00CD1E07F022809D141B112490978012921
S21401C1E013D992F85810227891420ED12178184628
S21401C1F0FEF748FD90B10C484822214614F087FF0F
S21401C2000020FEF7FBFC08B9002010BD044B93F894
S21401C210A8000028F8D1FFF783FFF5E72120F4E70F
S21401C22080470020D14F0020D847002008B5094B91
S21401C230AC2202FB003300205A6DD86483F850000C
S21401C24012B15865FEF78AFF0020FFF769FF00204C
S21401C25008BD00BF804700207FB51C4C94F8A8306D
S21401C26023B1002084F8A800FFF75AFFB4F8A050C5
S21401C27094F85A308DF80F3025B9154840F2ED2163
S21401C280E9F78CFD134A29460020FFF7ABFEE66F5F
S21401C290104C02469EB10DF10F030193002300934B
S21401C2A021462846B0470246247854B920462146FE
S21401C2B0FFF782FD2046FFF7ABFC04B070BD0122FC
S21401C2C0F2E704490020FEF755FBF6E78047002019
S21401C2D027D703000047002038B5494B1C78002CAF
S21401C2E058D1484800F030FE2046FEF787FC00286B
S21401C2F050D0454C2378D90733D594F850201AB13D
S21401C30023F00303237045E023F0010323700BF0B1
S21401C31057F923789A07054601D50BF047F92946C0
S21401C32000200BF0C1F840B9237843F001032370D5
S21401C3302846BDE838400BF039B9002384F8A3300D
S21401C34094F8A83084F8A250482202FB0343A4F8CC
S21401C350A000D3F89830C4F8A430BDE83840FFF701
S21401C3607BBF94F84400B0B1251D95E8030004F1A5
S21401C370A00383E80300FFF76FFF94F8442004F15D
S21401C3800C01D200284614F082FE94F84430013B9A
S21401C39084F8443038BDA26C62B99B0711D5237866
S21401C3A023F0020343F001032370BDE83840002068
S21401C3B0FFF72EBC012384F85030A0649047237801
S21401C3C09EE70BF015F90028E9D194F8A83073B16F
S21401C3D0F4F77AFD94F85030002BDBD1FF2818BF14
S21401C3E084F8A800BDE838400020FFF799BED4F8CD
S21401C3F08C30002BECD098470028CBD1E8E700BF63
S21401C400EA500020EC12002080470020034BAC22AB
S21401C41002FB003393F8A800704700BF8047002056
S21401C42070B504460020FEF7E9FB0C4EAC235C43D6
S21401C430351995F850300BB1002070BD0028FBD09F
S21401C440074812F01EFF0028F6D1335D002BF3D10A
S21401C45095F84400B0FA80F04009EEE780470020E6
S21401C460EC12002028B1034B1B68C01A40100130A3
S21401C47080B270473C48002030B1044B00F10040C8
S21401C4801B68013803EB4000704700BF3C480020A2
S21401C49010B5034612F0E1FC074A03EB40031468AB
S21401C4A04FF6FF729C42184604D90188914203F167
S21401C4B00203F7D010BD00BF344800202DE9F04735
S21401C4C0204F3B880546A3B3B0F90230002B30DB82
S21401C4D0DFF87C801C49D8F8000014F00EFE20B965
S21401C4E01A4840F2CD11E9F759FCDFF860A0DFF8F1
S21401C4F0649000263A88B3B29A4204D840F2CF112B
S21401C5005046E9F74BFCD9F80030D8F80010B2B223
S21401C51003EBC20453F8320068B943F83210A3881B
S21401C5200133A380284612F098FCE38803EB40030E
S21401C530E380BDE8F08714F0E0FD01360028D9D18C
S21401C540EDE700BFA44D0020EAD50300F4D50300B3
S21401C5500C1300203048002038B5094C094D2268DC
S21401C5602B689A4204D908484FF48371E9F716FC00
S21401C57028682368C01A20F0010080B238BD00BFC9
S21401C5803448002038480020F4D5030008B50B4B8A
S21401C5900B4A1A600B4B0C491B6823F0010313442A
S21401C5A00B600A4B1A60FFF7D7FF642805D8BDE871
S21401C5B008400748F021E9F7F1BB08BD3C480020D8
S21401C5C00836002048AB03003848002034480020D5
S21401C5D0F4D50300064B1B68834206D8054B1B683F
S21401C5E0834294BF0020012070470020704700BF9F
S21401C5F03C480020344800202DE9F0411D4B1B78B3
S21401C600012B044624D10088FFF736FF0546D8B132
S21401C610DFF8648004262C460CF04EFF07462046C1
S21401C620FFF74CFF638843EA08036380A05BFFF7CC
S21401C63023FF044638460CF045FF1CB1B4F902301E
S21401C640002BE9DA062E01D1BDE8F0810626E2E7E5
S21401C650022BF9D10CF030FF02462088FFF70CFFC1
S21401C66018B10388C3F30E032380BDE8F0411046DA
S21401C6700CF028BFF45000200080FFFF2DE9F04F9A
S21401C680BA4BDFF8FC82BA4F97B0002406461C80EE
S21401C6900CF012FF01233B70B8F80030ADF81630ED
S21401C6A0B44BA8F800401B6801930CF00BFFB24B8B
S21401C6B01A88B24BD2001868214614F002FD0DF11B
S21401C6C01600FFF799FF002E3CD1DFF8B892D9F893
S21401C6D000404FF0000B0125019B9C4239D3BBF172
S21401C6E0000F39D1002DF2D0D9F80040DFF898A21A
S21401C6F025462246019B9A4273D302230DF116006A
S21401C7003B70FFF779FF002E40F08F80D9F800606C
S21401C7103246AA4280F0A2809088FFF7ADFE18B19B
S21401C7200388C3F30E039380D088FFF7A5FE18B1E4
S21401C7300388C3F30E03D3801046FFF7A9FE024613
S21401C740E7E79847E3B2013456F82330002BF8D1D7
S21401C750BBE7BBF1000F3ED00BF1FF335FFA83FB63
S21401C76016AB03EB8B0252F8402CB2F9020051884B
S21401C7700028B1DA4B04AFD4924641F48040931DB1
S21401C7802AF8020F02933AF8020FFFF775FEF0B18E
S21401C790B0F902E0B0F802C0BEF1000F17DB6FEA95
S21401C7A04C4C6FEA5C4CA0F802C00390FFF786FE83
S21401C7B0BBF10F0F9FBF16AB03EB8B00039A40F83C
S21401C7C0402C9ABF0BF101035FFA83FB0025029B05
S21401C7D09A45D8D180E72046FFF75AFE22460446FE
S21401C7E0C3E7104612F039FB8346B2F902001188FE
S21401C7F000280AEA010108DA2046FFF733FE08435B
S21401C80081B204EB4B0402EB4B0511801046FFF797
S21401C8103FFE02466EE798475FFA8AF30AF1010A7D
S21401C82056F82330002BF6D170E74FF0000AF3E7F5
S21401C8303046FFF72DFE82467EB1B6F9023071888A
S21401C840002B0ADA3088C0F30E00FFF715FE864289
S21401C85003462DD1C1F30D0171805646AE42E7D392
S21401C860DFF81CA10CF028FE00210646504612F007
S21401C87083FBFFF701FE0546002800F0878030465F
S21401C8800CF020FE284612F0E8FA06462046FFF78E
S21401C890E9FD7600814632462946204614F0F7FB2C
S21401C8A0002249460DF1160012F00CFB3444D9E77C
S21401C8B01BD9304612F0D1FAC1F30D014200718046
S21401C8C092B23146184614F0E2FBC6E75046FFF72F
S21401C8D0DFFDD146854203D9B0F90230002B01DADB
S21401C8E0824603E0FFF7D4FDF4E7B146554507D984
S21401C8F0BAF80000C0F30E00FFF7BEFD8245E5D38F
S21401C900B9F1000F30D0B9F80000C0F30E00FFF700
S21401C910B3FD034638B93346CB46994513D8B145DE
S21401C9209BD0D946ECE7484612F097FAB9F80220B0
S21401C930C2F30D02A9F80220420092B249461846F7
S21401C94014F0A5FBE7E718460193FFF7A1FD019B4D
S21401C9509B46854203D9B0F90230002B01DA034623
S21401C960DBE7FFF795FDF4E7CB46DAE7A64D0020B7
S21401C970F450002034480020A44D00203048002008
S21401C980A84D00203C4800200080FFFFBDF816306F
S21401C990A8F80030044B387030461C600CF092FD4D
S21401C9A017B0BDE8F08F00BF3448002010B504462C
S21401C9B008B9002010BD12F061FA20B9084840F20B
S21401C9C0C441E9F7EBF92046FFF756FD0028F0D001
S21401C9D00388DB0B14BFD0F80A000830EAE700BF73
S21401C9E0F4D5030010B508B9002010BDFFF744FDCB
S21401C9F0044612F03AFA20B9074840F2DE41E9F758
S21401CA00CDF9002CF0D02388DB0B0ABF6088208983
S21401CA10C0F30C00E9E700BFF4D503002DE9F041AF
S21401CA200546FFF729FD0F460446D8B112F01DFA58
S21401CA3020B9214840F2F141E9F7B0F92846FFF75D
S21401CA40D1FF05462046FFF723FDBD42064609D025
S21401CA5004D8194840F2F941E9F7A0F92588ED0B09
S21401CA6002D02781BDE8F0816780204612F0F5F9F3
S21401CA70074604EB40080CF01FFD104B1A68B24243
S21401CA800AD1C3F800800CF01DFD2A464046FF215E
S21401CA90BDE8F04114F015BBA6EB0806B5B20CF0E4
S21401CAA011FD072DF1D90023083D44F81730C8F8C9
S21401CAB00430A8F80250D5E7F4D503003448002026
S21401CAC038B5FFF7D9FC0D46044650B112F0CDF942
S21401CAD020B9044840F23651E9F760F9023534F8D6
S21401CAE0150038BDF4D5030070B5FFF7C5FC0C463C
S21401CAF016460546B0B112F0B8F920B90D4840F215
S21401CB004151E9F74BF93046FFF7B6FC12F0ADF9A3
S21401CB1020B9084840F24251E9F740F9023425F8B5
S21401CB20146070BDBDE87040024840F24651E9F716
S21401CB3035B900BFF4D503002DE9F843C41CA40899
S21401CB40274B64000434B0F5005F1E6881460F462B
S21401CB50A4B204D3234840F27251E9F71FF90CF04E
S21401CB60ABFC21490B6880467BB9204B1D68761BC0
S21401CB70C6F34F06B44223D9002540460CF0A2FC6A
S21401CB802846BDE8F843FFF76DBC7FB1174A156824
S21401CB905A1BC2F34F029442EED81448620005EBCA
S21401CBA0440404607FB913440B600CE0F61AC6F324
S21401CBB04F067EB90B4840F28351E9F7EFF8DBE701
S21401CBC005EB44041C600023A5F80290AB80EB80C3
S21401CBD02B80D2E7B442CFD8044A1568DDE700BF00
S21401CBE038480020F4D503002C48002034480020A3
S21401CBF038B505460CF060FC294604460022044878
S21401CC0012F060F92046BDE838400CF05BBC00BF6E
S21401CC10A84D002038B50CF04FFC0021054604480D
S21401CC2012F0AAF9044628460CF04CFC204638BD02
S21401CC30A84D0020024B1888B0FA80F040097047D2
S21401CC40A84D00202DE9F74F044600881F46FFF740
S21401CC5013FC88461546064612F007F920B94048E7
S21401CC6040F2DA61E9F79AF83388DB0B009306D0D5
S21401CC7033892B443381002003B0BDE8F08F208830
S21401CC80DFF8E0B0FFF7AEFE82463046FFF700FC65
S21401CC9001900CF011FCDBF80020019B9A428146C2
S21401CCA01DD1FFF759FC854204D948460CF00AFC11
S21401CCB01A20E1E705EB0A0373803FB12088FFF7EE
S21401CCC075FE2A464146504414F021FA3046FFF7D5
S21401CCD0DFFBCBF8000048460CF0F4FBCBE70CF08A
S21401CCE0F1FB2088FFF77EFE2844009980B2FFF70B
S21401CCF023FF06460028DBD0FFF758FE8146208832
S21401CD00FFF754FE82462088FFF76CFE5146024626
S21401CD10484614F0FCF93046AFB1FFF747FE074628
S21401CD202088FFF75FFE2A464146384414F0EFF9A3
S21401CD3001212088FFF7C4FE012102463046FFF795
S21401CD40D3FE268097E7FFF731FE80462088FFF75F
S21401CD5049FE2A463946404414F0B3F9E8E700BFD5
S21401CD60F4D503003448002038B50C460546FFF7D5
S21401CD7039FE844203D304482D21E9F70FF82846EB
S21401CD80FFF714FE204438BD08D6030070B50646EA
S21401CD900D46FFF70BFE044648B13046FFF722FE6C
S21401CDA0854203D302483521E8F7F8FF605D70BD80
S21401CDB008D6030070B50C4606461546FFF712FE68
S21401CDC0844203D304483F21E8F7E8FF3046FFF7E3
S21401CDD0EDFD00B1055570BD08D6030001483321AD
S21401CDE0E8F7DCBF1FD60300036910B55BB18268A4
S21401CDF0064B9A4201D1002010BD44690DF0DDFAC0
S21401CE00201AF9D5F7E74FF0FF30F5E7DDCD010041
S21401CE1082684B4B9A422DE9F041056804460E465E
S21401CE2015D121B1474840F20F11E8F7B7FF0CF0D2
S21401CE3043FB23691BB92B682BB924612C60BDE821
S21401CE40F0410CF03FBB1A6922611C61F6E70DF058
S21401CE50B4FA8046E6F78EFA20B13A484FF4937159
S21401CE60E8F79CFF6FF000439E4221694BD22B7B73
S21401CE7008EB0602002B4DD0AB6893424AD1531CF7
S21401CE80002949D06169994242D01EB9521AB2F1BD
S21401CE90004F3DD9636123696E689C4203D12948DE
S21401CEA09A21E8F77BFF2F460023B4420BD0002BD4
S21401CEB041D172696169891AB1F1004F32D832697C
S21401CEC0944237462CD12269BD420CBF6A603A6152
S21401CED07BB92669B44203D11A48B521E8F75EFF4B
S21401CEE03B46012E05D062697169521AB2F1004FB4
S21401CEF023D99D420BBF6B681A69236122610CBF5F
S21401CF006C601C6104E0434431B162699342C1D153
S21401CF10BDE8F0811346B3E76A6822616C60B9E741
S21401CF201646C6E7A8EB0202B2F1004FC7D93B4648
S21401CF3037463669B9E71F46F9E733463669D0E71B
S21401CF40DDCD01001FD6030082681C4B9A4270B5E6
S21401CF500568044619D10CF0AFFA236923B1A34240
S21401CF6006D100222A601A61BDE870400CF0AABA08
S21401CF701A4611461269A242FBD12A68A24208BF8C
S21401CF8029600B6100232361EEE7036993B19842A0
S21401CF906E6803D10A489A21E8F700FF2B46B4428F
S21401CFA009D122699D4218BF1A614FF0000308BFDC
S21401CFB06A60236170BD33463669F0E7DDCD010056
S21401CFC01FD603002DE9F043174FDFF860808BB0C2
S21401CFD006460025BC7814B90BB0BDE8F083B7F857
S21401CFE000908EB90096B8F8001023462A4603A88A
S21401CFF012F086F8234603AA314648460DF011FA88
S21401D0002544EDB20437E5E72346494603A8002246
S21401D0100DF0FEF901230093B8F8001023462A46C6
S21401D02003A812F06DF8EBE72ED60300AA4D0020F8
S21401D0300148FFF7E1BA00BFAA4D0020F7B5154633
S21401D040174A04460846118811B1164A1278CAB121
S21401D050D4B10022294603B0BDE8F0400DF0D8B99E
S21401D0603A44D2B20436B778002FF1D0B6F800C0F1
S21401D070AC45F5D184F0010400943B4612F040F82B
S21401D08003B0F0BD084EEEE70246214628460DF0F5
S21401D090C8F9284603B0BDE8F0400DF014BD00BF46
S21401D0A0AA4D00207A1500202ED6030010B5074C95
S21401D0B0238843B10020FFF785FF054B0020FF22A0
S21401D0C020801A7010BD7020FCE700BFAA4D00201A
S21401D0D07A150020142810B518D8082805D10FF0A5
S21401D0E08AFBC401E4B2204610BD0E2802D10FF01F
S21401D0F085FBF6E7064B53F82040002CF3D00A28B0
S21401D1002478F0D105F0CEFB0443EBE7FF24EAE7F1
S21401D11058D60300064A082312F8011B814205D09F
S21401D120013B13F0FF03F7D1184670470120704703
S21401D130B5D60300064A082312F8011B814205D022
S21401D140013B13F0FF03F7D11846704701207047E3
S21401D150ADD60300014BB3F8680070478047002046
S21401D16000487047EA470020014B1878704700BF17
S21401D170F64F0020014B1870704700BFF64F002095
S21401D180184B022810B5187002D00438012819D897
S21401D190154B1B78042B03D014480021FFF738FEEB
S21401D1A0134B1B689A0019D513F0805F0CBFBF2480
S21401D1B0BC2420460FF0B5FF90B92046BDE81040CC
S21401D1C00DF0BABB0948FFF7BFFE0A48FFF7BCFEE1
S21401D1D0912412F0E6F90FF09EFFEAE79024E8E7C3
S21401D1E010BD00BFFA4F0020FB4F00201013002097
S21401D1F034410020A0400020024B187800F00F00B8
S21401D200704700BFFA4F0020034B187800F00F005C
S21401D210831E584258417047FA4F002008B512F055
S21401D220ABF9A8B112F0C1F990B10A4811F03FFE6E
S21401D23070B1094811F03BFE50B10FF0E4FA38B175
S21401D2400FF071FF20B9BDE80840044812F01EB87F
S21401D250002008BDAC4D0020EA4D002040480020CB
S21401D260054B1878012805D000F0FD00A0F1310328
S21401D27058425841704700BFFA4F002010B5FFF7DB
S21401D28085F90DF0B0F81020FFF724FF04060DD540
S21401D2900020FFF71FFF000608D5284BD3F8EC2027
S21401D2A012F0020F12D1B024204610BD1020FFF755
S21401D2B011FF01060ED40020FFF70CFF020609D568
S21401D2C01E4BD3F8EC2012F0010FEBE7D3F8E83051
S21401D2D09B07E8D51A4810F049FE012011F00AFC18
S21401D2E0E8F7D2FE04460028DED100F013F915480F
S21401D2F011F0A1FF00F034F9E8F7ACFA0DF070F880
S21401D30008F03EFC08F090FCF3F7EEFDF3F776FD2F
S21401D310F3F790FD03F02AFC0FF06FFA0FF070FAA6
S21401D3200FF004FF084813F067FB06F03FF80FF014
S21401D330A0FE0028B8D00FF09EFEB5E70081E00FF2
S21401D340690345EC404800206176020010B512F0F2
S21401D35025F970B301F02EFA80F00104E4B2002042
S21401D360FDF75EFF44EA800424B212F005F910BB13
S21401D37002200443164811F084FF44EA401415487D
S21401D38011F07FFF24B244EA0014134811F079FF2C
S21401D39024B244EA8014114811F073FF24B244EA1F
S21401D3A040240F4811F06DFF24B244EAC02080B239
S21401D3B010BD0124D3E70B4811F079FD0028D7D022
S21401D3C0094811F074FD80F00100C0B24000D0E7BA
S21401D3D0501300203414002038410020B4130020DC
S21401D3E014140020AC4D0020EA4D002008B500F0D2
S21401D3F0E1FFFDF7FFFA144811F059FD08B904F0F2
S21401D40095FD124811F053FD08B905F0B9FF02F079
S21401D4104DFE0F4811F046FF0E4B1B78043B022BC6
S21401D42009D80D4811F02DFF28B1FFF78FFF1028FE
S21401D43001D107F08FFA0FF0E8F911F0B5FFBDE85A
S21401D44008400648FFF71AB9AC4D0020EA4D002007
S21401D45040480020FB4F002034140020C0D60300B3
S21401D46070B54FF6F773984286B004460D4643D81A
S21401D47011F09DFFA04207D120490822284613F04B
S21401D48006FE002006B070BD1D4EB6F86830A342F9
S21401D4900AD10022082106F16A0011F038FF18B9F6
S21401D4A0082206F16A01E9E784B10023009301220C
S21401D4B01946204608F0C6FAFF2811D1294620460B
S21401D4C008F086FC80F00100C0B2DBE70D4B1B685C
S21401D4D09B07EAD4284606F0BFFB0028E5D0D0E734
S21401D4E002A913F034F90028E8D1DDF80D302B60DD
S21401D4F0DDF811306B60C4E70120C3E7F55000206A
S21401D5008047002034410020014B1870704700BF4F
S21401D5105215002010B50649064C098820460823F6
S21401D5207F220CF082FF204611F07BFF10BD00BF6A
S21401D530C0670300F550002013B513460C461AB118
S21401D540022A0CBF134601230021044A00920191CE
S21401D5502246FEF7EBFB02B010BD00BF2FF602001D
S21401D56000B5002093B0FEF761FB1D4B188813F041
S21401D57044FA1C490020FDF7D7FE342200216846F4
S21401D58013F09FFD0B238DF800306FF48033019369
S21401D5904FF6FE73ADF8103003238DF81D30124B95
S21401D5A00893124B0993124B0D93124B124A0E938A
S21401D5B0124B0F93124B106851681093114B119335
S21401D5C002AB03C300216A460846FEF7F7FD6A462A
S21401D5D001210020FEF7F2FD13B05DF804FB00BF49
S21401D5E0F21400204CAB0300C1DA010025F402005E
S21401D5F09D04020069DC0100F5500020AD13020015
S21401D6002FF602000901020070B5044611F0CFFAA8
S21401D6100422002106462046FDF77CFE204411F038
S21401D620C6FA0322054600212046FDF773FE204474
S21401D63011F0BDFA0540ADB24FF6FF739D4213D10E
S21401D640F30711D5062200212046FDF763FE20448C
S21401D65011F0ADFA074B1B88834214BF0220062047
S21401D660054B1B78184070BD20460DF0E9FAC00046
S21401D670C0B2F5E704150020FD5000202DE9F84F53
S21401D680DFF83C91804608460F4611F090FAD9F82B
S21401D6900030054643B9484B1B682BB9474B1B68FE
S21401D6A013B9FF20BDE8F88F15F4406A05F040066F
S21401D6B010D13EBBB5F5804F53D24FF48074002392
S21401D6C0002B58D13C4A12688025002A69D00021D7
S21401D6D008465FE0F81C11F06AFA4FF6FF739842AD
S21401D6E014BF0124022486B1052605F44043B3F590
S21401D6F0004F44F0080424D0B5F5804F23D244F4FB
S21401D700807420E054460326EFE7B5F5804F4FF0CE
S21401D7100506F4D3BAF5406F14BF02200820304442
S21401D720384411F044FA834611F05EFE05F4404594
S21401D73058450CBF44F0080444F00404B5F5004F06
S21401D74001D144F08004BAF5006F0ED1B81911F07A
S21401D7502EFA054611F02BFEA842B0D144F0100473
S21401D760ADE7544603260220D9E7BAF5406F08BF55
S21401D77044F02004A3E7012B09BF104AD9F8002082
S21401D7801268402518BF10259FE7A74201F1010145
S21401D7900BD0C8B2CEB232F8167032F91660002E2F
S21401D7A0F3DA0133032B8BD17BE7B8F1000F3FF49B
S21401D7B079AF88F8005075E750480020544800209B
S21401D7C0DC460020034B1A78022A04BF09221A708D
S21401D7D0704700BFFF500020034B0C221A701A211D
S21401D7E00022032001F04CBDFF50002070B5054615
S21401D7F038B90C4BBDE87040187800221A2101F0A8
S21401D8003FBD094B074E1C78E1B21A29F1D825FA1B
S21401D81004F3DB0703D53078362201F031FD0134FD
S21401D820F2E700BFFF5000207C15002008B5064B2C
S21401D8300C221A70002210461A2101F021FD034B1A
S21401D84000221A6008BD00BFFF5000205C4800207F
S21401D85070B50E4B0C221E781A70054630B930464C
S21401D8600022BDE870401A2101F00ABD084B1C7861
S21401D870E1B21A29F3D825FA04F3DB0703D53622D9
S21401D880304601F0FDFC0134F2E700BFFF500020F6
S21401D8907C150020024B0C221A700FF03DBC00BF15
S21401D8A0FF500020F0B50C888BB005460E46E4B953
S21401D8B04FF6FF77ADF824700FF043FC10B9022045
S21401D8C00BB0F0BDCDE90340CDE90544134A0294FF
S21401D8D0B2F85C300193603200923B4609AA4CF6DE
S21401D8E00101FF2013F0B3F83080284611F078FECE
S21401D8F00B4C70B1237863B1013BDBB22846237031
S21401D90011F06EFE38B12078B0FA80F04009C0B24E
S21401D910D6E70523F2E70120F9E700BF804700209C
S21401D9207B150020034B1B68114603B118470DF009
S21401D93012B800BF5C480020024B0C221A7008F097
S21401D94087BD00BFFF5000200148FEF755BE00BF4F
S21401D950AE4D00207FB506460C461546FDF7A6FFE0
S21401D96000287CD1062E03D85223F340DB071AD4B5
S21401D970B4F1006F05D3E30E1C3B032B18D94F20DF
S21401D9802BE0394B00221A60384B1E7011F0E3FC75
S21401D99003460A2E65D8DFE806F0361B4F5A1B2EC3
S21401D9A0221F47523F0001F055FFB4F1006FE2D24B
S21401D9B02D4B00221A602D4B042E1E70E6D12C48EA
S21401D9C001F0C2F9022001F0F5F811F0C4FC03469B
S21401D9D001220292274A05E0212004B070BD0122EF
S21401D9E00292254A0192254A0092254A2946204656
S21401D9F0FDF7A0FFF1E7234A2946204604B0BDE81B
S21401DA007040FDF77FBF204B204A2946204604B0D0
S21401DA10BDE87040FDF75ABF002202921C4A0192EF
S21401DA20164A00921B4AE1E7012202921A4A019223
S21401DA30124A0092194AD9E70C4B02221A700022A8
S21401DA401749104604B0BDE87040FEF735B900220C
S21401DA500292144A0192094A0092134AC6E74D20DF
S21401DA60BBE70120B9E700BF5C480020FF5000205B
S21401DA70FE50002051D80100C3F50200C1DA0100B2
S21401DA801BF6020039D901002DD8010025D9010065
S21401DA9095D80100A5D80100EDD70100C7F5020011
S21401DAA0C5D70100D9D70100BFF5020008B5FDF7BB
S21401DAB071FF024B0C221A70002008BDFF50002097
S21401DAC0F0B585B0ADF8060018B965489021E8F7BD
S21401DAD065F9BDF8060011F0B0F80446BDF8060079
S21401DAE011F0ABF8082846D00C2CBDF8060042D140
S21401DAF011F093F9074611F05AF80DF10F01064699
S21401DB00BDF806000EF06CFE002879D0092200212F
S21401DB103846FDF7FFFB9DF80F301033C518BDF8EA
S21401DB200600FEF75FFFEDB2854269D22946BDF8D1
S21401DB300600FFF72BF906F44C4416F4406605463A
S21401DB4014D0F81C11F033F84FF6FF73984208BF53
S21401DB5044F04004B6F5006F08D1781D11F027F89F
S21401DB604FF6FF73984208BF44F010049DF80F303B
S21401DB705BB3072D44D1BDF8060011F054F80446F6
S21401DB80BDF8060011F059F8082817D0A30615D5D8
S21401DB9024F0200189B2BDF8060011F02FF8BDF877
S21401DBA0060011F03AF900210922FDF7B3FB00F156
S21401DBB01001C9B20DF1060011F089FABDF8061080
S21401DBC02848002211F07EF91AE0082D16D8BDB1BA
S21401DBD0013D072D14D801A353F825F039DC0100C7
S21401DBE045DC010001DC010005DC010001DC01006F
S21401DBF051DC010077DB010057DC01007C2D24D0CD
S21401DC0005B0F0BD24F48844A4B2B4F5084FF7D1AA
S21401DC10BDF8060011F00CF8BDF8061012F0F4FE7F
S21401DC200028A8D0BDF8060011F05AF800220146D7
S21401DC3002200EF084FDE3E724F48064A4B2B4F578
S21401DC40484F97E7B4F54C4F94E7B4F54C4F92D054
S21401DC504CF6500301E04CF640439C428AE700BF75
S21401DC6020D70300AC4D00202DE9F0410F46904629
S21401DC700646FEF79BFE04463046FEF7B3FEC5B2E7
S21401DC80083D2C44084BE1781970084BA2781A70AD
S21401DC90314643463A4600200CF0E8FD003818BFEE
S21401DCA00120BDE8F08100BF115100201051002075
S21401DCB070B50B4B1C780B4B0022D5B2AC4202D888
S21401DCC00C70002009E01E88864202F1010205D38D
S21401DCD00D701B881B1A5842584170BD1233ECE771
S21401DCE0F44F00204E4D00202DE9F04FDFF8408123
S21401DCF0DFF8409198F8002099F800309A4285B0F4
S21401DD00064604D343484FF48A71E8F747F80DF105
S21401DD100F013046FFF7CCFF20B13E4840F2171105
S21401DD20E8F73CF898F800709DF80F403D1B15F099
S21401DD30FF0530D0384B394A1B78184699F8003021
S21401DD4001214FF0FF3CA1400CFA03FC002301F136
S21401DD50FF3E01934FF6FF79C1F1000A9DF80430AA
S21401DD60984243D812202E4B04FB0000A0F112016A
S21401DD7005EBC5025200194404F10109184413F0D9
S21401DD8086F94FEA89092748A9F104010144AA0046
S21401DD90484413F07CF9224904EBC40201EB420328
S21401DDA021F81260204A1278DA731A745A74120231
S21401DDB05A801E4A12781A7110225A7100229A73DA
S21401DDC0C3F80620C3F80A20164B013743F824206F
S21401DDD04FF6FF710D2088F800700EF0B0FC0EB9FA
S21401DDE012F07DFC204605B0BDE8F08F13884B4548
S21401DDF00AD053680AEA030B03EA0E030B4403EB4B
S21401DE004B0343EA0C035360019B01330832019331
S21401DE10A4E700BF33D703005D150020843F002030
S21401DE204E4D0020803F002011510020005100205F
S21401DE30F44F00205B15002010B5074C2046FFF775
S21401DE4083F804F0E5F902F01DFD20464FF47A51FF
S21401DE50BDE81040FEF7DCBF101300202DE9F041AD
S21401DE600B4B0C4E93F8008007460025ECB2A045FC
S21401DE7003D8FF242046BDE8F0810822B11D3846AC
S21401DE8013F0F5F801350028F4D01236EEE700BF9E
S21401DE90F44F00204E4D002007B50DF10701FFF7A6
S21401DEA007FF30B19DF80730034803EBC30300EBCF
S21401DEB0430003B05DF804FB4E4D00202DE9F84306
S21401DEC0294E33785D1E2D1A83420446EDB204D8DE
S21401DED0264840F23F11E7F761FF254A92F800C055
S21401DEE0244A01231278A3405F1E4FF0FF30904072
S21401DEF03B44214A00214FF6FF7E6FEA0308CBB26E
S21401DF009C4523D8BDB127B204EBC4041B4864006A
S21401DF1005EBC50204F1120101445200204413F03E
S21401DF20B6F8BF001648AA00391D014402F0FC02EB
S21401DF30384413F0ACF83378013B3370BDE8F8434E
S21401DF4000224FF6FF710E200EF0F9BB13887345C1
S21401DF5007D0536808EA03093B4003EB5903034320
S21401DF60536008320131CAE7F44F002033D703006B
S21401DF705D1500205B150020843F00204E4D0020DB
S21401DF80803F002010B50A4C207858B9094B1B7801
S21401DF901A2B03D908489421E7F700FF074B032201
S21401DFA01A7010BD0138C0B2FFF788FFECE700BF5A
S21401DFB0F44F00205B15002033D70300F04F0020FC
S21401DFC02DE9F047054611F05CFBFF28044624D1F5
S21401DFD0DFF888901F4B99F800201B789A422BD2C5
S21401DFE02846BDE8F047FFF77FBE38883B795045A5
S21401DFF018D86F2B4FEA131214D85B0710D01237BC
S21401E00008F1010899F800105FFA88F6B142ECD8D9
S21401E010114A0023DEB28E4214D32046BDE8F087B3
S21401E020022AECD912F0BEFC0028E8D12946304677
S21401E030BDE8F04711F032BB074F4FF000084FF62E
S21401E040F77ADFE710798F2803F10103EED8123251
S21401E050E0E700BF5B1500204E4D0020F44F002086
S21401E0604FF6F773984210B514D8FFF7A9FFFF28AB
S21401E07010D0134C00B200EBC00004EB40040CF0CF
S21401E08003FE104938B962880B7802EB0313A3EB41
S21401E0901213638010BD227C637C0978E2739A4276
S21401E0A02374617407D98B4203D213468B4228BF6F
S21401E0B00B461B02EDE78A42F8D31346F9E700BF89
S21401E0C04E4D0020115100202DE9F0410F4DDFF893
S21401E0D0408006460F46002498F80030A34201D837
S21401E0E0BDE8F08108222946304612F0C0FF40B94B
S21401E0F035F8063CBB4204D02046FFF7DFFE013C64
S21401E100E4B20134E4B21235E6E700BF544D002014
S21401E110F44F0020F8B5054608460E46FFF79EFE6A
S21401E120FF2830D01D4B294653F820703046FFF7A4
S21401E130CBFF2846FFF744FFFF28044625D112F0FF
S21401E1404CFCFF280AD1164C207838B1E7F780FF3F
S21401E1502378B0FBF3F202FB1300C0B2294611F09C
S21401E1609DFA044623B20F4D03EBC30305EB4305AB
S21401E17008223146A81D12F08AFF2B7903F00F03FF
S21401E1802B712046F8BD0027D3E7074B1B78002BE1
S21401E190024B18BF002743F82070E3E7803F0020BA
S21401E1A05B1500204E4D00207D15002038B50B4B29
S21401E1B01B78834204460D4604D8094840F25B2189
S21401E1C0E7F7ECFD074804EBC40400EB44002946DE
S21401E1D00822BDE83840063012F059BF5B15002012
S21401E1E033D703004E4D002070B5044608460E4650
S21401E1F011F047FAFF28054610D02046FFF72EFEFD
S21401E200FF2807D0084B1B7823B9084B53F820206A
S21401E21043F8252021462846FFF7C8FF3146204609
S21401E220BDE87040FFF750BF7D150020803F0020FD
S21401E2302DE9F8430026134DDFF85090804601275C
S21401E240344699F80030A34210D83E430134E4B274
S21401E2501A2C4FEA470705F11205F2D10A4B1B7833
S21401E2604FF0FF3098403043BDE8F8832B88434594
S21401E270EBD0284611F05BFA0328E6D82B796F2BF2
S21401E280E3D8E3E74E4D00205B150020F44F002055
S21401E29010B5084C00EBC00004EB400423795B0783
S21401E2A007D1204611F043FA237923F007031843D8
S21401E2B0207110BD4E4D0020084B1878084B0022E7
S21401E2C0D1B2884203F1120300D8704713F80D1C2F
S21401E2D021F0100103F80D1C0132F1E7F44F002084
S21401E2E04E4D00202DE9F047DFF86090DFF86080A2
S21401E2F099F800400226122700250CE007FB05F3DB
S21401E300002138F803A0504611F026FA10B15CB18E
S21401E310013CE4B2013599F80030EAB29342EDD8F7
S21401E320A34204D14FF6FF7A5046BDE8F087E7F7DF
S21401E3308FFE99F800301B1B012E90FBF3F202FBB7
S21401E3401300C4B2EED00126D6E700BFF44F00207A
S21401E3504E4D0020F0B5134B1B780646FBB1124814
S21401E360DFF84CC090F800E01048077800251F44FD
S21401E370E8B2864501D80020F0BD7C1B94FBF3F083
S21401E38003FB10440CEBC4003CF83440B44204D107
S21401E390002AF1D184788C42EED00135E8E71846A0
S21401E3A0EAE700BF5D15002020410020F24F002063
S21401E3B0843F002070B50CF004F8104E10493288E6
S21401E3C00B7830809B1A03449BB21425B3FBF5F4FB
S21401E3D005FB14330B700B490B78E2B293428ABFEC
S21401E3E09B1A0023DBB20B700749032A9DBF0B68FB
S21401E3F0D200D34000230B6070BD00BFB04D00209B
S21401E40002510020F14F002020410020084B1868DF
S21401E410084B1B78C2B29A4208D2074B1B78C0F34E
S21401E4200720984234BF0020012070470120704722
S21401E430204100205D15002001510020F8B5054659
S21401E4401746FFF7E3FF064610B9184B1A783AB994
S21401E450212001224FF6FF710EF071F90020F8BD60
S21401E4601348DFF854C003780133B3FBF2F402FB20
S21401E470143303700F48DCF8002020F8335000EB0B
S21401E480C30402F10132A1703846CCF80020FFF730
S21401E490CFFEE670606010F08AFFA84201D101202D
S21401E4A0DDE7E3780133E370F9E700BF5D1500208F
S21401E4B0F24F0020843F00202041002010B50B4C75
S21401E4C00B4A2378063B13700BF07BFF094B188031
S21401E4D0094B0A4800221A602278FF21D20012F066
S21401E4E0F0FD074B04221A7010BD00BF5D15002019
S21401E4F001510020B04D002020410020843F002023
S21401E500F14F00202DE9F84307460BF056FF05466C
S21401E5101A4810F0B6FE1A4B48B31C683C1B2C4434
S21401E520A4B2184BDFF864901B78174D99F8006079
S21401E53005EBC30500225FFA82F8464509D9AB8888
S21401E540A34205F1080015D9B21AD200294612F0E5
S21401E5509EFD013689F80060AC80B8F1000F03D14A
S21401E56006483946FEF754FC2846BDE8F8831D6088
S21401E5703C46D6E701320546DDE700BF30130020F2
S21401E5806048002004510020CE4C00200551002098
S21401E5902DE9F74F0BF011FF294DDFF8B480294F15
S21401E5A02978294C97F800A01FFA80FC0646B8F88F
S21401E5B0000004EBC103ACEB000903EBCA024FF009
S21401E5C0000EA0EB0C0000921FFA89F9524601904A
S21401E5D0F3460098984217D1BEF1000F00D029707B
S21401E5E0524503D200203A70FDF712FB3B7823B365
S21401E5F02B781648C8F8006004EBC304A18803B062
S21401E600BDE8F04FFEF704BCB3F804C0CC450FD804
S21401E61093F802C0A3F804B00CF1FF3C0131013AB3
S21401E62083F802C0C9B2D2B24FF0010E0833D0E768
S21401E63001988444A3F804C0F8E703B0BDE8F08F5E
S21401E6400451002005510020CE4C0020301300203C
S21401E6506048002013B5184A184C1378013BDBB20A
S21401E6601370206861686A4603C2154A12781A4414
S21401E670D20004F10801204612F009FD9DF802308F
S21401E68013F00F020AD11B09BDF800000CBF0121CF
S21401E690002102B0BDE8104002F046BCBDF80400FF
S21401E6A0FFF730FF8288ADF804206A46034603CAA6
S21401E6B01860596002B010BD04510020CE4C0020F5
S21401E6C005510020F8B5094D094F0A4E00243B7844
S21401E6D03178E2B20B449A4204F1010400DBF8BD42
S21401E6E02846FDF789FF0835F1E700BFCE4C00202C
S21401E6F0055100200451002070B5104B06460D460A
S21401E70010460F491A780F4B09781B780B44934231
S21401E71006DB1F204FF6FF710EF011F8002070BDCA
S21401E720FFF7F0FE01350680857004460BF040FECB
S21401E730E0800020FDF76CFA0120F0E75A15002072
S21401E74005510020045100202DE9F041154FDFF856
S21401E7505C803E7898F80050DFF854C072190023A8
S21401E760DCB294421BDA3CF83410814203F1010317
S21401E770F6D1E000631CD21A00F10801D200614410
S21401E780604412F084FCA5428BBF05F1FF3506F10B
S21401E790FF3688F800503E700CB9034B1C70BDE87C
S21401E7A0F08100BF055100200351002004510020D4
S21401E7B0CE4C0020044B054A1B781278D3420CBF7E
S21401E7C001200020704700BF0451002005510020A1
S21401E7D0024B1878003818BF0120704704510020FA
S21401E7E008B5094B094800211970094B1970094BE6
S21401E7F01970094B1A78D20012F063FCBDE8084084
S21401E8000648FEF7A1BB00BF05510020CE4C0020F4
S21401E81004510020035100205A1500203013002017
S21401E82010B50B4C23784BB10A4802F079FC58B16D
S21401E830084B0121188810F0A7FE08B9002010BD6A
S21401E840054B01221A70FAE7FFF704FFEAE700BF5B
S21401E85004510020CE4C00200351002010B50E4B71
S21401E8601B78B3B10D4C238883424FF0000310D1BF
S21401E8700B4A137049B9A3781033A37011F095F9B8
S21401E88018B9A37823F00F03A370FFF7E3FE012066
S21401E89010BD1846FCE700BF04510020CE4C0020F6
S21401E8A00351002010B5044601460822094812F01B
S21401E8B0EEFB237B022B0AD8002B14BF3122012248
S21401E8C005490B709423CB73044B1A7010BD0023BB
S21401E8D00122F5E7B64D0020B24D0020FA4F002088
S21401E8E070B5064692B00D460020C97AFCF7CAF903
S21401E8F058B395F90A0010F015FD044638BB154BC0
S21401E900EA7A83F85820AA7A83F85A2001466A469A
S21401E910FDF774F94FF6FE739E424FF0000118BFE3
S21401E9202B89ADF8066008BF4FF6FF736A460846A6
S21401E930ADF80430FDF742FC28B9074B2A895A8006
S21401E940204612B070BD0224FAE78A24F8E78B2429
S21401E950F6E700BF80470020B24D0020014BD87378
S21401E960704700BFB24D0020014B1878704700BFBA
S21401E970B24D002010B5054C2378112B03D0044866
S21401E980D421E7F70BFA4123237010BDFA4F00207C
S21401E9903ED70300064B1B78042B014604D1054ADB
S21401E9A0137C0533137470470348FEF731BA00BF72
S21401E9B0FB4F0020B24D00205013002008B506483A
S21401E9C0FDF71AFE0548FDF717FE0DF013FFBDE82B
S21401E9D0084000F057BF00BFAC4D0020EA4D0020B4
S21401E9E0064B1878332806D000F0EF00A0F1430359
S21401E9F05842584170470120704700BFFA4F002027
S21401EA0008B5084B00224FF6FE701A7010F0DBFCBA
S21401EA104FF6FF7010F0F4FC034BD87BBDE80840BE
S21401EA200BF08ABFFA4F0020B24D002008B5064B06
S21401EA30187838B10548FEF7D7F94FF47A73B0FB6A
S21401EA40F3F0C0B208BD00BFEF4F0020E040002049
S21401EA502DE9F0438BB007469DF848901546984639
S21401EA600E4649B9104605AC11F0DDFF214611F0FE
S21401EA70BDFF932818BF2646B9F1000F0AD1124BE5
S21401EA801B781BB9284611F0DBFFD0B9284608F0E1
S21401EA9069FE02E0284611F0D3FF80F00104E4B2DB
S21401EAA09DF8503002939DF84C300394CDE90093C5
S21401EAB02A4643463146384610F0A3FE0BB0BDE861
S21401EAC0F0834C46ECE700BFF64F0020014B0022D6
S21401EAD01A747047B24D002008B5002009F004F8FA
S21401EAE0024B00225A609A605A8008BDB24D00203F
S21401EAF010B5144B1B78033B012B16D8124BB3F8F9
S21401EB0068204FF6FF739A420FD10320FEF738FBB9
S21401EB1001F0AAFEFFF7E0FF0020FCF76FF878B1DE
S21401EB20BDE81040002010F093B9FEF719FB04462B
S21401EB30FEF710FB0146204606F054FE0220E5E7EC
S21401EB4010BD00BFFB4F00208047002008B5114ACA
S21401EB50114BD8731378032B1BD0D3B1332B01D0B1
S21401EB60432B10D10D4B1B78033B012B05D80323F8
S21401EB701370BDE808400BF0DFBE0BF0DDFEBDE80C
S21401EB800840FFF7B5BF21231370BDE8084001F028
S21401EB90D1BC08BDFA4F0020B24D0020FB4F00202B
S21401EBA008B50348FEF7D0F9FFF796FF702008BDB9
S21401EBB0E040002038B5114D2B78834218BF2870ED
S21401EBC004460EF0B6FA80B124B920460EF0B3FA28
S21401EBD002220DE001200EF0AEFA2B781A1F012A50
S21401EBE005D9062BF4D1032202E0002CF5D101222F
S21401EBF00021BDE83840084610F032BDFB4F00202A
S21401EC0030B585B0044668460D4610F0E4FD94B173
S21401EC1000212846144A10F01BFF144B20681B786D
S21401EC208DF80430124B61681B788DF8053002AB05
S21401EC3003C304F0E7FF0F4B93F8582093F85A30BC
S21401EC408DF803208DF8023010F0CEFBADF80000F1
S21401EC5010F0ADFB1023ADF8060007226946002030
S21401EC60FEF7ECF905B030BD00F8FF07521500209D
S21401EC70FB4F00208047002010B50F4B1A780F4B32
S21401EC800446002083F85820FBF7B8FF10B1002097
S21401EC9010F0DEF800210846FFF7B2FF0EF03BFA4F
S21401ECA02046FDF7C3FA9B200BF046FE044A0023DC
S21401ECB01380044A138010BD0651002080470020AF
S21401ECC0944D0020924D002010B5014604460020C8
S21401ECD0FBF7D8FF90B10C4B1B78023B032B0FD8E8
S21401ECE00A4B1C70FCF7E2FD60B9094A0949FCF7BA
S21401ECF0E3FF002814BFA120002010BD8A20FCE7F6
S21401ED007020FAE73D20F8E7FA4F00200651002070
S21401ED105514020079EC0100F8B50646FCF7C6FD6D
S21401ED20044668B9FBF76AFF50B1064D204695F8D0
S21401ED30587085F8586010F08BF810B185F8587047
S21401ED403D20F8BD804700201FB50446684610F0F8
S21401ED5042FD9DF805305A1E052A09D8054A9DF838
S21401ED6004101278914203D12370002004B010BD24
S21401ED709320FBE7521500202DE9F041274B1D7823
S21401ED80022D80460E46174606D0032D43D118B9EC
S21401ED90234B1B689B073ED43320FEF7F1F901F0A5
S21401EDA019FAB6F1006F36BF1E4B05221A783146A6
S21401EDB00620FEF7CFFD10F0FF0425D11A4D0120E5
S21401EDC02C7300F0BBFD10F00FFB68802846B8F1ED
S21401EDD0000F0DD0022300F8043B10F07FFD6C738A
S21401EDE0AF73394630460DF0E3FC2046BDE8F081AE
S21401EDF0012300F8043B10F071FD6C73AF733946C4
S21401EE0030460DF0D4FCF0E72846FEF7B9F9B8F124
S21401EE10000FF4D0E5E77024E7E700BFFA4F0020C3
S21401EE20344100207E150020B24D0020034B187897
S21401EE3018B9034B034A1B78D05C7047F94F002082
S21401EE40FB4F00202CD8030038B5437BDB07044674
S21401EE5003D590F909000EF05DF9104B002583F8F3
S21401EE6059502079FFF758FFFFF7E0FF61882488A3
S21401EE7003462246284608F03DFE044620B194206B
S21401EE80FFF764FE204638BD054D06489423C82189
S21401EE90EB73FDF7BDFF03232B74F3E780470020D8
S21401EEA0B24D002050130020F0B5184D93B0064621
S21401EEB0A5F868000C4605F16A0709BBC5F86A1093
S21401EEC0796000216A460846FCF798FED5F86A3054
S21401EED0CDF8123000217B68CDF816306A46084618
S21401EEE0ADF81060FDF76AF9B5F868004FF6FF73E4
S21401EEF0984203D014B106490DF05DFC13B0F0BD85
S21401EF000822384612F0C3F8DBE700BF804700202E
S21401EF10EA4700202DE9F041DFF8BC801F4698F84B
S21401EF20003005460C4616461BB170252846BDE83E
S21401EF30F081531E052BF8D8FCF7B8FC0028F4D155
S21401EF403B7B032B14D14FF6FE739C4212D1012E4C
S21401EF5009D0022EE9D110F02AFA4FF6FB73984237
S21401EF6003D810F024FA044604E010F0B0FEFAE7E5
S21401EF70012EDAD0EDB939462046FFF7B1FC054639
S21401EF800028D3D198F80030332B03D0532B1CBF65
S21401EF900F4B98733046FFF70DFE00214FF6FF70BA
S21401EFA0FFF782FF0B4B1B78002BBFD011F021FD22
S21401EFB0BCE7397BCB1E594206F1FF32594150421C
S21401EFC0504105F0E7FD05460028D4D0AEE700BF66
S21401EFD0B24D00207F150020FA4F0020F0B51E46E6
S21401EFE0184B074687B00C4601F1140051F8045B34
S21401EFF043F8045B8142F9D109881980D4F80E00E0
S21401F000D4F8121023886D4603C5ADF8083023796D
S21401F0108DF80B3000238DF80A208DF80C303A4617
S21401F0206B464FF6FE710120FFF774FF40B9684644
S21401F030FFF738FC2046FFF707FF08B9024B1E70A2
S21401F04007B0F0BDC44D0020075100201FB5144B7A
S21401F0501B88DB07044607D44FF6FF700021FFF735
S21401F06023FF002004B010BD0A231A4601A901207F
S21401F070FDF7E4FFBDF80C204FF6FF739A42EBD084
S21401F0800822FF2101A810F042F90028E4D10CB9AA
S21401F0900120E7E7BDF80C0001A9FFF705FFF7E738
S21401F0A0DE4D002038B50C46154610F08CF902F0FE
S21401F0B09FFF29462046FFF7F7FE00F039FC48B1CE
S21401F0C0054BDB790E2B28BF0E230133DBB2034A37
S21401F0D0137038BD0123FAE7C44D002014510020F7
S21401F0E038B51D46FFF716FF0446D0B92B7B032B18
S21401F0F0284603D1BDE8384010F023BCFFF7D2FB09
S21401F100094B9C8110F033F9084B01211A78814094
S21401F1100620FEF71FFC254610F0FF041CBF044B1B
S21401F1201D70204638BD00BFB24D00207E15002060
S21401F130FA4F002030B5012087B0FFF787FF154A48
S21401F1400446516810686B4603C384B904F068FD31
S21401F15002A810F040FBBDF80E004FF6FF752246E0
S21401F1602946FFF79FFF0DF02AFB07B030BD0A4A7C
S21401F170D2F86A00D2F86E10B2F868506B4603C334
S21401F18004F04EFD02A810F026FBBDF80E006A46FC
S21401F190E6E700BFB07B03008047002037B5334B5E
S21401F1A01B7804461BB17024204603B030BDFCF723
S21401F1B07DFB0028F7D100F0CBFB14B12C4B228845
S21401F1C01A800DF10700FFF7BFFD00284AD110F0A5
S21401F1D076FB04460028E7D1264D9DF80700FFF789
S21401F1E0E9FC2B78033B012B27D82046FFF72EFF9F
S21401F1F018B3FFF79FFF00F09BFFFFF779FC012094
S21401F20010F083F880BB1A4B1B889A0707D51A495A
S21401F2100522012003B0BDE83040FFF7ADBD174D14
S21401F22002230B2229460120FDF708FF2B885B07E6
S21401F230BAD5204600F090FFB6E72B78053B012BA8
S21401F240B2D8FFF777FFFFF753FC2B78052B0CBFDF
S21401F25004200520FDF794FF012003B0BDE83040EF
S21401F26010F053B893249FE704469DE7FA4F002019
S21401F270DE4D0020FB4F002000F8FF07904D0020D8
S21401F2802DE9F7435D4D5E4E012307465C486B73DF
S21401F2908846144600F0FCFA0DF03EFF38B9012FFF
S21401F2A001D9042F10D1214640460BF07BFB1020DC
S21401F2B0002111F0C3FB002800F09880002003B065
S21401F2C0BDE8F043FCF7A4BC002CF0D14D4B1B78F5
S21401F2D0212B03D0062B01D0532B02D101F02AF9A2
S21401F2E0E5E7FDF7BDFF0028E1D000F021FB38B9C6
S21401F2F02B7B002B0CBFAB209420FFF727FCD6E717
S21401F300414B0193304600F0C3FA20B13F4840F626
S21401F3105501E6F743FD3949307B01AA0DF0B8FEE9
S21401F32095F80080B8F1000F03D13548FFF78CFD42
S21401F330BDE7DDF8049010F03AF8737BDB0704466E
S21401F34003D596F909000DF0E5FE3079304FFFF749
S21401F350E3FC70880021FFF7A7FDFDF781FF60B190
S21401F360631E9BB24FF6F672934206D910F0AFFCBD
S21401F370B7F8683083420446F8D0204610F023F8E8
S21401F380308810F03DF8B7F868004146C847044693
S21401F39008B91820B1E7B7F868100FF088FC002309
S21401F3A087F859302B7803F0FB03022B02D0204656
S21401F3B010F017FA002211462046FFF79DF998B182
S21401F3C09423EB73134B1B78042B06D11248C821E8
S21401F3D0FDF71EFD03232B7469E70F484FF41671E2
S21401F3E0FDF716FD0023F6E7942086E7FFF7F0F910
S21401F3F000287FF463AF03B0BDE8F083B24D002070
S21401F400C44D0020FA4F00201BF902003ED703002E
S21401F41080470020FB4F0020501300207FB5194E77
S21401F420194D00243278E3B29A4201D804B070BD77
S21401F430B5F868204FF6FF739A421AD0134B1B8813
S21401F440DB0714D5124AB5F8683010685168ADF874
S21401F4500C3001AB03C30A231A4601A90020FDF7AD
S21401F460EDFD0C4902230B220020FDF7E7FD0134D8
S21401F470D8E70748002208210FF049FF0028F6D1F7
S21401F480DCE700BF5C15002080470020DE4D002031
S21401F490EA470020904D002010B500F09BFE01F0D9
S21401F4A0A7FBD8B10E480F4CFDF74EFD0E48017A6A
S21401F4B00E30FFF7A5FB23781BB100F0CBF9002334
S21401F4C023700A4B00221A73FFF712FB07F016F996
S21401F4D000F0E2FEBDE81040FFF7A0BF10BD00BF80
S21401F4E05013002007510020C44D0020B24D0020CB
S21401F4F010B51B48FDF728FD01F07AFB30B1194B1A
S21401F5001B781BB9BDE81040FFF7C6BF01F070FBC2
S21401F51078B1154C237C83B11148C821FDF778FCDE
S21401F520237C013B23740021BDE810400846FCF70C
S21401F530D9BBFDF795FE0028EBD1FDF791FE38B952
S21401F5400A4B1B78112B03D003F0FD03412B05D189
S21401F550054BBDE81040D87BFFF7F8BA10BD00BFD9
S21401F56050130020F64F0020B24D0020FA4F002025
S21401F5702DE9F04F85B00F4602AD044629463846C0
S21401F580914611F043FC4FF0000B82463846CDF809
S21401F59004B00FF042FC4678022C804606F00206C4
S21401F5A009D85CB1FDF75CFE044600283CD1734BDC
S21401F5B001241B7859E0043C022C2ED9FDF750FE9D
S21401F5C038460FF0A3FB0024DFF8B4A10546A04699
S21401F5D038460FF022FC50F8093001930DF1050072
S21401F5E00FF0E5FA9DF807B00746B8F1000F09D00D
S21401F5F0BAF1000F06D062490822504611F037FDD5
S21401F600002851D1BBF1000F34D14FF6F7739F425A
S21401F61030D99420FFF79AFA46E010F02AF9FDF760
S21401F6201FFE0446F8B15C464EB1564B1B78012BC3
S21401F63002D0043B012B0BD805B0BDE8F08F4F4B31
S21401F6401B782BB14F4B1B7803F0FB03022BF3D037
S21401F650BAF1000F404608BF002511F0CAFB4FF073
S21401F66001088246B4E7454B1B78002BF0D0002EEC
S21401F670EED1E1E7DFF8049199F8003003B11EB34B
S21401F68014B3414B1B78022B1ED1BBF1000F14D1D2
S21401F69038460FF098FE58465946FFF7B1FA07F07C
S21401F6A02DF899200BF048F90020FBF7A7FA00285F
S21401F6B0C2D000200FF0CCFBBEE7FDF7D1FD48B16C
S21401F6C03248FDF741FCA4E7FDF7CAFD10B1BBF1D6
S21401F6D0000FF5D1FDF7C4FD0028E5D02846FEF75A
S21401F6E0BDFBFF28DFF8A0A0294C03D09AF8003014
S21401F6F0012B04D1B4F868002946FEF70BFDFEF78E
S21401F700C7FD2A46B4F868103846FFF7CBFC214BF4
S21401F710214A93F906301B0213809AF80030012B18
S21401F72018D0312B14BF432311238AF800301B4B0A
S21401F73016481968134CFDF76BFB00F0F9FC99F8B5
S21401F74000100023237439B91048FDF761FBAD237F
S21401F750E373A9E71123E8E7B8F1000F03D016B168
S21401F760FFF79AFEF3E70E4B1B78042BEFD1074801
S21401F7700521FDF74DFB09232374E8E7F64F00202A
S21401F780F5500020B24D0020FA4F00205013002003
S21401F79080470020C44D0020DC4D0020701300205F
S21401F7A0FB4F002070B508468AB00D460FF035FBBA
S21401F7B0092200210646FBF7ADFD044628460FF058
S21401F7C0A5FA0DF10703052202A928460CF0FCFF55
S21401F7D002281AD09DF807301C44E4B204F1100246
S21401F7E00023D2B229460120365D0BF03FF860B106
S21401F7F0022E0AD1064B1B78012B06D1054B187831
S21401F80018B922462946FFF7B3FE0AB070BD00BFFD
S21401F810FA4F0020B24D0020064B187040B1064B3F
S21401F8201B882BB14FF47A7104485943FDF7F0BA9F
S21401F830704700BFED4F0020061500200040002055
S21401F84008B5FDF781FB024B00221A7008BD00BF08
S21401F850ED4F0020034A044800231380034A137027
S21401F860FDF772BBE04D0020741300200951002003
S21401F87008B50348FDF768FBBDE80840FFF7EABF97
S21401F880741300200148FCF7B7BE00BFE04D00200E
S21401F89037B5054698B10C4B1B7893B100210B4840
S21401F8A00FF00AFB00240146162300942246284640
S21401F8B00FF026FC064B20461C7003B030BD02201C
S21401F8C0FBE77020F9E700BF09510020E04D00205A
S21401F8D008510020F7B5054618B3134C1348237892
S21401F8E0124F0133002123700FF0E6FA002601467D
S21401F8F0237819B9013B237001200AE0F2B2934242
S21401F90009D1002400941623224628460FF0F8FB5E
S21401F910204603B0F0BD38460FF024FB0136014601
S21401F920E6E70220F5E700BF08510020E04D002081
S21401F930014B1878704700BF0951002025289DBF4C
S21401F940024B187000200220704700BF801500206F
S21401F95007B5012318460D220DF10701FDF76EFBD1
S21401F9609DF80720024B1A7003B05DF804FB00BF38
S21401F9700815002084B010B502AC84E80F002548B5
S21401F980089C08220DF1160111F071FB38BB9DF899
S21401F99015309B0705D4204B1B7803F0FD03312B54
S21401F9A023D11E496378097803F00F028A4203D0F7
S21401F9B0012928D1022A18D12278B2B91B09022BB3
S21401F9C013D194F90230002B21DB154BB3F86820D4
S21401F9D0BDF80A309A4208D1FFF702F806E00D4852
S21401F9E0002208210FF093FC20B90020BDE810404A
S21401F9F004B070470B4BBDF808205B889A42C6D00E
S21401FA00002BC4D0F1E70229EFD1012AD3E7012068
S21401FA10ECE700BFB64D0020FA4F0020521500203B
S21401FA2080470020B24D002084B02DE9F04788B011
S21401FA3010AC84E80F00DFF814A1424BBAF802209C
S21401FA409DF845909DF94A609DF85D809DF95E1090
S21401FA509DF860509DF962C09DF946409DF848703A
S21401FA601B7812F0010E2DD09DF86500C0F3400200
S21401FA70C0F38000002B42D0334B1B78012B00D102
S21401FA80F2B1C0B19AF800301E335BB29942D4BFCE
S21401FA90002101219C42D4BF002301238B4209D1BE
S21401FAA0B44508DC0CD1E81BC0B280288CBF00200E
S21401FAB0012000E0084608B0BDE8F04704B07047F2
S21401FAC00020F8E7920719D5CBB15FEA5C0C14BFAA
S21401FAD001200020760814BF012300238342EAD1C7
S21401FAE0EB1BDBB2802B0AD9AF42E9D18C4206DB95
S21401FAF025D1C1452CBF00200120DCE70BB9012030
S21401FB00D9E7AF4204D18C42F9DB01D1C145F6D326
S21401FB1016AE0FCE02AC0FC496E8030044F8040BF1
S21401FB202180DDE9140110AB0090ADF804100FCB75
S21401FB300DF0A7FA0028E2D1AF42B4D1BBE7704678
S21401FB40B9E700BF09510020FA4F00200815002030
S21401FB5084B02DE9F04F8FB06A4E18AC08AD84E83A
S21401FB600F0016220021284611F0ABFA33783BB974
S21401FB700024654B32781B789A4239D2002726E05A
S21401FB806248DFF8889100210FF096F900270446B5
S21401FB90B846002C45D13FB15C48224639460FF0A5
S21401FBA00AFA3378013B33703378002BE0D057489C
S21401FBB0DFF858B100210FF07FF94FF000098046B9
S21401FBC04F46CA46B8F1000F6CD1002FD1D016218E
S21401FBD0002218A80FF059F9014648B1002F00F08D
S21401FBE08B804A4822460FF094F9337801333370FC
S21401FBF0454B32781B789A4207D94448002201883F
S21401FC000FF0D9F93378013B33703378012B03D1E8
S21401FC103F494048FDF7FCF80FB0BDE8F04F04B08F
S21401FC20704700222146CDF80080162328460FF0A3
S21401FC3067FA1622294618A811F019FA0028EBD0FF
S21401FC409DF864209DF824309A4225D1BDF86020A5
S21401FC50BDF820309A421FD108220DF12E010DF178
S21401FC606E0011F004FAB8B90DF1600CBCE80F0093
S21401FC7002AF0FC79CE8030047F8040B0EAB3980B0
S21401FC8013E903000090ADF8041095E80F00FFF7A4
S21401FC90CBFE0028C0D02746214648460FF062F921
S21401FCA0044676E7162300224146CDF800A02846F2
S21401FCB00FF026FA0DF1600CBCE80F0002AF0FC77B
S21401FCC09CE8030047F8040B0EAB398013E90300E8
S21401FCD00090ADF8041095E80F00FFF7A5FE074663
S21401FCE020B1B9F1000F04BF44468146414658464B
S21401FCF00FF038F9804665E704483A460FF0E2F817
S21401FD0073E700BF0951002080150020E04D002058
S21401FD1020BF0200741300202DE9F04F9FB010AFF2
S21401FD2000210446162238460E91CDE90C11CDF875
S21401FD303B1011F0C6F90DF11F03052216A9204646
S21401FD400CF042FD0228804600F0FD8020460FF0B0
S21401FD5064F806460EF02BFF8146F01C0EF027FFD6
S21401FD60ADF84000701D0EF022FFB8F1010FADF89E
S21401FD704200204640F0EA800FF04FF80546204644
S21401FD80FCF714FE0D352D1AEAB23B462146082033
S21401FD900AF06CFD002800F0D68020460FF042F8ED
S21401FDA0B8F1010F9DF84D30834640F0E88043F0EE
S21401FDB0010300258DF84D3016AE04953388022BCD
S21401FDC058D1F1780231C9B22046FCF7DFFF1B2873
S21401FDD050D1F1780331C9B22046FCF7D7FF192874
S21401FDE048D1F1780431C9B22046FCF7CFFF4A2842
S21401FDF040D14FF0050AF17801315144C9B220468D
S21401FE00FCF7C4FFF17851448046C9B22046FCF79E
S21401FE10BDFF00EB082083B200F03F02932B059252
S21401FE2040F09C8096F80380D0445FFA88F808F189
S21401FE300203DBB204930023049A009321460F23A6
S21401FE400CA80FF05DF908F11101C9B220460FF0B8
S21401FE50A4F908F113010546C9B220460FF09DF931
S21401FE60ADF84200059B023353445FFA83FA3379B7
S21401FE705345C0D806360DF17603B3429ED19DF8A0
S21401FE804D20C5F3C03363F3410220468DF84D2063
S21401FE900EF05AFF8DF8440020460EF04AFF8DF80A
S21401FEA0450020460EF04AFF9DF832308DF8460098
S21401FEB0C3F3C3028DF84720DDF83320CDF84E207A
S21401FEC0BBF1190FDDF83720CDF852208CBF9DF815
S21401FED03E2000228DF8482003F003028DF84A20C8
S21401FEE09DF84D20DB0963F382026A4B8DF84D20A5
S21401FEF01B78022B58D1BDF840600FF075FA864288
S21401FF0052D108A80FF0EAFCBBF1190F49D9082213
S21401FF100DF14E0108A811F0AAF800283ED1B9F556
S21401FF20004F02D0B9F5624F0DD125F4404540F699
S21401FF30FF739D4207D1002208210DF14E000FF0FC
S21401FF40E6F9002840D01FB0BDE8F08F0EF065FF3F
S21401FF5005462046FCF72AFD073514E7412B81D1DB
S21401FF60F17802315144C9B22046FCF70FFF4A4BE3
S21401FF701B78C3F1B30318448DF8490072E76FF399
S21401FF800003F01D8DF84D300EF011FE0CA905464C
S21401FF9020460FF009FD0023049370E700F018FDDA
S21401FFA0BDE700F015FDCEE7B9F5004F02D0B9F573
S21401FFB0624FC8D125F4404540F6FF739D42C2D139
S21401FFC0BBF1190FBFD9B6E7BBF11A0F06D00499DA
S21401FFD01F313A46C9B220460DF059F82F4C304D24
S21401FFE0637BDBB12B78012B1DD1012323730CAB73
S21401FFF0029314AC94E803000090ADF8041097E85F
S2140200000F00FFF7B7FC90B194E803000090ADF83C
S214020010041097E80F00FFF79BFD08E0FDF720F9B4
S2140200200028DFD0E1E703F0FD03042BDDD02B78B8
S214020030012B01D0042B86D11A4BDDF84E001B781B
S2140200408DF82230BDF84030ADF820309DF84D30A6
S214020050DDF85210C3F340038DF823309DF831309B
S21402006003F00F038DF82C309DF848308DF82D30B4
S21402007009AB03C30C4B1B681BB1394608A898474B
S21402008061E79DF946209DF8451008A80AF075FC20
S21402009059E700BFFA4F002010510020B24D002051
S2140200A0FF5000200F5100205848002010B50AF0DB
S2140200B084F9114B1B78022B1CD1104A1468A042FB
S2140200C018D00F4910600A68121B10440D4A0860C7
S2140200D012786AB1013A93403C2253434FF47A7243
S2140200E05343984206D9BDE810400320FDF748B8AE
S2140200F00A23F3E710BD00BFFA4F00202C41002070
S214020100284100204E150020064B1B88DB0708D529
S214020110054B002243F82020044A135C63F00F03C9
S21402012013547047E24D0020FC3F0020D84F0020B9
S21402013008B50AF042F9034B1860034B00221A6016
S21402014008BD00BF2C41002028410020014B186842
S214020150704700BF2841002008B50C48FCF7F4FEA3
S214020160FDF752F880B10A4B0322B3F8681001205B
S2140201700CF0CDFF074B05481B884FF47A715943A4
S214020180BDE80840FCF744BE08BD00BF941300203B
S21402019080470020F0140020014B18800020704792
S2140201A00C150020044A054B1870138823F003032D
S2140201B01843108000207047E24D00204F150020A3
S2140201C0034B1888C0F30E00003818BF0120704792
S2140201D0904D002008B5FFF7F3FF30B10449002028
S2140201E002230B220880FCF729FF002008BD00BF6F
S2140201F0904D0020024B1888C0F30E00704700BFD7
S214020200904D0020084A094900231370084A1370CB
S214020210084B094A1B7843F004031380012002238B
S2140202200B22FCF70BBF00BF0C510020904D0020A4
S2140202300B5100204F150020E24D002030B585B04E
S2140202400024114D019401210B2300918DF80C30EE
S2140202508DF80D000323B5F868008DF80E4003AA4A
S21402026010F064FD68B1B5F868100FF07AFC40B182
S214020270064B074805221A70064B64211C70FCF7D1
S214020280C7FD05B030BD00BF804700200B510020DF
S214020290B41300200C510020064B1B78033B012BA5
S2140202A006D8054B1B781BB9044B1878FFF7C6BF58
S2140202B0704700BFFB4F00200A5100204E15002059
S2140202C008B51548FCF740FE144B1978F9B9144ADC
S2140202D013787BB1013B1370124B1B78042B02D1AF
S2140202E00846FBF7FFFCBDE808400B484FF4967142
S2140202F0FCF78EBD0C4B1B8803F00303022B0AD1BE
S214020300BDE80840094903220120FEF735BDBDE8D5
S2140203100840FFF7C1BF08BDB41300200C510020EF
S2140203200B510020FB4F0020904D002000F8FF07E5
S214020330084B1A785AB1013A022393404EF66022CD
S214020340534303210448B3FBF1F1FCF761BD42F2CB
S2140203501073F6E74E150020B413002070B505465C
S2140203601748FCF7F1FD174B012228461A7010F0C9
S21402037001FD411C0446C9B22846FCF707FDA11C34
S2140203800646C9B22846FCF701FD0F4C0223208020
S2140203900B2221460020FCF751FE86B9238803F083
S2140203A00303022B03D1FFF7C3FEFFF7C1FF238827
S2140203B05B0704D5BDE870400448FFF7CDBE70BDAC
S2140203C0B41300200C510020904D002094130020FE
S2140203D0F0B5194C238887B03BB3184F00214FF471
S2140203E0807010F0FEFA3B78DB071CD501212088CE
S2140203F0FCF766FB064620880EF00FFD02300EF074
S214020400D6FB03A90546208810F09EFD3B7813F024
S214020410020F0CBF66230023009303AA3346294625
S21402042006200AF0FEF900232380054807B0BDE83F
S214020430F040FCF789BD00BFE64D00200D510020BC
S214020440D413002010B504460A48FFF7C1FF012165
S2140204504FF4807010F0C5FA58B1074B05481C805F
S214020460064B00221A70064BBDE810401988FCF7AE
S214020470CFBC10BDD4130020E64D00200D51002045
S214020480F2140020044A137818B943F001031370DB
S214020490704743F00303FAE70D510020044B1B7824
S2140204A01BB9044A1380FEF7BBB90020704700BF91
S2140204B003510020E44D002030B501F0400387B020
S2140204C0002B4FF00402054614BF012400248DF8C9
S2140204D00C208DF80D1004D004A910F0A8FA10B361
S2140204E004ABCDE9004303AA02230121284610F0FB
S2140204F01DFC0446C8B10E4BB3F868100EF0D7FBCD
S2140205004FF6F7739D4209D9322202212046FEF7A2
S214020510F3F880F00100C0B207B030BD294620468D
S2140205200FF01FFBF5E70120F6E71820F4E700BFFF
S2140205308047002010B5FFF74DFE04F047F90FF094
S21402054048F9002010F065FAFBF7B0F908B1FDF79C
S214020550ADFA1F4C2378532B10D103230021012020
S21402056023700FF0C6F90020FAF748FB10B10020FE
S2140205700EF06EFCBDE810400CF0CDBD062B01D08F
S214020580212BF0D101200FF080F94FF6FE700EF00D
S2140205901AFF4FF6FF700EF033FF0020FEF700FB47
S2140205A00020FEF707FBFEF797FA00F007FB0CF0B9
S2140205B0B5FD2378212B02D1FEF722FAD3E70020DD
S2140205C0FCF7DEFD00214FF400400FF0FBFFCAE708
S2140205D0FA4F002010B50A4C0A48FCF7B5FC2378FF
S2140205E0062B02D101200FF050F92378062B01D0FA
S2140205F0532B03D1BDE81040FFF79CBF10BD00BFD0
S214020600FA4F0020F41300202DE9F047DFF8C080EF
S21402061004460E461746FFF7DDFD98F8005015B95A
S2140206207020BDE8F087212DFAD028480EF029FE6A
S2140206300028F5D114F02004DFF898A0DFF898908F
S21402064005F00F05394630461BD00CF0B3F8012DE5
S2140206508AF80070A9F8006029D1212388F80030B2
S214020660FFF768FF0020DCE7212388F80030FFF759
S21402067061FF00214FF6FE70FEF716FCFEF7CEFE77
S214020680F0E70CF096F8012D8AF80070A9F80060E1
S214020690EAD0062321464FF6FD7088F80030FFF7B1
S2140206A00BFF0A4840F22621FCF7B2FBE1E7532390
S2140206B021464FF6FD7088F80030FFF7FDFE03482E
S2140206C040F22621FCF7A4FBCCE700BFF41300207F
S2140206D0FA4F00200E5100200E150020F8B50D46E8
S2140206E0511CC9B206462846FCF750FB044628466B
S2140206F00EF093FB054602300EF059FA164B1B78A5
S214020700022B074602D0043B012B23D8134B1B684F
S214020710580201D5A1061DD562061BD5104BB3F8AB
S2140207206830B34216D16B781B070FD5284610F0F7
S21402073060FB0C49082210F09AFC58B9314604F0C6
S21402074020000122BDE8F840FFF75EBF0EF02FFE44
S214020750B842F3D0F8BD00BFFA4F00203441002063
S21402076080470020F550002073B504460D4610F071
S2140207705AF9FF28034625D0134A12784AB1134A7B
S21402078032F81020520404D510F032F9002002B0DC
S21402079070BD184610F03FF96946064610F047F954
S2140207A040B1FCF7E1FC28B100230222694630463C
S2140207B004F0BEFF45F04001204602B0BDE870409E
S2140207C0FFF77ABE0120E2E7F64F00208A4D0020AE
S2140207D038B505460EF021FB0446284610F0CAFA44
S2140207E0411CC9B22846FCF7D1FA42060DD56378F9
S2140207F01B070FD5204610F0FCFA0146002010F029
S21402080010F9BDE8384010F0F3B8BDE838400248A9
S214020810FFF7E0BE38BD00BFF413002038B54FF630
S214020820FF75A842044617D00EF0DEFDA04213D094
S2140208300A4B19884FF6FD7291420DD9084A128862
S214020840AA4201D0A24207D11C800648BDE8384021
S2140208504FF47A71FCF7DCBA38BD00BFF8140020FA
S21402086010150020C040002008B50448FCF76CFBB9
S214020870034B4FF6FF721A8008BD00BFC04000202F
S214020880F8140020024A13780BB1013B137070472C
S214020890EB4F002008B50EF0B3FD064B00214FF6D5
S2140208A0FF7208461A80FEF7ABF9BDE808409A20A8
S2140208B00AF042B8F814002008B5FCF745FB0A4BCC
S2140208C01B78023B032B08D8084A10884FF6FE73A3
S2140208D098424FF6FF7301D1138008BD9842FCD0B0
S2140208E0BDE80840FFF7D6BFFA4F0020F8140020F4
S2140208F010B5084B1B78042B0AD00EF058FD0021C9
S214020900044608460FF085F8231A5842584110BD8F
S2140209100020FCE7FB4F0020F0B589B00026054614
S214020920CDE90566ADF81C6010F024FA0A230246EB
S21402093004460096294605A80EF0E2FB9DF81530FF
S2140209409DF814701F2B27D803A80EF0C7FF0822A5
S2140209500DF1160103A810F08AFB0646E0B9092F2E
S2140209601CD1FFF7C5FFB8B1154B1B78A3B1154BC9
S2140209701A884FF6FD739A420ED9134C134A2378FF
S2140209800433DBB223701278013AB3EB820F03DD35
S21402099058B20AF023F9267009B0F0BD04F10A0134
S2140209A0C9B22846FCF7F2F90FF061F804F10B0120
S2140209B0C9B228460EF0F1FBFFF730FFECE700BFA6
S2140209C060150020F8140020EB4F00204D15002083
S2140209D038B5134B1B78033B012B20D9114B1B78E0
S2140209E04FF6FF71ABB1104D2B888B4217D10EF02C
S2140209F0FBFC4EF6602104460C48FCF709FA4FF65B
S214020A00FE732B8022460021BDE8384009200FF0F5
S214020A103CB8074A13888B421CBF0133138038BD8B
S214020A20FB4F002060150020F8140020C040002074
S214020A308C4D002008B50448FCF786FA0021BDE874
S214020A4008400846FBF74EB91414002010B50446B9
S214020A5061B1FF210EF082F9002120460EF084F9E2
S214020A600EF046F8014620460EF084F92146034869
S214020A70BDE8104000220EF025BA00BFEA4D002065
S214020A802DE9F0410D46174604460EF0C6F90678E3
S214020A90284606F0E5FD2946804620460EF007F970
S214020AA00EF085FCA84206D120460121FFF7CEFFB4
S214020AB00120BDE8F0812846B8F1000F0AD006F002
S214020AC051FE50B9144B3A4620461978BDE8F0411B
S214020AD0FDF712BE0FF0B4FFF3E706F00306012E91
S214020AE008D00EF064FC00232246294602F09AF94A
S214020AF00028D9D120460EF096F8430505D52046A3
S214020B000021BDE8F0410EF03FBD20460FF076FF13
S214020B10B0FA80F04009CCE74C15002010B586B03C
S214020B20044610F027F9104B02461868197902900D
S214020B30D3F805005B7A8DF81430013200238DF865
S214020B400C100490009321460523D2B204A80EF09E
S214020B50D7FA052204A902A810F089FAB0FA80F0A2
S214020B60400906B010BD00BF4CD7030008B51148B7
S214020B700EF066FB104B1B78012B06D8FF200FF0F9
S214020B8010FFFDF79BFC0FF02BFFFDF7FBF901F0C2
S214020B90C9FCFFF737FB0CF0B1FA0CF0B0FAFDF720
S214020BA01FFE07F019F90BF007FEBDE8084002F039
S214020BB037BC00BF40480020D14F002008B5F0F7F0
S214020BC083F9FF2803D0094B1B78012B06D9002096
S214020BD00FF0E7FEFDF772FC0FF002FFFDF7D2F909
S214020BE001F0A0FCBDE8084002F01ABCD14F00207C
S214020BF0064B1878112806D000F0FD00A0F141033C
S214020C005842584170470120704700BFFA4F0020F3
S214020C102DE9F8430446FDF7F9FB18B100263046E5
S214020C20BDE8F883194BB3F868104FF6FF784145D4
S214020C30F4D020460EF03BF8154B02211A882046C7
S214020C40FDF75AFD06460028E8D020460EF0E5F8E5
S214020C5090F80790054604300DF0A9FF07460EF0FF
S214020C60A6FB494602463846FDF7E8FBA81C0DF0EF
S214020C709EFF404502D12046FFF7E4FB2B789B07F8
S214020C80CDD101212046FFF7E1FEC8E780470020CC
S214020C90E84D0020F8B507460EF0BFF805460430CA
S214020CA00DF085FF0646A81C0DF081FF044630466F
S214020CB00FF0B9FE304606F0D3FC2B789B0701D125
S214020CC00EF075FBAB790BB90320F8BD0EF06FFB87
S214020CD0A0420CD10EF06BFB0446094B21461A7853
S214020CE03846FFF7CDFE0028EED00020EDE7054B94
S214020CF01B78052B1CBF044BB3F86840EDE700BF1A
S214020D00E84D0020FB4F0020804700202DE9F041EF
S214020D10064610460D4610F02DF8A0F11004E7B274
S214020D2056FA84F4EA1B214604F10E0010F0AFF9DD
S214020D302823F355DFF8408098F80030637301F0FB
S214020D4003FC611C024601200DF037FF0949082208
S214020D50601D10F09CF998F800000FF08FFC05F16A
S214020D600E0130463B460022C9B201F099FC122021
S214020D70BDE8F081F5500020F54F00202DE9F04F38
S214020D8087B004460EF049F8064620460DF0A8FF46
S214020D900746301D0DF00BFF8146B01C0DF007FF15
S214020DA0384696F807A00FF04DFE33789A0769D1B9
S214020DB02146042001F07CFD002863D020460FF077
S214020DC0D9FF01462046FBF7E1FF83075AD12046AA
S214020DD00FF0D0FF01462046FBF7D8FF10F00303C2
S214020DE003934FD12046FFF799FE00284AD02046AB
S214020DF010F099F800F1010B05462046FBF7F2FDCC
S214020E005FFA8BFB0BF10A03834264DA334A1068FB
S214020E10516804AB03C3A91CC9B22046FBF7B6FF50
S214020E20594680462046FBF7B1FF05F10B0100EB61
S214020E3008201FFA80F8C9B22046FBF7A7FF039BDB
S214020E400093EA1C0823D2B22146834604A80EF079
S214020E5057F920460DF044FF5A4641460CF065F914
S214020E60012204A9404601F083F9A0BB02200CF03F
S214020E7047F902200CF044F9013003D104A9404698
S214020E80EFF714FF0EF093FA48453A46514607D15B
S214020E900EF083FCF8B907B0BDE8F04F0EF016BFAF
S214020EA048460EF07AFCB0B90D4B1B781BB9394692
S214020EB048460EF030FE3A4651464846FDF7BEFA20
S214020EC048B1317811F0030105D1204607B0BDE8DC
S214020ED0F04FFFF7BBBD07B0BDE8F08FB07B030055
S214020EE0F14F002038B50F4D2B78023B012B15D859
S214020EF00CF01DF9044698B9FFF7D8F82B78032BA7
S214020F00214604D101200EF0F4FC012038BD204613
S214020F10FAF7E8FE003818BF0120F7E79320F5E756
S214020F207020F3E7FA4F00202DE9F34105460E46FE
S214020F3014460DF082FE0C28284644D10DF06DFFB3
S214020F4009220021FAF7E6F900F11001C9B2284693
S214020F50FBF71CFF042813D07C282AD0012840F077
S214020F608D8046B9132128460EF017F902B0BDE867
S214020F70F0410EF045BA02B0BDE8F041FDF7A6BD5D
S214020F80624B1B78022B79D146B9FFF733F9C307B8
S214020F900AD5FFF7CDF8002C08BF3126304602B03E
S214020FA0BDE8F04109F038BDFFF70AF90028F0D095
S214020FB0F1E701212846FBF783FD314602B0BDE882
S214020FC0F04109F0C2BD0DF028FF804604300DF056
S214020FD0EEFD074608F102000DF0E9FD4FF6F77345
S214020FE0984204464DD84A4A138801339BB213806E
S214020FF00BB9484A1380DEB998F8003003F00303B1
S214021000012B12D128460FF0B5FE01462846FBF703
S214021010BDFE0B2846D00D2844D004282ED12846E3
S21402102002B0BDE8F041FFF7D3BB3BBB002133E083
S214021030384A13880133138098F8006006F00306D6
S214021040012EDFD0D6B96621284603F099FC98F81F
S214021050018018F0040840D120460FF0B2FC054685
S214021060204655BB0FF0ECFC034600284BD12A4A1B
S21402107000901278214638460EF0BEFE02B0BDE859
S214021080F08198F8003003F00303012BBAD0002B4E
S214021090F4D1002ECAD06621284602B0BDE8F0413F
S2140210A003F06EBC1D4B1B78042BE7D100210846CB
S2140210B002B0BDE8F041FAF715BE0FF0C1FC0346D8
S2140210C0B8B900900C22214638460EF095FE0C2246
S2140210D00023009339462046CEE720460FF0B0FCA8
S2140210E0034610B900900B22C4E700963346062248
S2140210F0C0E70622CDF800804346214638460EF069
S2140211007BFE0622E4E700952B46F0E7FA4F002026
S214021110944D0020924D002082150020FB4F0020A7
S2140211202DE9F04F05888BB0044628460DF075FE73
S214021130074604300DF03BFD8146B81C0DF037FD26
S21402114005A9804628460FF061FE28460FF012FEDB
S214021150014606462846FBF719FE3B7803F00303D2
S214021160012B0CBF83464FF0FF0B824609F020F995
S214021170E388029301900EF01AF9FB790090484634
S214021180039300F057FF002876D1404600F052FF46
S214021190002840F08880FDF7E7FB8046FCF760F801
S2140211A010B9FFF725FD30B1A8F104085FFA88F8F8
S2140211B0B8F1020F1BD90BF0FD03042B00F0B3802D
S2140211C0FFF716FD20B10AF0030ABAF1010F0ED09E
S2140211D0FCF71AF828B9714B1B7803F00F03062B9D
S2140211E068D16F4B2846B3F868100DF060FDBBF16E
S2140211F0010F63D128460DF044FD4FF6FF73984267
S21402120040F09180002307AA314628460FF0E1FB02
S2140212100746002842D042799DF82530934209D9E4
S214021220711DC9B22846FBF7C5FDA37823F00F034C
S2140212300233A370E4F70CFF7E23B0FBF3F202FB4B
S214021240130303F58073A3809DF8263013F0180F5E
S2140212500AD0A3781B0707D1009B4B4504D07A79A6
S21402126005A9484609F0F9FB9DF82700003818BF83
S21402127001200BB0BDE8F08F28460DF0CEFD0230FF
S2140212800DF095FC4FF6F773984207D9039B2BB9DE
S2140212902846FFF743FC00287FF477AFA37823F0B5
S2140212A00F03A37008E040460FF0CCFB00287FF443
S2140212B072AFF3E72823A3800020DAE7BBF1020F20
S2140212C054D1012307AA314628460FF082FB8046F6
S2140212D00EF06DF8BDF8223098421FD1B8F1000F1B
S2140212E0DCD0B8F802300122314628460FF06FFBF8
S2140212F02C4A13780133DBB2FB711370B8F8023054
S214021300BDF81E209A421FBFA37823F00F030233B4
S214021310A3704FF4C873A3800120AAE718460FF003
S21402132091FB0028DAD128460DF0ABFC0EF032F81D
S214021330012808BF1C4BA27801BF1B7803EB83036E
S21402134003EB83039B0006BFFA339BB2FA23120910
S214021350A4D1DDE90121521A92B293429ED3E4F758
S21402136077FE00F01F001030A080D5E7BBF1030F18
S214021370D9D1009B4B45D6D1711CC9B22846FBF782
S21402138005FD0C28CFD1FCF7ADFF4FF6FF73984250
S2140213900146C8D028460DF08AFCC4E7FA4F002062
S2140213A080470020F84F00205A1500202DE9F04112
S2140213B005460C460DF041FC082802D10120BDE886
S2140213C0F081201D0DF0F3FB0646284694F80780B0
S2140213D00DF086FC074628460DF025FC010612D5C0
S2140213E0184B1B78042B0ED1174B1B78022B0AD1F5
S2140213F0164BB3F868204FF6FF739A4203D00021CB
S2140214000846FAF76FFC124B1B78002BD6D1A01CAD
S2140214100DF0CDFB4FF6F773984202D86378DA07E1
S2140214200DD523789B070AD13A46414630460EF040
S214021430B4F980F00100C0B200F00100BFE701205D
S214021440FAE700BFFB4F0020FA4F0020804700203B
S214021450135100202DE9F04F9BB004460DF0EDFB32
S214021460054620460DF0E9FB08284CD12046ADF88B
S2140214705840FBF7B7FABDF85820A0F11005EDB2B8
S21402148010461023009500210DF074FE294616A87A
S2140214900DF01DFE2046FBF789FA05462046FBF7AF
S2140214A0A1FAC1B22846FCF7AFF8ADF85A408DF85B
S2140214B0590048B92046FBF779FA01460DF1590062
S2140214C0FCF7DCF88DF85800BDF8582048F2010306
S2140214D09A4202D120460BF071F99DF85930402B02
S2140214E005D120460BF06AF91BB0BDE8F08F802BC1
S2140214F003D016A809F043FBF6E716A80BF00FFE7A
S2140215000028F6D0F0E720460DF0D7FBB0F5006FC6
S21402151040F0FE8020460DF0E3FB0646042D40F028
S214021520FA8020460DF07FFB80F40060C0F3C020F6
S2140215300022314640000BF002F9914B1A78022A3B
S2140215400DD0FFF755FB50B902F0FD03312B06D044
S214021550043A012A03D98B4B1B78002BC4D02146B0
S214021560022001F0A5F905900028BDD02046ADF86E
S21402157042400DF052FC0446BDF842000DF0B0FBAE
S2140215800546201D0DF013FBA31C83461846089340
S2140215900DF00DFB11A90746BDF842000FF036FC10
S2140215A02378069003F0030ABDF842006378099395
S2140215B00FF0E0FB63780D930646284606F050F8D7
S2140215C0BAF1010F0CBF032302230F936E4B0E904A
S2140215D01D80237803F03C030CBF4FF00B084FF03E
S2140215E00A08082B80D1BDF84200FBF7FBF9B0428F
S2140215F07FF67AAFBAF1010F03D023789B077FF408
S21402160073AF624BB3F86830AB420DD1604A614BA0
S214021610B2F9001093F90030002900F0A18001EB26
S2140216200313A3EB21131380A6F11003DBB20B9373
S2140216308DF84130BDF842100DF1410310224046AC
S21402164009F014F900283FF44FAF099B13F0020388
S2140216500A9300F00C81504B1B78002B3FF444AFEA
S214021660BDF8428040460FF085FB4FF00009079018
S2140216704046CDE91699CDF86090ADF864900DF02D
S2140216802FFB079B039003F10E0189B240460FF031
S21402169044FB00286ED00E23079ACDF800904146F0
S2140216A016A80DF02DFD0DF1590101200DF093FA4B
S2140216B09DF8653004939DF858300C90282B59D12C
S2140216C0364908220DF15D000FF0D1FC002851D0FA
S2140216D004980EF0D3FF002866D1314B049A1B788B
S2140216E0D31A1C0646D404F071F801283AD12D4EBE
S2140216F008F063FE3468054624B104F06DF82C1B2E
S214021700844237D3002108460EF0F3F8356031E004
S2140217104FF6FD7602E74FF6FF70301A18BF01202B
S2140217200022314640000BF00AF80C2D0DD121465E
S214021730012001F0BDF800283FF4D6AE2146002075
S2140217401BB0BDE8F04FFEF72DB82DB920461BB0F2
S214021750BDE8F04FFEF7E0BA042D7FF4C5AEECE626
S2140217601B0260E704F032F8022803D104F010F8F6
S2140217700028BCD00399002219200AF0E0FFB3E645
S214021780FA4F002013510020064E0020804700200A
S214021790DC4D002010510020F64F0020F5500020AE
S2140217A0F54F00206C48002001230093079A4B4611
S2140217B0102140460EF0A1FD0028DBD0BD4B049A56
S2140217C01B78934240F0A88003990DF15D0213A89E
S2140217D005F02EFF012113A805F09AFF48F2030137
S2140217E0814613A806F008F8B9F1000F03D00821C5
S2140217F013A80BF039FC40460FF0DAFA03990DF104
S2140218005D0006F0E9F9FE288146B3D0FF280AD12A
S21402181003980DF036FFFF28814600F085800DF113
S2140218205D01FCF7C3FCA34B049A1B78934200F0BD
S214021830A1800C99484606F0B5F900283FF454AE4C
S21402184048460C9906F0C0F9237898070FD140460F
S2140218500FF090FA01464046FBF798FA00F00300B4
S214021860012804D103980DF15D01EFF71FFABDF8C8
S21402187042000DF0D8F9010440F1838020460DF0B5
S21402188096F940F4007189B220460DF092F9BDF83F
S214021890420000224FF400410DF0B6F9DDF8148044
S2140218A0BDF842100F980DF14103102208F0DEFF3A
S2140218B000283FF419AE032866D120460DF077F9CA
S2140218C040F4007189B220460DF073F928460FF0F5
S2140218D0B9F8002840F0BC80DDF81480BAF1010F98
S2140218E040F0BC80BDF84210032000F0E1FF002863
S2140218F040F0B4803146BDF84200FBF747FA0F28A5
S21402190001467FF6F1AD4FF6F7739F423FF6ECAD18
S21402191028460EF06BF9E7E50499012003F0B6F9C4
S21402192000287FF451AF25E7237803F00303012B49
S21402193008D140460FF01EFA01464046FBF726FA4B
S214021940082894D05C4B1A785C4B1B789A4209D2D2
S2140219500DF15D010398FCF7DDFB03980DF091FE97
S214021960814660E708980DF022F94FF6F773984221
S214021970EED9FFE6484606F08FF900283FF459AF45
S2140219805EE74FF000088BE728460FF05BF800286A
S214021990A4D00A9B002B5DD1B8F1000F58D1BAF142
S2140219A0010FBDF842009DD03146FBF7EFF98146A4
S2140219B0DFF8148198F80030002B5AD00DF0F7FCAF
S2140219C087427FF491ADBAF1010F40F08580B9F1FC
S2140219D0070F7BD8B9F1050F7FF686AD384B1B781B
S2140219E0022B02D0043B012B03D898F80030002BC0
S2140219F046D00D9B9A0640F1BA800E9B002B40F013
S214021A00B28028460FF00FF8FF2840F0AC805D4504
S214021A107FF46AAD069B002B00F0A38011AB46F262
S214021A2004020126ADF8582001930096022316AA56
S214021A30314628460FF07AF9044600283FF454ADA2
S214021A4029460DF034F9314620460DF09DFD4BE552
S214021A50DDF8148028460EF0CEFF3FE7BDF84200C0
S214021A603146FBF793F90A9B814613B9B8F1000F8A
S214021A709ED0134B1B78022B02D0043B012BB8D806
S214021A80284600F0D7FA804600287FF42DAD0DF0E8
S214021A908EFC854226D10B4BB3F868400DF087FCCE
S214021AA0CDF80080014643460D2220460EF0A4F9EA
S214021AB01AE500BFF54F0020F44F00205B1500200A
S214021AC0FA4F002080470020F64F0020A9F10E03AF
S214021AD0DBB2012B82D907E509F00303012B7FF461
S214021AE003AD7BE728460EF0ADFF58B90DF07CFC3F
S214021AF04FF6FF73984205D0F9F7D8FE10B928467C
S214021B00FCF7AEFA28460EF09DFF88B10DF06CFC8D
S214021B104FF6FF7398420BD0F9F7C8FE40B9BAF1F8
S214021B20010F02D1B9F1060F02D028460EF062FF6D
S214021B30069BA3B919460122584600F019FB8046B7
S214021B4000287FF4D1AC20460FF053F942460146F6
S214021B50384600F00DFB00283FF44BAFC4E411A951
S214021B60E9E7069B5BE7637823F0200363704FF692
S214021B70FC739F423FF4B8AC4FF6FD739F4204D10C
S214021B80B04B1B78042B3FF4AFACA3790BB1013BEF
S214021B90A37163785B0727D5002316AA13A95846B4
S214021BA016930EF008FF1698F0B10EF0FDFE804672
S214021BB038460EF038FF169A1379014603F03000C5
S214021BC0102806D003F00C0008281CBF23F00C03D4
S214021BD01371137903F03303202B05D1FF2903D0A9
S214021BE0012240460EF0EFFE28460EF01CFFFF28AC
S214021BF01EBF954B002243F82020099B03F00108E4
S214021C004FF6F7739F4200F2F980B8F1000F40F0EA
S214021C10CF80294658460DF07EFF0DF0C8FB87425E
S214021C2000F0F88038460EF00DFF002841D0BAF1D9
S214021C30010F27D1B9F1010F17D1BDF84200424674
S214021C4031460EF0C3FE38460EF0FCFE7F4B1B7884
S214021C50002B72D158460EF0F5FE002866D13846A3
S214021C600EF0F0FE002861D13EE438460EF0EAFEA1
S214021C7050B3B9F1030F27D1BDF8420031460EF03A
S214021C80F3F831E438460EF0DDFE38460EF0D8FEA4
S214021C90002847D0BDF8422000233946584601F0B6
S214021CA0C1F800283ED0BDF842000021FEF7CEFE65
S214021CB01AE438460EF0C6FE18B1BAF1010FD8D0B3
S214021CC0E3E7BAF1010FE0D1604B1B78002BC1D0DD
S214021CD0B9F1050F31D10DF06AFB8DF858000DF001
S214021CE066FB000A8DF859000123022216A90DF19F
S214021CF04200FAF7A7FF00287FF4F6AB711CC9B2C0
S214021D00BDF84200FBF730F80378013303706378BE
S214021D10590715D40DF04BFB834522D000223946D5
S214021D201C202AE5494B1B78002B93D0BAF1010FF1
S214021D30CED063785A0714D502E06378580718D5D0
S214021D40BDF8424020460EF0D7FF411CC9B22046DD
S214021D50FBF70AF80378BAF1010F03F1FF330370B9
S214021D6004D0BDF84200FEF795FF09E0B9F1050F71
S214021D70D0D0BDF84200FEF78DFFB9F1030FCDD0EB
S214021D800228CBD116AA002158460EF017FE30B113
S214021D900379458003F03C0343F0400303710023BC
S214021DA02B4A00931278394658460EF025F8B5E7C6
S214021DB0BAF1010F40F0918009F1FF330C2B00F2CB
S214021DC0808001A252F823F01F1E02001F1E02008E
S214021DD0791C0200351E0200551E0200E91402009C
S214021DE0791E0200891E0200951E0200951E020040
S214021DF0E9140200AB1E0200B71E0200BAF1010F80
S214021E0072D0B8F1000F68D1BDF84200FEF7B6FFF7
S214021E10FFF76ABBBAF1010F7FF445AFCCE7A9F131
S214021E2002035A42BDF842005A4131460EF0CEFD38
S214021E30FFF75ABBBDF8421032465846FEF74EFC34
S214021E40FFF752BBFB4F0020FC3F00205F1500202F
S214021E5082150020711CBDF84200C9B2FAF796FF3F
S214021E600236F6B20246BDF84230009611A958462E
S214021E700BF02BF9FFF738BB0B9ABDF84210012086
S214021E80FDF776FBFFF730BBBDF842000EF0A4FD6F
S214021E90FFF72ABBBDF84200FEF73EFDFFF724BB64
S214021EA0BDF84200FEF738FDAEE7BDF84200FEF789
S214021EB055FAFFF719BBBDF842000BF02AF9FFF7F7
S214021EC013BBBDF842103346224648460BF0D7F8FD
S214021ED000287FF409AB49461AE5237A03F0030388
S214021EE0012B7FF401AB8FE709F1FF330C2B3FF692
S214021EF0FBAA01A252F823F01F1E02001F1E0200B8
S214021F00791C0200351E0200551E0200E91402006A
S214021F10791E0200891E0200A11E0200A11E0200F6
S214021F20E9140200AB1E0200B71E020010B51248EA
S214021F3000210DF021F80446E8B10CF0FAFE0F4B32
S214021F40187020460CF0FAFE0D4B187020460CF066
S214021F50FBFE0C4B187020460CF0FBFE0A4B18607A
S214021F60012008F03CFA2046FFF774FABDE810405C
S214021F70002008F034BA10BDAC4D002011510020EC
S214021F80105100200F5100206448002070B5144EF6
S214021F90336804460D46BBB10CF04FFE0C2813D135
S214021FA020460CF03AFF092200210446F9F7B2F95E
S214021FB0235C042B08D10B4C25B10B4B22781B78E3
S214021FC09A4203D300232370002070BD074831686D
S214021FD0FAF71EFF2378013323700120F5E700BFCE
S214021FE06848002012510020811500201414002099
S214021FF070B50D4D00242C70EEF7F4FEE6B2B0423A
S21402200008D80A4B00221A70094B198801B11A80A7
S214022010012070BD30460EF00EFDC30742BF2B787E
S21402202001332B700134E7E7F34F0020EC4F00201A
S2140220308E4D002038B50B4B1B78054673B1013325
S2140220405C08094B1888FAF7B1FC002330F8132015
S214022050AA4205D00133DAB2A242F7D3002038BD35
S2140220600120FCE7EC4F00208E4D002030B50546DF
S21402207085B008460C460EF0D8FCFF280CD00DF0B2
S21402208026FE01220021CDE90112034600922146D6
S2140220902A460720FCF7DCFC28460EF0C4FCFF2884
S2140220A004460FD00EF0C7FCC2070DD520460EF030
S2140220B0C2FC830708D40B4A32F8143043F4806318
S2140220C022F8143005B030BD0DF001FE01220021C9
S2140220D0CDE901120346009207202A46FCF7B8FC17
S2140220E0F0E700BF8A4D0020431E9BB24FF6FA72FD
S2140220F0934270B504462AD8FFF79CFF38BB194BAB
S2140221001B78042B23D020460DF0BBFAFF2801D003
S214022110FBF7D4FE20460EF049FC08B10EF040FC58
S2140221202046114E114D03F0C9FD204608F0BCFCB6
S214022130317869B12888FAF739FC054601461E222D
S21402214002300EF0A4FF2C8033781E2B07D970BD08
S2140221502020FAF7F1FC28800028EBD1F7E70233BB
S2140221603370F4E7FB4F0020EC4F00208E4D00202A
S214022170F7B504460D4617460DF019F90646002D2A
S21402218041D04FF6FB739C423DD82046FFF752FFE4
S21402219008B1A64237D02046FFF74CFF10B1012007
S2140221A003B0F0BD20460AF00BFBC0B1A642F6D043
S2140221B004B369462046FBF753F90246D0B9082114
S2140221C068460DF0A4F8A8B90822694628460EF01B
S2140221D04EFF78B1294620460DF0A9FDDFE7A6425C
S2140221E0E6D10A49082228460EF041FF10B10EF049
S2140221F0F6FBD4E73FB121462846FBF7F5FF21461A
S214022200284603F077FD0020CAE700BFF5500020FD
S214022210044A13782BB1013BDBB213700BB9024AA6
S21402222013807047EC4F00208E4D00200148FAF7CD
S214022230E3B900BF8E4D00202DE9F04780468CB0F2
S21402224017460D4661B903AE1B48DFF86CA00021A5
S2140222500CF032FE4FF0000904461CB920461DE081
S2140222600E46F1E700222146CDF8009024233046A0
S2140222700CF046FF0822414630460EF0F8FEA8B99A
S214022280337C9BB96FB945B92A460B4821460CF0F8
S21402229092FE0A4A1388013B138001200CB0BDE867
S2140222A0F0873B88B28953405B06ECD52146504600
S2140222B00CF058FE0446D0E7EE4D0020EC4D002010
S2140222C0024B1888003818BF01207047EC4D0020DA
S2140222D02DE9F0433048314D8DB0FAF735FE08F05F
S2140222E06CF82B68C41A4FF47A73B4FBF3F4A4B2F6
S2140222F014B108F062F82860294FDFF8A8803B88FE
S214022300ADF80A3000233B804FF6FF7600210DF130
S2140223100A000CF031FE054658B9224B1B882BB139
S2140223204FF47A711C487143FAF772FD0DB0BDE89E
S214022330F0834FF000092423CDF800904A46294640
S21402234003A80CF0DDFEBDF81A30A34294BFDB1AD8
S2140223501B1B9BB2ADF81A3063B9BDF818301B06CA
S21402236002D508980AF068FCB8F80030013BA8F8D5
S2140223700030CBE79E4228BF1E46012300934A4602
S2140223802946242303A80CF0BBFE4A4629463846B3
S2140223900CF098FDBAE700BF6040002070480020AD
S2140223A0EE4D0020EC4D0020F0B52D4A0446516853
S2140223B010688DB001AB03C3A378012B4BD1142256
S2140223C0002107A80EF07DFED4F82110D4F81D00D7
S2140223D003AB03C32388190644BF62680892DA0572
S2140223E00BD5221D08AE04F1140710685168354655
S2140223F003C50832BA422E46F7D1ADF8183013F0AC
S214022400040318BFA3690593164B08221B88ADF870
S2140224101A3001A903A80EF02AFE18B106A903A8CD
S2140224200DF0A4FE0022242103A80CF02EFD044683
S21402243098B10020FFF74CFF0B48002221460CF013
S21402244041FD0A4A1388002001331380FFF740FF3C
S21402245000200DB0F0BD7020FBE71820F9E700BFA2
S214022460B07B0300F4140020EE4D0020EC4D00205B
S214022470F7B5044600200E46FFF72AFF104B1B88CE
S214022480A34202D8022003B0F0BD00210D480D4F32
S2140224900CF012FD002501460029F3D0A54208D112
S2140224A0002400942423224630460CF029FE2046BF
S2140224B0E9E738460CF056FD01350146ECE700BF69
S2140224C0EC4D0020EE4D00200148FAF795B800BF0B
S2140224D0EE4D0020014B1888704700BFEC4D0020DF
S2140224E070B50C4611460E4A2378127813F0200572
S2140224F042EA03020646227018BF611D08220EF049
S214022500C6FDD4F80130B36023783373002D0CBFB8
S21402251005200D2003F01803082B08BF013070BDFC
S214022520F64F002007B504231A460DEB03010120DF
S214022530FAF784FD019B034A1B03136003B05DF8A0
S21402254004FB00BF2441002010B5064C2368C3F3E9
S2140225500B0313B9042007F066FF2068431C2360B0
S21402256010BD00BF24410020014B1868704700BF11
S2140225702441002007B5064B0020186004231A46A3
S2140225800DEB03010190FAF759FD03B05DF804FB69
S214022590244100207FB51123062201A90120FAF763
S2140225A04DFD084B9DF814201A70074B1B780BB193
S2140225B0052B05D10AF0FAF8012007B05DF804FBF6
S2140225C00020FAE7F54F0020F64F00202DE9F04FE5
S2140225D00646CBB08846008801211746FAF770FAFD
S2140225E02E4B3188ADF816003A4606A80DF05AFE74
S2140225F00DF1280BC4195A46414630880DF0DFFD0E
S214022600E4B208EB0003A34216BFA4EB0804044698
S214022610E4B205464FF004092346CDE900095A46BE
S21402262001210BEB050ACDF808B02D1B06A8EEF724
S214022630A3FDEDB20BEB04030093019523465A4625
S214022640308841460DF0E9FD348839462046FAF7CF
S2140226509DFB394600F0F8022046FAF7ABFB012153
S2140226603088FAF72DFA01234A46514680B10DF119
S2140226701600FAF7E7FABDF816200446012130885C
S214022680FAF732FAB4FA84F040094BB0BDE8F08F9C
S2140226903046FAF7D7FA0446F4E700BFF5500020B2
S2140226A02DE9F04FC9B0044688469246C118224A20
S2140226B004A81F46FFF714FFC519EDB208AB029334
S2140226C0A5EB0A0BA8EB0A035FFA8BFB4FF0040993
S2140226D0A8EB0506DBB2F6B204EB0A020093CDF8CD
S2140226E004905B46012104A8EEF746FD06F59073BA
S2140226F00DEB03025A44A2F5807208A8136844F848
S2140227000830E35D23F00703E3552C4432462146A6
S2140227100EF0FDFC08ABCDE9019308AA0023009653
S214022720012104A8EEF728FD324608A920460EF03D
S214022730EEFC49B0BDE8F08FF5500020F8B506462D
S2140227400EF0F1FB811C054689B230460EF0E5FA22
S214022750F0B1EDB129463046FAF718FB12280746C3
S21402276016D80C4B691C1C5CC9B23046FAF70EFB35
S2140227702C44052FE4B205D1052809D8064B1B5C6C
S2140227801C44E4B221463046BDE8F8400EF0C5BA15
S2140227900020F8BD8ED7030088D70300F8B505469B
S2140227A00EF0E8FA044628460CF037FBA11C074652
S2140227B089B228460EF0B1FA00283ED0002C3CD052
S2140227C021462846FAF7E2FA611C0646C9B22846AE
S2140227D0FAF7DCFA0F2E30D8194B9B5DE118731E00
S2140227E089B2092B0ED8DFE803F009050D0D120D8C
S2140227F00D181E1EC40644BF083189B2820601D5D2
S214022800083189B22846BDE8F8400EF086BA7B78D1
S214022810DB0612D501EB4001F3E700F01F0000EBE8
S21402282040000144EDE71F2805D8092E06BF4000E8
S21402283080B20220F5E7C828E4D00020F8BD00BF29
S214022840A1D70300F8B506460CF0E7FA09220021E4
S2140228500546F8F75FFD00F1100428460CF0A7F9CC
S214022860E4B2074621463046FAF790FA0546304665
S214022870FAF7B8F8BA05A0EB0403DBB20AD47C2D4B
S2140228800AD0082D0AD8064A505D98428CBF00200E
S2140228900120F8BD1220F8E70320F6E7FF20F4E750
S2140228A0B2D70300014B1878704700BF831500208B
S2140228B038B5114B1B78044608469BB9012038BD33
S2140228C0A24205F101050FD103EBC1035B689847ED
S2140228D00028F3D11E2022464FF6FF7109F02FFF83
S2140228E00020ECE7054B0025E9B213F83120002A58
S2140228F0E6D11446EEE700BF8315002058D7030042
S21402290013B50F49002303807F2202230988044659
S2140229100DF1060007F089FD9DF80630BDF8062089
S2140229201BB1238843F001032380FF2A88BF238834
S2140229304FF0000084BF43F00203238002B010BDB4
S214022940C4670300034B1B78002B14BF4420562099
S2140229500E307047F64F00202DE9F04F8DB0CDE9CE
S2140229600423179C0394039CBDF858A0D5880646FA
S2140229700F4644B9EC0606D5CDF858A00DB0BDE812
S214022980F04F09F03EBFC5F380242B054FEA04340E
S21402299048BF44F40064A80511D544F080040A2E0A
S2140229A000F25E81DFE816F088004F003B00590017
S2140229B05C015C0159001000880059003600E905E8
S2140229C048BF44F04004EAE7BB464FF00109022341
S2140229D002934FF00008BAF1000F74D1A24B188888
S2140229E04FF6FF73984206D0A049FAF739FD10B1A8
S2140229F024F48054A4B2059B00935A46434644F4FA
S214022A000271504604F02CFFADF8200000286BD16E
S214022A1018204EE0BB464FF001090323D8E708A969
S214022A20F8B20DF094FEDDF82500DDF8291006ABAD
S214022A3003C38F4B33F817B04FF00009CDF8089058
S214022A400DF11808C7E706A9F8B203F00FF90C2330
S214022A50884A7B4332F803B0EEE74FF6F7739F429D
S214022A6040F2FE8015F4026F40F0FA80824B1B782B
S214022A70022B03D0043B012B00F2F480BAF1000FC4
S214022A800BD1032E0CBF0C23082324F4C07402932C
S214022A90A4B2BB464FF001099BE75046F9F7A2FFE6
S214022AA00246FFF74FFF032E08BF01388242E8DDD9
S214022AB074200DB0BDE8F08F4FF00009BB46CDF88C
S214022AC00890C84687E7049B1B8843B91A465146B6
S214022AD0062007F0E7FE002880D11920E9E7002348
S214022AE01A4651460720F4E75F4A11884FF6FF73ED
S214022AF099421CD00CF091F95B4A03461188059363
S214022B0004300CF056F85D49059B0978D97157498F
S214022B10554A14F4805F1FBF086898604868D860FA
S214022B204FF6FF7313804FF0FF330B604B60049A2F
S214022B30029908A804F042FF00283FF469AF504CFF
S214022B402378002B3DD1BAF1000F14D05046F9F786
S214022B5049FF8046BDF82000F9F744FF2378002B92
S214022B6014BF122200228044EB1003F004039044A8
S214022B704344842B9CDC15F400540AD0BDF8208014
S214022B8040460CF050F840F4806189B240460CF0A2
S214022B9035F8A6F10803012B05D8BDF8200001225E
S214022BA010210CF031F8039BBDF820803BB3594648
S214022BB040460CF07CF8039ABDF8203013800020C3
S214022BC077E7AA06BFD56B0103F020030A2E14BFCF
S214022BD043F0010363F07E03DBB2B9F1000F08D0C5
S214022BE000210091424608A800F0FCFD0028AAD069
S214022BF05FE71A46414608A80DF08CFCF6E7404609
S214022C000EF0B8F8039B02464146042007F04AFE3F
S214022C1000283FF462AF0A2E16D84FF4D963F34069
S214022C20DB0711D5072E09D00A2E07D0BDF82000E3
S214022C300CF081FF0028C2D1A1203AE708A80AF0CA
S214022C402BFA0028F2D0F7E714B125F04005ADB212
S214022C50BDF820002B46FAB2314601F0D9FD28E72E
S214022C60012026E7912024E7121500208415002073
S214022C707A4C0020BA4B0020FA4F00201E5100204A
S214022C80F64F002070B4084EBDF81040308007485A
S214022C901546057000201A469DF80C30CDE9034013
S214022CA070BC0620FFF758BE121500201E510020E9
S214022CB030B402460C48BDF8085005800B489DF813
S214022CC00C4004700A4804780020CDE902304FF622
S214022CD0FD700B464FF6FF71002C08BF014630BC54
S214022CE00320FFF739BE00BF121500201E51002038
S214022CF0D04F002013B50246084804780020CDE9DC
S214022D0000300B464FF6FD704FF6FF71002C08BFE1
S214022D1001460320FFF720FE02B010BDD04F002070
S214022D20F7B51E46234B1B78022B05460C46174664
S214022D300AD1A6B13046F9F755FE0246FFF702FE63
S214022D4082420CD9742008E0043B012BF1D90846D4
S214022D500AF09FF90028ECD1912003B0F0BD65B1CE
S214022D60022D1AD1EEF738F8A04214D9124B33F8D6
S214022D7014204FF6FD739A4202E04FF6F7739C4218
S214022D8009D80023CDE900633A46FF2321462846A8
S214022D90FFF7E2FDE1E70120DFE7012DFBD1074B5C
S214022DA01B78A342F7D9E0B202F078FF4FF6FD7324
S214022DB09842E5E7FA4F00207A4C0020561500208C
S214022DC030B5104B87B005460C461868596803AAFA
S214022DD003C2986810609A88DB880B49ADF80E50DB
S214022DE023F04003ADF812300023CDE9004352BA77
S214022DF0ADF810200988FF2303AA0720FFF7ACFDD1
S214022E0007B030BDFA4D0020064E0020034B1B785B
S214022E1013B1034B18787047FF2070472E510020DD
S214022E202D5100202DE9F04F074689B01046154671
S214022E301C468A460DF09EFF01462846F9F7A6FF75
S214022E40064628460BF0E9FF04300BF0B0FE80463B
S214022E500CF0ADFA804551D0B2074FD1DFF8AC8006
S214022E6005A92846B8F800B00EF06EF89DF819309D
S214022E70A8F800700BBBBDF81430F3B928460BF067
S214022E80CCFF02300BF093FE4FF6F773984204F134
S214022E90010494BF4FF000094FF00109E4B2012388
S214022EA0CDF800902A4605A93846039303F062FC43
S214022EB0039B40B901339C421ED20020A8F800B002
S214022EC009B0BDE8F08F022CF8D1012BF6D10C4ADE
S214022ED00C4BA3F800A01378591C11700A4A7F3BCA
S214022EE016F00C01137007D1BDF81A305B0603D535
S214022EF0BDF81600FFF764FF0223D1E70020DFE7E4
S214022F00F84F0020121500201E510020064E002009
S214022F102DE9F04F8BB08846ADF81E000BF07DFF12
S214022F2000F1020A064650460BF041FEBDF81E406E
S214022F30BB4D074620460DF01DFF01462046F9F719
S214022F4025FF814600F00304301D0BF030FE28807A
S214022F500CF02DFAB8422DD04FF6F7739F4229D8BF
S214022F607378DA0726D438460DF06AFD30B1BDF81C
S214022F701E20288801233946FFF754FF0CF017FA63
S214022F80A74B1B8883420FD1BDF81E4020460DF08A
S214022F90F1FE01462046F9F7F9FE10F00C0103D1C6
S214022FA0BDF81E0001F0ECFC9E4B00221A600BB02E
S214022FB0BDE8F08F9C49BDF81E000DF0C5FF9B4989
S214022FC0BDF81E000DF022FF964A984B002808BF57
S214022FD00023BDF81E0013600BF0ABFE944B187076
S214022FE0BDF81E000BF0AAFE924B1870BDF81E002C
S214022FF00BF0AFFE904B186000238DF82230B8F12C
S214023000000F25D0884BDB889B0621D58B4B1B688F
S2140230109F071BD4012C14BF082318230DF122028C
S2140230200092002211460DF11E0000F0DBFB78B183
S214023030012CA3D1824B1B78112B9FD10DF00DFBD7
S21402304000289BD1AF20FBF789FC97E70823E5E72A
S21402305050460BF0ACFD4FF6F773984240F2F48000
S214023060012C00F0FC80022C00F07881002C85D127
S214023070DFF8B481BDF81E00B8F806300493ADF848
S21402308024000BF0CAFEBDF82460044630460DF05C
S21402309071FE01463046F9F779FE8DF82300A01C32
S2140230A066780BF084FD07460CF081F94FF6F7734D
S2140230B09F422D88B8F8024006F00106824600F2CA
S2140230C0FE80002E0CBF082006200022294609F0AA
S2140230D036FBBDF8249048460DF04CFE002302460F
S2140230E04946042007F0C2FB4FF6F7739F4281461B
S2140230F00BD8B8F90620B8F80630002A05DB5806C1
S21402310003D500212046FFF75BFEB9F1000F3FF41E
S21402311035AFB8F80030002B5BD198F80530002B9D
S21402312057D14FF6F7739F4294BF002301230DF148
S2140231302601BDF8240003930DF068FBDFF8E0B02B
S21402314000F1FF39BBF8003005935FFA89F9B8F849
S2140231500630BDF8260006934946F9F717FE04998D
S214023160069B019000930598039B2246C1F34011EB
S21402317009F09CFF00283FF401AF2B4BBDF8261048
S2140231804A46062007F072FB00283FF4F7AEB8F86E
S214023190022048F202039A4205D1BDF82410BBF879
S2140231A0000000F03FFFDFF8808009AA41460DF1DB
S2140231B0230009F079FF034600287FF4DFAE2104DE
S2140231C0BBF80000BDF824207BD5234641460DF00F
S2140231D032FBDFF8548036B99DF8233003F00C0337
S2140231E00C2B40F09280B8F808000DF0EFFA002899
S2140231F03FF4C4AEB8F80810002002F0FBFB114BF7
S21402320018704FF6F773AA4514BF022503259F428E
S214023210BDF8240002D8002E00F09280012393E02D
S214023220064E002078480020FA4D00201651002055
S2140232301151002010510020644800203441002023
S214023240FA4F00202D510020022C00F08780474BB9
S214023250B3F90630002B25DA012C7FF407AF0CF009
S214023260A6F82B8883423FF489AEBDF81E100520CF
S214023270FFF71EFB00283FF481AE3C4AD3885B066C
S21402328007D50023CDE900330A202988FF23FFF75C
S21402329063FB9DF822302988BDF81E00424601F0E5
S2140232A0EBFF6BE6BDF81E00F9F79CFBA0F11001E0
S2140232B0C9B2304600F086F80028CDD05EE6062079
S2140232C003E7DFF8B890022189F80010039900910D
S2140232D0414603F04FFA132C3FF47BAFB8F80630A2
S2140232E05B043FF576AF224B1B78D80704D599F8D6
S2140232F00020022A3FF46DAF99077FF53FAE99F89A
S2140233000030012B7FF43AAE63E798F80430194890
S214023310009398F8053000883246314602F092FB58
S214023320154B18709DF82330BDF8240003F00C03EB
S214023330082B4FF6F7730CD035469F423FF66EAF1A
S214023340A4F138025342534108492A4603F0FAFFD1
S21402335014E6AA4514BF04250525EEE7BDF81E208F
S2140233600249484601F07EFA08E600BFFA4D002000
S214023370D44F0020064E00202D5100201F51002061
S21402338010B5094800210BF0F7FD044650B101467E
S2140233900420FFF78DFA28B120460121BDE810402F
S2140233A0FFF7B6BD10BD00BFEA4D0020034B044830
S2140233B01A78FF2192000DF084BE00BF5715002038
S2140233C06C3F002070B5451804464FF0FF31AC4202
S2140233D012D1104B10481A7805460023934211DB8F
S2140233E00E4C2078431CB3FBF2F602FB163345F86C
S2140233F02010237000200CE014F8010BE2F740FACC
S2140234000146E4E750F8044BA14201D00133E5E758
S214023410012070BD571500206C3F0020205100206F
S21402342007B5042301220DEB03011046F9F706FE49
S214023430019B034A1B03136003B05DF804FB00BF45
S21402344074480020014B1868704700BF744800207B
S214023450014B1868704700BF7448002010B5064C30
S2140234602368C3F30B0313B9012006F0DCFF2068C0
S214023470431C236010BD00BF744800202DE9F04FA6
S21402348093B0DDE91C79039300230693834699F8EB
S214023490003004930DA80E46154609F0B9F999F8BE
S2140234A0003013F003043ED0039B8DF824300DF158
S2140234B0250A0022082138460BF029FF00286FD083
S2140234C028880BF0AAFC99F800301C074CBF043081
S2140234D002300BF06CFB07A9804604F0D7F89DF883
S2140234E024300446980633D5288806F10D010DF0DF
S2140234F014FCB0B100230093721D29880823D2B2AF
S21402350038460BF0FDFD99F8003003F01803182B2F
S21402351048D1B8F1000F45D0A74BB3F86830434501
S21402352040D0A62326E02888711D0DF0F6FB002861
S214023530F7D0009405232988324609A80BF0E0FD4F
S2140235409DF8243003F0180303930DF1240AB0E724
S2140235500CBB39464046F9F783FF0028D3D099F8CA
S21402356000309907DDD040232246214640460DF022
S21402357000FABE2399F8002012F0030440F0F78008
S214023580288803930BF0ACFB224601461A2009F06A
S214023590D6F8039BEBE007AB03CB38607960B2E763
S2140235A04FF6FF7809F065FD044620B1042138463F
S2140235B004F088F804461E9B002B5AD009231E9955
S2140235C08DF834300DA809F06FFB209B0BB1209BC1
S2140235D00693039B002B40F08E800DA8EDF786FE27
S2140235E099F800309A0700F09880FFF737FF5146A7
S2140235F0024601200BF0E1FA99F800309B0710D53D
S214023600594628880DF066FC0BF1090350FA83F33D
S2140236105FFA83FB288859460DF031FC00EB0B0657
S214023620F6B299F8003013F0C20F0AF104030DD077
S2140236309DF82420614942F020028DF824200A6871
S214023640CAF804204A685A600AF10C0309A8012243
S21402365000921B1A29883246DBB20BF051FD324625
S21402366059462846FEF7B2FF002800F0A380002342
S2140236707DE01F9B5BB19E46BEE80F000DF1340C49
S214023680ACE80F00DEF80030CCF800309DE7049B73
S214023690288803F0200359460493F9F777FB10F0C5
S2140236A0030F0CBF012300230593049B059A1F9961
S2140236B0003B18BF012342EA430300930DAA06AB60
S2140236C0384600F0E5FA049A034682B1002880D014
S2140236D0059B00930DAA06AB1F99384600F0D8FA50
S2140236E099F8002022F02002034689F80020002BD9
S2140236F03FF46FAF3EE7039B102B06D1BDF8363082
S21402370043F00103ADF8363067E7039B182B4FD121
S214023710BDF8363043F00203F4E70DF1250101202F
S2140237200BF059FA99F8003013F0040F82462888F5
S21402373021D1069B1BB3002C35D00BF0D1FA002208
S2140237400146162008F0FBFF84B17FB14FF6FF73E7
S21402375098450BD000231A460DA9384609F0DDFB22
S2140237609DF835203946404609F099FC0123184653
S21402377013B0BDE8F08F002CDFD1104F01E0002C13
S214023780DBD10023009332463B4659460CF0B5FD8A
S21402379000283FF4C6AE002C3FF469AF069A0AF141
S2140237A00103136063E71B685345C6D80124E8E7A4
S2140237B0A623DCE71823DAE780470020F55000202E
S2140237C007B5074A00230193136004230DEB030297
S2140237D07F21012006F025FE03B05DF804FB00BF42
S2140237E0744800202DE9F04FB1B0044600888DF8E9
S2140237F02F3016468A463A9F0DF0BCFA014681469D
S21402380020880DF03CFB00EB090820880DF08BFBAE
S2140238109DF82F500790002315F0010B5FFA88F8E9
S214023820ADF8363008D101460DF1360220880DF08B
S2140238302EFA08B1ADF836B016B9CDE90E660EAE60
S214023840FEF73EFD18B145F020058DF82F500023F7
S214023850CDE9033302930DF12F03CDE9006322462F
S214023860534641464846FFF709FE0546002800F043
S21402387030819DF82F3013F0010B45D1B64A23F064
S2140238802003106851688DF82F3010AB03C318461A
S21402389000F0E2F95D460890FEF71CFEABB29842D5
S2140238A000F2B4800FB100233B70BDF83630CBB1C6
S2140238B020880121F9F704F927880546002800F038
S2140238C0368101213846F9F7FBF8BDF83670054611
S2140238D03846F9F787F8002300903A4619462846F4
S2140238E00BF048FC0023CDE9033302930DF12F03BE
S2140238F0CDE900632246534641464846FFF7BEFDE1
S2140239000546002800F0E5809DF82F3003F01103ED
S214023910102B40F0F180914B1B78432B40F0EC804B
S2140239208F4B1B685B0640F1E780208808F1050193
S2140239300DF0F3F98346002800F0DE804146208829
S214023940F9F724FA874B10F0200F08BF1E4612A87C
S21402395000F082F90822314612A80DF088FB0028F2
S21402396000F0F580314612A809F050FB012326AE7E
S21402397000933246002314A912A800F089F9002801
S21402398040F0BA8012AB0DF12F07CDE9036002902A
S214023990009301975346224641464846FFF76EFD7E
S2140239A0002800F0D680BDF89A3018AA43F0080323
S2140239B014A91020ADF89A300CF078FB002840F0DD
S2140239C09B8012ABCDE90360CDE9017000932246DD
S2140239D0534641464846FFF751FD0546002840F04B
S2140239E08B8018AB4FF49071002012AA00F0BEF83C
S2140239F04FF0005100200CF0E5FDBBF1000F7AD02D
S214023A004FF0805100200CF0DDFD74E018AB14AAD4
S214023A1026A9E8B209F0D6FA002875D1082210A91C
S214023A2027A80DF024FB089B8346002B68D09DF840
S214023A30A530099313F0020F62D0082212A927A814
S214023A400DF015FB00285BD1099B590758D50FB11D
S214023A5001233B7014AB0FCB0DF1740C8CE80F00F6
S214023A60BDF83630CBB120880121F9F729F8B4F831
S214023A7000B000284DD001215846F9F721F8BDF8CC
S214023A803620099283461046F8F7ACFF0023099ABF
S214023A900090194658460BF06DFB334B04930023F7
S214023AA003931DAB02930DF12F03CDE9006322466B
S214023AB0534641464846FFF7E1FC28BB089B002BCD
S214023AC033D012AA1DAB4FF482714FF4005000F0AF
S214023AD04DF8234B1B689A070DD4FEF7F1FB50B145
S214023AE01D4A1068516818AB03C3002226A918A8FD
S214023AF00CF0FFFA30BB0025284631B0BDE8F08F47
S214023B0027B9BBF1000FA5D00135C5E600233B70EF
S214023B10F7E7BDF836200A9010460992F8F762FFDA
S214023B20DDE9092307990090B4E7089ACAE7BDF8C9
S214023B3036B05846F8F756FF079900902B465A4675
S214023B403846CDE626A918A80CF010FBCDE783462A
S214023B500CE714AB46E700BFB07B0300FA4F002029
S214023B6034410020EA47002030410020F0B591B0F1
S214023B700746164609A80D461C460CF01DFD3EB12A
S214023B803368CDF826307368CDF82A3045F0400504
S214023B901B4B1A6822EA070242EA050119604B0427
S214023BA00DD5BDF824200B0A03F4E243C9B222F471
S214023BB0E3420B4322F07F021343ADF824301A236C
S214023BC0082209A90020F9F739FAB4B104A808F0C6
S214023BD01FFE02236A468DF8103004F110062346B3
S214023BE0154618685968144603C40833B342224679
S214023BF0F7D1294604A809F057F811B0F0BD00BF66
S214023C0034410020054B196847F2FF1041F4804208
S214023C10014041F480411A600CF0D4BC34410020CB
S214023C2000B589B0FEF7B6FC01A80CF0C5FC094841
S214023C30BDF804200168130221F0FF0103F4E20339
S214023C400B43D2B2134343F48043036009B05DF8DA
S214023C5004FB00BF3441002010B50C4B0446186824
S214023C60830788B006D54FF0FF33236063600120D8
S214023C7008B010BD10F04000FAD001A80CF09CFC71
S214023C80DDF806302360DDF80A30EFE73441002025
S214023C902DE9F04F99B082469DF888900C461E4654
S214023CA09046CAB11546284608F0B2FD19F002073A
S214023CB014D004B911AC6B4622462946504609F088
S214023CC05FF90EB100233360002814BFA627002731
S214023CD0384619B0BDE8F08F0CADE4E76B4604AA8F
S214023CE02946504609F019F96B78FF2B09F00109AD
S214023CF023D000287AD15CB104AB0DF1200C1A4611
S214023D0003CA624520606160134604F10804F6D1D6
S214023D1026B16A78364B03EB82033360B9F1000FA3
S214023D20D6D0BDF80030D906D2D46A784FF6FF71E5
S214023D30182008F004FDBB27CAE7DFF8BCB0DBF8A2
S214023D40003026B19A0756BF2A4A3760326003F01F
S214023D503003102B01D0202B1FD111A80CF02CFC05
S214023D6008220DF1460150460DF081F928B1DBF824
S214023D70003003F04403402B0FD0B9F1000F0ED1F0
S214023D8008A80CF023FC02232B70CCB9B8F1000F64
S214023D909ED0281DFFF760FF9AE7A62798E7DBF874
S214023DA00030DB03ECD508A80CF010FC02232B70C5
S214023DB0D4B9B8F1000FB8D0281DFFF74DFFB4E70D
S214023DC0002608AB0DF1300C1A4603CA6245206085
S214023DD06160134604F10804F6D1281DFFF73CFF84
S214023DE0002E3FF475AFA0E70126EAE703276FE748
S214023DF0683F0020304100203441002049B9084B7A
S214023E00197849B14EF66023594328B10548F8F7A8
S214023E10FFBF41F28831F8E70248F9F795B800BFCC
S214023E20D24F00208040002070B586B00546F9F7D4
S214023E309BF910B9702006B070BD01A8FFF70CFF01
S214023E4006460028F6D055B9304B1C6814F002041A
S214023E5033D14FF48163ADF80C30022125E02C49B2
S214023E60082228460DF003F90028E3D0274B1C68E9
S214023E7014F0020406D0274B1B78112BDAD1264BFE
S214023E80B3F868400822294601A80DF0F0F8002889
S214023E90DFD04FF40273ADF80C302B68CDF80E303D
S214023EA06B68CDF8123000260A21002203A80AF019
S214023EB0ECFF024648B91820BDE7164B1B78112BBB
S214023EC0B8D1154BB3F86840C3E7104B196801F038
S214023ED03003102B17D0202B14BF012303234900D5
S214023EE001F004010B432046002100F0C3FF002826
S214023EF0E1D000210120FFF781FF16B1074B012216
S214023F001A70002097E70323E9E700BF3441002038
S214023F10F5500020FA4F002080470020155100205F
S214023F2030B51D4D85B00024CDE90044F9F70CF8F4
S214023F302B783BB319491A480A780078904221D95F
S214023F400132012B0A700DD122464FF4A071204691
S214023F5002F038FBB0B9134841F28831F8F758FF3F
S214023F6005B030BD022B08D102A92046F9F778FA2F
S214023F7040B902A8FFF758FFECE7032B02D101F085
S214023F802DF9E7E7002108462970FFF737FF0421DD
S214023F90684606F0C8FDE3E72151002022510020C2
S214023FA08C1500208040002070B5194A194D5168C2
S214023FB02E7886B00446106801AB03C31EB1702487
S214023FC0204606B070BDF9F717F90228F7D103A804
S214023FD000F0BEFD082201A90DF10E000DF047F813
S214023FE0A0B10D4B32464FF4A07130461C7002F061
S214023FF0E9FA04460028E3D1084A0948012341F2B7
S21402400088312B701370F8F703FFD9E7B724D7E788
S214024010BBD70300215100208C150020225100201E
S21402402080400020F0B52F4E9BB007460C46492232
S214024030002107A806910DF044F83378012B37D1FA
S214024040B7BB0DF10E0120460CF0E0FB0546BDF8AD
S2140240500E00F8F7C7FC441BE4B22A46BDF80E1061
S2140240600097234606A80BF04BF804A93846F9F742
S214024070F7F90246E4B19DF819301A4312F0FF022E
S21402408016D1BDF8233003F47E43B3F5285F1ED362
S214024090B3F5385F0ED31449BDF80E000B6843F42F
S2140240A000030B60294608F0DDFF18B104233370C5
S2140240B01BB0F0BD0D4B012204A81A70FFF7B4FE28
S2140240C00B4841F28831F8F7A3FE0223EFE71146C8
S2140240D010463270FFF792FE1E2104A806F023FD5A
S2140240E0E6E700BF21510020344100202251002083
S2140240F080400020014B1870704700BF22510020FC
S214024100014B1878704700BF21510020014B1870F0
S214024110704700BF215100202DE9F0478CB00546BC
S214024120B5294088ADF80A00884600F0878095F8E1
S2140241300890AE790AF071FE05A90446BDF80A0099
S214024140EF790CF001FFBDF80A000AF06CFD43059A
S21402415042BFBDF81A3043F40053ADF81A30EB797B
S214024160D80642BFBDF81A3043F48053ADF81A3071
S214024170BDF81A30990613D5022E65D108A9287AF9
S2140241800CF0E5FADDF82500DDF8291003AB03C3D1
S21402419003AA0021009104230DF10A00FFF722FB77
S2140241A0BDF80A000121F8F78BFC022E824657D191
S2140241B0444B33F81940B8F1000F6DD0BDF81A30F1
S2140241C05A0669D54FF6FB72944265D83E4AB2F853
S2140241D06820A24260D0DB0502D520460CF0F4FB34
S2140241E0BDF81A30D80457D5002E46D1BDF80A00BD
S2140241F00AF019FDC10611D4CDF80080534605AA6F
S2140242002146304606F00DFB0B2017F003021CBFBA
S21402421002F1FF32D2B2214608F091FABDF816201A
S21402422048F234039A4209D1284E3078FF2805D046
S21402423003222146FCF7E8F9FF23337000232B8084
S2140242406B800CB0BDE8F087012E01BF2B7A204AA6
S21402425003EB430302EB83020CBF0232002298E711
S214024260012E05D10C231A4A03FB09F3D45AA2E7FE
S214024270A01C0AF09CFC04469DE7204601F01EFDA9
S214024280BDF80A000AF0CFFCC206C7D4CDF80080FB
S214024290534605AA4946B4E7BDF80A000AF0C3FC2D
S2140242A0C306BBD4CDF80080534605AA002E14BF21
S2140242B049462146304606F0B4FAB8F1000FA3D1BB
S2140242C00920A2E77A4C00208047002090150020A3
S2140242D0BA4B002070B5114B114D00240A262A78DD
S2140242E0A24205D8C2B9BDE870400E48F8F72CBE07
S2140242F0598869B9013AD2B2A2422A70EFD0121B8B
S21402430003F10A01184672430CF0C1FE0346E6E7C3
S21402431001340A33E4B2E2E770BD00BF564B002018
S214024320255100203414002070B5194B194A1D7807
S2140243300023DCB2A54200D870BD1446013366885D
S214024340864202F10A02F4D1E379A58803F040021C
S2140243508DB9CAB123F00403E3710AF05EFD037857
S21402436003F07F03037021880029E5D1BDE8704081
S2140243700948F8F74DBD00216580A180002AE9D1E1
S214024380BDE87040FFF7A6BF2046FFF7C5FEF7E779
S21402439025510020564B0020341400202DE9F0470A
S2140243A0044686B040880F4615460AF036FDA379C5
S2140243B08046082B4FD8DFE803F0052E184E4E4EE7
S2140243C04E4E050002300AF0F2FB002D4BD0694635
S2140243D0F9F746F838B9684601F01AFD00F0010010
S2140243E006B0BDE8F0870020F8E702A9207A0CF0B4
S2140243F0AEF9DDF80D00DDF81110314A6B4603C345
S214024400237A32F813902F4AD05C6E4675B1314645
S2140244100CF0C1F9E4E7237A2B4903EB430301EBE3
S214024420830231F82390907A961CEFE74FF6FB7AD8
S214024430D14512D930460CF0F1FA4FF6FF73984286
S214024440054612D00146304601F054FC554505D9C2
S214024450E379DA060BD40020C2E74D46294608F176
S21402446002000AF0A6FB0120BAE74D46F0E74FF637
S214024470FC78454510D103F00C030C2B1AD1CFB1B2
S21402448030464FF6FD7101F035FC66212046FFF7F7
S21402449043FEFFF71FFFDEE74FF6FD739D4209D18D
S2140244A0002319461A46304602F048F9414630467D
S2140244B001F020FCE37943F00C03E371CBE700BF85
S2140244C07A4C0020D94F0020BA4B002073B5044620
S2140244D040880E460AF0A1FC02300AF068FB08F09B
S2140244E0D8FD18B1A11C201D08F0D8FDE6B1E5796B
S2140244F00135EDB2E57115F0400514D0ECF766FC17
S2140245000122054600212046FFF748FF18B1334B2B
S2140245101B882B449DB2324B1B78042B01BF2F4BBA
S2140245201B885B199DB22580002231462046FFF784
S21402453035FF002831D060880AF06FFCE2792949FD
S21402454022F00C03E3710B780133DBB20B70C371FC
S214024550254B1B780546A61C0BB3E37998061ED599
S2140245602249097861B90022009201231146304699
S214024570FFF738F998B1E37943F00303E3710CE0EF
S2140245805906F0D59207EED5002200920423114672
S2140245903046FFF727F90028E5D002B070BD304656
S2140245A008F07AFD0028F8D16088FCF773FB50B15A
S2140245B00128F2D1E37943F00803E3712B7803F084
S2140245C07F032B70E9E7E37943F00403E3711B06EC
S2140245D0E3D5074B1A78074B1A70DEE7F214002071
S2140245E0FB4F0020F84F0020F64F00208D150020CC
S2140245F0D74F0020245100202DE9F74F064605F03C
S214024600D7FE5B4B5B4AB3F800901880594BDFF835
S21402461078B11B78A0EB0904A4B2A34286BF1B1B89
S214024620DBB200231370A9EB000305464FF0000827
S2140246304FF6FF770093504B19785FFA88F2914253
S2140246400ED80EB1FFF746FE4FF6FF739F4200F0FC
S21402465089804A48394603B0BDE8F04FF8F7D8BB20
S214024660BBF80220002A3CD0454B9BF8072018785E
S214024670BBF800A0042818D00020BAF1000F08BF2B
S214024680A2462044504523D2BBF80010009B194492
S214024690ABF80010002E49D002F04802482A45D155
S2140246A000215846FFF712FF40E00192F8F74EFE4F
S2140246B030F01003019ADFD1FBF748FD314B019A27
S2140246C0B3F800C08445D7D9ACEB000080B2D4E77B
S2140246D002F00C00042807D10022ABF800200BF1F0
S2140246E00A0B08F10108A6E7510602F0030C02F0D5
S2140246F0080009D500B3BCF1030F20D1B6B166217C
S2140247005846FFF709FD11E040B3BCF1010F25D171
S2140247101206F3D44FF4C862ABF800209BF80720C9
S21402472022F0030242F002028BF80720BBF80020B8
S214024730974228BF1746D2E703208445DED21306E7
S2140247400ED50C4B1A780AEB0200844208DA4A4469
S214024750521B0AEB0201ABF80010E7E70120ECE778
S21402476001219EE7054803B0BDE8F04FF8F7ECBB21
S214024770F04D002024510020255100203414002042
S214024780FB4F0020F2140020564B00202DE9F0418A
S2140247900B4EDFF8348000250A273378ECB2A342AA
S2140247A004D8BDE8F0410748F7F726BF07FB0484A4
S2140247B0A01CF7F721FF201DF7F71EFF0135ECE7D7
S2140247C025510020E64D0020564B002070B50D4DB9
S2140247D00D4E00242B78A34208D81B1BDBB22B708D
S2140247E073B9BDE870400948F8F7AEBB04EB840025
S2140247F0662106EB40000134FFF78EFCE4B2E9E7DF
S21402480070BD00BF25510020564B002034140020F6
S214024810F8B5114F114D3E782D78DFF844C006EBFF
S2140248208604B5424FEA440E0CEB440412D003F45D
S2140248308353002543EA13236080A1712272E37139
S21402484028462CF80E500136A5803E70FFF7D4FE9F
S2140248502846F8BD7220FCE7255100205515002099
S214024860564B00202DE9F04F354B1C7885B00E468E
S21402487017465CB9B1F90680DFF8CC90DFF8CCA019
S214024880DFF8CCB099F80030A34202D805B0BDE8F4
S214024890F08F04EB84050AEB4505A88800B9688802
S2140248A001A90CF051FBB27A9DF80E309A4244D11F
S2140248B0B8F1000F0FDA317A9DF80C203389914255
S2140248C009D8204800780844824236DA521A1B0A6F
S2140248D01341D90731D538460CF025FBBDF80A300E
S2140248E09A06044602D5F3889B06CFD5EB7903F0E9
S2140248F00C03042B08D16888F9F726FF00236A8880
S214024900194618460CF084F800212846FFF704FCE6
S214024910FFF7E0FC3846F8F765F8844208D22B7AAF
S2140249208BF80030012200233146384602F00AFD99
S214024930B8F1000FAADA0024A4E70134E4B2A1E732
S214024940235100205415002025510020564B0020EC
S2140249502D51002008B505F02BFD074B1B88C01A09
S21402496080B2B0F5807F05D9BDE808400348002133
S214024970F8F74EBA08BD00BFF04D002034140020F0
S2140249802DE9F04186B004460D460CF0F3F90146D7
S2140249902046F8F7FBF910F003034DD110F00C0F88
S2140249A006D12946204606B0BDE8F041FFF7BCBC5A
S2140249B020460AF038F9C30634D420460CF0DAF959
S2140249C001462046F8F7E2F9064620460AF025FA9E
S2140249D0074602300AF0EBF803A9804620460CF0A0
S2140249E0B3FA06F00C067B780C2E0CBF03260626BE
S2140249F0012113F0010F204618BF0326F8F760F8CE
S214024A00104A1288A24203460FD1B5FA85F0400931
S214024A10FBF738FD20460AF034F90022014607204B
S214024A2007F08DFE06B0BDE8F081009503AA414668
S214024A30304605F0F6FEEDE7012BF3D110F00C0F31
S214024A40F0D1AEE7E64D002010B50A4B1C780A4BB3
S214024A500022D1B28C4201D8002010BD197A8142C0
S214024A6002D19979022902D00A330132F1E70120F4
S214024A70F3E700BF25510020564B002010B5094B26
S214024A801C78094B01460022D0B2844201D800208D
S214024A9010BD187A884202D198790128F8D00A33D4
S214024AA00132F1E725510020564B002010B40B4B83
S214024AB01C780B4B0022D1B28C4203D85DF8044B13
S214024AC0FFF708BC197A814205D19979012902BFFC
S214024AD00021198059800A330132ECE72551002063
S214024AE0564B0020024B1878003818BF012070473A
S214024AF025510020044B1B6813F0300F03D02021F1
S214024B0030200BF05FBD7047344100200949002376
S214024B1010B51A46044601EA00414FF07F60FFF7DF
S214024B2025F8E30703D5002130200BF04BFD0020CB
S214024B3010BD00BF00007207044B5B8823F4784365
S214024B4023F08D0303800020704700BF344100200D
S214024B5008B503460022C3F80220C3F806200B4A13
S214024B601268D1B212F0200F18BF41F0100119805E
S214024B70930700F1020001D4FFF76EF8044B1B788E
S214024B80023B032B8CBF9320002008BD344100203B
S214024B90FA4F002038B505460C46FDF7FBFC98B1E7
S214024BA00D4B187878B10D4B1B681A040ED57CB1E4
S214024BB013F0420F00D16DB103F44073B3F5407F9A
S214024BC00CBF0020B72038BD9520FCE7A820FAE7E6
S214024BD02046F8E7B720F6E7F64F002034410020DB
S214024BE0F0B58DB0044607A80D46164607F010FE2F
S214024BF01022002103A80CF064FA5CB1234603F1EC
S214024C00100703AC18685968224603C20833BB4231
S214024C101446F7D1012786EA070303A907A88DF8E9
S214024C201C708DF81D3008F030F880EA070401A8E1
S214024C30E4B208F003F8B6B101A88DF8065008F001
S214024C40A4F864B1002303A907A88DF81D3008F064
S214024C502BF80C4B1B78432B01D102F06BFF0A4B4F
S214024C601D700DB0F0BD01A88DF8075008F08DF844
S214024C70002CF6D003A907A88DF81D7008F014F8CA
S214024C80EFE700BFFA4F0020F54F0020F0B593B0D3
S214024C9007460DA801250C4607F0BAFD05A90DA882
S214024CA0ADF8345008F01BF801A807F0C7FF09A9B1
S214024CB00DA88DF835509DF8066008F010F80DA87E
S214024CC09DF8075007F07AFF70BB731BDBB2802B90
S214024CD028D91FB1A64225D0A54223D105A90DA8E1
S214024CE007F0E2FF03A807F0A9FF03A88DF80F60FC
S214024CF008F04BF80122294609A8FFF771FF0CF0CD
S214024D00B4F901214FF400700BF06BFEFDF72CFC9A
S214024D10B0F1004F01D9FDF72DFC044B187805F0D1
S214024D20F3FE012013B0F0BD0020FBE7F54F002094
S214024D3070B50E46144605460320FFF7E7F946F01F
S214024D4004022946204608F009F8024B00221A609F
S214024D5070BD00BF30410020F0B587B00788054619
S214024D601022002102A80CF0ACF93B4B1B78002B5A
S214024D706FD1B80557D407F08403842B5CD0374C28
S214024D800BF09CFC17F4045F276005F102061CD0AA
S214024D90BA040AD5304602F02FFB00284AD123680F
S214024DA023F4005343F48073236030460BF093FCE5
S214024DB000283ED107F02AFD18B9236843F4803351
S214024DC02360236843F020032360226842F40041F4
S214024DD012F0400218BF05F12302334647F2FF10D5
S214024DE02160FEF7C3FE0DF10600FFF7A5FE23685D
S214024DF013F4805FBDF8063022D043F02003ADF8EE
S214024E000630BDF80600FFF781FE23689B0506D52F
S214024E1095F82210012205F11200FFF7E1FE104B71
S214024E200020186006E005F112000BF054FC002882
S214024E30A1D0B22007B0F0BDB907A0D5B720F9E7D8
S214024E4023F02003ADF80630FDF794FBFEF7B8FC1E
S214024E50D7E77020EEE700BFFA4F0020344100206B
S214024E6030410020024B1868C0F30050704700BF64
S214024E70344100202DE9F047064688B089461046A0
S214024E80002115469846F7F781FF102807460AD8EC
S214024E90684B0341DB0706D4C8F340049DB90020E3
S214024EA008B0BDE8F087644B1C78002CF6D0FFF7FC
S214024EB0D9FF00280CBF4FF4F0744FF4D074FC40B6
S214024EC004F00104EAE7002318F0010F1A46294607
S214024ED04FF005000CBF4FF0080A4FF4027A05F0B7
S214024EE0E1FC0028DBD0C82300933246002351465B
S214024EF0284602F0B5FCADF80E000028CFD018F018
S214024F00080A4AD1A7F10F024FF6F773D2B29E42B1
S214024F108CBF09230123012A01D843F04003474AE4
S214024F208DF8103013788DF81130591C1170002C42
S214024F304FD09DF81030052F43F020038DF8103027
S214024F4033D03F4B1D78002D5AD04FF6F77300250D
S214024F509E424FF00F0248D9012304A90DF10E001C
S214024F60F7F770FE00289AD1002C4DD1BAF1000155
S214024F70BDF80E00CDF8009033463A4618BF012120
S214024F8008F091F8ADF80E00002888D018F0040F4B
S214024F904DD031460AF0E5FD82E749460DF10E0096
S214024FA00BF053FD0028ADD179E70121BDF80E00C4
S214024FB0F7F786FD0121F7F7E9FE0123834013F098
S214024FC0620F1CD11E4B1B78E3B14FF6F773182500
S214024FD0BEE71B4B1B7825460222002BBCD04FF6A1
S214024FE0F7739E42B8D8052FB6D0BAF1000FB3D1E8
S214024FF09DF8103043F040038DF81030ACE71025D2
S2140250000F22A9E71825FBE7BAF1000F0AD0009095
S21402501002234A4629460DF10E00FEF7E3FB00285E
S214025020A4D03CE7CDF800A041235246F2E70AF0AE
S21402503082FD35E79FFEFEFFF64F0020F74F002069
S214025040EA4F00202DE9DF431E46144B0A9C1B68DC
S2140250509B0780460F4691461CD4204614B108F0A2
S2140250600CF8C0B2CDE902400622CDE900890C490F
S2140250703B4600200AF0D2F8024658B1002E4FF006
S21402508000010CBF01230323084604B0BDE8D04349
S214025090FFF7F0BE002004B0BDE8D0833441002004
S2140250A0C3D703002DE9F04F8DB081469DF85C8092
S2140250B08A461F4693463AB903A8FEF7CDFDA8BB1B
S2140250C000200DB0BDE8F08F1546002223211046C1
S2140250D009F0DBFEADF80A000028F1D0F7F766FC0F
S2140250E00446052318F0100F00F8023B67701FD025
S2140250F0112200210BF0E5FF04F11306032F4FF0F7
S214025100080236D1594630460BF0C1FFC8F3801369
S21402511006F10905337207F0ACFF00283DD00023E4
S2140251202B706B700123AB70033536E003ADCCE712
S2140251301699102201260BF0AAFF06FA07F313F0BF
S214025140620F02D104F11206D8E707A807F060FB47
S21402515005A88DF81C6007F071FD9DF816209DF8D5
S214025160173018F0200F08BF134604F11306A37475
S214025170C4E7514630460BF08AFF06F108020123C7
S214025180121B00932846BDF80A100823D2B209F073
S214025190B7FF042F06F11005BDD02D1BE9B20DF1A5
S2140251A00A0009F094FF00288AD118F0040F0BD0E9
S2140251B048460BF038FCFF281FBF074A32F810306B
S2140251C023F4804322F81030BDF80A2043465146A5
S2140251D04846FFF74FFE74E78A4D002070B590B040
S2140251E003268DF80760F7F7BFFF10B9702010B0DE
S2140251F070BD02AD2846FEF72FFD0028F6D01C4BE8
S2140252001C6814F00204F1D11A4A40F20F43ADF8BA
S21402521024301368CDF8263004A85368CDF82A3017
S21402522007F0F6FA95E8030005AB83E803000623C9
S21402523004A88DF81D308DF81060ECF757F80DF1C4
S2140252402E0201210DF10700EBF754FF22461A2128
S21402525009A809F01AFE024608B91820C7E7012372
S21402526029462046FFF706FE0028F6D02046BEE76F
S21402527034410020F55000202DE9F04F91B004464D
S2140252801F220D4608A800219B4607910BF019FF26
S21402529020460BF06FFD01462046F7F777FD8DF8A6
S2140252A01300204609F0B9FD9DF813304778990699
S2140252B08146C7F34007204648BF47F002070BF077
S2140252C032FE80462046F7F78DFBA0EB0803DBB2E2
S2140252D00022232B009228BF23234246214607A8FA
S2140252E009F00EFF002838D1A84B9DF81C601B78E9
S2140252F09DF81DA0A3B3FFF7B5FD00280CBF4FF421
S214025300F0734FF4D073F340DA0729D5BB0727D4DE
S214025310082E20D1BAF1040F1FD1FBF769FCE0B9C1
S2140253200DF1130342462146052005F09FFAA0B16F
S214025330053E0D2E11D8DFE816F024001000A40159
S214025340B201B8011000100010001000100010008A
S214025350BE01EC01EC01052E07D011B0BDE8F08FBE
S214025360102E05D1BBF1000FF7D0FBF741FCD7E7B3
S214025370FBF73EFC0028D3D0052ED1D0112ECFD07D
S214025380EBE7BAF1050FE8D8204609F0A9FC02902F
S21402539009F1020009F00BFC824605A8FFF7CCFBD8
S2140253A09DF81D80012303FA08F313F062030393AA
S2140253B03ED0BDF814309C0733D5B807CDD5FBF7E1
S2140253C017FC0DF11E000BF086F9B8F1030F9DF8DD
S2140253D02EB004463FD10DF12F0509F0E8FF8245B5
S2140253E000F0DE800026039B002B4FD1284609F0F2
S2140253F0DCFF4FF6FF739842074604D128460BF0AF
S2140254002FFCB842A9D0002C0CBF0423152301930D
S2140254100DF11E030093324643462946FFF742FE2D
S2140254209BE7FBF7E5FB0028CBD1002F95D0C8E71A
S214025430FBF7DEFB60B10DF11E000BF04CF9B8F184
S214025440030F04464FF0000B7FD10DF12E05C4E783
S214025450002F82D0EFE74E4B1B68990728D5FF2214
S21402546008210DF1370009F052FF814600BB0346C2
S21402547001460DF137020220FEF778FB09F097FF8E
S21402548082450DF137060DF12F0520D04FF6F77342
S2140254909A45ABD900220821284609F038FF002891
S2140254A0A4D0002259460DF11E00FFF799FB54E7DF
S2140254B00DF137060DF12F0530460BF0ABF800283C
S2140254C048D009F074FF82458DD14FF0000931496A
S2140254D0082228460BF0CBFD002884D1B8F1010F34
S2140254E06DD0B8F1040F7FF438AF0BF0B6F810B1F8
S2140254F0032F7FF432AF002C7FF42FAF3246022107
S2140255000DF11E00FFF714FC234B1B7863B1FFF767
S21402551065FEFEF7F5FD022806D10120FEF7EAFD3C
S21402552001210846FEF76AFC1C4B1B78022B21D190
S2140255300321304605F0F7FAFEF7E2FD01460028A1
S2140255407FF40BAFFEF75AFC07E70DF136060DF1B6
S2140255502E05B1E7114B1B78432B7FF4FEAEB8F154
S214025560010F7FF4FAAE09F022FF82457FF43BAFCB
S214025570C146ACE7412B7FF4F0AE054B1B685A05DB
S2140255807FF5EBAEF9F788FFE7E600BFF64F00209F
S21402559034410020F550002015510020FA4F00201B
S2140255A0032F7FF4DAAE9DF8361000390DF11E0295
S2140255B018BF01210DF12E0007F080FDCDE6574DF4
S2140255C02B78022B21D02B78412B3FF4C6AE3CB968
S2140255D0FBF70EFB594602460DF11E00FFF700FBD5
S2140255E0FBF706FB00283FF4B8AE0BF036F84C4C3F
S2140255F090B12368180502D42B78432B0CD1B90737
S2140256000AD4AC20F9F7AAF9A7E60BF026F8002888
S214025610D9D0BB07D7D4A0E6206810F0020002D18A
S21402562002990BF0D8F92B78112B15D123685A055D
S21402563012D50020FEF7F8FB044600287FF48DAE54
S2140256400AF017F9AE20F9F789F921462046FEF747
S214025650D5FBF9F78FF980E6BB0701D5FFF74AFAC3
S214025660B9F1000F8ED007F0D1F818B94FF4803197
S2140256700AF0A8FF2B4B002230461A600AF0C1FF40
S21402568080E7294908220DF11D000BF0F0FC0028E6
S2140256907FF463AE02222946FAF7B6FF5DE63A4683
S2140256A007A928460BF0D0F957E69DF81D100120F1
S2140256B0FFF7ECFA51E6194B1B78022B20D1002D8E
S2140256C07FF44BAE05A8FEF7C7FA00283FF445AEB6
S2140256D0164B1D709DF81D30002B14BF64246524E4
S2140256E0FEF70EFD032806D128462946FEF786FB5E
S2140256F02846FEF70BFD214605A805F014FA2CE60F
S214025700043B012BDBD9284607F0C3FC0028D6D180
S21402571023E6204607F0BFFC1FE600BFFA4F002034
S2140257203441002030410020F55000201551002061
S2140257302DE9F34105460E46174698460AF08DFFB8
S214025740044640B1CDF8008001233A463146284649
S214025750FFF778FC04460AF080FF30B1FFF782FBC1
S21402576078B10A4B1B689B010BD4CDF8008000234E
S2140257703A4631462846FFF765FC002C0CBF044625
S214025780012404F0010002B0BDE8F081344100209B
S21402579070B58AB005A807F03BF802238DF81430DE
S2140257A0094B01AA03F110061546186859681446F3
S2140257B003C40833B3422246F7D1294605A807F0A8
S2140257C064FA0AB070BD00BFC9D70300014B18784F
S2140257D0704700BF8E150020014B1888704700BF27
S2140257E0141500202DE9F0434FF6FF73994285B059
S2140257F080460D4604D11E4908220BF038FC58B1EB
S2140258001C4E00274FF6FD79EBF7E6FAFCB2A042F3
S21402581007D84FF6FF7019E005B0BDE8F04309F06F
S214025820C6BD36F814304B4517D8694620460AF0EE
S21402583057FF082241460DF105000BF018FC4FF603
S214025840FF7360B99D4204D136F8140005B0BDE876
S214025850F08326F814500AF010FF0137D4E79D4271
S214025860FBD036F81430AB4208BF26F81490F4E7A3
S214025870F55000207A4C00202DE9FF47DFF84480DF
S214025880DFF844A006460F4600254FF6FD79EBF7F3
S214025890A3FAECB2A04202D804B0BDE8F08738F80A
S2140258A014304B450CD8694620460AF019FF0822E8
S2140258B031460DF105000BF0DAFB08B90AF8047060
S2140258C00135E4E77A4C0020D94F0020014B33F82B
S2140258D0100070477A4C0020F0B50E4F85B0064691
S2140258E00025EBF779FAECB2A04201D805B0F0BD7C
S2140258F037F81430B3420BD1694620460AF027FF28
S2140259009DF80030022B1CBF4FF6FD7327F81430AB
S2140259100135E6E77A4C002030B585B00446EBF751
S2140259205BFAA04219D92046FFF78EF80546B0B9B1
S214025930694620460AF0D4FE9DF800302BB169462F
S21402594020468DF800500AF0E7FE064B4FF6FF722F
S21402595023F81420002005B030BD6920FBE775202F
S214025960F9E700BF7A4C00202DE9F0410B78054696
S2140259700E461BB9BDE8F041FFF7CEBFEBF72CFA97
S214025980A8422ED92846FFF75FF860BB37464FF687
S214025990FF7117F8058B3846FFF724FF0446384692
S2140259A000F036FAB8F1000F15D0B8F1030F15D093
S2140259B04FF6FF724FF6FD73944208BF1C460B4B20
S2140259C023F815400A4B3146585528460AF0A4FEDD
S2140259D00020BDE8F0814FF6FF74F0E74FF6FE7444
S2140259E0EDE76920F5E77520F3E700BF7A4C002063
S2140259F0D94F00202DE9FF41114F0D460E0A0446ED
S214025A004FF6FE78EBF7E8F9A04204D8FF242046CA
S214025A1004B0BDE8F08137F8143043450CD169462E
S214025A2020460AF05DFE9DF80520EBB29A4203D1AD
S214025A309DF80630B342EAD00134E4B2E2E700BF92
S214025A407A4C00202DE9F04F87B0DFF86C909DF875
S214025A5040A001900C461746984600254FF6FD7B5F
S214025A60EBF7BAF9EEB2B04201D8FF2616E039F8E3
S214025A7016205A451ED802A930460AF031FE3FB912
S214025A809DF80920424515D19DF80C20524511D1AA
S214025A9044B939F81620019B9A420BD1304607B01A
S214025AA0BDE8F08F08220DF10D0120460BF0DFFA5B
S214025AB00028F3D00135D3E77A4C002010B51446FF
S214025AC00AF00EFE20460349BDE8104008220BF0FD
S214025AD0DEBA00BFF55000202DE9FF4707461546FF
S214025AE00846082224491E460BF0C1FA044600283E
S214025AF03FD1DFF888904FF6FF7AEBF76DF95FFA41
S214025B0084F840450BD885B3384604F05DFF01257E
S214025B100C9B18703570012004B0BDE8F08739F888
S214025B20183053451FD0694640460AF0D9FD7A78A8
S214025B309DF801309A4216D17A88BDF802309A4210
S214025B4011D13A799DF804309A420CD108220DF10F
S214025B500501781D0BF08BFA28B9002DD7D14046E7
S214025B6004F046FFD3E70134C7E7FF2004F040FF06
S214025B70CEE70020D0E700BFF55000207A4C002088
S214025B80F0B5164E164F85B00025EBF725F9ECB2A8
S214025B90A04201D805B0F0BD694620460AF0A0FD35
S214025BA09DF80030032B06D90023694620468DF85F
S214025BB000300AF0B1FD9DF8002062B14FF6FD7389
S214025BC04FF6FE71032A08BF0B4626F81430002350
S214025BD03B550135D9E74FF6FF73F6E77A4C0020BE
S214025BE0D94F0020F8B50E4B0E4D1B7803EB43033E
S214025BF00E4605EB830504464FF6FF77A54202D80C
S214025C0000242046F8BD2388BB4206D0082231462F
S214025C10A01C0BF02CFA0028F3D00C34EEE700BFE1
S214025C2056150020BA4B0020044B05481A7802EBA2
S214025C3042029200FF210BF044BA00BF5615002024
S214025C40BA4B0020074A127882420AD900EB400378
S214025C50054A22F823104FF6FF73994201D1FEF748
S214025C6025BF704756150020BA4B0020094A127805
S214025C7003469A42084608D90C21022211FB032346
S214025C800549082219440BF002BA00230B604B6048
S214025C90704700BF56150020BA4B0020054B1B78F4
S214025CA0834281BF0C235843034B185A98BF4FF6C2
S214025CB0FF70704756150020BA4B002038B50446D0
S214025CC0FFF70AFE094B1878094B00224FF6FD75BE
S214025CD0D1B2884200D838BD33F80C1CA14208BFA6
S214025CE023F80C5C01320C33F2E700BF5615002095
S214025CF0C64B002070B505460E460846FFF7DEFF87
S214025D0031462846FFF76EFD06482946FFF76AFF2A
S214025D1000B970BD044624F80C6B0AF0AEFC2946A6
S214025D202046F3E7BA4B002010B5244986B0082275
S214025D3004460BF09CF920B906B0BDE8104009F005
S214025D4036BB1F49082220460BF091F920B91D4B9D
S214025D50B3F8680006B010BD002300930122214666
S214025D604FF6FF70FFF76EFEFF2806D0164B33F88D
S214025D7010004FF6FB739842ECD903A8FEF7E8FE34
S214025D8058B9BDF80C305B0607D5082221460DF13E
S214025D900E000BF06CF90028DCD00C482146FFF709
S214025DA021FF40B100884FF6FB724FF6FF73904218
S214025DB088BF1846CEE74FF6FF70CBE7F5500020B7
S214025DC0EA470020804700207A4C0020BA4B002089
S214025DD070B50D4B1D780D4B0446002208464FF653
S214025DE0FB76D1B28D4201D8002009E01988B14273
S214025DF007D8A14205D10822991C0BF048F90120C8
S214025E0070BD0C330132ECE756150020BA4B002069
S214025E1037B5014605460D48FFF7E4FE044630B1A5
S214025E20807A294603B0BDE830400AF0B4BC034687
S214025E300090012229464FF6FF70FFF703FEFF2867
S214025E4016BF034B2046185CEBE700BFBA4B002098
S214025E50D94F00202DE9F843164B1B78834207469C
S214025E600E4623D9FEF70AFE044608BB304609F062
S214025E709CFA4FF00C084FF6FF724FF6FD739042F5
S214025E8018BF03460C4D08FB07F23046AB5205EB33
S214025E900209FFF7BDFF89F80A0048460822314684
S214025EA002300BF0F4F82046BDE8F8836A20FBE7E0
S214025EB07620F9E756150020BA4B002038B504467E
S214025EC00D46FFF7D9FC05482146FFF78BFE00B9C1
S214025ED038BD857221460C30F7E700BFBA4B00206A
S214025EE02DE9F04192F808801F4608F1FF33DBB235
S214025EF0EF2B88B005460E4614460BD982238DF842
S214025F000E309DF80E30214A3146284600F0A6FA99
S214025F10012037E00E22002104A80BF0D2F8B4F8D4
S214025F200930ADF81230E37A8DF8118003F07F0263
S214025F30032A08D0012B24D103238DF81030A3891D
S214025F40ADF815300EE0032B14BF022301238DF8A3
S214025F501030E368CDF815302369CDF81930237D6B
S214025F608DF81430A7F121014A420DF10E034A4181
S214025F70009321460DF10F0304A8FFF7ADFD00289C
S214025F80BFD1002008B0BDE8F08100BFDDD7030016
S214025F902DE9F04F95B01D7804920024CDE9020158
S214025FA0CDE90054414923462246012009F036F93C
S214025FB0ADF81E00F8B1A346264627460DF1200985
S214025FC00DF1380AEAF708FF5FFA84F8404516D85A
S214025FD0BDF81E003A460221F6F7ECFEBDF81E009A
S214025FE032460421F6F7E6FEDDE90310BDF81E3060
S214025FF0002200F033FA012015B0BDE8F08F4A46C1
S2140260000AA94046FFF75AFD9DF8282022B12DB175
S214026010013DEDB20137FFB20134D3E7BBF1000F09
S214026020F8D199E803009DF829308AE803008DF834
S2140260304030BDF82A308DF84130032A4FEA132348
S2140260408DF8423016BF032301238DF84330DDF866
S214026050311018BF9DF82C30DDF82D0014BF8DF8D6
S2140260604C308DF8433011AB03C302980CBF4FF08F
S2140260700E084FF015080AF040FA0590BDF81E000B
S214026080F6F7B0FC059900EB080399420BDB0123F7
S214026090424651460DF11E00F6F7D4FD0028AAD15D
S2140260A00136F6B2B6E74FF0010BB3E7DAD70300D4
S2140260B0074A00231370074A1370074A118801B172
S2140260C01380064B1A880AB100221A80704700BF56
S2140260D02751002026510020F64D0020F44D0020C6
S2140260E02DE9F04F3C4C87B01D4623889DF8406052
S2140260F00746884610465BB952B109F02CF8208054
S21402610036484FF4FA6107B0BDE8F04FF6F780BEA6
S214026110DFF8D890B9F80040002C4AD02046F6F7AF
S21402612061FCDFF8CCA0DFF8CCB0C0F3470620460F
S214026130F6F73CFC0296BAF800300193BBF8003042
S2140261400093274904462B460022012009F066F8F0
S214026150ADF81600F0B104EB46060125B4420DD1A7
S214026160C5B9BDF81630ABB12A464146384600F0EE
S21402617075F9ABF80050AAF800500BE0012321464F
S2140261801A460DF11600F6F75DFD10F0FF0504F154
S2140261900204E3D0134A0023A9F800301378013B27
S2140261A0DBB21370002BABD107B0BDE8F04FFFF7A0
S2140261B07FBF0D4C237823B9F5F778FB08B9012386
S2140261C02370324629460520F7F7C4FB0028EBD198
S2140261D0207007B0BDE8F08FF64D00205414002062
S2140261E0DFD703002751002026510020F44D00205F
S2140261F0924D0020944D002030B5154D2C8887B066
S2140262009CB923464FF4A07248F2380103A80AF05C
S2140262109FFB2146204609F0FCFB0E4B00942246CB
S21402622003A9FFF75DFF07B030BD204608F0F5FD75
S214026230043008F0BCFC03A9044628880AF084FE51
S214026240002300932A8803A9204600F093FAEAE77F
S214026250F64D002000F8FF0737B50F4C0F4D01A989
S214026260002009F0D6FB237801467BB10C4B019A3D
S214026270187809F0EDFB2078F8F726FD0023237046
S2140262802B700848F6F760FE03B030BD2B78002B63
S214026290F7D0FFF7B1FFF4E729510020275100207D
S2140262A0285100205414002008B50548F6F7A4F932
S2140262B00448F6F7A1F9BDE808400348F6F79CB98A
S2140262C0F64D0020F44D0020F24D00202DE9F04F4F
S2140262D089B0CDE905239DF84870139E8946044689
S2140262E030B316F801ABBAF1000F23D00AF1FF342F
S2140262F0A400E4B23146012008F06DFCC00E1BD1AA
S214026300DFF844B13146012008F065FC34449BF8BE
S21402631000502279BDB1002F47D1CDE90277CDE9F1
S2140263200077424A05998023484600F097F83CE0F9
S2140263308246DFE75446DDE71B28ECD931460120CA
S21402634008F049FCE7E7DFF80481FF2A00EA0808BC
S2140263500BD1E379A179607901EB0321424689B238
S21402636009B0BDE8F04F09F073BB314909688B07E5
S2140263700AD5FE2A3AD101230135EDB2202D4FEA85
S21402638043030AD1FF250AE029462846079209F068
S21402639040FB4845BFD1079AEBE79845ECD1254B21
S2140263A01B78FF2B04D0AB4204D009B0BDE8F08FB7
S2140263B0FF2DFAD00020F4F75FFCA842F5D029465C
S2140263C00020F4F75FFC0028EFD09BF800306479D9
S2140263D0002BEAD1FFF76CFE17484FF41051F6F780
S2140263E017FD164B8BF800501C70DEE7052A92D874
S2140263F0BAF1010F8FD8B8F1000F8CD0002FD4D18C
S2140264007379002BD1D00E49098821B90D49082B82
S21402641028BF08230B701292DDE905124346484650
S21402642009B0BDE8F04FFFF75BBE00BFDFD7030041
S214026430344100208F1500205414002028510020DB
S214026440F64D0020275100202951002000F8FF07B2
S214026450014B1880FFF7D0BEF44D00200CB42DE996
S214026460FF470CAA0E4652F8041B03920746002961
S2140264707ED1BDF83400ADF80A00002800F0918005
S21402648033794FF6F778002B76D147458CBF4FF01D
S21402649009084FF00808454B1C78FF2C74D1B6F952
S2140264A00230002BA9BF424B347A1C780134A2BFBB
S2140264B0E4B21C7044F08004DFF80091224600210A
S2140264C0F6F778FC99F80020BDF80A30002A5ED06C
S2140264D00193DFF8ECA0FF230093BAF800003346DE
S2140264E022463946FCF7CEFB002389F800304FF6E9
S2140264F0FF730546AAF80030742D33D10DF10A0356
S21402650032463946404606F0CCFD00284BD04FF6C0
S214026510F7739F4226D8B6F902307088002B21DA2C
S2140265202449254B48F20402904214BF89469946F4
S21402653008F03DFF4FF0000803464946CDF80080BC
S2140265408A22012008F06AFE814658B12246414658
S214026550F6F730FCCDE90098FF233246394640462E
S214026560FCF7FAF9284604B0BDE8F04702B07047D7
S214026570012008F030FE7EE70023337147458CBFCA
S2140265804FF00608984686E7FF221A7094E7CDE990
S21402659000323946FF2332464046FCF7DDF905460F
S2140265A0AAE71825DEE70546DCE700BF91150020BE
S2140265B02B510020F0D70300E5D703002A51002014
S2140265C0F84D002070B588B0002416464FF400330C
S2140265D0ADF81A100DF10F0204A905460593ADF8A1
S2140265E01840ADF81C4004948DF80F4006F038FDB4
S2140265F09DF80F300193049B0093044A334605A985
S2140266002846FFF72BFF08B070BD00BFE9D703008E
S21402661030B587B04FF48035CDE9001200240395DB
S2140266208DF81030BDF82850074A8DF81140034601
S21402663003A9BDF82C00ADF81250ADF81440FFF7D0
S2140266400DFF07B030BD00BFF5D703002DE9F043BC
S214026650B1F1006F8BB014461D4628BF39224FF0A9
S214026660000336BF38224FF001099946ADF81E20C6
S214026670FF2C4FF480020646ADF81C300892ADF8A7
S21402668024304FEA11471FFA81F80FD109F0D5F9E5
S214026690B9F1000F19D1154ACDE90205CDE900740A
S2140266A0434607A93046FFF7D9FE1AE0FE2C0AD168
S2140266B009F0C3F90130C0B209F0D9F9B9F1000FF7
S2140266C012D00B4A02E0E8B2F8E70A4ACDF8008098
S2140266D0CDE90305CDE90174012307A93046FFF78A
S2140266E0BDFE0BB0BDE8F083034AD5E7EDD7030045
S2140266F0F3D70300ECD70300F4D7030010B54FF42A
S214026700981286B04FF08063CDE903230023ADF8DC
S214026710143008F04CFE0446F8F788FB054B01904F
S2140267200093054A234603A94FF6FD70FFF796FE2F
S21402673006B010BDF5500020F9D7030030B587B07B
S214026740CDE9001200248DF81030094A8DF8114068
S21402675003464FF4806503A94FF6FD700394ADF827
S2140267601250ADF81440FFF779FE07B030BD00BFF7
S214026770FDD703002DE9F04F99B00E4605460CA949
S2140267801046CDE90A329DF888700AF03FF8BDF847
S214026790309080464846F6F725F9B6F90230B6F844
S2140267A006A0B6F802B0002B044604DA904B00228C
S2140267B01A7000204BE04846F6F714F94045F5D328
S2140267C0A4EB0804E3B2002F18BF4FF4A07A152BEF
S2140267D0099328BF15230024013308F1FF32DBB2E8
S2140267E0D2B24946009412A808F08AFC81499DF864
S2140267F0482008684968ADF840406FEA4B436FEAA4
S2140268005343ADF83E300DAB03C3ADF83C40ADF894
S21402681042A0ADF84420BBF1000F26D176490822EB
S2140268200DF149000AF023FC044698B908F0BFFDB2
S21402683006460DF151080DF149030A9A98F80090A0
S214026840012A2CD14FB384F0010404F0010019B0E0
S214026850BDE8F08F0DF149000AF0E0F84FF6FF743C
S214026860011B4C4206464C41E3E7BBF1010F5AD1ED
S214026870BDF8496008F09BFD86420AD00DA9304655
S2140268800AF0D5F880F00104E4B20DF14B080DAB26
S214026890D3E7594B0DF14B08CFE70A9CD5E767B310
S2140268A04CBBB9F1010F26D832D108F080FD08F0B2
S2140268B07EFD98F80110504B0646224602910021B2
S2140268C0CDE9006101204D4908F0A8FCADF8320080
S2140268D088B134BBB9F1010F0CBF0D210C210DF1AB
S2140268E0320008F0F4FB024628B9BDF832300FA990
S2140268F02846FFF7B3FD0120A9E7B9F1010F05D13C
S214026900002CD2D098F801108122D7E7002CF9D1BA
S214026910B9F1010F94BF0022012298F80110D201AA
S214026920CCE70C21DBE70A9B002B7FF442AF73888F
S214026930342B4CD1099B092B7FF43BAF002F7FF4FD
S21402694038AF9DF951603A46B41008210DF149005E
S21402695004F0200408F0DBFC30B9274908220DF1C8
S21402696049000AF084FB08BB254B1B78012B3FF439
S21402697020AF244A244BB2F868201B68AA4208D0EB
S214026980DA0006D5C823214A0FA92846FFF766FD76
S2140269900FE75B0201D5002E17DA00231B4A0FA968
S2140269A02846FFF75BFD1A4B1C7002E70DF1490003
S2140269B00AF034F84FF6FF739842E3D02146F9F70F
S2140269C0D3FE03460028DDD1DDE78D23DBE7099BF6
S2140269D004930DF14903CDE905A2CDE90283CDE981
S2140269E000790B9B0FAA3146284600F01BF8E0E61A
S2140269F01F510020B07B0300F550002001D8030091
S214026A00FB4F00208047002034410020DDD70300E2
S214026A1090150020024B187840F08000704700BFA7
S214026A202B5100202DE9F04FA1B09946BDF8AC30AD
S214026A302D9F0D939DF8B0300E93BDF8BC300F938A
S214026A4004469DF8C0304E889DF8A8B0109338468C
S214026A508846154608F0ABF8112E824671D808F023
S214026A60A6FC504576D0062E10D14FF6FD72924502
S214026A7026D0BBF1000F10D10022CDE900A2802360
S214026A80BD4A29462046FFF7E9FC06E0BBF1000FA7
S214026A9003D1032E07D8012E09D8B84B00221A704C
S214026AA021B0BDE8F08F043E022EF6D8E4E7B44AE1
S214026AB0CDF800A0802329462046FFF7CFFCECE75E
S214026AC0B04B1B7858074CD408F071FC00260346DE
S214026AD0A94900963246012008F0A0FB3B79ADF8A2
S214026AE066000F930028DBD0DDE90E320D9803EB2B
S214026AF042095FFA89F9F5F775FF09F105085FFAA9
S214026B0088F88045CCD241460D98F6F73FF91090AA
S214026B1008EB40080D98F5F765FF8045C0DADDE919
S214026B200F321343DBB2002B40F03382BBF1000F6F
S214026B30B6D1D8464246BDF866000421F6F73AF9C1
S214026B4074E1904A3A2E127812D948F23B039E42DA
S214026B5007D013E08B4A127851070BD5321F022A50
S214026B6008D8B8F8063043F48043A8F8063097E70A
S214026B701B2E1DD8B21E91B213295FD9109B029309
S214026B800F9B0E9ACDE900B349462346304606F0DF
S214026B906EFA0F2884D1794B01221A70794B1B7832
S214026BA09B0740F14F83BBF1000F7FF479AFD8E724
S214026BB0A6F11C011E29E1D801A050F821F000BF61
S214026BC05B7202007D6B02007D6B0200A16A02000E
S214026BD07D6B0200F76F0200F76F02007D6B02000A
S214026BE07D6B02007D6B02007D6B02007D6B0200F6
S214026BF07D6B02007D6B02007D6B02007D6B0200E6
S214026C007D6B02007D6B02007D6B02007D6B0200D5
S214026C107D6B020029700200297002002D720200AC
S214026C207D6B02007D6B02004F7202007D6B0200DC
S214026C30B1720200C7720200D5720200132A9DD8F2
S214026C4001A151F822F000BF996C0200296D0200E2
S214026C50476D02005F6E0200C96A02007D6B020089
S214026C607D6B02007D6B02007D6B02007D6B020075
S214026C707D6B02007D6B02007D6B02007D6B020065
S214026C807D6B02007D6B02007D6B0200A16F02002D
S214026C907D6B02008D72020000231A938DF8663017
S214026CA00DF166030E99009322461AAB484606F08B
S214026CB0D8F908F07CFB0646EAF79AF8162894BF3D
S214026CC04FF002094FF02209F8F7B0F82E4B0746AC
S214026CD0B3F800A0FBF736FE2C4B80464FF6FF704B
S214026CE0B3F800B009F050FE294B9DF866201988CB
S214026CF0244B1B7813F002031CBF264B1B780B9207
S214026D001A9A0096CDE909324023CDE90701CDE96A
S214026D100193CDE9058BCDE9037A1F4A0023294664
S214026D202046FFF79BFBBBE608F041FB1B4B1C4AC9
S214026D301B88CDE92A0300232946204621B0BDE858
S214026D40F04FFFF78BBBBE78731EDBB2EF2B1AA990
S214026D50304627D9F22E25D004F0A3FD822608F06D
S214026D6026FB0023CDE90003034A33462946204684
S214026D70FFF774FB94E600BFE5D703001F5100201F
S214026D80F0D70300D44F00201C1500201815002051
S214026D90161500202C51002007D803001A150020D3
S214026DA014D8030004F07DFD002856D008F0FFFA40
S214026DB09DF86C200492BDF86A200392BDF8682004
S214026DC09DF86E10CDE901629DF86D205200D2B298
S214026DD04900C9B208320A4403460092BF4900225B
S214026DE0012008F01BFA9DF86D30ADF866008DF8AC
S214026DF0633000283FF454AE4FF0000801231A46D1
S214026E000DF163010DF16600F5F71CFF0746002839
S214026E107FF446AE9DF86330FAB293420CD89DF8E2
S214026E206E308DF86330B8F1000F02D0BDF86630D0
S214026E3036E04FF00108E1E74146304604F033FD04
S214026E400123ADF86400022219A90DF16600F5F7D8
S214026E50F9FE01370028DDD022E683267FE708F018
S214026E60A6FA064604F029FD9D4900903346002204
S214026E70012008F0D3F900283FF412AE0027ADF83F
S214026E8068003E4604F019FD5FFA87F840450DD8C3
S214026E90BDF8680032460421F5F78CFFBDF868306D
S214026EA0002229462046FFF7D9FAF9E5404604F0C3
S214026EB0F6FCFF288DF866000BD0012301361A4631
S214026EC00DF166011AA8F6B2F5F7BCFE00287FF4AB
S214026ED0E7AD0137D6E75046B7F8029004F0DFFC7C
S214026EE0FF288DF8640000F00D821AA904F0D9FC80
S214026EF0BDF868304B4507D04FF6FF72914540F01B
S214026F0001821A0400F1FE819DF86D3013930E9BE8
S214026F100533DBB212930F9B149300234FF0000944
S214026F2011934B4612E01793129B0D9803EB410107
S214026F30C9B208F032F9179B15904FF0000A139960
S214026F405FFA8AF28A4216D309F10109149A5FFAA5
S214026F5089F19142E7D39DF86E201392169A129207
S214026F60002B40F0C181119B002B40F0CB81109B7F
S214026F7014930123D2E711999DF86400179304F045
S214026F8092FC159A179B0AF1010A824208BF012356
S214026F90D5E709F106095FFA89F3B0461693B2E11E
S214026FA0BD1C29465046BC7A05F00CFC0122294637
S214026FB05046FBF7DDF8504609F0FAFC284609F081
S214026FC02DFD3A88824207D04FF6FF72904203D0D8
S214026FD009F029FD09F00CFD84F00804C4F3C0048E
S214026FE021462846FEF76AFF2146284621B0BDE81C
S214026FF0F04F06F065B8BBF1000F7FF451AD1307F2
S2140270003FF5AFAD33463A4629462046FEF768FFBF
S21402701000287FF445AD8423324A2946204621B013
S214027020BDE8F04FFFF71ABA0F9897F8009009F0EC
S21402703064FA00210746204606F055F84FF0000B8A
S214027040312EA7EB0007CDE9009B27495B4614BF0C
S21402705084225A464FF0010015BF4FF0050A4FF042
S214027060160AD8464FF0010808F0D8F8FFB2ADF875
S214027070660000283FF414ADB8F1000F49D016227E
S21402708059461AA80AF01DF8322E33D1174E337914
S21402709003F00302032A09D18DF86A20BDF86600C0
S2140270A0B9F1000F00F0B080002634E0B179002973
S2140270B0F4D10F49C3F3C2031AA8CB5C012A08BF56
S2140270C043F001038DF86A30318807F072FD71884B
S2140270D00DF16B0007F06DFDE0E700BF18D8030066
S2140270E0E5D70300DDD70300DAD70300804D002082
S2140270F024D803001AA808F0F1FB894A4FF0FF33A0
S214027100CDE91C331378002B53D0864E33796F2B80
S21402711009D90026B0464246BDF866000221F5F7B8
S21402712049FE324607E51CA9584600F00FFD002826
S214027130EFD07D4BB6F800B0B3F86830BBF1000F65
S21402714011D1003B18BF01235B0143F004038DF805
S2140271507A3002238DF87B3073881B0A8DF87D30D7
S21402716059461EA8B6E7B3EB0B0318BF01235B0113
S21402717043F005038DF87A3002238DF87B300F2317
S2140271808DF87C30E8E70BF1010B5FFA8BFB0BF115
S214027190FF36F6B230460D9309F04DFC10F0010FA3
S2140271A00D9B5F4AEFD01178CB4204D00133DBB29D
S2140271B0E9E7C346EBE75D4B187830441CA9C0B23A
S2140271C000F0C4FC0028A4D0304609F024FC834614
S2140271D0304609F030FCC0070FD416238DF87A30FB
S2140271E0534B1B780133DBB20F2B28BF0F238DF8CE
S2140271F07C30504B33F81630AFE7304609F01BFCB4
S2140272008107EAD41223E9E7F5F7ECFB5044B842CB
S2140272103FF74AAF012352461AA90DF16600F5F769
S21402722011FD00287FF43CAC464674E712073FF592
S21402723098AC0F983B4622462946FEF7A9FE002840
S2140272407FF42EACBBF1000F7FF42AACE3E6BBF171
S214027250000F7FF425AC8023DEE608F0A8F8504540
S2140272607FF41EACDFF8D88008224146B81C09F02D
S214027270FEFE00287FF414AC08F099F8064608F0E3
S21402728096F82D4ACDE92A08334655E5384607F0E2
S2140272908EFC09F079FB00283FF402AC274A2A90BC
S2140272A000232946204621B0BDE8F04FFFF7D6B8A6
S2140272B0CDE92AB74B462A462146002021B0BDE832
S2140272C0F04FFFF703B8CDE92AB74B462A462146C8
S2140272D00120F3E75B464A46294620462A9721B014
S2140272E0BDE8F04F05F011BF01231A4619A90DF1AA
S2140272F06600F5F7A7FC00287FF4D2AB08F1010878
S2140273005FFA88F8013604F0D8FA5FFA86FA504532
S2140273103FF6E1ADB8F1000F3FF408AC0AE400BF57
S214027320F44F00204E4D0020804700205B150020C1
S21402733014510020884D002020D80300F0D7030007
S214027340F550002073B506460C46154609F0EBFDCF
S2140273500DF106020146304609F099FC0C4E034632
S21402736080B9012232702288BDF8061022B1024688
S214027370072003F07BFA28B1BDF8062021462846EE
S21402738003F03BFA034A00231360337002B070BD69
S2140273902E51002078480020024B1B7803700020F4
S2140273A0704700BF11510020024B93F90030037062
S2140273B00020704710510020044B1B7813B1044B79
S2140273C0188870474FF6FF70704700BF2E51002096
S2140273D0064E002008B5064B1B783BB1054B1968D4
S2140273E021B1082209F053FE002008BD7020FCE7F8
S2140273F02E5100207848002030B519498BB014234E
S2140274007F22098805460DEB030003F001F8BDF85C
S2140274101430DA0721D413F0060FC3F3410208BF73
S214027420C3F341220F4B9C5C0DF1160122466846BF
S21402743009F06DFE04F12802BDF826306A440234D3
S21402744002F8283C1B0A02F8273C69462A46E0B2A4
S21402745008F02CFE00200BB030BDB720FBE700BFC3
S214027460C667030033D8030010B58AB00446ADF8E9
S21402747026200022CDE9052204920CAA02924FF69B
S214027480FF720192074AAC2104FB012201206032FE
S214027490009203900DF126024CF6200109F0D7FA6D
S2140274A00AB010BD8047002010B5204AB2F8680026
S2140274B0B2F85E10B2F85C308AB04FF6FF74A042A3
S2140274C0ADF82600ADF824104FF6FD7018D08142B4
S2140274D04FF00000CDE90500CDE90300CDE901003B
S2140274E094BF09AA6032009294BF48F660014CF637
S2140274F060010DF12602042009F0A9FA0AB010BDB7
S214027500814288BF60324FF0000098BF09AA0092FD
S214027510CDE90500CDE90300CDE90100044A8CBFA0
S2140275204CF6604148F66041E5E700BF8047002020
S214027530EA47002000B54FF6FF738BB00022CDE974
S2140275400522CDE90322CDE90132074A00924CF624
S21402755040010DF126020620ADF8263009F077FA32
S2140275600BB05DF804FB00BFE047002000B50E4BF1
S2140275708BB00022B3F85E30ADF82430CDE9052298
S214027580CDE90322CDE9012209AA4FF6FF73009244
S2140275904FF400610DF126020720ADF8263009F0FF
S2140275A056FA0BB05DF804FB80470020034B1A78AE
S2140275B01AB1FF2A04BF00221A7070473051002009
S2140275C070B5084C084E2378F55C1DB107483E217D
S2140275D0DEF7E4FB2378FF22F254002323702846CA
S2140275E070BD00BF2F5100203051002038D8030054
S2140275F0034B044A1B78D05CFF3818BF0120704743
S2140276002F5100203051002010B5084908220446A8
S21402761009F02DFDB0FA80F0228940094FF6FF737B
S21402762040009A4208BF40F0010010BD4CD803004B
S21402763030B5044685B00D4602B9084A106851684E
S21402764001AB03C301AB03CBADF80C501B88206023
S21402765020466160238105B030BD00BFB07B0300C9
S2140276601FB50146002201A8FFF7E2FF064801A95E
S21402767009F0E0FA20B1F5F799F94089C0F3400025
S21402768005B05DF804FB00BF1E15002030B585B0BE
S2140276900D460022014601A8FFF7CAFF084801A9C5
S2140276A009F0C8FA50B1F5F781F9044601460822F6
S2140276B0284609F0ECFC6089C0F3400005B030BDF6
S2140276C01E150020F8B50546F8B11048002107F04F
S2140276D0F3FB0446A8B10D4F2046F5F767F90646B8
S2140276E0FFF792FF830705D408222946304609F0A1
S2140276F0BEFC38B12146384607F034FC0446002862
S214027700EAD10024201E18BF0120F8BD1E15002055
S21402771010B50C460146064809F08CFA30B1F5F76A
S21402772045F943891C4214BF0120002010BD00BF4A
S2140277301E1500201FB51446024601A8FFF778FF63
S214027740074801A909F076FA40B134B1F5F72EF9E7
S21402775014220146204609F09AFC012004B010BD0E
S2140277601E1500201FB50146002201A8FFF760FF84
S214027770094801A909F05EFA58B1F5F717F94389E5
S214027780024613F0020004D0507B80F00800C0F3DB
S214027790C00005B05DF804FB1E150020F7B59DF885
S2140277A0244001949DF8204000940D4606461F464C
S2140277B009F019F94FF6FF718842044610D0BB074C
S2140277C011D42846F6F780FC204609F02CF9FF284B
S2140277D01FBF084A32F8103023F4804322F81030D4
S2140277E0204603B0F0BD02462946304609F047FA65
S2140277F0EAE700BF8A4D002073B50E4601461448DC
S21402780009F018FA0546D8B1F5F7D0F8438933409F
S214027810044612D09B0736B20BD5002E09DAA17B9E
S214027820437B0289007B0191012100912146FFF7EB
S214027830B5FF638923EA06036381628912B10120D8
S21402784002B070BD2946024807F0B5FBF7E700BF55
S2140278501E1500200148F4F7CFBE00BF1E150020FB
S2140278602DE9F0438FB007469DF858800C46154622
S2140278701E46F8F7A5FC20B1F5F7C6FC08B144F49D
S21402788000544A4B1B7813B924F40074A4B22005A2
S21402789009D546B904A92846F5F7E2FD002840D0E6
S2140278A024F40064A4B2ADF81840ADF81A5007F0FC
S2140278B07EFD3F4BADF81C00B8F1000F02D01A78DF
S2140278C0424501D293F800803A4A8DF81E8013781A
S2140278D00133E105DBB213704CBF0DF1210108A99B
S2140278E022058DF81F3004D533680B6073684B6031
S2140278F00831E30405D5304A13680B6053684B60C1
S21402790008310DF11808A1EB08005FFA80F9002192
S2140279104846F5F711F9064628B900200FB0BDE82B
S214027920F08304AEBFE7F5F741F841464A4609F050
S214027930EEFB3046F5F756F880463046F5F736F851
S2140279400023024600935FFA88F104234FF6FF7085
S21402795007F016FAADF80E000028DED040F201134A
S2140279601C421AD14FF6F7739D4216D8F5F73AF82D
S2140279700DF10E010446284605F0B5FBBDF80E00D3
S214027980F5F730F8E4B2A04207D9BDF80E0007F0CA
S21402799044FA437843F004034370BDF80E003A46B7
S2140279A00121F5F7A1F8BDF80E00B7E7F64F002063
S2140279B050150020F84F0020F5500020F0B5082999
S2140279C0D58889B028D00C2926D0AE0424D405F058
S2140279D040030B43424C267816B105F0200423439D
S2140279E02FB2002FB8BF43F08003032920D1122301
S2140279F0AC068DF80430937A10D48DF805300DF16C
S214027A00060401A9621A0123D2B2F5F71BF9B0FAED
S214027A1080F0400909B0F0BD0B46DBE732228DF854
S214027A2004208DF80530002EE9D00DF11304E8E7A6
S214027A300C298DF8043009BF138953798DF8053067
S214027A401B0A0BBF8DF806308DF805300DF10703C3
S214027A500DF1060354881C70240A5C7014889C700E
S214027A600239240ADC70012914791C7111D8917A22
S214027A705971002F31DA1289DA710221120A9971CC
S214027A8003F109041A72002EBBD0AB06B9D5053431
S214027A90B7E7A9071AD4002F0CDA117A51B1917AF6
S214027AA059711189127A03F1080492B102229A716D
S214027AB0D971E8E70B4C2178917201F1010C84F838
S214027AC000C09C1D002F5971DDDAEAE7917A9C1DF1
S214027AD0F8E701229A71090AEAE79C1DD3E700BF7C
S214027AE0F64F0020F74F0020014B1870704700BF7A
S214027AF0EE4F0020F7B50D460446002128461646EE
S214027B001F46F7F7D1F90A4B002183F859402A4657
S214027B10009733462046FFF7A7FC014630B1022203
S214027B202046F5F709FDC0B203B0F0BD0120FBE721
S214027B3080470020034B04481A780021920009F07F
S214027B40C0BA00BF5B150020803F002010B5134B63
S214027B501B78834286B00C4612D9114900EBC0004E
S214027B6001EB400108220631204609F090FA002275
S214027B700821204607F0CBFB80F00100C0B206E0E9
S214027B80C01A01A9C0B208F031FF10B1002006B039
S214027B9010BD01AB03CB20606160E8E75B150020F7
S214027BA04E4D002008B5074B53F820308B42024654
S214027BB006D915204FF6FF7104F0C1FD002008BD5E
S214027BC00120FCE7803F0020024B013143F82010E1
S214027BD0704700BF803F00202DE9F3472B4EDFF8A9
S214027BE0B4A081460C4600279AF80030FDB2AB429C
S214027BF010D86946204608F01AFFC0B30822694624
S214027C00484609F034FA90B34946204608F08FF801
S214027C10FE2537E006F1060808224146484609F0E6
S214027C2026FA90B94FF6FF739C422BD03388A342B4
S214027C3028D0204608F0F7FEFF2814D149462046F1
S214027C4002B0BDE8F047F6F765BA14B91236013746
S214027C50CAE73388A342F9D100220821404607F03A
S214027C6056FB0028F2D12846F6F728F9CCE7494613
S214027C70002008F0D6FEFF28054603D0044B1B78EA
S214027C800344DDB2284602B0BDE8F0874E4D002020
S214027C905B150020F44F00200F4B1B7883420CD854
S214027CA0C01A0E4AC0B232F81030D90411D443F4C6
S214027CB0805322F8103001207047094B00EBC000B9
S214027CC003EB40035A79D10603D442F010025A71EC
S214027CD0F1E70020704700BF5B1500208A4D0020A8
S214027CE04E4D00202DE9F843074602F066FB054696
S214027CF01B4807F0C6FA1B4B60B31C683C1B2C449F
S214027D00A4B2194BDFF868901B78184D99F80060FA
S214027D1003EB830305EB430500225FFA82F8464530
S214027D200AD9AB88A34205F10A0016D9B21A0A2369
S214027D305A43294609F0ABF9013689F80060AC804F
S214027D40B8F1000F03D106483946F5F761F8284620
S214027D50BDE8F8831D603C46D3E701320546DCE702
S214027D60741400207C480020315100209C4C0020D6
S214027D70325100201FB5154A154C1378013BDBB271
S214027D8013706168206801AA03C221891180114A12
S214027D901278D21805D00A235A43E118204609F071
S214027DA076F99DF806301B070DD0BDF80C00FFF7DC
S214027DB099FF8288ADF8082001AA034603CA1288F2
S214027DC0186059601A8104B010BD00BF31510020FE
S214027DD09C4C00203251002008B5094B094800216E
S214027DE01970094B1970094B1A7802EB820252007D
S214027DF009F067F9BDE808400548F5F7A5B800BFE1
S214027E00325100209C4C0020315100205915002090
S214027E1074140020F8B5094D094F0A4E00243B7829
S214027E203178E2B20B449A4204F1010400DBF8BD59
S214027E302846F4F7E1FB0A35F1E700BF9C4C002028
S214027E40325100203151002010B5064C207828B15E
S214027E50054807F089FE10B1034B188810BDFFF7DE
S214027E6089FFF3E7315100209C4C002008B50A4AEE
S214027E700346107860B1094A1088984209D121B9A0
S214027E809378103323F00F039370FFF773FF0120EC
S214027E9008BD0020FCE700BF315100209C4C0020AA
S214027EA02DE9F74F02F089FADFF8F8803A4CB8F875
S214027EB000C0DFF8F490394D99F800701FFA80FE82
S214027EC0AEEB0C039BB2019323780093002603EBE0
S214027ED0830305EB43033A46B246ACEB0E0CB346BD
S214027EE05FFA86FEBE4515D3BAF1000F01D0009B9D
S214027EF02370BA422AD3002F37D02378C8F800005E
S214027F000A2202FB03532648998803B0BDE8F04FC5
S214027F10F4F77EBFB3F804E001998E4512D80099B3
S214027F2093F802E0A3F804B001310EF1FF3EC9B2A5
S214027F30013A83F802E00091D2B24FF0010A0A3306
S214027F400136CDE7E644A3F804E0F8E789F8002016
S214027F504AB12378C8F800000A2202FB03531048ED
S214027F609988F4F755FF237813B903B0BDE8F08F6C
S214027F70FFF76AFF06460028F5D006F082FE0146A5
S214027F80304607F0EEFD20B100212888FFF76EFF8D
S214027F90E9E76621F9E700BF315100209C4C00203A
S214027FA0741400207C4800203251002081F00041E9
S214027FB002E000BF83F0004330B54FEA41044FEAC7
S214027FC0430594EA050F08BF90EA020F1FBF54EA62
S214027FD0000C55EA020C7FEA645C7FEA655C00F0FE
S214027FE0E2804FEA5454D4EB5555B8BF6D420CDDCF
S214027FF02C4480EA020281EA030382EA000083EA52
S214028000010180EA020281EA0303362D88BF30BDF1
S21402801011F0004F4FEA01314FF4801C4CEA113147
S21402802002D0404261EB410113F0004F4FEA0333A6
S2140280304CEA133302D0524263EB430394EA050F31
S21402804000F0A780A4F10104D5F1200E0DDB02FAA0
S2140280500EFC22FA05F2801841F1000103FA0EF234
S214028060801843FA05F359410EE0A5F120050EF1FA
S214028070200E012A03FA0EFC28BF4CF0020C43FA2B
S21402808005F3C01851EBE37101F0004507D54FF038
S214028090000EDCF1000C7EEB00006EEB0101B1F588
S2140280A0801F1BD3B1F5001F0CD349085FEA3000CE
S2140280B04FEA3C0C04F101044FEA445212F5800FD9
S2140280C080F09A80BCF1004F08BF5FEA500C50F176
S2140280D0000041EB045141EA050130BD5FEA4C0C59
S2140280E0404141EB0101013C28BFB1F5801FE9D2B6
S2140280F091F0000F04BF01460020B1FA81F308BFD9
S2140281002033A3F10B03B3F120020CDA0C3208DDA4
S21402811002F1140CC2F10C0201FA0CF021FA02F17F
S2140281200CE002F11402D8BFC2F1200C01FA02F1EF
S21402813020FA0CFCDCBF41EA0C019040E41AA2BF14
S21402814001EB0451294330BD6FEA04041F3C1CDADC
S2140281500C340EDC04F11404C4F1200220FA04F0FC
S21402816001FA02F340EA030021FA04F345EA0301A6
S21402817030BDC4F10C04C4F1200220FA02F001FA68
S21402818004F340EA0300294630BD21FA04F02946EA
S21402819030BD94F0000F83F4801306BF81F4801183
S2140281A00134013D4EE77FEA645C18BF7FEA655CF6
S2140281B029D094EA050F08BF90EA020F05D054EAC8
S2140281C0000C04BF1946104630BD91EA030F1EBFCD
S2140281D00021002030BD5FEA545C05D140004941D1
S2140281E028BF41F0004130BD14F580043CBF01F5C4
S2140281F0801130BD01F0004545F0FE4141F47001AA
S2140282004FF0000030BD7FEA645C1ABF1946104684
S2140282107FEA655C1CBF0B46024650EA013406BF85
S21402822052EA033591EA030F41F4002130BD00BF44
S21402823090F0000F04BF0021704730B54FF4806401
S21402824004F132044FF000054FF0000150E700BF82
S21402825090F0000F04BF0021704730B54FF48064E1
S21402826004F1320410F0004548BF40424FF00001CE
S2140282703EE700BF42004FEAE2014FEA31014FEA11
S21402828002701FBF12F07F4393F07F4F81F0605160
S214028290704732F07F4208BF704793F07F4F04BFAB
S2140282A041F40021704730B54FF4607401F0004588
S2140282B021F000411CE700BF50EA010208BF7047E8
S2140282C030B54FF000050AE050EA010208BF7047D9
S2140282D030B511F0004502D5404261EB41014FF442
S2140282E0806404F132045FEA915C3FF4D8AE4FF04A
S2140282F003025FEADC0C18BF03325FEADC0C18BF2D
S214028300033202EBDC02C2F1200300FA03FC20FA7D
S21402831002F001FA03FE40EA0E0021FA02F11444CA
S214028320BDE600BF70B54FF0FF0C4CF4E06C1CEAE3
S21402833011541DBF1CEA135594EA0C0F95EA0C0F54
S21402834000F0DEF82C4481EA030621EA4C5123EAC7
S2140283504C5350EA013518BF52EA033541F48011F6
S21402836043F4801338D0A0FB02CE4FF00005E1FBA9
S21402837002E506F00042E0FB03E54FF00006E1FBF3
S21402838003569CF0000F18BF4EF0010EA4F1FF0436
S214028390B6F5007F64F5407404D25FEA4E0E6D4176
S2140283A046EB060642EAC62141EA55514FEAC52087
S2140283B040EA5E504FEACE2EB4F1FD0C88BFBCF503
S2140283C0E06F1ED8BEF1004F08BF5FEA500E50F1B4
S2140283D0000041EB045170BD06F0004646EA01017A
S2140283E040EA020081EA0301B4EB5C04C2BFD4EBAC
S2140283F00C0541EA045170BD41F480114FF0000EA5
S214028400013C00F3AB8014F1360FDEBF002001F012
S214028410004170BDC4F10004203C35DA0C341BDC8C
S21402842004F11404C4F1200500FA05F320FA04F05E
S21402843001FA05F240EA020001F0004221F0004192
S21402844010EBD37021FA04F642EB06015EEA430E05
S21402845008BF20EAD37070BDC4F10C04C4F1200535
S21402846000FA04F320FA05F001FA04F240EA0200E8
S21402847001F0004110EBD37041F100015EEA430EB9
S21402848008BF20EAD37070BDC4F1200500FA05F2D9
S2140284904EEA020E20FA04F301FA05F243EA020358
S2140284A021FA04F001F0004121FA04F220EA020067
S2140284B000EBD3705EEA430E08BF20EAD37070BDAD
S2140284C094F0000F0FD101F00046400041EB01018D
S2140284D011F4801F08BF013CF7D041EA060195F06F
S2140284E0000F18BF704703F00046520043EB030329
S2140284F013F4801F08BF013DF7D043EA0603704716
S21402850094EA0C0F0CEA135518BF95EA0C0F0CD020
S21402851050EA410618BF52EA4306D1D181EA030166
S21402852001F000414FF0000070BD50EA410606BF60
S2140285301046194652EA430619D094EA0C0F02D1A5
S21402854050EA013613D195EA0C0F05D152EA0336EA
S2140285501CBF104619460AD181EA030101F0004108
S21402856041F0FE4141F470014FF0000070BD41F051
S214028570FE4141F4780170BD70B54FF0FF0C4CF42B
S214028580E06C1CEA11541DBF1CEA135594EA0C0F4A
S21402859095EA0C0F00F0A7F8A4EB050481EA030E97
S2140285A052EA03354FEA013100F088804FEA03337E
S2140285B04FF0805545EA131343EA12634FEA02224C
S2140285C045EA111545EA10654FEA00260EF000410D
S2140285D09D4208BF964244F1FD0404F5407402D25F
S2140285E05B084FEA3202B61A65EB03055B084FEAF0
S2140285F032024FF480104FF4002CB6EB020E75EBED
S214028600030E22BFB61A754640EA0C005B084FEA14
S2140286103202B6EB020E75EB030E22BFB61A754691
S21402862040EA5C005B084FEA3202B6EB020E75EBDC
S214028630030E22BFB61A754640EA9C005B084FEA54
S2140286403202B6EB020E75EB030E22BFB61A754661
S21402865040EADC0055EA060E18D04FEA051545EA50
S21402866016754FEA06164FEAC30343EA52734FEAF9
S214028670C2025FEA1C1CC0D111F4801F0BD141EA72
S21402868000014FF000004FF0004CB6E711F4801FD7
S21402869004BF01430020B4F1FD0C88BFBCF5E06FB7
S2140286A03FF6AFAEB5EB030C04BFB6EB020C5FEAC7
S2140286B0500C50F1000041EB045170BD0EF0004E1C
S2140286C04EEA113114EB5C04C2BFD4EB0C0541EA4E
S2140286D0045170BD41F480114FF0000E013C90E64B
S2140286E045EA060E8DE60CEA135594EA0C0F08BF0F
S2140286F095EA0C0F3FF43BAF94EA0C0F0AD150EA0E
S21402870001347FF434AF95EA0C0F7FF425AF1046A0
S21402871019462CE795EA0C0F06D152EA03353FF4C8
S214028720FDAE1046194622E750EA410618BF52EA45
S21402873043067FF4C5AE50EA41047FF40DAF52EA19
S21402874043057FF4EBAE12E74FF0FF3C06E000BFB6
S2140287504FF0010C02E000BF4FF0010C4DF804CDC3
S2140287604FEA410C7FEA6C5C4FEA430C18BF7FEA83
S2140287706C5C1BD001B050EA410C0CBF52EA430CB1
S21402878091EA030F02BF90EA020F0020704710F131
S214028790000F91EA030F58BF994208BF90422CBFC0
S2140287A0D8176FEAE37040F0010070474FEA410CB9
S2140287B07FEA6C5C02D150EA013C07D14FEA430CD7
S2140287C07FEA6C5CD6D152EA033CD3D05DF8040B48
S2140287D0704700BF8446104662468C46194663467A
S2140287E000E000BF01B5FFF7B7FF002848BF10F151
S2140287F0000F01BD4DF808EDFFF7F4FF0CBF012096
S21402880000205DF808FB00BF4DF808EDFFF7EAFF11
S21402881034BF012000205DF808FB00BF4DF808EDCC
S214028820FFF7E0FF94BF012000205DF808FB00BFC1
S2140288304DF808EDFFF7CEFF94BF012000205DF84B
S21402884008FB00BF4DF808EDFFF7C4FF34BF012058
S21402885000205DF808FB00BF4FEA410212F5001245
S21402886015D211D56FF47873B3EB625212D94FEA70
S214028870C12343F0004343EA505311F0004F23FA5A
S21402888002F018BF404270474FF00000704750EAAF
S214028890013005D111F0004008BF6FF0004070476C
S2140288A04FF00000704700BF4A0011D212F50012C6
S2140288B011D20DD56FF47873B3EB62520ED44FEA31
S2140288C0C12343F0004343EA505323FA02F07047B1
S2140288D04FF00000704750EA013002D14FF0FF30EF
S2140288E070474FF00000704753B94AB9002908BFD5
S2140288F000281CBF4FF0FF314FF0FF3000F06AB97E
S214028900ADF1080C6DE904CE00F006F8DDF804E0DF
S214028910DDE9022304B070472DE9F047089D0C46B6
S214028920002B4ED194468C458646B2FA82F262D924
S2140289304AB1C2F12003914020FA03F30CFA02FC7A
S214028940194300FA02FE4FEA1C471FFA8CF6B1FBE7
S214028950F7F44FEA1E4307FB141143EA014304FBF4
S21402896006F199420AD91CEB030304F1FF3080F0AA
S2140289701381994240F21081023C6344591A1FFA4D
S2140289808EF3B1FBF7F007FB101143EA014300FB3D
S21402899006F69E420AD91CEB030300F1FF3180F073
S2140289A0FD809E4240F2FA80634402389B1B40EAF6
S2140289B0044000211DB1D3400022C5E90032BDE8C3
S2140289C0F0878B4205D90DB1C5E9000100210846A2
S2140289D0F5E7B3FA83F1002946D1A34202D39042C7
S2140289E0C0F0F180861A64EB03030120002DE6D066
S2140289F0C5E90063E3E7002A40F09180A1EB0C048E
S214028A004FEA1C481FFA8CF70121B4FBF8F64FEA2E
S214028A101E4308FB164443EA044307FB06F098424B
S214028A2008D91CEB030306F1FF3402D2984200F287
S214028A30CE8026461C1A1FFA8EF3B4FBF8F008FB0B
S214028A40104443EA044300FB07F79F4208D91CEB95
S214028A50030300F1FF3402D29F4200F2B1802046A7
S214028A60DB1B40EA0640A5E7C1F120068B4022FA4E
S214028A7006F71F4320FA06FC04FA01F343EA0C0346
S214028A80F44000FA01F8380C4FEA1349B4FBF0FE42
S214028A901FFA87FC00FB1E4449EA04440EFB0CF94D
S214028AA0A14502FA01F20AD93C190EF1FF3A80F00A
S214028AB08580A14540F28280AEF1020E3C44A4EBD2
S214028AC009041FFA83F9B4FBF0F300FB134449EAE6
S214028AD0044403FB0CFCA44507D93C1903F1FF3000
S214028AE068D2A44566D9023B3C4443EA0E40A0FB4A
S214028AF00293A4EB0C049C42CE469C4652D34FD023
S214028B0055B1B8EB0E0364EB0C0404FA06F6CB4040
S214028B10CC401E43C5E900640021BDE8F087C2F1DF
S214028B20200320FA03F10CFA02FC24FA03F3944021
S214028B300C434FEA1C4800FA02FE1FFA8CF7B3FBFE
S214028B40F8F008FB1031230C43EA014300FB07F15F
S214028B50994208D91CEB030300F1FF362CD2994246
S214028B602AD9023863445B1AA4B2B3FBF8F108FBB5
S214028B70113344EA034401FB07F3A34208D91CEB72
S214028B80040401F1FF3613D2A34211D90239644418
S214028B90E41A41EA004138E70446EFE6084605E7EC
S214028BA0C845ADD2B9EB020E63EB070C0138A7E756
S214028BB03146EDE7034698E73046D4E7D6467EE7E9
S214028BC0634402384CE70646234608460EE7023E52
S214028BD063442FE7704700BF08B5064B044613B13F
S214028BE00021AFF30080044B1B6803B19847204670
S214028BF000F0CAFB00000000BC490020024B014600
S214028C00186800F0DBB900BF94140020014808F091
S214028C1072BA00BF33510020014808F06DBA00BF97
S214028C2033510020242B2DE9F0478646904601D882
S214028C30012B06D100F098F9162303600020BDE848
S214028C40F08736480D462A4615F8014B065D16F0A3
S214028C500806F8D12D2C24D12C780126951C2BBB86
S214028C60302C30D00A2306F1004C0CF1FF3C0022D7
S214028C70BCFBF3F9104603FB19CAA4F13007092F0F
S214028C8028D83C46A34234DD571C07D081452DD355
S214028C9001D1A2452ADB00FB0340012215F8014B55
S214028CA0EBE72B2C04BF2C78951CD8E7102BDAD1D7
S214028CB0302CD8D12A7802F0DF02582AD3D16C7829
S214028CC010230235CFE72B7803F0DF03582BF6D0BC
S214028CD00823C8E7A4F14107192F01D8373CD1E78A
S214028CE0A4F16107192F04D8573CCBE74FF0FF32A7
S214028CF0D4E7531C08D12223CEF800306046B8F1E0
S214028D00000F9CD0691E06E006B14042B8F1000F83
S214028D1095D0002AF6D1C8F8001090E757D803007D
S214028D2013460A46014602480068FFF77BBF00BFAB
S214028D30941400202DE9F043364E86460D4628460A
S214028D4015F8014B375D17F00807F8D12D2C26D100
S214028D502C780127851C3BBB302C32D00A234FF0DF
S214028D60FF380026B8FBF3F803FB08F96FEA090997
S214028D703046A4F1300CBCF1090F29D86446A34250
S214028D8037DDB6F1FF3F07D080452FD301D1A1458D
S214028D902CDB00FB0340012615F8014BE9E72B2CE0
S214028DA004BF2C78851CD6E7102BD8D1302CD6D110
S214028DB0287800F0DF005828D1D16C7810230235CD
S214028DC0CDE72B7803F0DF03582BF6D00823C6E74F
S214028DD0A4F1410CBCF1190F01D8373CCFE7A4F13E
S214028DE0610CBCF1190F04D8573CC8E74FF0FF36A8
S214028DF0D2E7731C06D12223CEF80030304632B9B1
S214028E00BDE8F08307B14042002AF9D006B1691ED8
S214028E101160F5E757D8030013460A460146024892
S214028E200068FFF787BF00BF941400202DE9F04FBB
S214028E3085B09046464A029089461E460D462B4607
S214028E4015F8014B175D17F00807F8D12D2C41D104
S214028E502C7801279D1C002E41D1302C4CD00A269E
S214028E6007F1004A07F1FF3B0AF1FF3AF3173246D1
S214028E70584651460393FFF737FD019200228E466D
S214028E80844611461046A4F13003092B05D9A4F1F5
S214028E904103192B37D8A4F137039E423DDD541CFB
S214028EA015D084457EEB010234D38E4508BF844537
S214028EB002D1019A9A422DDB039A714300FB0211FA
S214028EC0A6FB00020A44181842EBE371012215F8C9
S214028ED0014BD8E72B2C04BF2C789D1CBBE7102E29
S214028EE0BED1302CBCD12B7803F0DF03582BB7D180
S214028EF06C7810260235B3E72B7803F0DF03582B85
S214028F00F6D00826ACE7A4F16103192B05D8A4F124
S214028F105703C2E74FF0FF32D9E7531C0AD1029A31
S214028F202223136058465146B8F1000F0AD105B005
S214028F30BDE8F08F17B1404261EB4101B8F1000F76
S214028F40F5D00AB105F1FF39C8F80090EFE700BF87
S214028F5057D8030013460A46014602480068FFF740
S214028F6065BF00BF94140020014B1868704700BF0D
S214028F709414002070B50D4D0D4C641BA4100026F1
S214028F80A64209D10B4D0C4C08F0EAF8641BA4105B
S214028F900026A64205D170BD55F8043B9847013617
S214028FA0EEE755F8043B98470136F2E7AC15002089
S214028FB0AC150020AC150020B015002038B50546CB
S214028FC0002941D051F8043C0C1F002BB8BFE4180E
S214028FD0FFF71CFE1D4A136833B963601460284607
S214028FE0BDE83840FFF718BEA34208D9206821180A
S214028FF08B4201BF19685B6809182160EDE71A46C3
S2140290005B680BB1A342FAD911685018A0420BD183
S21402901020680144501883421160E0D118685B68EA
S214029020536008441060DAE702D90C232B60D6E7B7
S214029030206821188B4204BF19685B68636004BF0E
S214029040091821605460CAE738BD00BF8048002076
S21402905010B588B004460DF10D008DF80C2008F00E
S21402906056F842230093224603AB0021012002F069
S21402907083FE08B010BD08B1D7F74ABF7047F2F7B3
S21402908087B808B501F05BFA01F066FADDF7EAFA8E
S214029090FAE71FB500230393012204230093192144
S2140290A003AB104602F0A7FE039805B05DF804FB7A
S2140290B00020D8F72FBD704710B5E6F7EBFA01236C
S2140290C0037102F050FF0446E6F7BEFA14B1002818
S2140290D008BF0024204610BD08B502F0AAFB831E76
S2140290E05842584108BD704708B5D9F7E9FABDE8B5
S2140290F00840E8F7E5BA08B5DDF7ACFD00F07BFB03
S214029100DCF74CFBBDE80840D8F73CBF08B5DBF7F8
S2140291108DF800F06AFBDBF795F8DFF7F5FBDFF773
S214029120A3FCBDE80840DFF7DBBC70477047D8F702
S2140291304FBF08B501F00CFBBDE8084001F036BB96
S2140291407047012070470120704738B5D8F73AFFBC
S214029150044601F03EF9051E18BF2546DFF75EFD00
S214029160041E18BF2C46FFF7ECFF002818BF204647
S21402917038BD38B5DDF77CFB044601F02CF904282F
S21402918017D002284FF0000508BF012401F02CFB7F
S214029190042810D0022808BF0124FFF7D4FF0428B1
S2140291A00BD0022808BF0124002D18BF0024204639
S2140291B038BD0125EAE70125EFE70024F7E7FF209F
S2140291C0704708B5FFF7FBFF002008BD07B5009201
S2140291D0027D0B468189806802F037F8003818BF96
S2140291E00120C00103B05DF804FB08B50020E5F7D6
S2140291F08DFA0020E6F7BAFF0020DFF71BFF0020FB
S214029200E0F7AEF90020E0F761FC0020E3F72EF865
S2140292100020E3F779FB0020E3F79AFF0020E4F74B
S214029220ADFDBDE808400020E4F780BE08B5012089
S21402923001F04BFDBDE808400120E0F759B808B53B
S2140292400220E5F71BFB0220E7F776FA022003F07E
S214029250BEFF022001F0ABFE0220E3F779FFBDE875
S21402926008400220E5F796B8E0F784B902F08CBA17
S2140292707047E0F7BDBB704770477047704710B540
S2140292800446E4F7ADFF204601F043FD2046E0F732
S214029290DFFE204601F0C0FD2046E3F743FD2046F0
S2140292A0BDE8104001F073BF01F0A0BF01F0AABFF5
S2140292B0E4F76EBD7047704701F04FBD70477047C8
S2140292C070477047704770477047E4F7E5BD7047D0
S2140292D07047704782B06B4683E8060093E8060044
S2140292E002B0DFF7ADBD70477047704701F011BF9F
S2140292F002F06EBE02F072BE70470020704702F0A7
S2140293006FBE02F078BEFEE74FF4004070474FF49F
S2140293107A70704700230360704703680B60016031
S214029320704710B538B132B129B100230139D45C87
S21402933014B90023037010BD8B42FAD200F8014B19
S2140293400133F4E7034638B10020814204D01A5CA8
S21402935002B970470130F8E770474FF0FF31FFF768
S214029360F1BF70B50C461646054660B15AB151B10A
S214029370FFF7F3FF844206D9211A32462844BDE895
S2140293807040FFF7CEBF70BDFEE7704713B50446C8
S21402939001A8DAF721FE9DF80630238040F2011379
S2140293A06380DAF737FE6060002002B010BDDAF79D
S2140293B0CBBC08B5DAF7B8FC002008BD10B50446E9
S2140293C044EA010313F00303084609D1934201D18C
S2140293D0002010BD54F8231040F823100133F5E79F
S2140293E09200214607F093FEF2E7704770B502231B
S2140293F083608E780C46002231460546D9F7FEF980
S2140294002179627860790B0243EA026343EA0043F9
S214029410E07843EAC003E07908B143F00053207ACB
S21402942008B143F00403A07908B143F00203607A5E
S21402943008B143F00103F3290FD176B9032A03D802
S21402944023F0706343F0806343EA46132B616E6930
S21402945026F4F21626F007060CE03206F4D543F0A0
S214029460E0032B616B6923F4F21323F0070326F063
S21402947080061E43237846EA4346E37A0BB146F457
S21402948080466B0103F18443A27A6E619A60EB6FA9
S214029490D5F88030EB6870BD08B5D9F771FB01309E
S2140294A008BDEFF3108072B6704700B962B6704717
S2140294B0602383F311887047EFF31180602383F3F0
S2140294C01188704780F31188704784B00B68009348
S2140294D04B6801938B680293CB680393009B0360EF
S2140294E0019B0360029B0360039B036000230093BF
S2140294F001930293039304B0704784B00368009309
S214029500036801930368029303680393009B0B604E
S214029510019B4B60029B8B60039BCB6000230093F6
S21402952001930293039304B0704730B5D1E9022346
S214029530D1E90054056004600260036030BD30B5B6
S2140295400568046802680368C1E90054C1E9022399
S21402955030BD7FB58A0704460B4610D06D4601F132
S2140295601006186859682A4603C20833B3421546DD
S214029570F7D169462046FFF7D8FF04B070BD0091C8
S214029580009904B0BDE87040FFF7CFBF30B58B0737
S21402959085B00C4610D06946FFF7D1FF0D4623462C
S2140295A004AC2A4603CAA24218605960154603F163
S2140295B00803F6D105B030BD0091009905B0BDE8AC
S2140295C03040FFF7BCBF00F1424303F58013102A78
S2140295D010B54FEA43130AD101221A6000F58870CB
S2140295E0FFF773FF1031BDE81040FFF76EBF002291
S2140295F01A602430F7E7F0B50B46990789B004469F
S21402960015462DD0082A19D16D4603F110061868A2
S21402961059682A4603C20833B3421546F7D10822D0
S21402962069462046FFF7CFFF03226B460020013A29
S214029630186003F10403FAD209B0F0BD6E4603F1D6
S214029640200718685968324603C20833BB421646DA
S214029650F7D12A4669462046FFF7B5FF0722E4E718
S2140296600093009909B0BDE8F040FFF7ACBF10B513
S2140296702030FFF742FF102A04D1BDE81040103117
S214029680FFF73BBF10BD30B58B0789B00C461546B9
S21402969025D06946FFF7EBFF082D6A4613D104ADC5
S2140296A0134603CBAB42206061601A4604F10804FD
S2140296B0F6D103226B460020013A186003F1040338
S2140296C0FAD209B030BD08AD134603CBAB422060D8
S2140296D061601A4604F10804F6D10722EAE700910F
S2140296E0009909B0BDE83040FFF7C1BF7047704728
S2140296F07047D9F743BFD9F7D3BE70B505460E46B5
S2140297001446FFF7CEFE2B685C4034405C402C606B
S214029710BDE87040FFF7C9BEDAF75EBB0A7810B53F
S2140297200AB90223436000234362CB788C781B0479
S21402973043EA04634C7A2343CC7943EA84230C7AC3
S21402974043EA04234C7843EA84138C7A43EAC4132C
S214029750CC7A43EA44130C7B43EA04138C7B43EA39
S21402976084334C7B43EAC4030C7943EA44334C7992
S214029770897943EA047343EA417303600AB1012319
S214029780436010BD10B5537814781B0643EA846311
S21402979094792343947843EA0443D47843EA04331F
S2140297A0147943EA8423547943EA0423D47943EAB6
S2140297B08473147A43EA4473547A43EA0413947A19
S2140297C0D27A063143EA8403090143EA027343501C
S2140297D010BD00207047002070470020704701200F
S2140297E07047012070470F207047EBF783B94FF0A0
S2140297F0FF3004F0C2BB704770B504460D46FFF753
S21402980050FEA36A102B064604F10501284614BF33
S21402981010220822FFF7EFFE05F1840004F14C0146
S214029820FFF797FE3046BDE87040FFF73EBE2DE9D3
S214029830F043074685B016461C460D4631B9DAF7A0
S21402984013FD054601463846FFF7D6FF44B3FFF739
S21402985028FE97F842308046F3B10E2200210DF121
S214029860020007F02EFC0E2CBB8DA14628BF4FF03F
S2140298700E095BBA31464A460DF10200ADF80030D9
S21402988007F045FC69462846DAF712FD0023A4EBEA
S21402989009044E4487F842302CB94046FFF705FECD
S2140298A005B0BDE8F083102C27464FF0100228BF03
S2140298B010270021684607F004FC31463A466846FF
S2140298C007F025FC69462846DAF7F2FCE41B3E441C
S2140298D0E2E72DE9F04F8BB00546DDF85080169E84
S2140298E017469A460C464FF0010900297BD1DAF753
S2140298F0BBFCCDF8009004462B6E2F714FF000098A
S2140299005FFA88F7EB62C5F8449085F86C704246B9
S214029910514605F15C00019307F0F9FB159A019B8D
S214029920C7F10F0B023AC7F10E07B3EB0903FFB2FA
S2140299304FEA520247EAC20218BF012342EA8313E1
S214029940514642460DF109008DF8083007F0DFFB5C
S21402995006AA4B465FFA8BFB9146D9B28B4547D88F
S214029960002E59D166602660FFF79BFDAB6A019018
S214029970102B14BF10220822691D2046FFF73BFE5B
S214029980C4F8886002A9C4F888602046C4F88860D3
S214029990C4F88860DAF78CFC0198FFF786FD424629
S2140299A051460DF119008DF8187007F0B0FB08F15A
S2140299B001005A463146484407F083FB01238DF8DE
S2140299C02730FFF76EFD04F18407064649463846FF
S2140299D0FFF7BFFD3046FFF768FD009B6BB900201E
S2140299E00BB0BDE8F08F002380F84290009383E727
S2140299F002F8016D0133360AAFE7FFF752FD05F1B3
S214029A004C0106463846FFF7C1FD3046FFF74DFDCE
S214029A102046DAF733FCE2E76FF08600E0E701441F
S214029A200023884200D1704700F8013BF9E72DE990
S214029A30FF47DDF83890DDF848800C4606461746A4
S214029A409A46DAF711FC0C9BC6F860902246009301
S214029A500146CDE90187054653463046FFF739FFF2
S214029A600446C8B90D9A4B4629463046FFF7DFFE34
S214029A703FB1109B00933A460F9B29463046DAF7D1
S214029A8081FC119A434629463046DAF71FFC044603
S214029A9010B92846DAF7F2FB204604B0BDE8F08794
S214029AA02DE9F8431546894607469846DAF7DCFB61
S214029AB00023436003600446FFF7F3FCB9F1100F7E
S214029AC014BF102208223946064604F180072046B3
S214029AD0FFF791FD41463846FFF73BFD3046FFF75C
S214029AE0E4FC012D0CBF05230623A360256915F0AF
S214029AF00205FBD1FFF7D5FC089906463846FFF764
S214029B0045FD3046FFF7D1FC2046DAF7B7FB28467C
S214029B10BDE8F8832DE9F04190461E46054678B327
S214029B208B422DD1DAF7A0FB002343600360044684
S214029B30FFF7B7FC102E074614BF1022082229464C
S214029B402046FFF758FD3846FFF7AFFC0523A36013
S214029B50256915F00205FBD1FFF7A3FC102E14BFF2
S214029B6010220822414607462046FFF78CFD38465B
S214029B70FFF79BFC2046DAF781FB2846BDE8F0811A
S214029B806FF08600FAE770470020704700207047A3
S214029B90C3681944836853F8210030F8023B136007
S214029BA0704710B5012380F888300378044653B115
S214029BB000F064FA21462046DBF772F82046BDE83C
S214029BC0104000F050BA10BD38B50D460446DBF71B
S214029BD04FF86B68C4F8B032A968204600F098F9CE
S214029BE04FF0FF33C4F8B4322046FFF7CDFF38BD3E
S214029BF0D0F8B432013310B5044601D0002010BDAF
S214029C0000F0BFFAC4F8B4020130F7D194F8B802F3
S214029C1080F00100F3E708B5DBF764F808BD0A78C0
S214029C202D2A08BF012200F1FF300CBF891800223E
S214029C30DBF7A2B807281BD8DFE800F0060A0D10EB
S214029C40131504170120704700220820DBF794B88A
S214029C5000221020FAE700222020F7E70820FFF76C
S214029C60DEBF1020FBE72020F9E70846DBF7E6B860
S214029C70002070472DE9F7430728DDE90A760C46EF
S214029C8090461D4608D8013806280AD8DFE800F0B4
S214029C901D27303A44574A00212850D003B0BDE869
S214029CA0F083002211462046FFF7B6F83368C0B2AA
S214029CB005EB83013A6845F82300013348F8221081
S214029CC033603B6801333B60E8E7002211462046DA
S214029CD0FFF7A2F8336880B205EB8301EAE70022B9
S214029CE011462046FFF798F8336805EB8301E1E753
S214029CF0002211462046FFF713F8336840B205EB00
S214029D008301D7E7002211462046FFF709F8336899
S214029D1000B205EB8301CDE7002211462046FEF78E
S214029D20FFFFE1E700238DF8063089461E461D46F2
S214029D3019F8013F7D2B06D125702D0A65703B6808
S214029D4048F82340BDE7202BF2D006F00102013688
S214029D5012B98DF80430EBE71022002101A88DF825
S214029D600530FEF7DDFF631901359870ADB2DFE707
S214029D702DE9F04F9B4685B000238B45CDE9023393
S214029D808146884692466BDC1A461E4619F8034000
S214029D90FF2C08D15B4496B1013B434516DD2B20D0
S214029DA005B0BDE8F08F172C04D8102C28BF01226E
S214029DB00133EBE7203C012C98BF0126F8E762B19D
S214029DC0013B4345EBDC3546374602E000252F468D
S214029DD02E46454504DB0020E2E79845F3D0DEE751
S214029DE05D453BDB19F80730202B18D109EB07033A
S214029DF05B78FF2BD3D1CEB95AF825102046FFF751
S214029E0019FF78B303AB019302AB00935AF82510FF
S214029E10DDE90E232046FFF72DFF0135D9E7212B7A
S214029E200ED109EB07035B78FF2BB8D1029B0E9984
S214029E305AF8252041F82320013302930126ECE745
S214029E40A3F11004072C02D901371C46D3E709EB0D
S214029E5007035B78FF2BA2D1E4B2CCE70624CAE75D
S214029E6021209DE726209BE72DE9F04F85B0DDE90E
S214029E700FABDDF8449007460E4615469846044654
S214029E80206808B3DAF80020D8F800108A421BDAF5
S214029E900E9B53F82210D8F79DFB48BBDAF8002039
S214029EA00132CAF800206268117BFE291BD10E9B84
S214029EB010680093CDE902B9CDF804A043462A46BD
S214029EC00121FFF7D1FF04462B7843B999F80030F9
S214029ED02BB97EB1012389F800303C462B70204610
S214029EE005B0BDE8F08F01238BF800302B70EBE74E
S214029EF00C34C5E73446F2E710B50446236803B9C6
S214029F0010BD237A13B92046DAF7CEFF0C34F5E7F4
S214029F1010B541B10A7932B901249C300C71FFF7B1
S214029F20FCF9204610BD0020FCE72DE9F041BAB04E
S214029F3005460AAA084603A900F05FF90446B0B926
S214029F400DF10A0301930DF10B038DF80A0000933D
S214029F500AAA04AB03A92846DBF76CF99DF80A2087
S214029F60B2B19DF80B2048B12AB1DAF79DFF204620
S214029F703AB0BDE8F081FFF7BFFFF8E7D5F89C508E
S214029F80002DF4D0A86808B1FFF7B6FF2D68F7E7F2
S214029F9000B3466803991AAB06F10C082AAF019380
S214029FA00097049B0AAA4046FFF7E2FE04460028F2
S214029FB0DDD1039B0595CDE90637049B05A8CDE9BF
S214029FC00838DDF7C9FB05A83368984705A800F0EE
S214029FD032FBCCE72D24CAE710B50446AC3007F0B6
S214029FE0A4F804F1AB031A180020934200D110BD66
S214029FF013F8011F0029FAD00A2908BF0130F4E736
S21402A0000023F0B50B6013600646D0F8AC0278B1B8
S21402A01096F8AC0060B1012406F1AC07D6F8AC02A3
S21402A020844211D306F1AC00B3F5007F11D30120B0
S21402A030F0BD0D6801350D60156801351560F85CD8
S21402A0400A2803F1010302D0B3F5007FF1D30134ED
S21402A050E4E7C15C0A29EAD00029E8D01168013198
S21402A06011600133E0E710B5D0F88C2000210446D9
S21402A07007F027F80023C4E9243310BD73B504465D
S21402A08000F1AC0580212046FFF75CF94FF4007121
S21402A09006462846FFF756F90136C0F50070864296
S21402A0A020461FD807F041F80646284607F03DF836
S21402A0B00136421C2946A81906F0E9FF204607F099
S21402A0C034F821460246284607F021F8204607F0D3
S21402A0D02CF820440A2380F8AC300023C4F8AC32B3
S21402A0E002B070BDFFF778FF01AAC4F8AC02694659
S21402A0F02046FFF785FF009B2344002283F8AC200E
S21402A100C0E773B50D460446FFF766FF6B1C1FD10A
S21402A110D4F8AC3213B1013BC4F8AC320025204669
S21402A12007F003F8A8421BD82046FFF79CFFD4F896
S21402A130AC325BB101AA69462046FFF761FF28B13F
S21402A140009D04F1AC06019BAB4214D802B070BD70
S21402A150012DFBD1D4F8AC328342F7D20133DBE7D0
S21402A160082000F01DF8202000F01AF8082000F061
S21402A17017F80135D3E7715D2046DBF78DF9013517
S21402A180E1E707B500200DF1070100F0EFF820B96E
S21402A1909DF8070003B05DF804FB4FF0FF30F9E7C7
S21402A1A010B5C1B20446002000F0D0F800280CBF5B
S21402A1B020464FF0FF3010BD0FB407B504A951F882
S21402A1C0040B0191E8F73EFA002003B05DF804EBB9
S21402A1D004B0704710B54C1C0B460119045D222CC6
S21402A1E003D07B2C01D05C2C05D1D21A184406F081
S21402A1F04EFF012010BD0020FCE72DE9F047054682
S21402A2009146884606F091FF2A46064613460132D4
S21402A21019782029FAD0C9F800305C1B0123C8F847
S21402A22000306FF0404AA64201D8002015E02F5DAC
S21402A2307B2F05EB040112D0222F2ED1D8F8003046
S21402A240621C53442A4449F82320012C09D911F8E8
S21402A250013C13F0DF0F04D02120BDE8F0877D27F4
S21402A260F3E701342B5DBB4209D12B195B7813F05F
S21402A270DF03F1D1222F00D12B550134D3E75C2B1B
S21402A28007D1324621462846FFF7A4FF0028E3D02E
S21402A290013E0134A642E5D8DEE75C2F08D13246FD
S21402A2A021462846FFF796FF0028D5D0013EE4E770
S21402A2B0202FE2D1631C0022B3420A70DDD2EA18D4
S21402A2C0EB5C202BD9D0D8F800300F2B05DC49F8F0
S21402A2D023200133C8F80030CFE71E20BDE713B5B0
S21402A2E002230024684600948DF804408DF8053059
S21402A2F0D9F70EFA204602B010BD70B50C461546C8
S21402A30010B9DBF72BFA38B143682BB12A4621463F
S21402A3100068BDE870401847232070BDF7B50D46AB
S21402A32016461C4648B103B901AC87685FB123469E
S21402A330324629460068B84706E0DBF70FFA04B94A
S21402A34001AC0028F1D1232003B0F0BD07B50122ED
S21402A3508DF807100DF10701FFF7CFFF03B05DF888
S21402A36004FB0B4601461846FFF7F0BF0023012206
S21402A370FFF7D4BF0EB403B503AA52F8041B01922A
S21402A380DBF7F8F902B05DF804EB03B0704710B5DE
S21402A39000201C4603F01DF9002820600CBF1B207D
S21402A3A0002010BD08B50020E8F70CFA002008BD12
S21402A3B008B5DBF70BFA80B208BD08B5DBF706FA7C
S21402A3C008BD08B5FFF7F9FFFA23B0FBF3F080B239
S21402A3D008BD0120704704207047704770477047D9
S21402A3E0032000F020B8012070470020704749BAC9
S21402A3F089B280EA0103C3F303125340180380B202
S21402A40058405B0103F4FF535840704742DE7047E2
S21402A41010B404460846114622465DF8044BDDF7A2
S21402A42019B8DDF759B8DDF797B810B404460846F0
S21402A430114622465DF8044BDDF7ACB8DDF72CB9C1
S21402A4407047704708B50846E8F7E8F8002008BDE8
S21402A450104430B5054602B930BD01F00F030A2B91
S21402A46034BF302437242344013A05F8013D090954
S21402A470D2B2F0E710B5FFF714F80446DBF7CAFFCE
S21402A4802046BDE81040FFF710B87047FFF731B915
S21402A49070477047012070474FF41670DCF7D2B849
S21402A4A02DE9FF410D4616461F460446A8B14FF059
S21402A4B00008C0F81C80DCF707FCBDF82C300293BD
S21402A4C09DF828304246CDE9007329463346204699
S21402A4D0DCF760FB04B0BDE8F0812220FAE7F0B5B5
S21402A4E087B01F4600230D4616468DF817300446E1
S21402A4F0A8B1C3610DF11701DCF716FC9DF8172011
S21402A5007AB9BDF8343002939DF830302946CDE949
S21402A510007320463346DCF73DFB07B0F0BD222031
S21402A520FBE70320F9E738B5FEF7C6FF0546DCF77A
S21402A530DFFD04462846FEF7C5FF204638BD08B5AF
S21402A540D7F77EFDFEF7D0FDFEF7D5FDFEF7DEFD62
S21402A550BDE80840FEF7E9BD08B5FEF7E7FDFEF7E1
S21402A560E6FDFEF7E6FDBDE80840FEF7E9BD7047EA
S21402A57007B503469B0753BF6FEA01414FF6FF73C9
S21402A58043EA01416FEA11410422019120F00300DF
S21402A5900DEB0201FFF7C0F803B05DF804FB41EAD9
S21402A5A0000313F001032DE9F04104460E4615465A
S21402A5B03FD1002A3BD04FF6FF7234F81310914277
S21402A5C005D036F8131011B14B20BDE8F0810133E7
S21402A5D0AB42F2D1D9F7A8FB012D01D0A3070ED5C5
S21402A5E031882046FFF7C4FF10B1D9F7ADFBEBE781
S21402A5F0013D012D04F1020406F102060ED925F0F2
S21402A60001084FEA48073A4631462046FFF784F8E3
S21402A6100028EAD13C443E44A5EB08052DB131881A
S21402A6202046FFF7A5FF0028DFD1D9F78DFB0020D3
S21402A630CBE70120C9E701F042BDD0E9023253F868
S21402A640223000211878E3F7D9BE704706F08EB89C
S21402A65001F0CBBCC3688268013BDBB252F8233000
S21402A6605B78652B02D10020E6F7D0B86E2B01D1BD
S21402A6700120F9E7662B01D10220F5E77047D0E901
S21402A680023253F822301878DDF722BE7047E4F71C
S21402A69001BE08B501F0AEFDBDE80840E5F7B4BF5F
S21402A6A007B5C26883680432012153F822301B883A
S21402A6B0ADF806300DF106020023DDF737FE03B0D3
S21402A6C05DF804FB2DE9F04F87B00025039089461C
S21402A6D01E46ADF81450ADF816504FF01808144642
S21402A6E01AB3DDF840B00DF1140A04E0DDF844B008
S21402A6F034460DF1160A00210846F2F71DFAAAF8AA
S21402A700000008B300273BF81730ADF810300222DD
S21402A710012304A95046F2F795FA10F0FF0813D168
S21402A7200137FAB2A242EED315B90125002EDDD1C9
S21402A730BDF848300093BDF81420BDF816300398D3
S21402A740494601F041FF8046404607B0BDE8F08F1B
S21402A75008B5FFF775FEBDE80840F2F747BE10B52C
S21402A7601446DEF72FF92146BDE81040F2F750BB3B
S21402A77008B5DEF727F9BDE808400021F2F748BB26
S21402A78008B5DEF71FF9BDE80840F2F7DDBB08B5ED
S21402A790DEF718F9BDE8084004F073BD08B5DEF729
S21402A7A011F9BDE80840F2F71FBB704708B5FFF77E
S21402A7B047FEFFF7FAFFFEF757FDBDE80840DEF753
S21402A7C04DB9704738B50546FEF76BFE01210446C3
S21402A7D02846DBF7ABFE2046BDE83840FEF765BEEE
S21402A7E0012070470120704708B5DEF717FA0028E7
S21402A7F00CBF0420012008BD704770B504460D4604
S21402A800164601F05AFC324629462046FEF72EFD31
S21402A810324629462046FFF7EFFFBDE8704001F0BA
S21402A8204EBC2DE9F34104469DF820800D4616469F
S21402A8301F4601F042FCCDF800803B4632462946D0
S21402A840204600F0C5FF02B0BDE8F04101F037BC7B
S21402A850704708B501F031FCFEF70BFDFFF7F8FF75
S21402A860BDE8084001F02BBC012070472DE9F041FD
S21402A87004460D4616461F4601F01FFC3B4632466E
S21402A88029462046FFF7F0FF3B46804632462946D9
S21402A8902046FEF7F0FC01F012FC4046BDE8F081CF
S21402A8A0012070472DE9F04104460D4616461F4624
S21402A8B001F003FC3B46324629462046FFF7F0FFEE
S21402A8C03B468046324629462046FEF7D5FC01F036
S21402A8D0F6FB4046BDE8F0812DE9F743DDF82C9003
S21402A8E09DF8288004460D4616461F4601F0E5FBF5
S21402A8F0CDE900893B46324629462046FEF7BDFC96
S21402A90003B0BDE8F04301F0DABB00207047F8B5AB
S21402A91004460D46164601F0D0FB3246294620462E
S21402A920FFF7F3FF3246074629462046FEF7A6FC07
S21402A93001F0C5FB3846F8BD10B5044601F0BDFB74
S21402A9402046FEF79CFC2046D6F788FBBDE8104062
S21402A95001F0B5BB704738B504460D4601F0ADFBB5
S21402A96029462046FEF7A0FC29462046FFF7F2FFBE
S21402A970BDE8384001F0A3BB704770B504460D46EB
S21402A980164601F09AFB324629462046FEF78EFC12
S21402A990324629462046FFF7EFFFBDE8704001F039
S21402A9A08EBB704738B504460D4601F086FB294635
S21402A9B02046FEF77DFC29462046FFF7F2FFBDE85B
S21402A9C0384001F07CBB704738B5044601F075FB91
S21402A9D0204600F0ABFE05462046FEF76BFC2946F5
S21402A9E02046FFF7F0FF01F06AFB284638BD7047A5
S21402A9F038B5044601F061FB2046E3F771FF0546D1
S21402AA002046FEF758FC29462046FFF7F0FF01F0E5
S21402AA1056FB284638BD704710B5044601F04DFB7C
S21402AA202046FEF749FC2046FFF7F5FFBDE810403A
S21402AA3001F045BB704738B504460D4601F03DFBB4
S21402AA4029462046FEF73AFC29462046FFF7F2FF43
S21402AA50BDE8384001F033BB704770B504460D467A
S21402AA60164601F02AFB324629462046FEF727FC08
S21402AA70324629462046FFF7EFFFBDE8704001F058
S21402AA801EBB704738B504460D4601F016FB294634
S21402AA902046FEF715FC29462046FFF7F2FFBDE8E2
S21402AAA0384001F00CBB704710B5044601F005FBB8
S21402AAB02046FEF706FC2046FFF7F5FFBDE81040ED
S21402AAC001F0FDBA704710B5044601F0F6FA2046CA
S21402AAD0FEF7F8FB2046FFF7F5FFBDE8104001F051
S21402AAE0EEBA704738B504460D4601F0E6FA294636
S21402AAF02046FEF7E8FB29462046FFF7F2FFBDE8B0
S21402AB00384001F0DCBA704710B5044601F0D5FAB9
S21402AB102046FEF7D9FB2046FFF7F5FFBDE81040BA
S21402AB2001F0CDBA704738B504460D4601F0C5FAB5
S21402AB3029462046FEF7C9FB29462046FFF7F2FFC4
S21402AB40BDE8384001F0BBBA704770B504460D4602
S21402AB5001F0B3FA29462046FEF7B9FB2046F1F784
S21402AB6041FF06462046F1F721FFF1B2024628468B
S21402AB70FFF7EAFFBDE8704001F0A1BA704730B5B2
S21402AB80044685B001F099FA2046FEF7A1FB0023A1
S21402AB900DF10F008DF80E308DF80F30FCF704FC27
S21402ABA00DF10E00FCF7F8FB6088F1F71BFF054677
S21402ABB06088F1F7FBFEEDB2019000959DF90F302B
S21402ABC09DF80E2061782078FFF7D8FF01F077FA1B
S21402ABD005B030BDB5207047B520704738B504467D
S21402ABE001F06BFA2046FFF7F7FF05462046FEF710
S21402ABF070FB2046FFF7EEFF01F061FA284638BDEB
S21402AC0082B002AB03E9060002B0704737B50546CC
S21402AC106C4684E8060001F050FA94E806002846DE
S21402AC20FEF758FB94E806002846FFF7E9FF03B054
S21402AC30BDE8304001F043BA00207047002070475C
S21402AC4038B5044601F039FA2046FFF7F7FF054605
S21402AC502046FEF748FB2046FFF7EEFF01F02FFAEC
S21402AC60284638BD704708B5FEF73EFBFFF7FAFFE9
S21402AC7008BD08B501F021FAFEF737FBFEF7FFF92B
S21402AC80BDE8084001F01BBA0020704770470B6809
S21402AC90DA7B10B50AB1812010BDDC7C002CFAD11B
S21402ACA0DEF732F80028F6D02046F5E7704708B5FA
S21402ACB0DEF746F8BDE80840DEF746B9DEF740B8EC
S21402ACC07047DEF741B9DEF747B908B5DEF73CF95B
S21402ACD0BDE80840DEF740B90121DEF781B902215E
S21402ACE0DEF77EB90421DEF77BB90821DEF778B9F4
S21402ACF01021DEF775B908B500F026F808B1002075
S21402AD0008BDDEF7A1F90028F9D1DEF7AFF9012078
S21402AD10F6E7902808B503D1BDE80840DEF79AB9F1
S21402AD20F3F75EFE60B900F084FD032806D100F05A
S21402AD3009F828B9BDE80840FFF7DDBF0028EBD0C8
S21402AD4008BD7047002070470020704708B5DEF740
S21402AD5071FBFA23B0FBF3F008BD0321DEF79ABBC2
S21402AD6070477047DEF78EBC13B50DF10601044638
S21402AD70DEF756FC38B9BDF8061009B1013989B2BA
S21402AD802046DEF765FC02B010BD09B9DEF77ABCD4
S21402AD907047086808B5C37B0BB1812008BDC37C29
S21402ADA023B1012BF9D1DEF7CDFC01E0DEF7A0FCE2
S21402ADB00028F2D00020F1E700207047DEF71EBE22
S21402ADC007B50023012101A80193D7F703FB08B9B1
S21402ADD0D7F78CFA012003B05DF804FBD0E9023203
S21402ADE053F822301878003818BF0120E0F778BCF4
S21402ADF0E0F77CBC00207047002070477047FF20B9
S21402AE007047FF20704700207047002070470020E0
S21402AE1070477047062070477047DFF73DBF08B59A
S21402AE200868E0F7F9FB00280CBF8120002008BD67
S21402AE3008B502F0CEF9052803D0003818BF012065
S21402AE4008BD0220FCE770B50D46044600212846E0
S21402AE50164601F018F9324620800221284601F0F3
S21402AE6012F9324660800421284601F009F90023CF
S21402AE70A360E3606060082070BD034641B1814272
S21402AE804FF0640005D94343B3FBF1F0C0B27047FC
S21402AE9008467047E0F7A8BCE0F76CBFE1F774B865
S21402AEA0B0F5807F05D0A0F50073584258414001A6
S21402AEB070470820704730B599B00D46694614466B
S21402AEC0E0F7C6FF30B915B1BDF802302B600CB101
S21402AED00D9B236019B030BD2DE9F04788B00E46B1
S21402AEE0904604A905AA07461D46FFF7E4FF044656
S21402AEF038BB28800DF10C09DDE904A39A4520D25F
S21402AF00CDF8009006AB062251463846E0F7BCFF65
S21402AF10D8B9039B062B18D12A88DDF81A30424589
S21402AF200ED2BDF8181026F832102A8806EBC20296
S21402AF3053602A885344013206332A800493DBE79F
S21402AF40F7D9204608B0BDE8F0870124F9E72DE9D5
S21402AF50F0418EB00E46174601A9002204469846D6
S21402AF60FFF7A9FF70B90DF10203062202A92046D7
S21402AF70FFF7B2FF30B9BDF80210019C0546EBB2EE
S21402AF808B4201D301200CE00EAA02EBC303063467
S21402AF9053F82C2C33F8303CB34205D13C60C8F849
S21402AFA000200EB0BDE8F08101351444E7E7E0F773
S21402AFB0E1BE08B500F073F8002008BD08B51346D8
S21402AFC00A4601461846E1F71BFA80F00100C0B2B5
S21402AFD008BD70B50024012602F0D5F8E5B28268F5
S21402AFE006FA05F59542234604F10104F4D3D8B2D5
S21402AFF070BD70B586B0E1F7A7FA00F11006E6F765
S21402B0004BFB00240546142201A9301902F0C2F8AF
S21402B0101CB99DF80430FF2B16D0002303F118024A
S21402B0206A4412F8142CFF2A06D11C44601E90FBB8
S21402B030F5F080B206B070BD2B44DBB2132BEDD90F
S21402B0401434B4F5826FDED14FF0FF30F2E7E1F749
S21402B050ADB807B504220DEB020102F09BF8019889
S21402B06003B05DF804FB37B5054608460C46FFF705
S21402B070F0FFA84206D004220DEB020120460195FD
S21402B080E6F75CFB03B030BD07B50B460092002125
S21402B09002460120E1F71CF903B05DF804FB08B58F
S21402B0A00121E1F74DF8BDE80840E6F7D5BC704748
S21402B0B070B586B00646084602A905F048FB18B9E0
S21402B0C09DF80840012C02D0002006B070BD9DF805
S21402B0D00930B342F8D1BDF80A30202BF4D16946C4
S21402B0E0F2F7BEF90028EFD1082269460DF10D00ED
S21402B0F005F0BDFF0028E7D12046E6E707B50023A6
S21402B1000A4600932021012300F076FA03B05DF888
S21402B11004FBE1F77FBB086808B5C37B0BB181204F
S21402B12008BDC37C032BFAD8DFE803F002080B0E37
S21402B130E1F708FD0028F2D00020F1E7E1F7B0FCC5
S21402B140F8E7E1F789FDF5E7E1F7B8FDF2E7002059
S21402B150704730B49DF80C50029C1DB1029430BC6E
S21402B16000F0A2B930BC70470246062A084604D848
S21402B1701423D2B22021FFF74BB9704706280A469D
S21402B18004D8C1B214232020FFF74BB97047902889
S21402B19008B505D1E1F7F6FEBDE80840E1F77EBF47
S21402B1A008BD10B50346026808684240FF2A17D851
S21402B1B058684A68504030F07F4011D11C890A898D
S21402B1C094420CD11C780A78A24208D152B1DB68AC
S21402B1D0CA68534033F07F430CBF0120002010BDE5
S21402B1E00020FCE70120FAE70020704713B5002391
S21402B1F00C46CDE9003301461A46E0B2E2F730FDCE
S21402B20002B010BD13B5002314460190009301222C
S21402B210E0B2E2F725FD02B010BDD0E9023253F8E3
S21402B22022301868E2F77CBE7047194491420ADC65
S21402B2304218002003B9704712F8011D013B01EBCA
S21402B2400020DBB2F6E7002070472DE9F04F85B00C
S21402B25007460E46144600934FF0000A009B1A78E3
S21402B2605FFA8AF39A4203D8002005B0BDE8F08F51
S21402B270009A02EB430307EB040893F8019093F855
S21402B28002B019F0400309F03F0504D06319B34237
S21402B29017DC2B4634E0042D07D865B1AB1E022B13
S21402B2A00BD8DFE803F01F3746003E2D4DD03F2D6A
S21402B2B05FD03D2D61D00320D7E7B4424FF00105A1
S21402B2C0E7D319F0800F65D00E9B2A4603EB0B00DE
S21402B2D0002105F0F6FE3446002323449CB20AF110
S21402B2E0010ABBE7A31CB342EBDC0223324621462B
S21402B2F03846FFF79AFF0DF10A08ADF80A00022356
S21402B30001930E9B2A4603EB0B00414605F0FFFE17
S21402B310019BE2E7E31CB3423ADC032332462146B2
S21402B3203846FFF782FF0425039003230DF10C082D
S21402B330E6E7231DB342C4DC0423324621463846E0
S21402B340FFF773FF04230390F0E7731E9C421FDA95
S21402B3500223324621463846FFF767FF4FF6FF7351
S21402B36080B298421ABF023083B202231A1996425A
S21402B3700EDB0E9A42F80B80AFE7B44208D298F87A
S21402B3800030FF2B14BF01330123E218B242F0DD76
S21402B390042596E7022068E710B586B00881089C67
S21402B3A004940024CDE902440124CDE90034134676
S21402B3B00A4601460320E2F73BFE06B010BD13B56F
S21402B3C000240094FFF7E8FF02B010BD2DE9FF410C
S21402B3D00E461746054680B379B372B34FF000089F
S21402B3E069465FFA88F005F0B2F9044640B99DF85E
S21402B3F00030032B08D008F10108B8F1100FEFD186
S21402B400204604B0BDE8F0819DF801202B799A42CF
S21402B410F1D1BDF802206B889A42ECD19DF8043037
S21402B420BDF805006B7128813B4632462946FFF778
S21402B430C6FF0028DFD00446E2E70224E0E710B5A4
S21402B44086B0089C04940024CDE902440124CDE988
S21402B450003413460A4601460620E2F7E9FD06B026
S21402B46010BDF0B502288BB005460E4614461F46A0
S21402B4700AD106A9F0B205F06AF998B99DF8193012
S21402B48023719DF81C306371119B04930023CDE950
S21402B49002330193109B009322463B4631462846D0
S21402B4A0E2F7C6FD0BB0F0BD13B500240194049C70
S21402B4B00094FFF7D6FF02B010BD2DE9F043054613
S21402B4C08BB00F4690469946002606A9F0B205F0C4
S21402B4D03EF9044630B99DF81830012B06D00136E5
S21402B4E0102EF2D120460BB0BDE8F0839DF819204D
S21402B4F02B799A42F3D1BDF81A206B889A42EED184
S21402B5009DF81C306B712A46CDE90309CDE901008E
S21402B510CDF800803B46B1B20220E2F789FD002852
S21402B520DDD00446DEE72DE9F04788B099460C46A2
S21402B5309246BDF84080119F0646FBF73DFFCDE9D7
S21402B540034705468DF80860ADF81480ADF816007E
S21402B5508DF818A08DF8199000F06DF98DF81A0084
S21402B56000F06BF900238DF81B0002A88DF81C3042
S21402B57000F030FDA8B943463A4621462846E4F78D
S21402B580B3FE70B943463A4621462846E2F76EFFB6
S21402B59038B9CDE9005043463A4631462046E5F7EB
S21402B5A027FA08B0BDE8F0870020704770B5064657
S21402B5B01D46E3F78BF8044608B9022070BD3046F4
S21402B5C0E3F714FB0028F8D0A0682A46FF21FFF70D
S21402B5D0C6F89DF8103063719DF81430A3710020F0
S21402B5E0ECE713B59DF81040CDE90034134601226E
S21402B5F0FFF7DCFF02B010BD13B59DF81040CDE991
S21402B600003413460022FFF7D1FF02B010BD07B583
S21402B61000230093FFF7F0FF03B05DF804FB08B5C4
S21402B620E3F754F828B18068FF21FFF7A9F8002055
S21402B63008BD0220FCE70122FFF7F1BF0022FFF758
S21402B640EEBF1FB50B466A460146184604F02EFDAD
S21402B6506A460823002032F8021B013B13F0FF0360
S21402B66080EA0100F7D1012838BF012080B205B078
S21402B6705DF804FB2DE9F74F9846DDE90C3B0746DB
S21402B6800E461446414600221846BDF838909DF8EC
S21402B6903CA0019303F0F9FB0546002840D0019B2D
S21402B6A041461846FFF7CDFFABF80000062F3BD801
S21402B6B0DFE807F00404040D162A21002B46224672
S21402B6C03146384603B0BDE8F04FF7F729BB0C22E7
S21402B6D02B461146204603B0BDE8F04FF7F70ABBEB
S21402B6E0E27A2B4611462046CDE90C9A03B0BDE815
S21402B6F0F04FF7F7DDBA2B460C222146304603B050
S21402B700BDE8F04F04F0EDBE0D95E37A0C93524679
S21402B71023463146484603B0BDE8F04FF7F7B2BAC3
S21402B720182003B0BDE8F08F0220FAE77FB5054681
S21402B73003F03DFE48B16B88B3F5006F05D1681D76
S21402B74004B0BDE8704000F03BBC284600F051FC57
S21402B7500446B8B9E6B26946304604F0F8FF9DF8EA
S21402B76000301843C0B248B929463046FAF7FCF80A
S21402B77010B1752806D08C2004B070BD0134102C90
S21402B780E8D1F8E78D20F7E72DE9F04385B00546C6
S21402B7900DF10E0014460E46FBF7FEFD0DF10F00EE
S21402B7A0FBF702FE20469DF80E809DF90F90F1F7FA
S21402B7B019F907462046F1F7F9F84B46CDE900702D
S21402B7C0424631462846FFF7AEFE05B0BDE8F08396
S21402B7D02DE9FF47054618461E4690460F469DF839
S21402B7E030A0F1F7E3F881463046F1F7FBF804465D
S21402B7F051462846E4B201F087FC21464846FFF748
S21402B80020FF5346CDE90190424639462846009429
S21402B810E2F7A8FE3346424639462846CDF830A01F
S21402B82004B0BDE8F047FDF723BD03F0C0BD03F04A
S21402B830DBBDF1F7E1BCF7F7E9BA1FB56846FBF7DF
S21402B840C9FDC8B902A9FAF711FA082269460DEB32
S21402B850020005F00CFC10B9002004B010BD02A9CD
S21402B8600120FAF703FA082269460DEB020005F0FA
S21402B870FEFB90B90120F0E7FBF79EFD4FF6FF7343
S21402B8809842044609D00020FAF708FA8442E3D028
S21402B8900120FAF703FA8442ECD0FF20DDE7E2F754
S21402B8A0CDBFE2F789BFE2F7ABBFF3F74DBA002090
S21402B8B0704710207047F3F7B9B8E3F773B870B55E
S21402B8C006460C46154600F01FF860B10CB900207B
S21402B8D070BD002DFBD0204600F0DBFB013080B2AD
S21402B8E0A842F4D8F4E7304600F014F840B1002C31
S21402B8F0EDD0012DEBD9204600F0D0FB0230EEE76A
S21402B9003046E3F70DF8EBE7413801288CBF0020FC
S21402B91001207047433801288CBF00200120704761
S21402B92000207047002070470388B3F57C4F01D390
S21402B930FFF7F8BF0846FFF7F3BF10B54A8804883A
S21402B940A2420DD1037B0C79234009D0B2F57C4F7D
S21402B95008D3FFF7E7FF0B891B1A5842584110BD60
S21402B9600020FCE70120FAE738B50D88D488A54206
S21402B9700AD10388B3F57C4F08D2FFF7D5FF1389A7
S21402B9801B1A5842584138BD0020FCE70120FAE74E
S21402B99010B586B01C46ADF812200023BDF8202054
S21402B9A08DF80C00ADF80E10ADF8142000931A4670
S21402B9B002A903A802938DF81040E3F703F8029851
S21402B9C006B010BD2DE9F0410779064600254FF076
S21402B9D01408E8B2874201D800241AE0D6F800C05C
S21402B9E008FB05F00CEB00043CF8000081421AD17B
S21402B9F032B1802A10D194F90CC0BCF1000F12DAD1
S21402BA00B0F57C4F05D32046FFF78CFF834200D06B
S21402BA104BB92046BDE8F081402A04D194F80CC008
S21402BA201CF0400FECD10135D3E70121E2F78ABFC3
S21402BA3008B513460022E3F7EBF8003818BF0120DA
S21402BA4008BD08B513464022E3F7E2F8003818BFEF
S21402BA50012008BD08B513468022E3F7D9F800385E
S21402BA6018BF012008BD0023E3F7D2B80021E2F791
S21402BA7069BF4022E3F7F4B80021E3F75FB910B5D7
S21402BA8001210446E3F75AF92046BDE81040FDF7C7
S21402BA902DBC7047F8B516461F469DF81820BDF80F
S21402BAA01C300546E3F7B4F878B10421E3F7CCF985
S21402BAB0044650B1284600F00EFB3A463146284668
S21402BAC0A047BDE8F84000F0FABAF8BD2DE9F74FF6
S21402BAD0DDF830909DF834B01E460746BDF8383083
S21402BAE0884614462AB3B9F1000F22D00EB392F854
S21402BAF004A099F80020618812F0080F0CBF80227B
S21402BB0040225046E3F784F898B10821E3F79CF9FF
S21402BB10054670B1504600F0DEFACDE9009B33468A
S21402BB20224641463846A84703B0BDE8F04F00F02B
S21402BB30C6BA03B0BDE8F08FF8B5BDF81870164661
S21402BB401A463B460446E3F763F8E0B177B90221AA
S21402BB50E3F77AF90546B0B1204600F0BCFA314662
S21402BB602046A847BDE8F84000F0A9BA1021E3F73E
S21402BB706BF9054638B1204600F0ADFA3A46314632
S21402BB802046A847EEE7F8BD73B5BDF8184016463E
S21402BB901A4623460546E3F73BF8B8B1C4B9202156
S21402BBA0E3F752F9044670B1284600F094FA099B6E
S21402BBB000939DF81C209DF8203031462846A04769
S21402BBC0044600F07CFA204602B070BD8624FAE7EE
S21402BBD00024F8E72DE9F04186680446007800F074
S21402BBE07AFA002514273279EBB29A4203D8BDE8D6
S21402BBF0F04100F064BA7B4332682078D15A02EBF7
S21402BC00030800F0BCF901214046E3F71DF903469C
S21402BC1008B1207898470135E5E72DE9F04F89B05D
S21402BC201C46BDF848809DF84C3001939DF8503074
S21402BC30029392464346224607460D46E2F7E8FF3F
S21402BC408DF81470ADF816508DF81840ADF81AA09D
S21402BC50ADF81C80064618B9012009B0BDE8F08F81
S21402BC6005A9FFF76AFE0028F6D000252F46A8464B
S21402BC702C4634E00C2331881FFA85F903FB09F9B8
S21402BC807368B1F57C4F33F8092003EB090B1AD31E
S21402BC9033F8090050452CD3019BA3422DD900F05E
S21402BCA0B5F99BF80200E3F719FD029B43B19BF836
S21402BCB0043013F0010F0CBF05200720E3F70EFD3A
S21402BCC00134A4B219E0ADF81A20594605AA304646
S21402BCD00393FFF749FE039B0028D9D10135328929
S21402BCE0ABB29A42C6D804EB0800C31B584258416E
S21402BCF0B3E708F101081FFA88F80137BFB2EDE78B
S21402BD002DE9F04786B00446DDF83C909DF840A049
S21402BD10BDF83880CDF80080CDE9019A0D4616466A
S21402BD201F4600F026F9A8B1431EDBB2012B0ED83F
S21402BD3000230493831E58425841CDE902A0CDE960
S21402BD4000893B46324629462046E3F793F906B079
S21402BD50BDE8F0870120FAE730B587B00024012558
S21402BD60CDE903549DF82C5002950A9DCDE9004575
S21402BD70E3F780F907B030BD30B587B0002401255F
S21402BD80CDE903549DF828500094CDE901354023AF
S21402BD90E3F770F907B030BD10B586B04FF0010C6E
S21402BDA00024CDE9034C9DF828400294099C019496
S21402BDB0BDF820400094E3F75DF906B010BD1FB54C
S21402BDC0089C03949DF81C400294069C019400244F
S21402BDD00094E3F733FA04B010BD30B585B0002402
S21402BDE09DF820500394CDE9013500944023E3F7F3
S21402BDF025FA05B030BD30B585B000249DF8205038
S21402BE000394CDE9013500948023E3F717FA05B0D1
S21402BE1030BD2DE9F84F02290C9D0746884604D806
S21402BE204FF0000A5046BDE8F88F1BBB0270012493
S21402BE30E4F7E2FC04F1020A385501349DF8283092
S21402BE403B554FF000090B9A5FFA89F3D45C002C3D
S21402BE50E8D0732C18D82E464C2C56F804BB45D086
S21402BE60532C1DD0622C4DD1AC8805F10806002358
S21402BE701A461EE00429D3D942F0040243701B0A74
S21402BE80027083700324D3E7A4F17503032BC7D88B
S21402BE90763C2E1D022C52D8DFE804F0565A580083
S21402BEA06A6894B2D2B2B2F1FF0305F1080618BF6F
S21402BEB001230AEB040119448845B1DB50461946B2
S21402BEC0002947D153441FFA83FA5CB1BBF1000F35
S21402BED0A6D0224607EB0A00594605F018F9544444
S21402BEE01FFA84FA09F101093546ACE76A684FF68B
S21402BEF0FF7394B205F1080622469C4214BF022341
S21402BF000023D6E76C2C05D1584600F0C7F8841CEF
S21402BF10A4B2ACE7732C04D1584600F0BAF8441C1D
S21402BF20F6E7A4F13003DAB2092A01D89CB29EE7FA
S21402BF30A4F14103062B3FF673AF373CE8E7012333
S21402BF4000242A68A346B4E70223F9E70323F7E7A7
S21402BF500423F5E700F1010C01393A54C9B2120A7A
S21402BF601FFA8CF0ACE70020E3F75EBB0022E3F793
S21402BF707BBB012070470120704701207047704745
S21402BF80002070470020704700207047002070474E
S21402BF90002070470020704770470120704701203C
S21402BFA07047B52070470020704700207047002079
S21402BFB0704700207047704700207047B5207047D2
S21402BFC084207047704700207047704700207047F3
S21402BFD000207047002070470020704700207047FE
S21402BFE000207047002070477047B5207047002039
S21402BFF07047002070470020704770477047B52092
S21402C00070477047002070470020704738B50546D5
S21402C010C0B2E3F763FB0446280AE3F75FFB14B1FA
S21402C020002808BF0024204638BDF8B50546C0B231
S21402C030E3F754FB0446C5F30720E3F74FFB074636
S21402C040C5F30740E3F74AFB0646280EE3F746FB2E
S21402C05024B12FB136B1002808BF00242046F8BD0F
S21402C0603C46FBE73446F9E710B4CC18944203DCAE
S21402C0705DF8044BFFF7D9B800205DF8044B704713
S21402C0800423FFF7F1BF08B50223FFF7EDFF80B2E6
S21402C09008BD0078FF2808BF0020704708B50222B6
S21402C0A00021FFF7F0FF4FF6FF73984208BF00200B
S21402C0B008BD002818BF7020704700207047002077
S21402C0C0704708B5FFF7B1FCFF284FF0FF3018BFE6
S21402C0D00020C0B208BD08B5FFF7F3FFFF280CBF6B
S21402C0E0A320002008BDF8B506460C4615461F4696
S21402C0F000F011F810B12544AC4200D1F8BD14F896
S21402C100012B39463046E3F7C5FBF5E70146002228
S21402C1100220E3F74FBB0120704773B50646E1F7EE
S21402C12065FF81250446019614B9284602B070BD03
S21402C1302378B3B9336862685B889A4211D1A368E0
S21402C140F27B99B292B1328A91420AD1727DB2EBF7
S21402C150134F06D1E36801A90020984710F0FF05A7
S21402C160E3D02046E1F74AFF0446DDE74FF6FF72CA
S21402C170EAE738B50446436808460D469847B4F9D8
S21402C1800830002B02DB2B78042B06D100236360D9
S21402C1902046BDE83840E3F733BF38BDF0B5044665
S21402C1A085B00D462020002117461E46F0F7C4FC37
S21402C1B0ADF80E00D0B102210DF10E0002F087FF9D
S21402C1C03A460021BDF80E0002F0F7FFBDF80E2039
S21402C1D0002E4FF48A53009329460ABF13460023C3
S21402C1E00022204600F0F0F905B0F0BD1820FBE76B
S21402C1F0FFF704BFFFF7D7BE1FB502230093002246
S21402C2000DF10E030321FFF7E8FD38B9BDF80E0065
S21402C210003818BF012005B05DF804FB0020FAE7DD
S21402C22008B5F2F7DDFB20B9F0F7E6FF08B9E1F74B
S21402C2300BF9FFF7D9FEBDE80840FFF7E2BE002083
S21402C240E4F710BB0021E4F7A5BB0022E4F764BBC9
S21402C250D28812F0200F10B503460CBF5224492490
S21402C2600846510544BF083CE4B2110544BF083CE9
S21402C270E4B2120444BF023CE4B2032B11D8DFE856
S21402C28003F005020A0EC0B2F9F708FDFFF794FEA6
S21402C290201AC0B210BDC0B2F9F718FBF6E7013C8F
S21402C2A0E4B24FF6FD70F1E7F8B5064617460D46BE
S21402C2B081B10C78FF2C0BD00846FFF7EAFEB84295
S21402C2C028BF3846C4B22246691C701C04F0DFFE42
S21402C2D03470F8BD0C46FBE770B5044615460E46AC
S21402C2E011B94170017070BD0B78FF2B05D14B78E8
S21402C2F0FF2B02D103704370F5E73046FFF7CEFE00
S21402C300A84228BF284685B22A46B11CA01C04F0C3
S21402C310BEFE25702D0A6570E5E7F0B523B9013A31
S21402C320531C2FD1002020E0042AFBD80023551EE0
S21402C3301C466E1C1AD1042A10D0D2000121501EAF
S21402C34001FA00F020421EBF914049420C431842B7
S21402C3501EBF4FF0FF3101FA02F213439C4216DC75
S21402C360B4BF4FF0FF30002040B2F0BD40B1465D92
S21402C370EF00BE4034434E5DBE403343013DD8E736
S21402C3800646F5E78C5C20B1835CA34202D9012005
S21402C390EBE70346A34202F1FF32C1D24FF0FF3071
S21402C3A0E3E7283807288CBF0020012070471D28A5
S21402C3B013D004D860B11C2805D08A2070471E38D6
S21402C3C0C0B20128F9D81B2934BF00208A20704742
S21402C3D00B390F2988BF8A2070470929F4E7002005
S21402C3E000217047F7B59DF820409DF82460082C80
S21402C3F005461946104636D800222C441346AC424F
S21402C40008D106F0FD04382C0ED10096FFF7E7FFA0
S21402C41003B0F0BD14F8017D1B0243EA1263120258
S21402C420BA1843F10003EAE7392E10D107EE100AD4
S21402C43007EE902AB4EEE77AF1EE10FACCBF77EE6A
S21402C440677A77EEC77A002117EE900AE0E7824213
S21402C45073EB010403D2801A61EB0301D8E7101ACA
S21402C46063EB0101D4E700200146D1E72DE9F34151
S21402C470164601AA1D469DF82040FDF789FB019B42
S21402C4809D4238BF0195019F804604B1EC1B2246AF
S21402C4900021304604F015FE3A464146301904F0B3
S21402C4A0F6FDF8B202B0BDE8F08173B51546002479
S21402C4B001AA1E460194FDF76BFB019B072B0AD9C6
S21402C4C02146CCB216B1C4F10704E4B2425C2A5546
S21402C4D001310829F5D1D8B202B070BD1FB5030AE2
S21402C4E08DF80E300323009303AB8DF80D0000F099
S21402C4F00AF905B05DF804FB1FB5030A8DF80F10A4
S21402C50004218DF80E30009103AB8DF80D0000F07B
S21402C510FAF805B05DF804FBF0B589B016689DF828
S21402C5203C50CDF809608DF811305668BDF83830A9
S21402C530109FBDF84440CDF80D60012DADF81230C5
S21402C5408DF8145014D0032D19D13B68CDF8153050
S21402C5507B68CDF819309DF848308DF81D301623CB
S21402C5600093BDF84C2002AB00F0CDF809B0F0BD48
S21402C5708DF81540240A8DF816400F23F0E70120A7
S21402C580F4E71FB50446084611461A4602238DF8FC
S21402C5900D100093214603AB00F0B5F804B010BDB1
S21402C5A010B586B014461A460B68CDF80D304B68A7
S21402C5B0CDF811300A230093342103AB8DF81540D1
S21402C5C000F0A1F806B010BD2DE9F04F89B00D4677
S21402C5D001901C4616463AB31046F0F703FAC0F32B
S21402C5E047091CB32046F0F7FDF9C0F34707E4F706
S21402C5F0B5FB019B8DF818008DF819308DF81B508D
S21402C6001B0A2D0A0022062106A88DF81A308DF87C
S21402C6101C508DF81D9002F038FCADF8160038B9A3
S21402C620182009B0BDE8F08F9146DAE72746DEE724
S21402C6304FEA4901C9B28B1D07315FFA81F801EB57
S21402C6404701DBB2C9B20DF11600029302F03FFDBC
S21402C65082460028E4D103460625D9B28945BDF8AC
S21402C66016B012D802993A465846F0F7A3FB5FFA7C
S21402C6708AF5AF42BDF8166025D8BDF84820019865
S21402C68033460621E4F774FBCBE7490001F0FE01CE
S21402C69030460393F0F77AFB294602465846F0F7EF
S21402C6A089FB691FC9B23046BDF816B0F0F76EFBBB
S21402C6B0691C0246C9B25846F0F77CFB039B02355A
S21402C6C00133EDB2C9E76D00EDB229462046F0F718
S21402C6D05DFB414602463046F0F76CFB691CC9B268
S21402C6E02046BDF81660F0F751FB08F1010102463C
S21402C6F0C9B2304608F10208F0F75CFB0AF1010AFB
S21402C7005FFA88F8B3E72DE9F0411C469DF81880D9
S21402C7100E4617460546E4F721FB002220704146E6
S21402C720204602F0B2FB034630B13A46314628466E
S21402C730BDE8F041E4F71CBB1820BDE8F08130B537
S21402C74089B00446ADF806108DF81020F0F7E2FC2A
S21402C75005462046F0F7EEFC03469DB1BDF80600FE
S21402C760ABB902F017FEFF2808BF00208DF80F00B5
S21402C7700DF10F030593DDE904122046FEF746FA93
S21402C78009B030BD0028F6D00DF10603F2E702F03C
S21402C79001FEFF28BDF80630ADF81A3008BF0020AB
S21402C7A08DF80F008DF8180006ABE3E77047704768
S21402C7B07047704770477047002070477047704751
S21402C7C0002070477047704710B51C4602F025FBE4
S21402C7D002F0EDF900232370C0F34020400010BDA4
S21402C7E0002208B50B461146FFF7EEFF023818BFC7
S21402C7F0012008BD70470020704770470020704730
S21402C8007047B52070470120704770470120704777
S21402C8101422002104F055BC704730B54078012838
S21402C82087B00C464FF0110301F1100516D1022213
S21402C83001A9F0F703FC234601AC186859682246A2
S21402C84003C20833AB421446F7D11123022201A9D0
S21402C8500020F0F7F3FB002007B030BD062201A946
S21402C8600120F0F7EBFB234601AC18685968224614
S21402C87003C20833AB421446F7D111230622E6E779
S21402C88030B5407887B001280C464FF011030BBF35
S21402C8900222062201A901A918BF0120F0F7CEFB49
S21402C8A005AD01AA2346144603CCAC421860596073
S21402C8B0224603F10803F6D1002007B030BD10B5BA
S21402C8C088B00C461A23082201A90120F0F7B6FB0D
S21402C8D021460DF10E0304F1100251F8040B43F841
S21402C8E0040B9142F9D11A23082201A90020F0F77D
S21402C8F0A5FB002008B010BDF0B58BB004460D466F
S21402C90002F055FDB0B101A8F7F7A6F990B1667B23
S21402C91016F0020F04F1040705D0082201A93846D2
S21402C92004F0A5FBD0B901AB03CB46F0020660606B
S21402C930796066731A23082203A90120F0F77EFBAA
S21402C9400DF1160329460DF1260253F8040B41F8A1
S21402C950040B9342F9D100200BB0F0BD2D20FBE76B
S21402C96070B505468AB00C46252200210DF103005B
S21402C97004F0A7FB6B68CDF81D30AB68CDF821300C
S21402C980234603F1100601AC18685968224603C212
S21402C9900833B3421446F7D16A7B012312F0040F20
S21402C9A08DF802300CBF4FF480734FF4A07311075A
S21402C9B048BF43F48063ADF80030930748BFBDF824
S21402C9C00030684644BF43F00803ADF80030F5F780
S21402C9D0EBFC003818BF01200AB070BD30B5427BB0
S21402C9E00D46D1078BB0044607D5407801A9F5F766
S21402C9F03FFDD8B12D200BB030BD9307FAD5C2F358
S21402CA00800310074FEA8313ADF8023044BF43F4A5
S21402CA108063ADF80230BDF80220201D0AB10DF188
S21402CA20020201A903F05FFB0028E3D001AB03CBAF
S21402CA309DF814302373BDF81030A160590648BF24
S21402CA40627B606044BF42F0040262735A0542BFD2
S21402CA50627B42F0080262731B0742BF637B43F0AD
S21402CA60020363732B4606AC0AAD224603CAAA42E9
S21402CA7018605960144603F10803F6D10020BAE79D
S21402CA80F0B5044693B00D46252200210DF1230091
S21402CA9004F017FB6368CDF83D30A368CDF841304B
S21402CAA004F1040C2B4609AE05F110071868596804
S21402CAB0324603C20833BB421646F7D105238DF829
S21402CAC02230637B5B0103F40073ADF82030637899
S21402CAD0FF2B19D100231A4601A9604600F01DFA61
S21402CAE09DF80530FF2B0CD100231A46184601A9E3
S21402CAF000F013FA9DF80530FF2B02D11C2013B06C
S21402CB00F0BD9DF805306370617808AA002000F039
S21402CB10D1FA0646F0B919231946627801A8FDF73C
S21402CB2077FC2B4603AD186859682A4603C20833B9
S21402CB30BB421546F7D1637B6178DB0642BF9DF8A0
S21402CB401C3063F07F038DF81C30192301AA1846A7
S21402CB50FDF767FC301E18BF0120D0E710B504466B
S21402CB608AB02422002101A804F0ABFA637B59079D
S21402CB7044BF4022ADF810201A0742BFBDF810206D
S21402CB8042F48062ADF81020DB070FD5607801A969
S21402CB90F5F76EFC10B12D200AB010BD01AB03CB29
S21402CBA0637B606043F00203A160637304A9201DE7
S21402CBB003F09BFA0028EED00020EDE71FB5694689
S21402CBC000F08DF8002818BF2D2005B05DF804FB94
S21402CBD073B50D4614460646E4F726FA6B881A071E
S21402CBE01AD522463146102003F060FA2046E4F7B2
S21402CBF01BFA6B88D90717D50023224601210DF1AF
S21402CC0007008DF80730E4F775FA6B88002B0CBF27
S21402CC102120002002B070BDDE06EAD52246082199
S21402CC20281DE4F767FAE1E79A0701D50223E4E74D
S21402CC305B07EAD50323E0E70F20704710B586B0FE
S21402CC40044601A9022211230120F0F7F7F99DF804
S21402CC501430E37001A803F03EFD80F001000622C6
S21402CC6001A9607011230120F0F7E8F99DF814304D
S21402CC70A37001A803F02FFD80F001002070F5F7E5
S21402CC8073FC6060002006B010BD1FB50C466946F6
S21402CC9000F025F810222146684604F0E8F9B0FABA
S21402CCA080F0400904B010BDB8B1B1B14388A3B951
S21402CCB00378013B082B10D8DFE803F00507090BC1
S21402CCC00F0F0F0F0D00FFF7A8BDFFF7F8BDFFF718
S21402CCD047BEFFF7D5BEE4F753BB2120704738B5F1
S21402CCE00D4609B300B30378013B082B1AD8DFE8D8
S21402CCF003F0050D1013191919191600FFF7C0FDD8
S21402CD000446284603F0D1FB204638BDFFF7F4FD63
S21402CD10F6E7FFF763FEF3E7E4F79EF9F0E7E4F7DA
S21402CD2039FBEDE72124ECE72124EDE770B586B068
S21402CD30064601A80C461546FFF76AFD04238DF841
S21402CD4004301CB12068616802AB03C3294601A8FF
S21402CD508DF80560FFF7A8FF06B070BD70B50446F3
S21402CD6086B001A80D461646FFF752FD2068616898
S21402CD708DF8116003238DF8043002AB03C32946F5
S21402CD8001A8FFF791FF06B070BD10B5044686B045
S21402CD901123062201A90120F0F750F9A3789DF885
S21402CDA014209A4207D08DF814300622112301A9C6
S21402CDB00020F0F743F91123022201A90120F0F71F
S21402CDC03DF9E3789DF814209A4207D08DF8143086
S21402CDD00222112301A90020F0F730F906B010BD97
S21402CDE030B5437B13F001028BB004460D4607D0E4
S21402CDF0407801A9F5F73CFB70B12D200BB030BD91
S21402CE009B07FAD5ADF8022001A90DF10202043003
S21402CE1003F069F90028F0D000210E22A81C04F0C5
S21402CE2050F9BDF810302B80039BAB60BDF8123072
S21402CE30AB819DF81430237301AB03CB6060A16015
S21402CE400020DBE770B5437BDB078AB005460E465B
S21402CE5002D42D200AB070BD4078694600F028F949
S21402CE6004460028F5D1DDF81D306B60DDF8213070
S21402CE70AB606B7B43F002036B730E220146B01C61
S21402CE8004F01FF9BDF80030069AB26043F00403BE
S21402CE903380059B73602046DCE70B4610B50446DC
S21402CEA010220021184604F00CF92278032A09D031
S21402CEB0042A0DD0022A11D101462046BDE81040B0
S21402CEC0E4F772BA01462046BDE81040FFF788BF75
S21402CED001462046BDE81040FFF7B4BF262010BD2D
S21402CEE0F8B50C460746084616461D46FFF790FC60
S21402CEF004232370637B677043F001036373314638
S21402CF002046FFF7ECFE08B12D20F8BD2946204644
S21402CF10FFF7C3FF0028F8D0F6E7F8B50C4605463B
S21402CF2008461F461646FFF773FC0423237025B1F6
S21402CF3008222946E01804F0AAF8637B43F00203AD
S21402CF4063734EB932460121284600F0BAF8FF282C
S21402CF50607007D12D20F8BD31462046FFF7BFFE90
S21402CF600028F7D1637B43F0010363730DB90020F9
S21402CF70F1E7002FFBD039462046FFF78EFFF6E793
S21402CF80F8B50C460746084616461D46FFF740FC0F
S21402CF902046032300F8043B3946082204F077F8BB
S21402CFA0637B43F00203637331462046FFF797FE26
S21402CFB008B12D20F8BD29462046FFF76EFF00284F
S21402CFC0F8D0F6E7F8B50C460746084616461D465C
S21402CFD0FFF71EFC03232370637B677043F0010395
S21402CFE0637331462046FFF77AFE08B12D20F8BD5E
S21402CFF029462046FFF751FF0028F8D0F6E718B179
S21402D0008022012100F05DB8FF20704730B589B05C
S21402D0100D46FFF7F4FFFF28044612D019230246F6
S21402D020194601A8FDF7F4F92868696801AB03C33D
S21402D0301923184601AA2146FDF7F3F9002009B084
S21402D04030BD2D20FBE707B5002300931A4619468C
S21402D050F6F71EFEB0FA80F0400903B05DF804FB56
S21402D060704770470020704770470F2070470F20A8
S21402D0707047002070470F2070470020704700203E
S21402D080704784B08DE80F00002004B070477047E8
S21402D0907047002070477047002070477047002096
S21402D0A07047012070477047002070470120704784
S21402D0B0B5207047B5207047B520704700207047EE
S21402D0C07047FF207047704770471FB501248DF8E0
S21402D0D00F400DF10F0401949DF818400094FDF7DF
S21402D0E0FBFB04B010BD07B501230DF107028DF856
S21402D0F00730FDF70CFC03B05DF804FB7047704781
S21402D1004FF0FF30704770477047704770470020F7
S21402D110704770477047704700207047704700207E
S21402D1207047002070470020704770477047002005
S21402D13070470020704770470020704700207047F5
S21402D1407047002070477047E4F7DEB908B5D5F798
S21402D150A7F8002814BF8620002008BD08B5D5F71A
S21402D16001FA003818BF012008BD08B5D5F7DCF96A
S21402D170003818BF012008BD08B5D5F711FA0038E7
S21402D18018BF012008BD08B5E4F79AFABDE80840C2
S21402D190E4F74CBA70B504460D461646E4F790FA24
S21402D1A00420E4F735FA324629462046FFF7DDFF2B
S21402D1B004460220E4F72CFA204670BD08B5E4F7D0
S21402D1C07FFABDE80840D5F797B9E4F793BDE4F7D0
S21402D1D073BD08B5E4F770FD20B1BDE80840002035
S21402D1E0E4F7A4BE112008BD38B50546FCF759F988
S21402D1F004462846FBF702FD2046BDE83840FCF709
S21402D20054B910B50446C069FFF7EEFF2046242243
S21402D210BDE81040002103F054BF70472DE9F84FD7
S21402D22098460D9B15469A07DDE90B4906460F46BA
S21402D23023D02A460A9B03EB040A1444A24220D1B6
S21402D2400D9B9B0705D5A2EB050AD14505EB0A0403
S21402D25020D82046BDE8F88F434639462020B047FE
S21402D2600AF1010ACA450AEB0B02F5D3A9EB04023E
S21402D2704C4588BF00222A44DCE7A246A5EB040BF5
S21402D280F0E702F1010B1AF8010D43463946B047A2
S21402D2905A46D3E74346224639462020B0470AF18B
S21402D2A0010AD2E72DE9F0479E46DDE90D3C1CF067
S21402D2B0020FDDE90874DDE90B659DF828801FD1B1
S21402D2C00CF001094BB1B9F1000F06D0B8F1000F0E
S21402D2D002D11CF00C0F00D0013B4FF0300A02E0E6
S21402D2E007F804A00134A54201D9202CF8D1B9F1DF
S21402D2F0000F05D04FF03009A34201D9202C1BD1D4
S21402D3001CF0100F15D01CF4806F32D1C4B1AC42A1
S21402D31001D09C422DD1651E12D0102E3FD11CF09A
S21402D320200FA4F1020456D178263E5530267E55AB
S21402D3306C1C202C29D00DE007F804900134DBE7A2
S21402D340102E10D11CF0200F2FD178243C703024E0
S21402D3507C700224B8F1000F31D02D253D550134E2
S21402D36014E06224F2E7022EFBD030243C70012443
S21402D370F0E7102E1BD11CF0200F2AD1202C04D04F
S21402D380651C78263E55202DD0D12024CDE90A3CB6
S21402D390CDE908747346BDE8F047FFF73FBF022E9B
S21402D3A0C4D162247C550135EDE75824CEE7022E1F
S21402D3B003D1202CE9D02546F3E72546E3E71CF007
S21402D3C0040F01D02B25C9E71CF0080FDED020255C
S21402D3D0C4E7202CD9D0651C5826D3E72DE9F043A4
S21402D3E091B0189D1A9F1D9E2DB926F0100416F4B2
S21402D3F0806F264622D116F0200F14BF4FF0410E42
S21402D4004FF0610EAC460DF120080025AEF10A0E73
S21402D410BCFBF7F907FB19C95FFA89F4B9F1090FE2
S21402D42094BF30347444E4B2BC4508F8014BBCFBEC
S21402D430F7F405F1010501D3202D10D11C9C0594AB
S21402D4401B9C0696CDE903749DF86440CDE9015411
S21402D45008AC0094FFF726FF11B0BDE8F083A4469F
S21402D460D6E72DE9F04F95B0DDE91E76CDE90A2321
S21402D47057EA0603CDE90801DDE9229B269C05D181
S21402D48024F0100314F4806F1C4637D114F0200FDA
S21402D49014BF412361230DF1300A0025A3F10A08C7
S21402D4A031464A465B463846FBF71EFAD2B2092A8E
S21402D4B094BF303242444F45D2B276EB0B060AF89E
S21402D4C0012B05F1010501D3202D14D1259B0593CF
S21402D4D0249B0694CDE903939DF88030CDE9015351
S21402D4E00CAB0093DDE90801DDE90A23FFF7DAFE5B
S21402D4F015B0BDE8F08F07460E46D1E70025E5E7F2
S21402D50008B100F014B8704710B1D1E900311847DD
S21402D510704738B5441E14F8015F25B90A2000F09A
S21402D52006F8284638BD284600F001F8F3E701461B
S21402D5300020FCF70BBF0369C26893429CBF816858
S21402D5405B18013B981A70472DE9F041D0E9028436
S21402D5500546A8EB04064068964220440F4614444B
S21402D56004D903F0D4FDEC60BDE8F0813246A4EBAA
S21402D570080403F0CCFD68682246B919F1E72DE9E4
S21402D580F843C5680646894617464FF000083369D1
S21402D590B46870689D4228BF1B19641BBC4203F125
S21402D5A0FF3328BF3C465B1B9C4228BF1C464946AD
S21402D5B02844224603F0ABFDB3682544AB4208BFBD
S21402D5C000253F1BA044A144F560E0D14046BDE8DB
S21402D5D0F88310B50B46EFF311844FF0200181F368
S21402D5E011881946E5F77CF884F3118810BD436963
S21402D5F0406CDA1C1438B2FBF0F203EBC203CA1D0D
S21402D600B2FBF0F2013201EBC2010333B3FBF0F3DB
S21402D610023300FB0310704738B5446905462146BD
S21402D620FFF7E5FF6A6CE31D143AB3FBF2F301332E
S21402D63004EBC304204438BD73B506460D460024E9
S21402D640F36B01225B6901A928199847019B0133F4
S21402D65009D1736C043462196A405B421A42EFD0F5
S21402D660204602B070BD0024FAE770B505460C46A7
S21402D670D5F7B6F8EB6B2046DB68BDE87040184776
S21402D68070B5002586B004460562E369AB4202D84F
S21402D690206A06B070BD666C2068E36B05225B6983
S21402D6A001A906FB0500984701A800F009FC00F056
S21402D6B02CFC10B1236A013323620135E5E738B545
S21402D6C00446456C006804F1400305FB0101E06B6B
S21402D6D000F028FC05462046FFF7D2FF284638BD54
S21402D6E0F0B5054687B00026EC69013CB44203D883
S21402D6F00C46204607B0F0BD01B14C1E6F6C286880
S21402D700EB6B05225B6901A907FB0400984701A899
S21402D71000F0D6FB00F0F9FB0028EAD101362146DC
S21402D720E2E7F0B50446466CE36B00685B6987B0D7
S21402D7300D46052201A906FB0500984701A800F040
S21402D740BFFB00F0E2FB20B101A800F090FB07B09F
S21402D750F0BD29462046FFF7C3FF676CE36B06461B
S21402D76020685B69052201A907FB0600984701A805
S21402D77000F07DFB431CEAD0B54238BF0130E6E735
S21402D7802DE9F043D0F824804FF6FF7987B004469F
S21402D7900E46C84514BF454600250027E369BB422E
S21402D7A002D807B0BDE8F083E26B2368606CD2F85B
S21402D7B014C001A9052200FB0530E04701A800F0CD
S21402D7C07FFB022806D0C8450CD1721C294620468B
S21402D7D0FFF775FFE36901350137B5FBF3F203FB8B
S21402D7E01255DBE729462046FFF79BFFB0F1FF3FC5
S21402D7F014BF024632460132E8E7F0B5036887B046
S21402D80006460025CC1A436CB4FBF3F4F36937687A
S21402D810706C5A1E954208D3706C336800FB043055
S21402D82007B0BDE8F04000F07BBB0134B4FBF3F276
S21402D83003FB1244F36B05225B6901A900FB04702B
S21402D840984701A800F03CFB00F05FFB0028E3D1FC
S21402D8500135DBE710B423F0030422449B070A4495
S21402D860436C18BF04325B4282EA0104234203D0AF
S21402D8705DF8044BFFF7C1BF10465DF8044B7047D6
S21402D8802DE9F041D0E90A369E4286B0044628D1F8
S21402D890C3694568142202FB1355284606B0BDE844
S21402D8A0F0812068676CE26B331AD2F81480B3FBFF
S21402D8B0F7F3052201A907FB0300C04701A800F001
S21402D8C0FFFA012804D0636C1D44013B3340ED1A75
S21402D8D031462046FFF791FF0646A36AB342E0D1DF
S21402D8E0DBE70025F9E7F0B5002587B004462E46AB
S21402D8F0E369B34202D8284607B0F0BD636C2768D6
S21402D90003FB0677E36B05225B6901A93846984755
S21402D91001A800F0D5FA00F0F8FA58B1384600F03F
S21402D920FFFA01462046FFF787FE636C143B8342EC
S21402D93008BF01350136DBE708B508301346D1E9E2
S21402D9400012E6F793FB012008BD13B50C46002132
S21402D95021760093616813462246E4F7AFFF18B1BA
S21402D960E37D03B1A07EA075A07D02B010BD73B5A5
S21402D97000F1080516460C460DF10702096828460E
S21402D98000F09AF9032E06D16368834203D1216818
S21402D990284600F077F9012002B070BDD01E009B29
S21402D9A042424241187E824211D11A688A420ED8F9
S21402D9B05A688A420BD35A6901325A61D3E9030282
S21402D9C082423FBF986840F8221001321A61012055
S21402D9D0704710B5032A029C07D1A26A5340626CB4
S21402D9E05242134201D100F04DF9012010BD08B594
S21402D9F0C36800209847BDE80840D4F7F9BE70B562
S21402DA00002401281C7014BF04200220CC7D42434F
S21402DA10101D02F002024CB91AB1012220F00300D6
S21402DA201A7000F108034868184470BD1AB1012242
S21402DA3020F003001A700C7E002301F12005DAB2F2
S21402DA40944201D80020F0E735F83320824203F1F1
S21402DA50010606D901EBC30300F10802D869104497
S21402DA60E3E7801A3346EAE773B590F84260054664
S21402DA701C4630460DF10303FFF7C1FFEB6B012E88
S21402DA805B690DD1324601A998479DF8033013B160
S21402DA90BDF806300193BDF80430236002B070BDB5
S21402DAA00122214602B0BDE870401847F0B505468F
S21402DAB087B04868EB6B00245B6902940E4601222D
S21402DAC002A908309847274695F84230012B40F0C5
S21402DAD08480632C02D9029807B0F0BD612C08D866
S21402DAE005AB224631462846FFF7BEFF9DF81430A6
S21402DAF01BB305AB2246314628468DF81070FFF759
S21402DB00B3FF95F84230012B059B55D14FF6FF72B5
S21402DB10934200F09680082205A904A800F057F95F
S21402DB20059B9DF81010C3F30722914240F08980AE
S21402DB30DBB2029A1A44029283E095F84230012B35
S21402DB4030D103AB224631462846FFF78DFF04ABA1
S21402DB50621C31462846FFF787FF05ABA21C3146FA
S21402DB602846FFF781FF102208230DEB02010DF174
S21402DB7007008DF8073000F02AF9102205A90DF1EA
S21402DB80070000F024F9039BDAB2002A52D19DF86E
S21402DB900720B2EB132F4DD1DDE9043203EB02432B
S21402DBA0029347E0302C2BD944E09DF80720B2EBD5
S21402DBB0134F3FD1049BF3E7013342D0102205A94D
S21402DBC00DEB020000F003F9059B9DF81010C3F35D
S21402DBD00742914235D19BB2ABE7312C3FF67BAF81
S21402DBE087D005AB224631462846FFF73DFFBDF8F3
S21402DBF01430002B7FF47DAF95F84230012BA0D075
S21402DC0003AB224631462846FFF72EFF04AB621CC2
S21402DC1031462846FFF728FF102320220DEB03018A
S21402DC200DF107008DF8073000F0D1F8039B9AB289
S21402DC30002ABAD095F84230012B14BF01230223E2
S21402DC401C44013440E713B500240194049C00945C
S21402DC50E5F7C8F902B010BD30B5446800234FF0AE
S21402DC60FF329C4202D10023037230BD016801EBF1
S21402DC70C30541F833206A600133F2E7C0E90012B7
S21402DC80FFF7EABFF0B5456800239D4211D004684D
S21402DC9054F83320B2F1FF3F4FEAC30704EBC30642
S21402DCA008D0C2F31302914204D14FF0FF33E3517E
S21402DCB07360F0BD0133E8E7F0B5456800239D4286
S21402DCC002D14FF0FF300FE0046854F83340671C6F
S21402DCD04FEAC30609D0C4F31307B94205D1240D8F
S21402DCE01470036833445868F0BD0133E7E713B590
S21402DCF00446002301461B220DF107008DF807306B
S21402DD0000F065F822689DF80730B3EBD26F0CBFBF
S21402DD100120002002B010BD13B5002304460146C0
S21402DD2020220DF107008DF8073000F050F80DF1B3
S21402DD3007001A22211D00F04AF862689DF8073093
S21402DD40B3EB926F0CBF0120002002B010BD00683A
S21402DD50431C584258417047006810F07E0F0CBFB3
S21402DD60C0F3C160002070470068C0F3D31070474C
S21402DD70006800F07F0001288CBF00200120704759
S21402DD80036813F07E0F14BF042008207047036850
S21402DD9013F07E0F03D1406820F07C40704713F0EA
S21402DDA078001CBF03F07F03D81F7047006800F09E
S21402DDB07F007047032809D0022803D1C1F102016F
S21402DDC0C8B2704700290CBF0720002070471F2AE0
S21402DDD00B689EBF4FF0FF3191408B43590801F00C
S21402DDE055315B1A03F033319B0803F033330B448F
S21402DDF0017803EB13130A4403F00F334FF001319B
S21402DE004B43A2EB13620270704737B501F10C0464
S21402DE10436905466946012220469847BDF8003008
S21402DE2001930122AB6901A92046984703B030BD91
S21402DE3037B501F10C0443690122694605462046BE
S21402DE409847009B4FF6FF7299B291420DD11B0C78
S21402DE501B0443F4254343F0A50301930122AB6957
S21402DE6001A92046984703B030BD0020FBE737B52E
S21402DE7004461B22011D00250DF107008DF80750F0
S21402DE80FFF7A5FF60689DF80720B2EBD06F03D1BD
S21402DE9020F0784003B030BD0DF107001B2204F1DC
S21402DEA008018DF80750FFF792FFA0689DF807302B
S21402DEB0B3EBD06F01D1C043EAE74FF0FF30E9E79A
S21402DEC003684BF29A22B2EB134F10B5044613D1F5
S21402DED09BB2012B13D1FFF7CAFF01300CD0E068CA
S21402DEE04FF6FF72B2EB104F4FEA104309D180B2E1
S21402DEF0C01A18BF012010BD2368013303D00420C6
S21402DF00F9E70220F7E70320F5E701288CBF002097
S21402DF1001207047033801288CBF0020012070477B
S21402DF20143070472DE9F0410546984603690846C5
S21402DF300E4617469847044638B943463A4631468F
S21402DF402846E6F76FF9044618B131462846FFF729
S21402DF505CFF2046BDE8F0817047431E012B03D9C3
S21402DF60031F5842584170470120704700F06BB9B2
S21402DF704FF4A472002103F0A4B8013001D1E7F7F0
S21402DF80EBBE0120704710B50021044600F09AF857
S21402DF902046BDE81040EAF795BFEAF7BDB9EAF7B2
S21402DFA0E5BB00F07FBAEAF7E7BB00F08BBAD0F821
S21402DFB08C0070B5C468002324259C4201D1012040
S21402DFC070BD826805FB0322D6898E4202D8128A69
S21402DFD08A4201D20133F0E70020F1E7F8B50546A0
S21402DFE00E46E6F7C7F9D5F88C307BB15B696BB1A4
S21402DFF0E7F76CFFD5F88C305B691B1A584240F283
S21402E0006B124FF042015841E6F786FBF768002292
S21402E0104FF6FF734FF0240CD0B2B84208D31C461A
S21402E02021462846E6F736FB00F010F92046F8BDF2
S21402E030B1680CFB0011CC899C4202D2002CEFD0B6
S21402E04023460132E8E7008B70470A7838B5054662
S21402E0501046FFF782FF60B14C782046FFF77DFF3F
S21402E06038B12243530704D42846BDE83840EAF7BD
S21402E070A3BB012038BD10B504460878FFF76DFF34
S21402E08058B14A781046FFF768FF30B1042A04D028
S21402E0902046BDE81040EAF7C7BB012010BDEAF7EC
S21402E0A0E1B8EAF74DBEEAF763BA38B504460D465C
S21402E0B0E6F7F0FA28B929462046BDE83840EAF7DE
S21402E0C023BA38BDEBF720BA70B516460C46FBF7F6
S21402E0D0E8F9314605462046E8F7A6FC04462846F7
S21402E0E0FBF7E3F9204670BD00F0D6B938B5044612
S21402E0F048880D4600F0A8F8D4F8A0302BB9294677
S21402E1002046BDE83840EAF7C5BB022038BD00F01D
S21402E1109CB800F018BA73B5044600200D4600F00D
S21402E12093F8D4F8A06069462046FFF7F2FF5EB97E
S21402E1309DF800102A462046D5F788FF014620465D
S21402E14000F0CDF902B070BD00231A4629462046DB
S21402E150B047F7E7EAF77AB8E7F7CAB838B5054638
S21402E1600C46FBF79EF92B6B1C40EB6A2343EB62D3
S21402E170FBF79BF9211E18BF01210020490238BD7A
S21402E18038B504460D46FBF78CF9236B1D40E36A4F
S21402E19023EA0505E562FBF788F9284638BDC06A1A
S21402E1A0704710B501210446FFF7EAFF2046BDE896
S21402E1B01040E8F755BA38B504460D464FF48811B4
S21402E1C0FFF7DEFF29462046BDE83840E6F7E2BC08
S21402E1D00846E7F71FBD00F084B8E7F7ABBB084771
S21402E1E0022A01D800F0CBBA01207047022A01D8D1
S21402E1F000F0D6BA01207047022A01D800F0E2BA2F
S21402E20001207047EBF762BA0846EBF781BA00F0D6
S21402E21016BB002070470020704738B50D680446CC
S21402E2202846E6F7A9FCD4F8903043B15B6933B1CF
S21402E230013504BF6FF001020A600A681A60002006
S21402E24038BDEBF735B9704770477047704770476F
S21402E25038B50D460446E7F739FEAC4042F2107375
S21402E26064095C436423B0FBF3F0B4FBF0F038BD02
S21402E270022807D0062807D0003818BF01204042DF
S21402E280C0B27047012070470020704730B51F2388
S21402E290B0FBF3F35D1CEDB24FF0FF34C3EB431358
S21402E2A0AC40C01AE4430130E4B2C0B21460086065
S21402E2B030BD70B505460E46C0B201F00F01FFF73D
S21402E2C0C7FFC6F303110446C5F30720FFF7C0FFD6
S21402E2D0C6F303210444C5F30740FFF7B9FF204401
S21402E2E070BD08B5E7F768FABDE80840E7F7EEBA8A
S21402E2F010B50446E7F760FA844288BF01F1FF31A1
S21402E300204601F00301BDE81040E7F7DFBA38B552
S21402E3100446FFF7E6FF0546FFF7E3FF431BA3426B
S21402E320FAD338BD0020704700F03003202B10B51A
S21402E33013D110F4E02FC0F302440AD010F4C01F29
S21402E340C0F3C423B3FBF4F418BF6400052C0ED844
S21402E3506408E7F7B5FE604310BDC0F382136FF0A2
S21402E36012041C4104F00104C4F10204F1E704247F
S21402E370EFE710B5044651B10B6843B15B6833B1A1
S21402E3801A68032A03D99C6A640E204610BDFBF75E
S21402E39088F801462046E8F789F804460846FBF75F
S21402E3A084F8F2E738B14FF47A735843A0F6AC50CB
S21402E3B0401AE8F7BDB94CF25030FAE7E9F710B95F
S21402E3C0E9F70EB9E9F70CB9E9F70AB9E9F708B9B6
S21402E3D07047436B03F06003402B0DD0602B03D0D5
S21402E3E0203B58425841704749B10B68012B06D969
S21402E3F0486940F00100704740F201107047002063
S21402E4007047034670B10268022A0BD9426A12F4B8
S21402E4107F4FC2F3072006D01B6AD2B25A43B2FB22
S21402E420F0F0704700207047F0B5144687B01E46DD
S21402E4300F4619B90024204607B0F0BD002AF9D0CD
S21402E4400028F7D001A9EBF721FC0028F2D0BDF88E
S21402E4500630BDF80850A2199A42C4BF9B1B9CB254
S21402E460B54212D90399AD1BADB23144A542039110
S21402E470ADF808500DD22A46384602F048FE0499F6
S21402E480621B781902F043FED5E70499761B3144E5
S21402E490049122463846F5E70846E7F79DBE022075
S21402E4A0E7F774B9D0F894304BB11A68022A06D945
S21402E4B093F8250028B11B6AB3FBF0F07047FFF70C
S21402E4C06EBD704708B50146D0F89400FFF799FF75
S21402E4D020B9BDE808400846FFF765BD08BD10B57F
S21402E4E090F8D0300E2B04462BD00175D0F8900051
S21402E4F020B3D4F8A0304BB994F8D9308B420BD362
S21402E50020460022BDE81040EAF71EBAB4F92420DD
S21402E510B0F912309A42F3DD94F8D9100022204660
S21402E520EAF712FA60B9C4F890002046FFF78BFDAE
S21402E53001462046BDE81040E6F7ACB8FF236375F7
S21402E54010BD0220FCE70346D0F8D0000860B3F8FE
S21402E550D4308B800020704790F8D0300E2B14BF3A
S21402E560407DFF207047F8B50C4640210546E9F786
S21402E57095FC4FF40061074606462846E9F78EFCEE
S21402E58030B17CB195F8CA3073B16FB93046F8BD78
S21402E59022024FF480712846E9F76CFC061E18BF6B
S21402E5A00126F3E72246F4E74FF48072F1E74FF4D0
S21402E5B08071E9F773BC4A024FF40071E9F75ABC5E
S21402E5C08A024FF48061E9F755BC4FF40071E9F70F
S21402E5D065BC70B506468D880C46EAF7D3F8727CA1
S21402E5E0053AEB00012A98BF033388B1B3F5803FA2
S21402E5F00ED842094FF2244101FB03232268000988
S21402E600B3FBF0F31A4407232260A371002070BD07
S21402E6100220FCE73F2B084610B5114619D9B3FA7B
S21402E62083F3C3F11902D2B2062A01D8192B0ED0EF
S21402E630062A28BF0622931DDBB201249C40A4B200
S21402E640A14228BF2146EBF739F9204610BD002229
S21402E650F1E70024F9E713883F2B10B5084616D9D0
S21402E660B3FA83F3C3F11901C9B2062901D8192BEB
S21402E6700BD0062928BF06218C1DE4B20123A34035
S21402E6801380EBF739F9002010BD0021F4E70120D2
S21402E690FAE7E9F749BC10B5084614460121E7F740
S21402E6A023FC20460121BDE81040E7F71DBCF8B563
S21402E6B004460E461746FAF7F4FE3A460546314633
S21402E6C0204600F0CEF904462846FAF7EEFE20462B
S21402E6D0F8BD0220704703207047E7F74FB810B521
S21402E6E0EAF72AFD044608B9E8F792FD204610BD6F
S21402E6F038B50446817515464AB100F0A7F808B940
S21402E700002016E0237C43F080032374F8E70846D3
S21402E710E6F7F4FDFF28A07508D0204600F096F82C
S21402E7200028EDD0237C65F3C713EEE7E6F73CFE40
S21402E730012038BD704770B505460E461446FFF7F1
S21402E74086FD31462846FFF749FCFFF780FD04F0B8
S21402E7500903082B04D10B2C9CBF24F00804A4B296
S21402E76021462846E9F7F8FD00224FF400312846F4
S21402E770E9F780FB002070BD8021E9F78FBB7FB5EB
S21402E780531C05AAADF81410029202210022CDE90C
S21402E7900021DBB21146E9F78BFB07B05DF804FBFC
S21402E7A07FB5531C05AAADF814100292042102226A
S21402E7B0CDE90021DBB200220121E9F779FB07B09F
S21402E7C05DF804FB1FB5531C029100220821CDE917
S21402E7D000210122DBB21146E9F76AFB05B05DF8BB
S21402E7E004FB07B591F82830009391F82B3091F886
S21402E7F0292091F82A10EAF74DFF03B05DF804FBD2
S21402E80038B50546E9F7A2FD04462846E9F77CFD39
S21402E810072811D1D5F89030DB6924F47F4121F026
S21402E820080103B15B7841EA032141F02001284642
S21402E830BDE83840E9F790BD24F02001F7E7081E4E
S21402E84018BF012070470020002170474021E9F7D9
S21402E85025BB002070470220704700207047012029
S21402E8607047002070470020704701207047002044
S21402E8707047EAF76DBE08461146E5F7B9BD70B5B2
S21402E88005460C4611461A46EAF772FF06682B46FC
S21402E8902046B446BDE87040604710B5EAF768FF08
S21402E8A0BDE8104083681847E7F734BC4942FFF7D3
S21402E8B0FBBF73B50D7806460C4635B304238DF8B8
S21402E8C0043023798DF8053001A93046FFF7D3FBD3
S21402E8D00546B8B92278A37952BB8DF80430E3799D
S21402E8E08DF8053001A93046FFF7AFFB054648B95B
S21402E8F023783BB161883046EAF7CEF801213046EC
S21402E900FFF731FE284602B070BD2946FFF72BFE00
S21402E91029463046FFF74FFE29463046FFF750FE9F
S21402E9202378002BCAD123798DF804306379C9E79E
S21402E93002228DF80420D3E7FFF73DBEFFF745BE5F
S21402E940FFF768BEFFF787BE08461146EBF79EB98B
S21402E950C0F89C1000207047EAF7DCB870B5144681
S21402E96086B005460E46122200210DF1060002F080
S21402E970A8FB2368009369462846ADF80460FFF7B3
S21402E98028FE009B236006B070BD38B504461546C7
S21402E99009B1FFF77EFE25B12046BDE83840EAF70A
S21402E9A0B3B938BD084611461A46BDF80030FFF71F
S21402E9B03BBD2DE9F74F1C469DF8303001930368A6
S21402E9C003F00703063301259D400646174605F168
S21402E9D0FF380B46A1B1416804EA080BA5EB0B0A07
S21402E9E041F00059524509EB0B0114D9524618461C
S21402E9F002F08DFB7A1B5A444946504402F087FBCC
S21402EA00019B2BB13C4448EA050804EA0804F4607A
S21402EA1003B0BDE8F08F1846F0E737B5002500953D
S21402EA201446FFF7C6FF204603B030BD026802F068
S21402EA300702063201239340026AC2F30C028A429C
S21402EA4010B584BF4468C26803F1FF3388BF8918D3
S21402EA509BB285BF44F0005019404FF0FF30405C37
S21402EA6010BDF7B505460F4668461146EBF7DCF9CA
S21402EA70064698B197B1DDE900311B0A43EA016305
S21402EA80A5FB0343090A05FB0135E7F71FFA002336
S21402EA90024629462046F9F727FF3860304603B07B
S21402EAA0F0BD00228A4202D14FF0FF30704750F884
S21402EAB0223093FAA3F30BB90132F3E7B3FA83F0E9
S21402EAC000EB4210704710B50446EBF7C7FA214632
S21402EAD00020EDF771F9BDE81040002000F0B5B94E
S21402EAE0704708B5EEF7A6F880F00100C0B208BD80
S21402EAF0FFF771BB704700207047704770B5144629
S21402EB0081F0010519B90D2A07D1FF2018E00D2A58
S21402EB1003D100780538C0B212E0084400F047F886
S21402EB20C5F1040110F440660246C9B209D1042CAC
S21402EB30084605D0052C16D112F0400F18BF08461D
S21402EB4070BDC5F10603042CD8B2F9D0B6F5006F35
S21402EB5003D1C5F10805E8B2ECE7B6F5406FE9D196
S21402EB60C5F10E05F7E712F4404107D1062CE7D0AF
S21402EB70072CE5D0082C13D10130CCE755065CBF34
S21402EB80831CD8B2062CDBD0B1F5004F02D1831C11
S21402EB90D8B2EDE7B1F5404FEAD100F10803F7E746
S21402EBA0130744BF0530C0B20C2CC9D9ADE70088A4
S21402EBB070470170090A4170704710B50024E3B22D
S21402EBC010B9C3F10303DBB20134042CCA544FEA72
S21402EBD01222F4D110BD10B50B784C788A78C97819
S21402EBE028B910462246044608461946034642EA13
S21402EBF0012043EA042343EA004010BD10B50C4648
S21402EC00EDF7D4FE048010BD38B50C461546EDF778
S21402EC10CDFE03881DB11C43A1B2018038BD23EA94
S21402EC20040189B2F9E708B5EDF7C0FE008808BD11
S21402EC3008B5EDF7BBFEC07808BD08B5EDF7B6FE21
S21402EC40008800F00C0008BD08B5EDF7AFFE00889E
S21402EC5000F00C00031F5842584108BD38B505465F
S21402EC60EDF7A4FE04462846FFF7EEFF30B904F19E
S21402EC701000FFF79CFF00F4406038BD4FF40060C0
S21402EC80FBE738B50546EDF791FE04462846FFF742
S21402EC90DBFF014648B9103420460422ECF73AFB63
S21402ECA02044BDE83840FFF782BFA08838BD10B5C3
S21402ECB00C46EDF77BFE848010BD38B50546EDF7B1
S21402ECC075FE04462846FFF7BFFF30B904F1100070
S21402ECD0FFF76DFF00F4404038BD4FF40060FBE7DD
S21402ECE038B50546EDF762FE04462846FFF7ACFF48
S21402ECF0014648B9103420460622ECF70BFB2044A6
S21402ED00BDE83840FFF753BFA08838BD38B5054682
S21402ED10EDF74CFE04462846FFF796FF014608B17B
S21402ED20201D38BD103406222046ECF7F3FA2044A4
S21402ED30F7E708B5EDF73AFE007A08BD08B5EDF735
S21402ED4035FE90F9090008BD08B5EDF72FFE807A6A
S21402ED5008BD08B5EDF72AFEC06808BD10B50C461A
S21402ED60EDF724FE047210BD10B50C46EDF71EFE3C
S21402ED70447210BD10B50C46EDF718FEC46010BD07
S21402ED802DE9F8430F468046002107F1100016468B
S21402ED909946EDF7D1FE0446D0B1EDF707FE0546DB
S21402EDA02046EDF71FFE00210246284602F089F9AA
S21402EDB00023AB7049F004012046FFF71FFFA5F8B9
S21402EDC004802EB13A46314605F1100002F09FF952
S21402EDD02046BDE8F883F8B505460F461020002108
S21402EDE0EDF7AAFE0446B0B1EDF7E0FD0646204672
S21402EDF0EDF7F8FD00210246304602F062F90023E4
S21402EE00B37039462046FFF7F9FE25B12A4601219E
S21402EE102046EDF769FE2046F8BD08B5EDF7C6FDBB
S21402EE20103008BD08B5EDF7DDFD1038C0B208BDDC
S21402EE3010B50C46098821B90846F8F797FB2080DA
S21402EE4008B1012010BD0220FCE70020ECF7E0BE6E
S21402EE5008B5EDF765F9002008BD4088C0F30C0040
S21402EE600330800840000430704708B520B1EDF743
S21402EE70B1FB00F0010008BD0120FAE708B5EDF786
S21402EE80FBFABDE80840FFF7F0BF70B50E46054630
S21402EE9011463046EDF750FE044635B128B1EDF77F
S21402EEA085FD3246294602F0F2F8204670BD0088FB
S21402EEB0B0FA80F040097047008810B1C9B2EDF789
S21402EEC0FFBD70472DE9F041B0F8008006460C46BB
S21402EED0D5B2B8F1000F11D029464046EDF7F0FD45
S21402EEE02246074629464046EDF7FEFD3A462946A3
S21402EEF02046EDF7F9FD3480BDE8F0810F46F5E7D0
S21402EF0038B5058800220446FFF7DCFF05B12580E8
S21402EF1038BDF8B507460D46008800211646EDF7BF
S21402EF20CFFDB042044605D129463846BDE8F84032
S21402EF30FFF7E6BF00212046EDF7C2FDB04205D03E
S21402EF4020460021EDF7BCFD0446F3E72A4620469C
S21402EF500021EDF7C9FD324628460021BDE8F840FB
S21402EF60EDF7C2BD034608461B888B4202D000213D
S21402EF70EDF7A6BD00207047F8B5058807467DB1B7
S21402EF80CCB221462846EDF79BFD8542064609D1BE
S21402EF9000233B80002221463046EDF7A5FD35468C
S21402EFA02846F8BD2146EDF78BFD21460246284647
S21402EFB0EDF79AFDEEE72DE9F04707888246884688
S21402EFC014465FB33846EDF70DFD3D460646E4B2FD
S21402EFD021462846EDF774FD4045814616D1214666
S21402EFE0EDF76EFD214602462846EDF77DFD4745C4
S21402EFF004D1454508BF0025AAF800500022214644
S21402F0004046EDF771FD3046BDE8F0878742FAD0FC
S21402F010EDF7E8FC304486B24D46D9E73E46F2E7C5
S21402F0202DE9F04780460F4602F1FF3906460024D6
S21402F030BC4202D219F8015F25B9A6EB0800C0B29D
S21402F040BDE8F0879A46A5F13102012A5AF8041B58
S21402F05010D83246322D02F8011B06D10134E4B232
S21402F060A74232D30912B21C71700134E4B253467D
S21402F0701646DDE7342D0CD10334BC42DDDA0B0A2A
S21402F080317073700B0C090EB370321DF170E4B25E
S21402F090EBE7A5F13302062A0DD8303DEDB22B1967
S21402F0A0BB42CADA2A463046013C01F0F0FF55FA66
S21402F0B084F47219EBE7A5F14102062A01D8373D1E
S21402F0C0ECE71D7903F1080AE9E71646B5E770B5DD
S21402F0D0054600880C46EDF785FC844228880AD946
S21402F0E0EDF780FC0023221AD2B228461946BDE864
S21402F0F07040EDF7A7BD2146EDF790FC002070BDED
S21402F1002DE9F8430746084616469DF8209088469D
S21402F1101C46EDF74BFC8519CCB1C5B14046EDF760
S21402F12061FC2644864214DC2246B9F1000F06D161
S21402F1302946384601F0ABFF0020BDE8F883B9F156
S21402F140010F39462846F5D001F0E1FFF4E7212009
S21402F150F3E71D20F1E738B50546EDF727FC044630
S21402F1602846EDF73FFC002201462046BDE838401F
S21402F170FFF78BBEF8B516460C461D46BDF818704E
S21402F180EDF714FC04443046EDF710FC3A464119FC
S21402F1902046BDE8F84001F07ABF70B50C46013152
S21402F1A0C9B20646EDF7F2FD214605463046EDF7B2
S21402F1B0EDFD00EB052080B270BD1FB50123ADF852
S21402F1C00C2000930A460223014603A8FFF798FF85
S21402F1D005B05DF804FB73B504460D4640200021D9
S21402F1E01646EDF7A9FCADF80600EDF7DFFBBDF815
S21402F1F0063013B9002002B070BD402133462A46BD
S21402F2002044FFF70DFF2118C9B20DF10600FFF7E3
S21402F2105EFF0028EED1BDF80600ECE70EB403B59B
S21402F22003AA52F8041B0192FFF7D5FF02B05DF85D
S21402F23004EB03B0704700220123C0E900237047A5
S21402F240F8B5044601270026FAF736F923683BB9D3
S21402F250FAF738F963680022012B0ED16360F8BD15
S21402F2601D691F612660FAF72DF9012DF2D02B4693
S21402F2702D691E61012DFAD1E6E719691A610B465E
S21402F280EAE70069003818BF01207047036823B90F
S21402F2904068012803D0EDF7A7BD002070474FF065
S21402F2A0FF307047F8B50546FBF787F80123064698
S21402F2B0A8602B730027FAF7FFF82B6802467BB18B
S21402F2C01C692169A1420CBF2F6019612761104693
S21402F2D0FAF7F8F8012C08D0636820469847EAE760
S21402F2E06C68012C04D1FAF7EDF800232B73F8BDF5
S21402F2F06169711AB1F1004FF5D82169696023611D
S21402F300E5E7702070477020704700207047014480
S21402F310884201D10120704710F8013B9342F7D092
S21402F3200020704730B5014693B005460020EBF743
S21402F33087FC10F0FF040BD16A4621462046ECF704
S21402F3405DFC6A46214620468DF80250ECF736FFF1
S21402F350204613B030BD00B5002193B06A46084679
S21402F360ECF74CFC9DF9020013B05DF804FB00B507
S21402F370002193B06A460846ECF740FC9DF8000070
S21402F38013B05DF804FB08B5EBF7A0FF003818BF12
S21402F390012008BD002070477047704770477047CD
S21402F3A070477047704770477047F6F7BDBC00B5A8
S21402F3B0002193B06A460846ECF720FCBDF806002A
S21402F3C013B05DF804FB10B5002192B004466A46FD
S21402F3D00846ECF713FC00216A460846ADF80640DC
S21402F3E0ECF7ECFE12B010BD00B5002193B06A46F1
S21402F3F00846ECF703FCBDF8040013B05DF804FB06
S21402F40010B5002192B004466A460846ECF7F6FBB1
S21402F41000216A460846ADF80440ECF7CFFE12B06B
S21402F42010BD70472DE9F04F85B00C4691468046D8
S21402F430FFF703FC671C05463846FFF7B8FB042DAA
S21402F44040F08B804046FFF7E8FC037803F00303A6
S21402F450012B4FF009024FF00101204614BF4FF076
S21402F460020B4FF0030BEBF755FF0922002105466E
S21402F4702046EBF74FFF21788DF80F000139002266
S21402F48089B22046FFF701FD04EB090A0646D0B111
S21402F4902A4601460DF10F035846FBF703FA0228E7
S21402F4A0054626D13046EDF79DFAC0B220700023FD
S21402F4B0013800930122C3B231463846FFF720FED8
S21402F4C02378013323704046FFF7ADFB020424D4B1
S21402F4D09AF8013021789B071FD50139A1EB090163
S21402F4E04246C9B25046F1F711FC23781844207000
S21402F4F013E020B92070284605B0BDE8F08F032837
S21402F50009D15046FFF753FB20F4007189B25046EA
S21402F510FFF74FFBD7E70428D5D101252178002233
S21402F5202046FFF7B2FC06460028E4D00023014638
S21402F53001221846FBF7B6F9022819D13046EDF734
S21402F54051FAC0B220700023013800930122C3B2E0
S21402F55031463846FFF7D4FDCDE780F0800520F02F
S21402F560800081B23846C5F3C015FFF722FBD5E707
S21402F5700028C0D12070BEE708B50020FFF7B1FA18
S21402F58080F00100C0B208BD0A4608B50146002058
S21402F590EDF7D2FFB0FA80F0400908BD0020ECF784
S21402F5A03FBF00210846ECF7B7BB0020EBF726BBAF
S21402F5B008B5EEF729F8003818BF012008BD01206B
S21402F5C07047EEF745B910B50C46098821B90846CA
S21402F5D0F7F7B0FF208008B1012010BD0220FCE73B
S21402F5E010B50446FDF7A8FD08B9FDF7A7FD03050B
S21402F5F00FD40C231B2B01D1002009E020FA03F1C3
S21402F600C90703F1010206D5DBB2E31A5842584194
S21402F61010BD0B23F9E71346ECE710B50C46098834
S21402F62019B90846F7F7A2FF2080012010BD40292D
S21402F63008B5104604D009D811B13F290CD0C9B27A
S21402F64000F0F5FABDE80840FBF70DBB412905D0EE
S21402F6504C29F4D18D21F3E73121F1E74221EFE77E
S21402F66070B592B004460D4616466A46ECF7C6FAE0
S21402F6706A46294620468DF81F60ECF79FFD12B0B9
S21402F68070BD07B50DF10701EEF712FB20B19DF82C
S21402F690070003B05DF804FBFF20FAE710B50C463E
S21402F6A0EEF70CFC2046BDE81040EEF71DBB012924
S21402F6B0F8B505460C461DD003291ED0052920D0D4
S21402F6C0072922D00026002400270120EBF78CFD14
S21402F6D0304485421DDA0320EBF786FD204485423E
S21402F6E019DA0520EBF780FD38448542B4BF0720BF
S21402F6F00520F8BD6FF00406E5E76FF00404052662
S21402F700E2E700266FF00407DFE700242646052717
S21402F710DBE70120EDE70320EBE738B14379490048
S21402F72023F00C0301F00C010B434371704710B534
S21402F730044678B141794088490801F00601013152
S21402F740000AFFF7B4FF024601462046FFF7E5FF30
S21402F750104610BD0722FBE738B50D46EEF79CFBB8
S21402F760044608B9002038BDFFF7E1FF002DFAD1A4
S21402F770237913F00703F5D0984238BF1846C0B273
S21402F780F1E70022EEF7E6BD002108B50122EEF70A
S21402F790E1FD401A18BF012008BD38B51546FFF72F
S21402F7A0F0FF04462846FFF76CFF84B1FF2804D01A
S21402F7B0626822FA00F3DB0701D5012038BD012377
S21402F7C0834013436360E3780133E370F5E7204632
S21402F7D0F4E7EFF705B80146102307220120EDF7FC
S21402F7E02DBC10B5EDF7E2F800F110042046FFF745
S21402F7F0DEF920F4007189B22046BDE81040FFF71A
S21402F800D8B92DE9FF418DF80D301B0A15468DF843
S21402F8100E3001919DF82C308DF80C0001218DF8E8
S21402F8200F300091042303AA28469DF828809DF8ED
S21402F83030709DF8346001F079FA044670B12946BA
S21402F840FFF735FAB8F1000F02D12046FFF7C9FFDD
S21402F8502FB146B93146204601F0D2F800242046A0
S21402F86004B0BDE8F081002211462046EEF744FFC0
S21402F870F4E74FF47A70EFF78DB808B5EDF764FB4E
S21402F880BDE808400020EFF78BB91FB5044668466E
S21402F890FFF7A1FF54B100238DF80530102307228D
S21402F8A069460020EDF7CAFB04B010BDFFF77FFDE6
S21402F8B0ADF80600FFF798FDADF80000EEE700B5DC
S21402F8C08BB06846FFF787FF009BBDF806000693DD
S21402F8D004A9EFF705F80BB05DF804FB1FB5044664
S21402F8E06846FFF778FF02AB03CB2060616004B086
S21402F8F010BDFF22EFF740BA38B5D31E012B0446DF
S21402F9000D46104607D8EFF755F929462046BDE8BA
S21402F9103840FFF7EEBF022038BD1FB50623044667
S21402F9208DF80C30EFF782FA0023CDE900338DF81C
S21402F9300D00022303AA0121204601F0F7F904B0C4
S21402F94010BD38B5002208210546FFF7E0FC044644
S21402F95098B9FFF72CFD22464FF6FF71EFF7A2FB90
S21402F960297C2846EFF74CF9287C6A69E98900F079
S21402F9706FF8EFF7BDF8204638BD0120FCE770B5FA
S21402F9800C4605460120EFF7D9FF237B4BB1FFF764
S21402F9900EFD014623462A460120BDE87040EFF7D9
S21402F9A09FBB4FF6FE71F5E7F8B50E460746FFF722
S21402F9B034FA0546FFF7FBF800F44040B0F5404F36
S21402F9C014BF0022062202F10A030B32EB5C5C0033
S21402F9D004F00E045B08144403F0380338461C4453
S21402F9E0FFF720FA844208D2001BC2B20F2A28BFB1
S21402F9F00F222919304601F08AFB2046F8BDEDF7A2
S21402FA00A3BAFF224FF6FF71F0F7FEBD0020FFF704
S21402FA10F8BF37B5082305460C4609226946012079
S21402FA20EDF70CFB15B19DF806302B700CB1009B60
S21402FA302360BDF8040003B030BD07B500210DF108
S21402FA400700FFF7E6FF9DF8070003B05DF804FB2A
S21402FA5007B508238DF80600ADF804100092694633
S21402FA6009220020EDF7EAFA03B05DF804FB13B5AD
S21402FA70044601A90020FFF7CCFF019A0146204662
S21402FA80FFF7E6FF204602B010BDF0B50F46002194
S21402FA9087B0044608461646FFF7BBFF0123054615
S21402FAA00DF10A008DF808408DF80930FFF716FFB1
S21402FAB0092C1DD131460DF11200FFF77AF805AB7D
S21402FAC002AA9B1A0021CDE900112846DBB2642166
S21402FAD001F02CF90546E0B1092C15D1F0F708FF24
S21402FAE0044688B12846F0F717FF204607B0F0BD57
S21402FAF031460DF113008DF812704FF6FF75FFF7C1
S21402FB0058F80DF11503DBE7284600F014F8044612
S21402FB10EBE70446E9E738B504460D4600F092FFE7
S21402FB2040B1AC4206D0204600F07DFFBDE838402A
S21402FB3000F05EBF38BD10B50446FFF76EF902301E
S21402FB40FFF735F84FF6F7739842204603D9BDE81B
S21402FB501040F1F75DB8F1F79DF8B0FA80F0400971
S21402FB6010BD0022F0F78CBF70B504460088FFF780
S21402FB7054F905460430FFF71AF80646A81CFFF7A4
S21402FB8016F80546FAF714FC3046F2F753FA30B97F
S21402FB902846F2F74FFA10B1284600F053FFA37832
S21402FBA023F00F03A370002070BD70B50546FFF763
S21402FBB034F90646284601F0DDF801462846EDF7F8
S21402FBC0E5F804462846FFF75CF84FF6F7739842C6
S21402FBD008D8337803F00303012B05D1A31E58423D
S21402FBE0584170BD0120FCE70020FAE730B585B029
S21402FBF041F203330D46ADF808300446FFF7D7FB53
S21402FC008DF80A00FFF7D3FB0021000A8DF80B00DF
S21402FC10CDE90011052302AA20468DF80C5001F00A
S21402FC2085F810B12146FFF79CFF05B030BD70B5D0
S21402FC3004460D4691B131294FF0000600D13546F3
S21402FC402046FEF7FAFF08280AD101212046ECF7E3
S21402FC5037FF2946BDE87040FAF744BF0126EFE7B2
S21402FC602046FEF7EAFF024630B9BDE870404FF67E
S21402FC70FF710120FCF763BD2046FEF7EFFFB0F5EB
S21402FC80006F0ED12046FEF7FCFF4FF6FF73984238
S21402FC90014617D0002D0CBF032005200022FCF7DA
S21402FCA04EFD29462046EEF7D9FD68B9294620467C
S21402FCB0F2F76CF940B9324629462046BDE8704054
S21402FCC0F1F732B90120E9E770BD7047704737B5E2
S21402FCD04FF6F675D6F7BCF9431E9BB2AB42044606
S21402FCE0F8D8EEF7D9F80028F4D169462046EDF7A1
S21402FCF0B7FB0028EED0204600F05BFE0028E9D1D4
S21402FD002046FFF741FD0028E4D12046F2F792F99B
S21402FD100028DFD1204600F095FE0028DAD12046E2
S21402FD20FCF74EFD0028D5D1204603B030BD73B592
S21402FD3004460E46F2F77EF9054688B92046F2F7E3
S21402FD40D3F9214600952B460D224FF6FD7000F0A2
S21402FD5053F83146204602B0BDE87040F2F786B945
S21402FD6002B070BD37B5054614460C2914D8DFE834
S21402FD7001F0291329131313071313131324240052
S21402FD806946EDF76DFB18B901216846F6F796F855
S21402FD9042202946FDF7B7F9BCB12046FFF73DF8E9
S21402FDA00230FEF704FF4FF6F77398420DD920464D
S21402FDB003B0BDE83040F0F7E1BF0B2914BFAA201C
S21402FDC0A920E6E700F0FCFDE6E703B030BD1FB56C
S21402FDD00346084603218DF80C108DF80D300021DD
S21402FDE00123CDE90031ADF80E20042303AA00F06A
S21402FDF09DFF05B05DF804FB2DE9F34106469DF82C
S21402FE0020800F4614461D46FFF7D1FAB04207D1AE
S21402FE1000222146384602B0BDE8F041FFF7A2BFF5
S21402FE203A4631462046FFF7D2FFADF8060060B1EB
S21402FE300D2C05D100224FF6FF712820FCF77FFC1F
S21402FE4035B9BDF80600FFF776FE02B0BDE8F081D0
S21402FE500123424629460DF10600ECF7F3FEBDF8F3
S21402FE600630002BEDD1F0E7F7B50C460546FEF757
S21402FE70D4FF611CC9B206462846ECF787FFA11CD0
S21402FE800746C9B22846FFF788F9014604463846AF
S21402FE90FAF7F8FD0D2F34D12046F2F7CBF878B1F9
S21402FEA0301DFEF784FE04462846F679FEF718FF54
S21402FEB031460246204603B0BDE8F040FFF76DBC6F
S21402FEC0B01CFEF774FE4FF6F773984202D9284626
S21402FED0F0F754FF2046F2F707F9FFF768FAA04258
S21402FEE005D1002003B0BDE8F040FFF7EEBEB068D3
S21402FEF0F1686B4603C369462046F2F7B7F803B0CB
S21402FF00F0BD2A463946204603B0BDE8F040FFF76A
S21402FF1029BF1422002101F0D4B82DE9F0470B07BF
S21402FF208EB004460E4615465CD10120E1F70CFA67
S21402FF3009A8FCF76DFC092309A88DF82430FCF704
S21402FF406BFC09A8E1F7D2F901A909A8FCF7C7FEDC
S21402FF5026F00F072F4404F1100804F10F09BD42E2
S21402FF6011D123693344236101A909A8FCF79CFE39
S21402FF700020E1F7E9F9B6F1005F2CBFB1200020BE
S21402FF800EB0BDE8F08705AA23469646186859685B
S21402FF909446ACE80300083343456246F6D12B4646
S21402FFA0224605F1100A53F8041B42F8041B534577
S21402FFB0F9D1714609A8FCF777FE09A8E1F796F988
S21402FFC0224621460120E1F751F9013D631E13F84E
S21402FFD0012F15F8011F4B4582EA01021A70F6D16D
S21402FFE05546BCE77020CBE7F0B585B01746054608
S21402FFF00C4610220021684601F063F8BFB3C4B372
S2140300000F2C04F00F0608D924F00F043A462146B5
S2140300102846FFF782FF40BB2744324639466846E8
S21403002001F075F82F6906F1100337446B448022FC
S214030030B7F5005F03F8102C2F61C6F110061AD32C
S214030040062E1FDDFB001A0E8DF80A201A0C5BBA6B
S2140300508DF80B20ADF80C306A4610212846FFF7C2
S2140300605CFF2B69103B2B61002005B0F0BD3E46BC
S214030070D8E72646D6E7022E04DDFB005BBAADF8CA
S2140300800E30E9E76A4610212846FFF746FF2B693C
S214030090A3F110042C6110220021684601F011F828
S2140300A0B7F5005F4FEAC403CDD2E7E770B586B075
S2140300B00E46054601A81446FFF72BFF324629468F
S2140300C001A8FFF791FF05AE054601AB22461C4685
S2140300D003CCB44210605160234602F10802F6D105
S2140300E0284606B070BDF2F7A7B80A460021F2F715
S2140300F0A3B8F0B58BB00C4601A9F2F79DF80546F8
S21403010088B325220021E01C00F0DBFFBDF8107049
S2140301100123A370FA054FF00E03238010D5234660
S2140301204FF4877223F8042B06AE0DF1280C3246E3
S21403013003CA624518605960164603F10803F6D1F0
S2140301403B0605D5238843F080032380069B636024
S21403015001AB03CB039BC4F81D00C4F82110A361B5
S214030160F3F776F9606128460BB0F0BD30B5054667
S21403017087B001A80C46FCF74BFB2868696802ABFE
S21403018003C39DF8113043F002028DF8112074B1B9
S2140301902288510644BF43F006038DF811305305F9
S2140301A042BF9DF8113043F008038DF8113001A8C3
S2140301B0FCF7D4FCB0FA80F0400907B030BD2DE957
S2140301C0F3410F4605461646ECF70CFCC41BE4B297
S2140301D04FF000082946CDF8008023463A463046BD
S2140301E0FEF78EFF01212846ECF76AFC88B1012151
S2140301F02846ECF765FC0746ECF7F4FBC5B22B463E
S2140302003019CDF8008042463946FEF779FF25447B
S214030210ECB2204602B0BDE8F0812DE9F74F0C9E04
S2140302209DF834808946054693461C46ECF7DAFB70
S214030230012723464A462946824600975846FEF734
S2140302405FFF39462846ECF73BFC4C4428B3394657
S2140302502846ECF735FC5FFA8AFA5445814611DAEC
S214030260E4B2AAEB040B5FFA8BFB224630460097F8
S2140302705B4629464444FEF743FFA4EB0A045E4468
S21403028004F0FF0801230C930022434649463046F8
S21403029003B0BDE8F04FFEF733BF0C974346E2B218
S2140302A02946F4E72DE9F04186B0002607460846BE
S2140302B00C4615469846CDE9026604968DF81460FA
S2140302C0ECF790FB411BCBB20D2B28BF0D230096FA
S2140302D02A46214602A8FEF713FF424602A93846DD
S2140302E0F2F7FEF89DF80820064629462046ECF766
S2140302F061FD304606B0BDE8F0812DE9F04F0E46AD
S214030300CBB00121054617461C46ECF7D9FB23461E
S2140303103A462946814606A8FFF7C4FF0DF1280A88
S21403032000EB070B5FFA8BFB524631462846FFF776
S21403033046FFB34503D200204BB0BDE8F08FABEBCE
S21403034006085FFA88F808F104039842F3DB331FC4
S2140303501844C4B204230193A31BDBB20093CDF865
S21403036008A043465246002106A8E0F705FFC0B2A0
S2140303700028E0D1A4EB0B040AEB0803E4B25246D0
S21403038028460093314643460194FFF746FF394615
S2140303902846ECF7FBFC394600F0F8022846ECF753
S2140303A009FD01212846ECF78BFB002818BF4D46B4
S2140303B02846ADF81650ECF715FB011FC9B20DF130
S2140303C01600FEF784FE0120B6E72DE9F041044649
S2140303D000F0D0FC411C074689B2204600F09DFC85
S2140303E098B397B339462046ECF7D0FC00F00C03DD
S2140303F0042B054629D000F00308B8F1020F00D1FC
S2140304001BBB284600F021FD2B060744BEB216D5BB
S214030410711C89B2204600F080FCB0B1F9B22046C8
S214030420ECF7B4FCB8F1010F014600F003030CD05F
S214030430032B0AD0284600F017FD304486B2314617
S2140304402046BDE8F04100F068BC0020BDE8F0811E
S214030450F8B5064600F050FC054604463046FEF75F
S214030460DCFC43785B0718D5AC1CA4B221463046A7
S21403047000F053FCB8B129463046ECF787FC691CFC
S2140304800746C9B23046ECF781FC1FB1874201D854
S214030490FF2808D104EB4704A4B221463046BDE842
S2140304A0F84000F03ABC0020F8BD13B5044601A896
S2140304B0F2F726FABDF80430DA0710D49B0707D400
S2140304C010220021204602B0BDE8104000F0F9BD1E
S2140304D0224621461020FFF7E9FD0028F0D102B09E
S2140304E010BD13B50024CDE9003413460A46014671
S2140304F00620F2F731FA02B010BD08B50246F2F74D
S21403050021FA510544BF0838C0B2130544BF083862
S214030510C0B208BDF0B5D3078BB005460C4649D527
S214030520008800F027FC00230646029314B9CDE9A1
S214030530034403AC002208212046FEF7E8FEA0B1E0
S2140305402888FEF76AFC0230FEF731FB2146074691
S214030550ECF786FF48B1002240231146384600F0E8
S21403056008FABE2528460BB0F0BD31462888ECF7BE
S2140305700DFC10F0030F0CBF01260026F1F7A0FEBA
S21403058046EA4000C0B2009002AB05AA002120460E
S214030590F3F77EFB0546F1F793FE0028E2D0002D25
S2140305A0E0D0009602AB05AA00212046F3F770FBC5
S2140305B00546D7E7A625D5E701461A2308220120D4
S2140305C0ECF73CBD00231A46F3F7D0BA30B58BB030
S2140305D005AD04462846FCF71BF9022301A9284665
S2140305E08DF81430FCF77BFB01AA2346144603CC94
S2140305F0AC4218605960224603F10803F6D10BB0EB
S21403060030BD08B50023024619461846F3F7AEFA7E
S214030610012008BD37B504466846F3F71DFB0546BB
S21403062048B108222146684600F021FDB0FA80F062
S214030630400903B030BDFF2208212046FEF767FEBF
S214030640034628B106212846FFF7BCFF0120F0E742
S21403065022460146F3F78AFAF8E707B56846F3F742
S214030660FBFA10B16846FCF7EEFC00F0010003B09D
S2140306705DF804FB0120F3F7BFBF704730B589B0C0
S214030680054603A8FCF7C4F8012401A88DF80C401E
S214030690FCF7D4FA9DF806209DF80730AA4209D045
S2140306A0AB4209D103A88DF80D40E0F71FFE0120E9
S2140306B009B030BD0024F5E70020F9E708B50022AD
S2140306C011461046F4F78CFABDE8084000214FF6B1
S2140306D0FF70FFF777BF00221021FEF718BE7047A2
S2140306E07FB502460D460D2317216846F9F790FE9F
S2140306F002AE6B462A461C4603CCB44210605160D9
S214030700234602F10802F6D120681060237913719C
S21403071000236B7304B070BDF0B585B06C46064617
S2140307200B4601F10807224618685968254603C593
S2140307300833BB422C46F7D1186828601B792B7107
S21403074031460D231720F9F76CFE05B0F0BD38B51A
S21403075004460D46E0F740FBA04205D9204629464D
S214030760FFF7BEFF002038BD6920FCE730B585B033
S21403077000248DF80040E0F72FFBE5B2A84204D82A
S214030780F5F7FEF9002005B030BD69462846FFF7A9
S214030790C3FF0134EFE738B50446002000F041F903
S2140307A0FF2805460FD000F046F910F0010009D0E7
S2140307B0284600F040F9400840EAC17080F0010086
S2140307C000F0010038BD04F00100FBE7F8B5014670
S2140307D006460020F5F70EF9FF2801D00120F8BDE4
S2140307E0E0F7EAFA00240546871CE0F7E9FAE3B2E5
S2140307F0984201D80020F2E735F82430B34203D1FB
S21403080017F82430002BE9D10134EEE738B50D464E
S21403081001210446ECF754F930B101212046ECF7E8
S2140308204FF92880012038BD2C80204600F07BFB42
S2140308300130C0B2F7E72DE9F04788B0074689468E
S21403084010460DF10A011D469046FFF7DFFFBDF87F
S2140308500A6004464FF0000A3046CDE905AACDF8F3
S2140308601BA0ECF7BFF8031BDBB20B2B28BF0B2335
S214030870CDF800A02246314605A8FEF741FC48F213
S2140308801F039D4243D00BD885F40043012B15D993
S21403089000972346424649462846FCF7E6FB33E0E4
S2140308A048F23A039D42F3D1FEF781FDB8422BD0BE
S2140308B02246414605A8FCF729FC25E09DF814309E
S2140308C013BBBDF81D40DDF81500DDF8191003ABAA
S2140308D003C303A92046E0F7E9F9012203A920464A
S2140308E0F1F746FCA74206460ED0012103A8F5F70A
S2140308F0E5FA48F201039D4206D12EB93346324645
S21403090039462046FCF7E0FB08B0BDE8F0879DF8C3
S2140309101450002DF8D102349DF81570E4B2A846A1
S214030920EBB2BB42F0D2224608233146CDF8008014
S21403093003A8CDE90388FEF7E3FB03A800F06EF8EF
S21403094000F071F8083400F053F80135E4B2E7E735
S21403095010B50024848041800480C280038110BDCA
S21403096013B5BDF8104001900094F5F751FE02B0A0
S21403097010BD07B500930123FFF7F2FF03B05DF840
S21403098004FB0123F5F7DABE38B50546EFF7B0FFEB
S2140309900446E0F72DFAA40144EA4020284038BD77
S2140309A07047704700207047FF207047002070474D
S2140309B07047002070474FF6FF707047002070475F
S2140309C0704700207047704700207047704700202C
S2140309D07047002070477047704700207047704785
S2140309E07047002070474FF6FF707047932070479C
S2140309F070477047704770477047704701207047CD
S214030A000120704700207047002070470020704781
S214030A107047704770474FF6FF7070474FF6FF708A
S214030A207047FF207047FF207047FF207047002065
S214030A307047002070470020002170470020704751
S214030A4000207047002070477047002070472DE94C
S214030A50F04F002785B081460C467E203946BDF808
S214030A603CB09DF844A0BDF84C5001929846ADF8B2
S214030A700E70ECF761F80646002800F0AA80EBF744
S214030A8095FF39467E2200F01CFB3046EBF78EFFBF
S214030A9000903046EBF78AFFB9F1FF0F14BF44F01E
S214030AA0030727463B0A14F44062077043705FD17E
S214030AB0C31C4FF0080818460199424600F0E7FAAF
S214030AC004F440440346434484B1790606D41946E5
S214030AD04FEA1B2201F802BB5A700B46B4F5004FCF
S214030AE056D0A4F5404254425441E40022461846E8
S214030AF00E9900F0CCFA009A03462044A0EB0208B5
S214030B005FFA88F89DB14FF47C521A53841C28462A
S214030B10EBF74CFF83462846EBF764FFC5B22A463D
S214030B205946204600F0F3FA60190235EDB2B9F1E2
S214030B30FF0F2FD0109900F8019B524600F0E7FAFA
S214030B4008F101015AFA81F129443046EBF766FFB2
S214030B500C21FF00002207F0800739431046FEF7FA
S214030B603AF9ADF80E00E8B9002005B0BDE8F08FFD
S214030B70B2F5006F80F803804FEA182880F80480E7
S214030B8000F1050314BF4FF008084FF0020892E780
S214030B900224ABE708EB0A0129443046EBF73EFF95
S214030BA00821D6E73046EBF701FF04463046EBF75D
S214030BB019FF0123C2B221460DF10E00ECF742F8ED
S214030BC00028D1D1BDF84820BDF80E000121EBF76F
S214030BD08BFFBDF80E00C8E7F8B506460D46F6F7D8
S214030BE013FD0328044621D02846F6F70DFD0328F7
S214030BF007461BD010F0020318D1A0070DD5F9073E
S214030C0016D401233C43E20704D431892A8991424E
S214030C1018BF002303F00100F8BD0822294630461A
S214030C2000F025FAB0FA80F35B09EBE70020F3E760
S214030C301846F1E770B50D4600210646FEF73CF967
S214030C40044630B1EBF7B2FE01462846FFF7C4FF71
S214030C5008B1204670BD21463046FEF783F9EFE71C
S214030C607FB54FF6FF7101AAF6F764FD20B1BDF814
S214030C700C0007B05DF804FB4FF6FF70F9E708B504
S214030C801046EDF747FABDE80840EDF701BB2DE93E
S214030C90F7430F46012181461646EBF711FF05463B
S214030CA058B1FEF758FA308088B92846EBF79AFE13
S214030CB068B1182003B0BDE8F0834846EBF792FE10
S214030CC0FF2FA0EB0704E4B214D014B9348000203D
S214030CD0F0E72A4621462846FEF7D7F8804600283E
S214030CE0E7D000943B464A462946FEF743FAA6F861
S214030CF00080ECE70120DDE708B5FEF78EF84378C1
S214030D0003F001001A074CBF10300830DB0644BF5F
S214030D100830C0B21030C0B208BD10B50C46EBF7B1
S214030D2061FEA04234BF0020012010BD7FB59DF8B0
S214030D3020600091144641F20921024641F609203B
S214030D40002E18BF01461D460020099BF6F788FDB6
S214030D50ADF80E0010B9002004B070BD01232A467A
S214030D6021460DF10E00EBF76DFF0028F3D1BDF819
S214030D700E00F1E738B50546FFF7BEFF04462846E2
S214030D80EBF730FE631C9BB283420FD82846FEF770
S214030D9044F843785B0707D521462846EBF7F6FF6A
S214030DA0013004EB4004E4B2204638BD0024FBE7E0
S214030DB030B585B0ADF80E00EBF714FE0446BDF86B
S214030DC00E00FFF7D7FF00F10E03DBB2E5B2BDF866
S214030DD00E20ED1AADB2014600951046FEF7CAF98D
S214030DE0A4F10E01C9B20DF10E00FEF770F905B0BD
S214030DF030BD4278034612F0080006D0D20702D46C
S214030E0003F10800704703F10900704737B505463C
S214030E100C46FEF702F8437813F0100211D094B193
S214030E2003F001021B074FF00003009354BF183270
S214030E302032082329462046FEF762F9012003B034
S214030E4030BD1046FBE72046F9E700F00303012B0D
S214030E5008D0C30606D400F00C000C2814BF0820E4
S214030E600920704702207047034611F0030005D09F
S214030E7003F00303022B14BF0220032070472DE95F
S214030E80F0414E1C07460D46EBF7ACFD864203D9F0
S214030E9000242046BDE8F08129463846EBF776FF66
S214030EA08046FFF7D2FF18F0800F0446F1D00644C1
S214030EB03846EBF797FDB6B28642E9D82919C9B288
S214030EC03846EBF763FF01464046FFF7CDFF204465
S214030ED0C4B2DEE7F8B506460D46FFF7D0FF044674
S214030EE010B900242046F8BD29463046EBF74EFFDE
S214030EF08206F7D53046EBF775FD6F1C2744BFB265
S214030F008742EED82919C9B23046EBF73FFF00F007
S214030F101803082B14BF05340634E4B2830644BF13
S214030F200834E4B2DEE738B50546FFF723FF044688
S214030F3008B9002038BD01462846FFF7CBFF002836
S214030F40F7D02044C0B2F5E72DE9F04387B0054655
S214030F500C46FDF762FF8046FDF729FE0746284646
S214030F60FFF708FF064601462846FFF788FF0022DC
S214030F70034600922946324602A8FEF7C1F89DF8BA
S214030F80086006F00C030C2B06F003090BD0B9F12E
S214030F90010F59D0F10657D49DF809300DF10A0513
S214030FA06371002007E0FF2363710DF10900FDF76D
S214030FB0FEFD0DF10B05208198F80130DA0704D504
S214030FC008F10200FDF7F3FD2081B9F1010F5FFA86
S214030FD089F83DD0F3063BD42846FDF7E8FD60804C
S214030FE0A81CFDF7E4FD053515F8013C20802371A8
S214030FF02B78A372B00606F0400348BF43F02003E5
S214031000390627D543F40073F80448BF43F48063D6
S214031010390548BF43F400633206E38011D56A7886
S21403102012F003020DD0A9786FEA43436FEA5343E5
S214031030B8F1020FE3800B4611D1EB7841EA0321A6
S214031040218107B0BDE8F083FF230DF10905A7E76B
S214031050FF23CCE77A0648BF43F48073D4E7012A1C
S21403106004BF0B029BB22381EBE7EDF725B910B55E
S21403107001390244904201D1002005E0037811F8BB
S214031080014FA34201D0181B10BD0130F2E788427E
S21403109010B501EB020402D98442234607D8431E47
S2140310A0A14208D011F8012B03F8012FF8E70244F8
S2140310B001468A4200D110BD13F8014D02F8014DD6
S2140310C0F7E702440346934200D1704703F8011B37
S2140310D0F9E710B56AB10139841810F8012B11F835
S2140310E0013F9A4203D1A04201D0002AF5D1D01A7B
S2140310F010BD1046FCE77047704710F8012B11F837
S214031100013B012A28BF9A42F7D0D01A70470A44F7
S214031110914200F1FF3300D1704710B511F8014B2F
S21403112003F8014F9142F9D110BD034613F8012B82
S214031130002AFBD1181A01387047431C08BF002049
S214031140E7F7D8B900000000000000000000000028
S2140311500000000000000000000000000000000087
S214031160F8B500BFF8BC08BC9E467047F8B500BF8C
S214031170F8BC08BC9E4670475FF800F09515002043
S2140311800000000000000000000000000000000057
S2140311900000000000000000000000000000000047
S2140311A0312E302E3135003230323630393034007D
S2140311B01C0C6400B80B5000540B4100BE0A3200EE
S2140311C0280A2300C409190060090F002E09080025
S2140311D0FC08000000010203030F000504000505D8
S2140311E00100020175757675750075757575007560
S2140311F076767676757500757676767575007A6981
S214031200676265655F7072696E7400706C75676996
S2140312106E006E6574006B657973006F7074696F2A
S2140312206E00706C7567006368616E67656B6579E1
S214031230006368616E67656B007A646F007072693D
S2140312406E742072656C6174656420636F6D6D6186
S2140312506E64732E0061747472005A646F20726534
S2140312606C6174656420636F6D6D616E64732E00CC
S214031270726F75746500706F776572006D676D7455
S2140312802D6C7169006D676D742D62696E64006CF8
S2140312906561766500616374697665006E6F646583
S2140312A00073696D706C65006965656500756E62CF
S2140312B0696E64006E776B2D757064006F75742DA0
S2140312C0636C2D6C69737400696E2D636C2D6C6989
S2140312D07374005A646F20696E2D636C2D6C69738A
S2140312E0742072656C6174656420636F6D6D616EE6
S2140312F064732E0061646400636C656172005A64F3
S2140313006F206F75742D636C2D6C69737420726512
S2140313106C6174656420636F6D6D616E64732E001B
S2140313205A646F206E776B2D7570642072656C61DE
S21403133074656420636F6D6D616E64732E007363F2
S214031340616E2D6368616E2D6D61736B00736361EF
S2140313506E006368616E5067006368616E005A646E
S2140313606F20756E62696E642072656C6174656465
S21403137020636F6D6D616E64732E0067726F757098
S21403138000756E6963617374006368616E67656B8D
S21403139065792072656C6174656420636F6D6D6139
S2140313A06E64732E006C696E6B004F7074696F6E9B
S2140313B02072656C6174656420636F6D6D616E6425
S2140313C0732E007265676973746572007461726761
S2140313D06574006469736300696E7374616C6C2D65
S2140313E0636F64650062696E64696E672D7461621B
S2140313F06C65007072696E742D72782D6D736773E9
S21403140000617073726574727900736563757269CF
S21403141074790053656375726974792072656C61BB
S21403142074656420636F6D6D616E64732E007365FF
S214031430742D616C6C6F772D74727573742D636580
S2140314406E7465722D72656A6F696E2D7573696E3B
S214031450672D77656C6C2D6B6E6F776E2D6B65796C
S214031460007365742D616C6C6F772D74727573746D
S2140314702D63656E7465722D72656A6F696E2D7560
S21403148073696E672D77656C6C2D6B6E6F776E2D3B
S2140314906B65792D74696D656F7574007365742D4E
S2140314A06B65792D726571756573742D706F6C69D4
S2140314B0637900617073005365637572697479208C
S2140314C06170732072656C6174656420636F6D6D03
S2140314D0616E64732E0041505320726574727920D6
S2140314E0666C616720666F72636520636F6D6D61FE
S2140314F06E64730064656661756C7400456E616244
S2140315006C65732F44697361626C657320707269CE
S2140315106E74696E67206F66205278206D657373EC
S214031520616765732E00656E61626C65006469733E
S21403153061626C650042696E64696E6720746162FD
S2140315406C652072656C6174656420636F6D6D6194
S2140315506E64732E005365637572697479206B65C8
S21403156079732072656C6174656420636F6D6D6159
S2140315706E64732E0064656C657465004E657477DF
S2140315806F726B2072656C6174656420636F6D6D3A
S214031590616E64732E00666F726D0072656A6F69A2
S2140315A06E0072656A6F696E2D646966662D646582
S2140315B0766963652D747970650065787470616EFD
S2140315C069640069736F70656E0062726F61642D83
S2140315D0706A6F696E006368616E67652D63686124
S2140315E06E6E656C00696E6974006368616E67652C
S2140315F02D6B6565702D616C6976652D6D6F646501
S2140316000074696D656F75742D6F7074696F6E2DD8
S2140316106D61736B006D756C74692D7068792D73CD
S21403162074617274006D756C74692D7068792D73AE
S214031630746F700066696E64006E6574776F726BA4
S2140316402066696E6420636F6D6D616E64732E0031
S2140316506A6F696E61626C6500756E7573656400AA
S214031660736C6F742D6D616E616765720069646C6F
S214031670652D736C65657000636F756E7465727344
S21403168000656E642D6465766963652D7375707089
S2140316906F7274006964656E74696679006E65744A
S2140316A0776F726B2D7374656572696E67006F74FE
S2140316B0612D626F6F746C6F6164006F74612D636C
S2140316C06C69656E74006F74612D73746F726167F5
S2140316D0652D636F6D6D6F6E006F74612D73746F20
S2140316E0726167652D656570726F6D0075706461F4
S2140316F074652D74632D6C696E6B2D6B657900753F
S21403170070646174652D74632D6C696E6B2D6B65E7
S214031710792072656C6174656420636F6D6D616EAC
S21403172064730074696D6572007265706F727469B4
S2140317306E672072656C6174656420636F6D6D619E
S2140317406E64732E0072656D6F766500636C6561FB
S214031750722D6C6173742D7265706F72742D74695B
S2140317606D6500746573742D74696D696E67006FBB
S21403177074612D73746F726167652D656570726F22
S2140317806D2072656C6174656420636F6D6D616E48
S21403179064732E0077697065006F74612D73746FC0
S2140317A0726167652D636F6D6D6F6E2072656C6118
S2140317B074656420636F6D6D616E64730070726927
S2140317C06E74496D616765730072656C6F61640062
S2140317D073746F726167652D696E666F00646174FA
S2140317E0612D7072696E74006F74612D636C696528
S2140317F06E742072656C6174656420636F6D6D61D1
S2140318006E64732E0076657269667900626C6F6328
S2140318106B2D7465737400706167652D72657175E1
S21403182065737400757067726164652D7265717592
S2140318306573740064697361626C652D646F776E9B
S21403184067726164657300656E61626C652D646FB3
S214031850776E677261646573006F74612D626F6F74
S214031860746C6F61642072656C6174656420636F69
S2140318706D6D616E6473006E6574776F726B2D7336
S21403188074656572696E672072656C617465642041
S214031890636F6D6D616E64732E007072652D636F7A
S2140318A06E666967757265642D6B65792D736574ED
S2140318B0006D61736B2072656C6174656420636F81
S2140318C06D6D616E642E007375627472616374006D
S2140318D06964656E746966792072656C61746564A3
S2140318E020636F6D6D616E647300656E642D646551
S2140318F0766963652D737570706F72742072656C8C
S2140319006174656420636F6D6D616E64732E007021
S2140319106F6C6C2D636F6D706C657465642D63619D
S2140319206C6C6261636B00666F7263652D73686FC0
S21403193072742D706F6C6C00656E61626C655F749B
S21403194079706500737461636B00636F7265006121
S2140319507070007A636C006C65676163795F6166BB
S2140319605F646562756700636F756E746572732076
S21403197072656C6174656420636F6D6D616E64730C
S2140319802E007072696E742D636F756E7465722D9A
S214031990747970650073696D706C652D7072696E0D
S2140319A074007072696E742D7468726573686F6CF8
S2140319B06473007365742D7468726573686F6C6402
S2140319C00072657365742D7468726573686F6C64F2
S2140319D0730073656E642D72657175657374004369
S2140319E06F6D6D616E647320746F20636F6E7472B7
S2140319F06F6C2069646C696E672F736C65657069BC
S214031A006E67206F66207468652064657669636513
S214031A1000666F7263652D6177616B650061776140
S214031A206B652D7768656E2D6E6F742D6A6F696EA4
S214031A30656400656570726F6D207574696C697492
S214031A40792072656C6174656420636F6D6D616E79
S214031A50647300536C6F74204D616E61676572200A
S214031A6072656C6174656420636F6D6D616E64731B
S214031A7000626F6F742D736C6F74006572617365AB
S214031A802D736C6F74006578742D666C6173682DA6
S214031A90696E666F00736C6F74732D696E666F0084
S214031AA05072696E74732074696D652E0050726986
S214031AB06E7473206174747269627574652E004364
S214031AC06C6561727320746865205A444F206C6994
S214031AD07374206F6620636C69656E742028696E64
S214031AE02920636C7573746572732E004164647386
S214031AF020636C75737465727320746F20746865E5
S214031B00206B6E6F776E20636C69656E7420286930
S214031B106E2920636C757374657273206F6E207400
S214031B20686973206465766963652E00436C656136
S214031B30727320746865205A444F206C697374204E
S214031B406F6620636C69656E7420286F7574292030
S214031B50636C7573746572732E00416464732063DB
S214031B606C75737465727320746F20746865206B6C
S214031B706E6F776E20636C69656E7420286F75745C
S214031B802920636C757374657273206F6E20746896
S214031B906973206465766963652E0053656E6473A6
S214031BA020616E20757064617465206368616E6E73
S214031BB0656C20726571756573742E006368616E5B
S214031BC06E656C1F0053656E647320616E207570BE
S214031BD064617465206368616E6E656C207061670E
S214031BE065207265712E2054686520737461636B7B
S214031BF02073656E6473206E776B20656E68616E06
S214031C00636564207570646174652072657120660F
S214031C106F72206E6F6E2D7A65726F2070616765C6
S214031C202E006368616E6E656C1F706167651F00CA
S214031C30506572666F726D7320616E20656E657295
S214031C406779207363616E2E007461726765744EE4
S214031C506F646549641F7363616E4475726174696A
S214031C606F6E1F7363616E436F756E741F004272EF
S214031C706F616463617374732074686520494420DC
S214031C806F6620746865206E6577206E6574776F5F
S214031C90726B206D616E6167657220616E64206190
S214031CA06374697665206368616E6E656C732E0077
S214031CB06E776B4D676549641F6368616E6E656C0E
S214031CC04D61736B1F00506572666F726D73206192
S214031CD06E20656E65726779207363616E206F6E22
S214031CE020676976656E206368616E6E656C206D2D
S214031CF061736B2E007461726765744E6F64654919
S214031D00641F7363616E4475726174696F6E1F73CB
S214031D1063616E436F756E741F6368616E6E656C88
S214031D204D61736B1F0053656E64732061206E658F
S214031D3074776F726B206164647265737320726567
S214031D40717565737420666F7220746865206769A1
S214031D5076656E20494545452061646472657373F4
S214031D602E00696565651F0052657175657374732A
S214031D7020616E204945454520616464726573732E
S214031D80206261736564206F6E20612067697665E3
S214031D906E206E6F64652049442E006E6F6465493D
S214031DA0641F0053656E647320612073696D706CE5
S214031DB0652064657363726970746F7220726571EF
S214031DC07565737420666F72207468652073686F18
S214031DD07274206164647265737320616E64206537
S214031DE06E64706F696E7420737065636966696587
S214031DF0642E00646573741F746172676574456E40
S214031E0064706F696E741F0053656E64732061207F
S214031E106D6174636844657363726970746F72731B
S214031E205265717565737420746F207468652067D6
S214031E306976656E2064657374696E6174696F6E26
S214031E4020776974682074686520676976656E20F4
S214031E5070726F66696C652E006E6F646549641FE9
S214031E6070726F66696C651F0053656E64732061DC
S214031E70206E6F64652064657363726970746F7235
S214031E80207265717565737420746F2061206769AD
S214031E9076656E207461726765742064657669631F
S214031EA0652E007461726765741F0053656E6473F4
S214031EB02061205A444F2042696E6420636F6D6D23
S214031EC0616E6420746F20612064657669636520A3
S214031ED073706563696669656420696E20746865F6
S214031EE020636F6D6D616E6420617267756D656EDC
S214031EF074732E0044657374696E6174696F6E1F24
S214031F00536F7572636520656E64706F696E741FB8
S214031F1044657374696E6174696F6E20656E647070
S214031F206F696E741F636C757374657249441F72B0
S214031F30656D6F746545554936341F64657374451E
S214031F40554936341F0053656E647320616E2061F5
S214031F50637469766520656E64706F696E7420724B
S214031F6065717565737420746F2074686520646585
S214031F707669636520776974682074686520676985
S214031F8076656E2073686F72742049442E0053651D
S214031F906E647320616E20756E62696E642072656E
S214031FA0717565737420666F72206120756E696340
S214031FB06173742062696E64696E6720746F20743F
S214031FC06865207461726765742064657669636505
S214031FD02E007461726765741F736F757263652074
S214031FE065756936341F736F7572636520656E6435
S214031FF0706F696E741F636C757374657249441FE2
S21403200064657374696E6174696F6E4555493634D9
S2140320101F64657374696E6174696F6E20656E64A0
S214032020706F696E741F0053656E647320616E2053
S214032030756E62696E642072657175657374206669
S2140320406F722061206D756C7469636173742062AE
S214032050696E64696E6720746F20746865207461A6
S21403206072676574206465766963652E00746172B1
S2140320706765741F736F757263652065756936349B
S2140320801F736F7572636520656E64706F696E7417
S2140320901F636C757374657249441F67726F75703E
S2140320A0416464726573731F0053656E64732061C5
S2140320B0205A444F204D616E6167656D656E7420CE
S2140320C04C6561766520636F6D6D616E6420746F19
S2140320D02074686520746172676574206465766928
S2140320E063652E007461726765741F72656D6F7623
S2140320F0654368696C6472656E1F72656A6F696EA4
S2140321001F0053656E64732061205A444F204D4769
S2140321104D542D42696E64202842696E64696E6769
S214032120205461626C65292052657175657374204D
S214032130746F2074686520746172676574206465C3
S214032140766963652E007461726765741F737461C4
S2140321507274496E6465781F0053656E64732061FC
S214032160205A444F204D474D542D4C514920284C5E
S2140321705149205461626C652920526571756573F7
S2140321807420746F207468652074617267657420A8
S2140321906465766963652E0053656E6473206120FB
S2140321A05A444F20506F7765722044657363726993
S2140321B070746F72205265717565737420746F2026
S2140321C074686520746172676574206465766963F4
S2140321D0652E0053656E64732061205A444F207247
S2140321E06F757465207265717565737420636F6DA2
S2140321F06D616E6420746F20746865207461726705
S21403220065742E007461726765741F696E64657801
S2140322101F00696E6465781F65756936341F696EBD
S2140322207374616C6C436F64651F00696E646578D4
S2140322301F65756936341F6B65791F005443206C20
S214032240696E6B206B657920726571756573742092
S214032250706F6C6963791F417070206C696E6B20B8
S2140322606B6579207265717565737420706F6C6920
S21403227063791F0074696D656F75741F00426F6F15
S2140322806C3A20616C6C6F7720747275737420637C
S214032290656E7465722072656A6F696E2075736900
S2140322A06E672077656C6C2D6B6E6F776E206B6533
S2140322B0791F0070726F66696C6549641F636C757D
S2140322C07374657249641F00746172676574496448
S2140322D01F00456E61626C6573207072696E746967
S2140322E06E67206F66205278206D6573736167652D
S2140322F0732E0053657473207468652062696E6478
S214032300696E67207461626C6500696E6465781F28
S214032310636C75737465721F6C6F63616C45701FB5
S21403232072656D6F746545701F65756936341F0079
S214032330436C65617273207468652062696E6469B4
S2140323406E67207461626C652E005072696E7473DA
S214032350207468652062696E64696E6720746162C2
S2140323606C6520746F2074686520636F6D6D616E95
S21403237064206C696E652E00436C65617273206120
S2140323806C6C207365637572697479206B657973F9
S2140323902E0044656C6574652074686520737065EB
S2140323A0636966696564206C696E6B206B6579206A
S2140323B0696E6465782E005072696E747320616C62
S2140323C06C207365637572697479206B6579732EF7
S2140323D0005465726D696E61746573207468652058
S2140323E06D756C74692D50485920696E74657266F4
S2140323F0616365005573656420746F20737461723E
S21403240074206D756C74692D50485920696E746517
S2140324107266616365206F74686572207468616EA6
S214032420206E617469766520616E6420666F726DD6
S21403243020746865206E6574776F726B2E205468FF
S2140324406520737461636B20757365732073616DA8
S214032450652050616E4964206173206E61746976ED
S2140324606520726164696F206E6574776F726B2E78
S21403247000706167651F6368616E6E656C1F706FC1
S2140324807765721F6F7074696F6E734D61736B201F
S214032490284269742030203D20526F75746572732C
S2140324A020616C6C6F7765642C2042697420312040
S2140324B03D2042726F61646361737420616C6C6F5C
S2140324C0776564291F00417474656D707473207496
S2140324D06F206368616E676520746865206368694A
S2140324E06C642074696D656F7574206F7074696FA2
S2140324F06E206D61736B20746F2066696C746572F1
S214032500206F757420756E646573697261626C659D
S2140325102076616C7565732028652E672E206E6F96
S214032520206D6F7265207468616E20332064617954
S21403253073292E0074696D656F7574206F707469E6
S2140325406F6E206D61736B1F0053776974636865E4
S21403255073206265747765656E2064696666657266
S214032560656E74206B65657020616C697665206D99
S2140325706F64657320737570706F72746564206220
S21403258079206120726F757465722E004B656570D5
S21403259020616C697665206D6F64651F00507269F3
S2140325A06E7473207468652063757272656E74202A
S2140325B04E6F64652049442C2045554936342C20FB
S2140325C0616E642050616E2049442E00496E697422
S2140325D069616C697A65732061206E6574776F72C2
S2140325E06B3B20746869732069732061207465737C
S2140325F07420636F6D6D616E642075736564206609
S2140326006F722074632D737761702D6F75742074E9
S214032610657374696E672E005365747320746865FA
S214032620206E6574776F726B20696E6465782075AB
S21403263073656420627920616C6C206675747572AC
S2140326406520434C4920636F6D6D616E64732E2065
S214032650204265666F726520657865637574696E7A
S21403266067206120434C4920636F6D6D616E642C57
S21403267020746865206672616D65776F726B207370
S2140326807769746368657320746F20746869732050
S2140326906E6574776F726B2E2020416674657220A8
S2140326A074686520636F6D6D616E642066696E691C
S2140326B07368657320657865637574696E672C2027
S2140326C0746865206672616D65776F726B207377C9
S2140326D0697463686573206261636B20746F20742A
S2140326E068652070726576696F7573206E6574779A
S2140326F06F726B2E202054686520434C49207573F7
S2140327006573207468652073616D65206E657477E4
S2140327106F726B20696E64657820756E74696C20C1
S214032720746865206465766963652072657365748D
S21403273073206F72206974206973206368616E6703
S2140327406564207468726F7567682074686973209F
S214032750636F6D6D616E642E00417474656D707485
S2140327607320746F206368616E676520646576699D
S2140327706365206F76657220746F206120646966D6
S214032780666572656E74206368616E6E656C20673D
S2140327906976656E20696E20746865206368616E6D
S2140327A06E656C20617267756D656E742E00546875
S2140327B065206368616E6E656C20746F2063686164
S2140327C06E676520746F1F0066696E64556E757359
S2140327D0656450616E49640066696E644A6F696E2B
S2140327E061626C654E6574776F726B005065726DCF
S2140327F0697473206A6F696E696E67206F6E2074E2
S2140328006865206E6574776F726B20666F722061E1
S21403281020676976656E206E756D626572206F66D9
S214032820207365636F6E647320414E442062726F3B
S214032830616463617374732061205A444F204D674B
S2140328406D74205065726D6974204A6F696E696E87
S21403285067207265717565737420746F20616C6C84
S21403286020726F75746572732E00412073696E67EC
S2140328706C65206279746520696E64696361746946
S2140328806E6720686F77206C6F6E672074686520AC
S2140328906465766963652073686F756C6420686128
S2140328A07665207065726D6974206A6F696E696EED
S2140328B067207475726E6564206F6E20666F722E65
S2140328C020412076616C7565206F662030786666D9
S2140328D0207475726E73206F6E207065726D6974E6
S2140328E0206A6F696E20696E646566696E697465D1
S2140328F06C792E1F00436865636B73206E6574776F
S2140329006F726B20706A6F696E207374617475736F
S2140329102E00577269746573207468652065787431
S214032920656E6465642070616E20494420666F722C
S21403293020746865206465766963652E006578741F
S21403294070616E69641F0052656A6F696E732061F9
S2140329506E206578697374696E67206E6574776F29
S214032960726B20696E206120736563757265206FD4
S2140329707220696E736563757265206D616E6E6530
S214032980722077697468206120646966666572657B
S2140329906E742064657669636520747970652E00AD
S2140329A0426F6F6C65616E206E6574776F726B2015
S2140329B06B657920617661696C6162696C697479AB
S2140329C01F4368616E6E656C206D61736B1F416E8D
S2140329D020656E756D65726174696F6E20696E64CD
S2140329E069636174696E67207468652064657669D7
S2140329F06365207479706520746F2072656A6F69E9
S214032A006E2061732E54686520737461636B206F48
S214032A106E6C79206163636570747320454D42451F
S214032A20525F454E445F44455649434520616E64B4
S214032A3020454D4245525F534C454550595F454EE0
S214032A40445F4445564943452E1F0052654A6F6905
S214032A506E732061206E6574776F726B2E00426F03
S214032A606F6C65616E206E6574776F726B206B6535
S214032A707920617661696C6162696C6974791F4358
S214032A8068616E6E656C206D61736B1F004C6561CB
S214032A907665732061206E6574776F726B2E0054B3
S214032AA075726E73207065726D6974206A6F696ED5
S214032AB0696E67206F6E20666F722074686520618A
S214032AC06D6F756E74206F662074696D6520696E10
S214032AD0646963617465642E00412073696E676C74
S214032AE065206279746520696E6469636174696ED2
S214032AF06720686F77206C6F6E6720746865206444
S214032B0065766963652073686F756C6420686176A3
S214032B1065207065726D6974206A6F696E696E6789
S214032B20207475726E206F6E20666F722E204120A1
S214032B3076616C7565206F662030786666207475DE
S214032B40726E73207065726D6974206A6F696E2089
S214032B50696E646566696E6974656C792E1F004AD2
S214032B606F696E732061206E6574776F726B206F6A
S214032B706E206120676976656E206368616E6E6598
S214032B806C2C2077697468206120676976656E20EF
S214032B90545820506F77657220616E642050414E02
S214032BA02049442E00546865206368616E6E656C28
S214032BB0206F6E20776869636820746F206A6F6978
S214032BC06E20746865206E6574776F726B1F4F6E28
S214032BD0652D62797465207369676E656420766116
S214032BE06C756520696E6469636174696E672074C9
S214032BF0686520545820506F776572207468617436
S214032C002074686520726164696F2073686F756CE1
S214032C10642062652073657420746F1F5468652092
S214032C2050414E204944206F6E20776869636820C0
S214032C30746F206A6F696E20746865206E6574779A
S214032C406F726B1F00466F726D732061206E657422
S214032C50776F726B206F6E206120676976656E20D2
S214032C606368616E6E656C2C2077697468206120DA
S214032C70676976656E20545820506F7765722061B9
S214032C806E642050414E2049442E005468652063EC
S214032C9068616E6E656C206F6E2077686963682066
S214032CA0746F20666F726D20746865206E65747726
S214032CB06F726B1F4F6E652D62797465207369673B
S214032CC06E65642076616C756520696E6469636100
S214032CD074696E672074686520545820506F776552
S214032CE07220746861742074686520726164696F09
S214032CF02073686F756C6420626520736574207436
S214032D006F1F5468652050414E204944206F6E2043
S214032D10776869636820746F20666F726D207468C5
S214032D2065206E6574776F726B1F00546869732035
S214032D3073657473207468652074686520616D6FAD
S214032D40756E74206F662074696D6520626574778E
S214032D5065656E2073756273657175656E74207430
S214032D60727573742063656E746572206C696E6B1E
S214032D70206B6579207570646174657320696E20B5
S214032D806D696C6C697365636F6E64732E0054684B
S214032D906520616D6F756E74206F662074696D654E
S214032DA0206265747765656E2073756273657175E9
S214032DB0656E742074727573742063656E746572C1
S214032DC0206C696E6B206B65792075706461746521
S214032DD07320696E206D696C6C697365636F6E64CE
S214032DE0731F00464F522054455354494E472050B4
S214032DF05552504F534553202D20676174686572B2
S214032E002074696D696E67206D65747269637320DB
S214032E10666F72207265706F7274696E6720746174
S214032E20626C65206F7065726174696F6E732E00D5
S214032E30436C6561727320746865206C61737420DB
S214032E407265706F72742074696D65206F66206199
S214032E507474726962757465732E004164647320BA
S214032E6061206E657720656E74727920746F2074A6
S214032E706865207265706F7274207461626C652E6B
S214032E8000546865206C6F63616C20656E64706FB8
S214032E90696E742066726F6D207768696368207444
S214032EA0686520617474726962757465206973203D
S214032EB07265706F727465641F54686520636C7501
S214032EC0737465722077686572652074686520611F
S214032ED07474726962757465206973206C6F6361BC
S214032EE07465641F546865204944206F66207468BF
S214032EF06520617474726962757465206265696EB3
S214032F0067207265706F727465641F3020666F7217
S214032F1020636C69656E742D7369646520617474CF
S214032F2072696275746573206F72203120666F72E2
S214032F30207365727665722D736964652061747497
S214032F40726962757465731F546865206D696E696E
S214032F506D756D207265706F7274696E6720696E29
S214032F6074657276616C2C206D6561737572656429
S214032F7020696E207365636F6E64732E1F546865D5
S214032F80206D6178696D756D207265706F727469F6
S214032F906E6720696E74657276616C2C206D656150
S214032FA0737572656420696E207365636F6E6473F0
S214032FB02E1F546865206D696E696D756D20636894
S214032FC0616E676520746F2074686520617474721F
S214032FD0696275746520746861742077696C6C2007
S214032FE0726573756C7420696E2061207265706FEC
S214032FF07274206265696E672073656E742E1F0097
S21403300052656D6F76657320616E20656E74727996
S2140330102066726F6D20746865207265706F7274B7
S214033020207461626C652E0054686520696E646561
S21403303078206F6620746865207265706F727420DE
S214033040746F2062652072656D6F7665641F00433A
S2140330506C6561727320616C6C20656E7472696551
S214033060732066726F6D20746865207265706F7268
S21403307074207461626C652E005072696E747320DE
S214033080746865207265706F7274207461626C6513
S2140330902E00576970657320616C6C2064617461DF
S2140330A020696E207468652073746F72616765208B
S2140330B06465766963652E005072696E7473206169
S2140330C07262697472617279206279746573206FB3
S2140330D06620746865204F544120696D61676520DA
S2140330E06F6E206469736B2E0054686520696E6486
S2140330F06578206F662074686520696D6167652052
S214033100746F207072696E742069747320646174BE
S214033110611F546865206F666673657420696E74F4
S2140331206F20746865204F544120696D6167652080
S214033130746861742077696C6C20626520707269AC
S2140331406E7465641F005072696E747320696E66D0
S2140331506F726D6174696F6E2061626F757420742F
S21403316068652073746F726167652064657669634A
S214033170652E0052656C6F616420746865207374F5
S2140331806F72616765206465766963652E004465C2
S2140331906C657465732074686520696D6167652066
S2140331A06174207468652073706563696669656415
S2140331B020696E6465782E0054686520696E6465C0
S2140331C07820617420776869636820746F2062656D
S2140331D067696E2064656C6574696E6720746865DC
S2140331E020696D6167651F005072696E7473207481
S2140331F0686520696D616765732E00456E61626C54
S2140332006573204F544120646F776E6772616465FF
S214033210732E0044697361626C6573204F544120BA
S214033220646F776E6772616465732E0053656E64B0
S2140332307320616E2055706772616465456E6452D3
S21403324065717565737420746F20616E204F5441E9
S214033250207365727665722E0043616E2062652068
S2140332607573656420746F2064796E616D6963613C
S2140332706C6C79207475726E206F66662073656E4B
S21403328064696E6720706167652072657175657322
S2140332907473206F6E2074686520636C69656E7442
S2140332A020736964652C20696620746865207365DD
S2140332B07276657220646F65736E277420737570FB
S2140332C0706F7274207468697320666561747572B2
S2140332D0652E00426F6F6C65616E2076616C756556
S2140332E0207475726E696E67206F6E2028312920F0
S2140332F06F72206F666620283029207468652070F8
S214033300616765207265717565737420666C6167A5
S2140333101F0053656E647320616E20696D61676577
S21403332020626C6F636B20726571756573742066BB
S2140333306F7220612066696C65207468652073650A
S214033340727665722073686F756C64206E6F742076
S214033350686176652E202054657374206861726EEA
S214033360657373206F6E6C7920287465737420639D
S21403337061736520392E352E36202D204D697373E3
S214033380696E672046696C6529005072696E7473AE
S21403339020696E666F726D6174696F6E206F6E2042
S2140333A07468652063757272656E742073746174D5
S2140333B065206F6620746865204F544120636C69EE
S2140333C0656E7420646F776E6C6F61642E00537441
S2140333D06F707320746865204F5441207374617452
S2140333E065206D616368696E652E0053746172743F
S2140333F07320746865204F544120636C69656E744E
S214033400207374617465206D616368696E652E2030
S214033410546865207374617465206D616368696EB2
S2140334206520646973636F766572732074686520BC
S2140334304F5441207365727665722C2071756572E0
S21403344069657320666F72206E657720696D6167A4
S21403345065732C20646F776E6C6F61647320746879
S2140334606520696D6167657320616E6420776169A5
S214033470747320666F722074686520736572766550
S2140334807220636F6D6D616E6420746F2075706754
S214033490726164652E005072696E74732074686579
S2140334A0206D616E7566616374757265722049443A
S2140334B02C20496D61676520547970652049442C3A
S2140334C020616E642056657273696F6E20696E663E
S2140334D06F726D6174696F6E2074686174206172B7
S2140334E0652075736564207768656E206120717545
S2140334F0657279206E65787420696D6167652069E9
S214033500732073656E7420746F207468652073650A
S214033510727665722062792074686520636C6965CB
S2140335206E742E00506572666F726D7320736967D2
S2140335306E61747572652076657269666963617417
S214033540696F6E206F6E2074686520696D616765AC
S21403355020617420746865207370656369666965A5
S2140335606420696E6465782E0054686520696E640D
S214033570657820617420776869636820746F2062B9
S2140335806567696E20766572696669636174696FDB
S2140335906E206F662074686520696D6167651F001D
S2140335A0426F6F746C6F6164732074686520696D15
S2140335B0616765206174207468652073706563694C
S2140335C06669656420696E64657820627920636144
S2140335D06C6C696E6720746865204F544120626F77
S2140335E06F746C6F61642063616C6C6261636B2ED5
S2140335F00054686520696E64657820617420776876
S21403360069636820746F20626567696E20626F6FF6
S214033610746C6F6164696E672074686520696D6198
S21403362067651F005072696E747320696E666F203B
S21403363061626F75742074686520696E7374616C5B
S2140336406C656420626F6F746C6F616465722E00C4
S2140336505375627472616374732061206368616E6C
S2140336606E656C2066726F6D20656974686572207E
S214033670746865207072696D617279206F72207349
S21403368065636F6E64617279206368616E6E656CE4
S214033690206D61736B206F6620746865206E657499
S2140336A0776F726B2D7374656572696E6720636FCF
S2140336B06D706F6E656E742E005468652063686166
S2140336C06E6E656C206D61736B20746F207375620C
S2140336D0747261637420746865206368616E6E65D6
S2140336E06C2066726F6D1F546865206368616E6E2A
S2140336F0656C20746F2073756274726163742074D2
S2140337006865206D61736B2066726F6D1F00416480
S21403371064732061206368616E6E656C20746F202D
S21403372065697468657220746865207072696D6176
S2140337307279206F72207365636F6E64617279208D
S2140337406368616E6E656C206D61736B206F6620B7
S214033750746865206E6574776F726B2D7374656518
S21403376072696E6720636F6D706F6E656E742E0080
S214033770546865206368616E6E656C206D61736B5B
S21403378020746F206164642061206368616E6E65D7
S2140337906C20746F1F546865206368616E6E656C79
S2140337A020746F2061646420746F20746865206DD4
S2140337B061736B1F00536574732065697468657263
S2140337C020746865207072696D617279206F72204B
S2140337D07365636F6E64617279206368616E6E658C
S2140337E06C206D61736B2E00546865206368616E90
S2140337F06E656C206D61736B20746F2073756274D5
S2140338007261637420746865206368616E6E656CAC
S2140338102066726F6D1F5468652076616C7565202F
S214033820746F2073657420746865206368616E6EB8
S214033830656C206D61736B20746F2E1F0053657467
S2140338407320746865207072652D636F6E66696792
S21403385075726564206B657920736F207468617474
S21403386020746865206A6F696E696E672064657682
S2140338706963652063616E20656E74657220746883
S21403388065206E6574776F726B2E005365747320B4
S21403389074686520707265636F6E666967757265B6
S2140338A064206B65791F0053746F707320746865AA
S2140338B0206E6574776F726B207374656572696EBC
S2140338C0672070726F636573732E0053746172742E
S2140338D07320746865206E6574776F726B207374DB
S2140338E0656572696E672070726F636573732E0009
S2140338F041206D61736B206F66206F7074696F6E05
S2140339007320666F7220696E6469636174696E679B
S21403391020737065636966696320626568617669AA
S2140339206F722077697468696E20746865206E65A7
S21403393074776F726B2D7374656572696E6720702A
S214033940726F636573732E1F00446973706C6179BD
S21403395073207468652063757272656E7420737461
S21403396061747573206F6620746865206E6574775E
S2140339706F726B207374656572696E672070726F01
S214033980636573732E005072696E7420776869637B
S2140339906820656E64706F696E747320617265204B
S2140339A07265706F7274696E672E00536574732048
S2140339B0776865746865722074686520434C49208F
S2140339C0666F7263657320746865206465766963E1
S2140339D06520746F2073686F727420706F6C6C2E22
S2140339E0005468652076616C756520696E6469634A
S2140339F06174696E67207768657468657220746899
S214033A0065206465766963652073686F756C6420EA
S214033A1073686F727420706F6C6C1F0053657473D9
S214033A2020776865746865722074686520646576B7
S214033A306963657320706F6C6C20636F6D706C6563
S214033A407465642063616C6C6261636B2066756E7B
S214033A506374696F6E20697320656E61626C65645A
S214033A602E005468652076616C756520696E6469FE
S214033A70636174696E67207768657468657220741D
S214033A806865206465766963657320706F6C6C2067
S214033A90636F6D706C657465642063616C6C6261E2
S214033AA0636B2066756E6374696F6E206973206539
S214033AB06E61626C65641F00446973706C61797330
S214033AC02074686520737461747573206F66207440
S214033AD0686520456E642044657669636573207067
S214033AE06F6C6C696E672E00456E61626C652F6441
S214033AF0697361626C6520646562756720606C65D6
S214033B006761637920617070206672616D65776F97
S214033B10726B20646562756760207072696E7420CC
S214033B20747970652E00456E61626C652F646973E7
S214033B3061626C651F00456E61626C652F64697314
S214033B4061626C6520646562756720607A636C6089
S214033B50207072696E7420747970652E00456E61EC
S214033B60626C652F64697361626C65206465627557
S214033B7067206061707060207072696E742074795B
S214033B8070652E00456E61626C652F6469736162B1
S214033B906C652064656275672060636F726560207C
S214033BA07072696E7420747970652E00456E61625A
S214033BB06C652F64697361626C6520646562756702
S214033BC02060737461636B60207072696E74207416
S214033BD07970652E0053656E64732061207265717B
S214033BE07565737420666F72204F544120636F753A
S214033BF06E746572732E0052657365747320616C00
S214033C006C207468726573686F6C64732076616C7D
S214033C1075657320746F203078464646462E0053EB
S214033C206574732061207468726573686F6C6420B2
S214033C3076616C756520666F7220612070617274A0
S214033C406963756C61722074797065206F66206392
S214033C506F756E7465722E0054797065206F6620DA
S214033C60636F756E7465721F5468726573686F6CE4
S214033C70642056616C75651F005072696E747320FC
S214033C80746865207468726573686F6C6473206FFC
S214033C906620616C6C2074686520636F756E74654E
S214033CA072732E00436C6561727320616C6C2063C3
S214033CB06F756E7465722076616C7565732E005031
S214033CC072696E747320616C6C20636F756E7465B5
S214033CD0722076616C7565732E005072696E74730C
S214033CE0207468652076616C7565206F662074683D
S214033CF0697320706172746963756C617220636F97
S214033D00756E7465722E0054686520636F756E74E5
S214033D106572207479706520746F207072696E7492
S214033D201F005072696E747320616C6C20636F752C
S214033D306E7465722076616C75657320616E64209F
S214033D40636C65617273207468656D2E00536574C9
S214033D50206F7220636C65617220737461792061D1
S214033D6077616B65207768656E206E6F74206A6F67
S214033D70696E656400536574206F7220636C6561B9
S214033D807220666F726365206177616B65004469B4
S214033D9073706C61792074686520736C6565702038
S214033DA0737461747573006F66667365741F005071
S214033DB072696E747320696E666F726D6174696F73
S214033DC06E20666F7220616C6C20617661696C612F
S214033DD0626C6520736C6F74732E00526561647336
S214033DE02072617720646174612066726F6D20664D
S214033DF06C6173682073746F726167652E0041642B
S214033E00647265737320746F20726561641F4E75E8
S214033E106D626572206F6620627974657320746FB5
S214033E2020726561641F005072696E747320666C3D
S214033E306173682073746F7261676520696E666F5D
S214033E40726D6174696F6E2E0045726173657320BF
S214033E507468652073706563696669656420736C4E
S214033E606F742049442E0053746F72616765207324
S214033E706C6F74206E756D6265721F00426F6F748F
S214033E80732074686520696D61676520696E2074A8
S214033E9068652073706563696669656420736C6F13
S214033EA0742049442E000000E516030074490300FD
S214033EB000000000FE110300384803000000000065
S214033EC00B120300B844030000000000947A0300BA
S214033ED09043030000000000121203009043030007
S214033EE00100000016120300504303000000000008
S214033EF01B1203009441030000000000C955030091
S214033F0094410300010000000B120300B8440300B1
S214033F100000000022120300B84403000100000062
S214033F202712030060410300000000003112030063
S214033F30604103000100000039120300903F0300B4
S214033F4000000000BC6A03005C3F030000000000A2
S214033F500000000000000000000000006C3F0300AB
S214033F603D1203000E560300FE0000005512030028
S214033F701C4A0300000000005E1703000C4A0300FF
S214033F800000000000000000000000000000000029
S214033F90A03F03005A1203000E560300FE00000063
S214033FA0701203009C4B030000000000761203000F
S214033FB08C4B0300000000007C1203007C4B0300C4
S214033FC000000000851203006C4B03000000000095
S214033FD08F1203005C4B03000000000095120300E1
S214033FE0244B0300000000008A120300104B03005A
S214033FF0000000009C120300004B030000000000BA
S214034000FB6A0300F04A030000000000A11203004D
S214034010E04A030000000000A8120300D04A030091
S2140340200000000080750300C04A03000000000083
S214034030AD1203002C41030000000000B41203007D
S214034040D440030000000000BC120300A04003009D
S21403405000000000C81203006C40030000000000CC
S2140340600000000000000000000000007C40030089
S214034070D31203000E560300FE000000F4120300E2
S2140340803C4A030000000000F81203002C4A030019
S2140340900000000000000000000000000000000018
S2140340A0B0400300FE1203000E560300FE0000009D
S2140340B0F41203005C4A030000000000F812030039
S2140340C04C4A03000000000000000000000000004F
S2140340D000000000E4400300201303000E56030014
S2140340E0FE0000003E130300AC4A0300000000007D
S2140340F0AD1803009C4A0300000000004D130300A4
S2140341008C4A030000000000521303007C4A03009D
S21403411000000000591303006C4A0300000000006F
S2140341200000000000000000000000003C41030007
S2140341305E1303000E560300FE0000007B1303000D
S214034140484B03000000000081130300344B0300B8
S2140341500000000000000000000000000000000057
S21403416070410300891303000E560300FE0000008F
S214034170A5130300DC4B030000000000947A030041
S214034180CC4B03000000000000000000000000000D
S21403419000000000A4410300AA1303000E56030008
S2140341A0FE000000C31303008C4C03000000000055
S2140341B0CC1303007C4C030000000000D313030061
S2140341C06C4C030000000000A5130300BC4B030067
S2140341D000000000D8130300AC4B030000000000EF
S2140341E0E51303001043030000000000F31303006D
S2140341F0DC42030000000000011403009C4203009D
S214034200000000000A1403001C4203000000000024
S2140342100000000000000000000000002C42030025
S214034220131403000E560300FE0000002E140300B2
S2140342300C4C03000000000061140300FC4B030059
S214034240000000009C140300EC4B03000000000079
S214034250B3140300684203000000000000000000DF
S214034260000000000000000078420300B7140300BB
S2140342700E560300FE000000FC8D03002C4C0300CA
S214034280000000008AAA03001C4C03000000000084
S214034290000000000000000000000000AC42030025
S2140342A0D61403000E560300FE000000FC8D030028
S2140342B05C4C0300000000008AAA03004C4C030079
S2140342C000000000F41403003C4C03000000000050
S2140342D0000000000000000000000000EC420300A5
S2140342E0FC1403000E560300FE0000002615030010
S2140342F0AC4C0300000000002D1503009C4C03008B
S21403430000000000000000000000000000000000A5
S21403431020430300351503000E560300FE0000007D
S214034320BC6A0300E04C030000000000F812030020
S214034330D04C030000000000AD180300BC4C030083
S2140343400000000000000000000000000000000065
S21403435060430300551503000E560300FE000000DD
S214034360BC6A0300104D030000000000751503002F
S214034370004D030000000000F8120300F04C030099
S2140343800000000000000000000000000000000025
S214034390A04303007C1503000E560300FE00000036
S2140343A096150300444E030000000000B77A03008E
S2140343B0344E030000000000D0150300244E030013
S2140343C0000000008F120300144E030000000000DC
S2140343D09B150300044E030000000000A215030013
S2140343E0F44D030000000000BA150300E44D03007B
S2140343F000000000C3150300D44D030000000000B6
S214034400CA150300C44D030000000000D6150300C0
S214034410944D030000000000AD180300844D030014
S21403442000000000E5150300744D030000000000C3
S214034430B6880300644D030000000000EA1503007D
S214034440544D03000000000001160300444D030012
S2140344500000000015160300304D030000000000A6
S21403446025160300204D0300000000003416030049
S2140344708444030000000000000000000000000069
S2140344800000000094440300391603000E56030090
S214034490FE00000050160300B44D030000000000A9
S2140344A059160300A44D030000000000000000009E
S2140344B00000000000000000C84403000E5603007E
S2140344C00E560300FE00000060160300B449030006
S2140344D0000000006D1603003449030000000000CE
S2140344E078160300B8480300000000008116030096
S2140344F0F84703000000000094160300D0470300AB
S214034500000000009D16030038470300000000006B
S214034510AE1603001047030000000000BB1603009E
S2140345207046030000000000C6160300184603008A
S21403453000000000D9160300F04503000000000049
S2140345408B9D03008C45030000000000EC1603005F
S21403455064450300000000000000000000000000A7
S2140345600000000074450300FF1603000E56030008
S214034570FE00000023170300544E03000000000053
S2140345800000000000000000000000009C4503003F
S214034590291703000E560300FE000000BC6A030042
S2140345A0B84E030000000000F8120300A84E0300F4
S2140345B00000000045170300984E030000000000AB
S2140345C0F4120300844E0300000000004C1703009F
S2140345D0744E03000000000063170300644E0300DC
S2140345E000000000000000000000000000000000C3
S2140345F0004603006F1703000E560300FE0000007C
S21403460094170300C84E03000000000000000000DB
S214034610000000000000000028460300991703006E
S2140346200E560300FE000000BD170300184F0300DC
S2140346300000000075150300084F0300000000008B
S214034640C9170300F84E030000000000D01703004C
S214034650E84E030000000000DD170300D84E0300F9
S2140346600000000000000000000000000000000042
S21403467080460300E81703000E560300FE00000002
S214034680B2160300C84F030000000000051803001D
S214034690B84F030000000000AB800300A84F0300E0
S2140346A000000000718F0300984F03000000000015
S2140346B02F160300884F030000000000E67A03006D
S2140346C0784F0300000000000C180300684F030037
S2140346D00000000017180300584F030000000000F6
S2140346E024180300484F030000000000341803009A
S2140346F0384F03000000000047180300284F03004C
S21403470000000000000000000000000000000000A1
S21403471020470300591803000E560300FE0000004E
S214034720AB800300D84F0300000000000000000029
S214034730000000000000000048470300771803004D
S2140347400E560300FE000000E67A030048500300FE
S21403475000000000718F03003850030000000000C3
S2140347602F16030028500300000000009A180300C9
S214034770185003000000000048130300904703008E
S2140347800000000000000000000000000000000021
S214034790A0470300B11803000E560300FE000000F6
S2140347A0AD1803000850030000000000F4120300D5
S2140347B0F84F030000000000C7180300E84F03008B
S2140347C000000000000000000000000000000000E1
S2140347D0E0470300D01803000E560300FE00000057
S2140347E0BC6A0300585003000000000000000000ED
S2140347F0000000000000000008480300EA18030059
S2140348000E560300FE000000E67A030088500300FD
S214034810000000000F19030078500300000000009A
S2140348202719030068500300000000000000000082
S2140348300000000000000000484803000E56030076
S2140348400E560300FE0000003819030060480300FC
S2140348500000000000000000000000000000000050
S214034860704803000E5603000E560300FE000000B9
S21403487044190300D8500300000000004A1903003F
S214034880C8500300000000004F190300B85003008F
S2140348900000000053190300A850030000000000A6
S2140348A057190300985003000000000000000000A2
S2140348B00000000000000000C8480300671903005A
S2140348C00E560300FE000000BC6A030058510300A6
S2140348D00000000082190300485103000000000096
S2140348E0951903003851030000000000F812030076
S2140348F02851030000000000A2190300185103000A
S21403490000000000B3190300085103000000000074
S214034910C1190300F850030000000000D219030079
S214034920E850030000000000000000000000000044
S2140349300000000044490300DF1903000E5603007D
S214034940FE000000E67A0300885103000000000022
S214034950111A030078510300000000001D1A03001B
S2140349606851030000000000000000000000000083
S2140349700000000084490300331A03000E560300A8
S214034980FE000000DD170300B8510300000000001E
S214034990E67A0300A851030000000000AB80030082
S2140349A09851030000000000000000000000000013
S2140349B000000000C4490300531A03000E56030008
S2140349C0FE000000711A03000852030000000000F6
S2140349D07B1A0300F851030000000000861A030048
S2140349E0E85103000000000029590300D8510300D2
S2140349F000000000951A0300C851030000000000E1
S214034A0000000000000000000000000093A6020063
S214034A10A01A03000E560300FF0000008FA6020034
S214034A20AD1A03000E560300FF0000004185000088
S214034A30BF1A03000E560300FF000000DD840000CB
S214034A40EC1A0300BD22030001FF000041850000AD
S214034A502C1B03000E560300FF000000DD8400003D
S214034A605A1B0300BD22030001FF000075850000EA
S214034A709B1B0300BC1B030000FF000075850000A2
S214034A80C51B0300221C03000000FF000186000074
S214034A90301C0300491C0300010001FF6D86000063
S214034AA06E1C0300B01C03000102FF000186000019
S214034AB0C61C0300F51C030001000102FF000000F2
S214034AC0C1830000261D0300621D030007FF0000CC
S214034AD0E1830000681D03009B1D030001FF000027
S214034AE0F5830000A31D0300F31D03000100FF0070
S214034AF01D880000081E0300591E03000101FF0065
S214034B0025840000691E0300A31E030001FF0000A6
S214034B1051840000AB1E0300F41E030001000001D5
S214034B200707FF009D860000461F03009B1D03002A
S214034B3001FF0000A58700008E1F0300D21F03009D
S214034B40010700010700FF00A1A6020027200300BB
S214034B506D2003000107000101FF00002587000008
S214034B60A9200300E4200300010000FFF5860000EF
S214034B7002210300462103000100FF00C586000052
S214034B8059210300462103000100FF00758700003A
S214034B9098210300A31E030001FF0000E587000021
S214034BA0D3210300042203000100FF00697D0000F7
S214034BB00E56030012220300000707FF017D0000C4
S214034BC00E5603002B220300000707FF598200003E
S214034BD00E5603003722030007FF00005982000029
S214034BE00E5603003722030007FF0000358200003D
S214034BF00E5603003C2203000000FF00158200004F
S214034C000E5603007422030001FF0000DD8100003E
S214034C100E5603007D22030000FF0000E17C000027
S214034C200E5603000E560300FF000000E17C000052
S214034C300E5603000E560300FF00000055A60200A2
S214034C400E5603000E560300FF00000055A6020092
S214034C500E5603000E560300FF00000055A6020082
S214034C600E5603000E560300FF000000B17C000042
S214034C700E560300B32203000101FF009D7C0000D3
S214034C800E560300C822030001FF000051A60200CF
S214034C900E5603000E560300FF000000657C00005E
S214034CA0041503000E560300FF000000657C000099
S214034CB0D22203000E560300FF000000F97D000019
S214034CC0F32203000A2303000001000007FF00008D
S214034CD04DA60200302303000E560300FF0000001B
S214034CE0617B00004A2303000E560300FF0000000A
S214034CF08DA60200782303000E560300FF00000073
S214034D007FA60200922303000B22030000FF00008D
S214034D10AD820000B72303000E560300FF00000019
S214034D20357A0000D12303000E560300FF0000006F
S214034D30C9790000F4230300712403000000031064
S214034D40FF000000A57A0000C624030034250300F4
S214034D5001FF0000797A0000492503008C25030033
S214034D6000FF00008D7900009D2503000E5603000A
S214034D70FF0000004BA60200CC2503000E560300DE
S214034D80FF00000069790000182603000B220300C9
S214034D9000FF00003579000059270300AE27030003
S214034DA000FF000019790000C82703000E56030011
S214034DB0FF000000FD780000D82703000E5603000E
S214034DC0FF0000003BA60200EC2703006A2803004E
S214034DD000FF0000CD780000F52803000E56030000
S214034DE0FF00000089780000122903003D29030014
S214034DF007FF00004D78000047290300A0290300A1
S214034E00000500FF057800004B2A03005E2A030016
S214034E100002FF00E17700008D2A03000E56030010
S214034E20FF0000003BA602009F2A0300D92A0300C6
S214034E3000FF0000757700005F2B0300A52B03001F
S214034E40000301FF65770000452C03008B2C03004D
S214034E50000301FF1BB202002B2D03008E2D03005F
S214034E6002FF0000E5CE0000E32D03000E5603000C
S214034E70FF000000BDCE0000302E03000E560300D8
S214034E80FF00000049CE00005B2E0300812E0300C6
S214034E9000010100010102FF21CE000000300300E3
S214034EA02830030000FF000001CE00004F3003004F
S214034EB00E560300FF00000049CD000079300300C2
S214034EC00E560300FF0000004FB0020092300300AE
S214034ED00E560300FF000000FDBA0000B8300300C2
S214034EE0E93003000002FF009DAE020046310300D6
S214034EF00E560300FF00000099AE02007331030054
S214034F000E560300FF000000B1BA00008E31030006
S214034F10B831030000FF000071B80000E831030059
S214034F200E560300FF00000091A30000FB310300B0
S214034F300E560300FF00000079A30000133203009F
S214034F400E560300FF000000F1AD02002C320300F2
S214034F500E560300FF000000DDAD020059320300C9
S214034F60D332030000FF00009DB600001233030097
S214034F700E560300FF00000091B500008A330300BD
S214034F800E560300FF00000035A20000CE330300D8
S214034F900E560300FF00000019A20000EB330300C7
S214034FA00E560300FF00000091A200009634030093
S214034FB00E560300FF00000085A200002435030000
S214034FC06935030000FF000051A20000A03503006E
S214034FD0F135030000FF000089A10000243603001A
S214034FE00E560300FF000000E9970000503603004A
S214034FF0B93603000000FF00E99700000E370300F0
S214035000703703000000FF0089980000B5370300DF
S214035010E83703000002FF00E59900003D3803006F
S2140350208B38030007FF0000BD990000A738030074
S2140350300E560300FF000000D1970000CB38030094
S214035040F038030000FF0000DD9800004939030034
S2140350500E560300FF000000D595000086390300B6
S2140350600E560300FF0000009D920000AB390300BC
S214035070E139030003FF0000D59200001C3A030049
S214035080623A030003FF000085910000B83A03006C
S2140350900E560300FF000000F1AC0200E83A0300DE
S2140350A0263B030000FF0000EBAC0200363B030088
S2140350B0263B030000FF0000E5AC02005D3B030057
S2140350C0263B030000FF0000DFAC0200843B030026
S2140350D0263B030000FF0000D9AC0200AC3B0300F4
S2140350E0263B030000FF0000C1AC0200D53B0300D3
S2140350F00E560300FF000000C7AC0200F73B030098
S2140351000E560300FF000000CD8D00001F3C030079
S214035110583C03000001FF00F98D0000793C0300B2
S2140351200E560300FF000000C3AC0200A43C0300BD
S2140351300E560300FF000000BDAC0200BF3C030098
S2140351400E560300FF000000898D0000DA3C0300C2
S214035150073D030000FF0000AFAC0200223D030042
S2140351600E560300FF000000ED8C00004D3D0300CB
S214035170C424030000FF0000B58C0000753D030047
S214035180C424030000FF0000658C00008E3D03006E
S2140351900E560300FF00000049D102000E5603001E
S2140351A00E560300FF000000951401000E56030080
S2140351B00E560300FF000000591401000E560300AC
S2140351C0A73D030002FF0000C11B0100AF3D030023
S2140351D00E560300FF0000004D1B0100DB3D0300DD
S2140351E0FE3D03000200FF00CBD10200273E030072
S2140351F00E560300FF000000291B0100493E030072
S214035200673E030002FF0000011B01007C3E030013
S214035210673E030002FF434C4920696E7374616E58
S2140352206365206578616D706C65000000000000A2
S21403523000000000FFFF00008FAC0200000000002B
S21403524003000000FFFF000093AD02000000000013
S21403525019000000FFFF01001FAE0200000000005F
S21403526020000000FFFF000017B102000104000148
S21403527002000102000201000202000013B779FADD
S214035280C925DDB7ADF3CFE0F1B614B801020000CF
S21403529000000000FFFFFFFF010000000100000008
S2140352A000000000000000000000000000000000F6
S2140352B000000000000000000000000000000000E6
S2140352C0000000000000000000000000B39302008E
S2140352D0AF9302008D9302008B9302009D2700007C
S2140352E0BD930200612700002C00000002000000AE
S2140352F040787D0100000000005A620200010000B1
S214035300C0CF6A0002000000809FD50002010000A3
S214035310002D310102020000010000000000000021
S2140353200400000001000000080000000100000067
S2140353301000000001000000000100000100000052
S214035340000800001D000000000200001D00000011
S214035350000400001D000000000001001D00000006
S2140353600003010303030200000800FCDC530300F0
S2140353700100010788530300000800F89853030050
S214035380000000000000000083FFBFFFE2FFF1FF04
S214035390F9FFFEFF00000000C800FCFEF800C50A87
S2140353A0571EFBFF7B0095047C02FFFF4A00B602F4
S2140353B046DFFFFF2D00AD01412F00001C00070153
S2140353C0854700001200A700974600000B00670001
S2140353D01A3C00000600220068230000C800FCFEFA
S2140353E0FC00D80A066CFBFF8800370518E2FEFFB0
S2140353F053000403F5E3FFFF3200B9019D430000A9
S21403540029005701F85700001600D100585700002E
S2140354100E007C00D0490000070028001729000072
S21403542000000F400000000000040F4001000000D1
S2140354305A335377697463683E00556E6B6E6F77A5
S2140354406E206572726F72004D6178696D756D209E
S2140354506E756D626572206F6620617267756D6525
S2140354606E74732065786365656465640054686567
S21403547020617267756D656E74206973206E6F7434
S21403548020666F726D617474656420636F727265F3
S21403549063746C7900496E636F727265637420611E
S2140354A07267756D656E74207479706500496E63F6
S2140354B06F7272656374206E756D626572206F66B7
S2140354C020617267756D656E7473004E6F20636F2F
S2140354D06D6D616E6420666F756E64000E56030014
S2140354E03A5403003A5403003A5403003A54030070
S2140354F03A5403003A5403003A5403003A54030060
S2140355003A5403003A5403003A5403003A5403004F
S2140355103A5403003A5403003A5403003A5403003F
S2140355203A5403003A5403003A5403003A5403002F
S2140355303A5403003A5403003A5403003A5403001F
S2140355403A5403003A5403003A5403003A5403000F
S2140355503A540300485403003A5403003A540300F1
S2140355606D5403003A5403003A5403003A540300BC
S2140355703A540300955403003A5403003A54030084
S2140355803A5403003A540300AD5403003A5403005C
S214035590CB54030075696E7431360075696E7438C2
S2140355A000756E6B6E6F776E0077696C64636172FD
S2140355B064006865786F707400737472696E676FE1
S2140355C070740075696E7433326F70740075696E2B
S2140355D07431366F70740075696E74386F7074004A
S2140355E068657800737472696E670075696E7433E4
S2140355F032002A005D20002E2E2E200068656C7077
S214035600000A25730A2573257300257320080000F6
S214035610000108070F000A00C8002000A0000100D0
S21403562000000000A00068010A200706020A04071B
S2140356300000433A2F55736572732F6B756B756C49
S2140356402F53696D706C69636974795374756469F3
S2140356506F2F53444B732F6765636B6F5F73646B76
S2140356602F706C6174666F726D2F736572766963E3
S214035670652F6C65676163795F68616C2F7372630E
S2140356802F626173652D7265706C6163656D656EFF
S214035690742E63002573203D2025346C78005265F4
S2140356A07365742063617573653A20576174636824
S2140356B0646F6720657870697265642C206E6F204E
S2140356C072656C6961626C652065787472612069C5
S2140356D06E666F726D6174696F6E0A0052657365EC
S2140356E0742063617573653A205761746368646FE9
S2140356F06720636175676874207769746820656ED0
S21403570068616E63656420696E666F0A00496E732E
S2140357107472756374696F6E206164647265737303
S2140357203A2025346C780A005265736574206361E9
S2140357307573653A204173736572742025733A2531
S2140357406C640A0052657365742063617573653A09
S2140357502048617264204661756C740A004846539B
S214035760522E5645435454424C3A206572726F7219
S2140357702072656164696E6720766563746F722054
S2140357807461626C6520666F7220616E2065786353
S214035790657074696F6E0A00484653522E464F5220
S2140357A04345443A20636F6E666967757261626C3F
S2140357B065206661756C7420636F756C64206E6F0C
S2140357C0742061637469766174650A0048465352AF
S2140357D02E44454255474556543A206661756C74C7
S2140357E02072656C6174656420746F2064656275ED
S2140357F067202D20652E672E2C20657865637574CB
S214035800656420424B50540A0052657365742063E6
S214035810617573653A204D656D6F7279204D616EC3
S2140358206167656D656E74204661756C740A004920
S2140358306C6C6567616C2061636365737320616478
S21403584064726573733A2025346C780A00434653B2
S214035850522E25730A00526573657420636175734F
S214035860653A20427573204661756C740A0041647C
S2140358706472657373206973206F6620616E206996
S2140358806E737472756374696F6E20616674657285
S21403589020627573206661756C74206F636375721E
S2140358A07265642C206E6F7420746865206361755E
S2140358B073652E0A00434653522E286E6F6E652973
S2140358C0206C6F6164206F722073746F7265206141
S2140358D07420616E20696C6C6567616C206164641A
S2140358E0726573730A00526573657420636175731A
S2140358F0653A205573616765204661756C740A00C6
S21403590052657365742063617573653A20446562F6
S2140359107567204D6F6E69746F72204661756C747F
S2140359200A006D61696E00546872656164004861BF
S2140359306E646C6572002573206D6F6465207573E5
S214035940696E6720257320737461636B2028253482
S2140359506C7820746F2025346C78292C20535020C3
S2140359603D2025346C780A002575206279746573AA
S21403597020757365642028257525252920696E20E2
S214035980257320737461636B20286F7574206F66AC
S21403599020257520627974657320746F74616C2991
S2140359A00A005350206973206F7574736964652009
S2140359B0257320737461636B2072616E6765210AB9
S2140359C000496E74657272757074732061637469CE
S2140359D0766520286F72207072652D656D7074650C
S2140359E06420616E6420737461636B6564293A0A8C
S2140359F0004E6F20696E74657272757074732061E1
S214035A0063746976650A000D0A5B41535345525425
S214035A103A25733A25645D0D0A00554E4B00474FF1
S214035A20200042544C00474F3200474F3300474F45
S214035A303400474F3500474F3600474F3700474F30
S214035A403800474F3900474F4100474F4200474F02
S214035A504300474F4400474F4500474F46004A4DD3
S214035A605000424452005550520042544D004D538C
S214035A704D0046544C00554E4B00474F20004254B1
S214035A804C004241440046544C00465243004F5497
S214035A90410044534C00554E4B0050494E00454D73
S214035AA03400554E4B0048562000554E4B00455883
S214035AB050004C574D00554E4B0052425400445331
S214035AC04C00454D3400554E4B0041535400554E43
S214035AD04B0056465900494E4800554E4B004C4322
S214035AE04B0058544C004F424600554E4B0048520C
S214035AF044004D454D00425553005553470044421C
S214035B004700444D410056435400554E4B005550F4
S214035B102000525020004150300041503100415087
S214035B202000445020004445430000001A5A030056
S214035B301E5A0300765A0300965A0300A25A03001D
S214035B40AA5A0300B65A0300C65A0300CE5A0300E5
S214035B50DA5A0300EA5A03000A5B0300554E4B0069
S214035B604649420042544C00455854005057520090
S214035B7057444700205357004352530046534800A8
S214035B8042414400464C540042524F000104000078
S214035B90050B060B070B00000000000001030109BC
S214035BA00600010500000000000000000306523056
S214035BB00052310052320052330052340052350044
S214035BC052360052370052380052390052313000F4
S214035BD05231310052313200523133284C522900AF
S214035BE04D535000505350005043007850535200CA
S214035BF04D5350207573656400505350207573657C
S214035C00640043535441434B20626F74746F6D00BA
S214035C104943535200534843535200494E545F413D
S214035C2043544956453000494E545F414354495600
S214035C3045310043465352004846535200444653A8
S214035C4052004D4D41522F42464152004146535257
S214035C500052657430005265743100526574320028
S214035C6052657433005265743400526574350044CB
S214035C7061743000446174310000454D555F4952EC
S214035C80516E004652435F5052495F4952516E006F
S214035C9057444F47305F4952516E0057444F473180
S214035CA05F4952516E004652435F4952516E004D52
S214035CB04F44454D5F4952516E005241435F534531
S214035CC0515F4952516E005241435F52534D5F49F3
S214035CD052516E00425546435F4952516E004C4442
S214035CE04D415F4952516E004750494F5F455645F7
S214035CF04E5F4952516E005553415254305F5258CD
S214035D005F4952516E005553415254305F54585FA9
S214035D104952516E0041434D50305F4952516E0017
S214035D20414443305F4952516E0049444143305F1A
S214035D304952516E00493243305F4952516E004713
S214035D4050494F5F4F44445F4952516E0054494D8A
S214035D504552315F4952516E005553415254315F9B
S214035D6052585F4952516E005553415254315F5455
S214035D70585F4952516E004C4555415254305F4965
S214035D8052516E0050434E54305F4952516E004399
S214035D904D555F4952516E004D53435F4952516E04
S214035DA00043525950544F305F4952516E004C4590
S214035DB054494D4552305F4952516E004147435F47
S214035DC04952516E0050524F54494D45525F495205
S214035DD0516E0050524F5254435F4952516E005217
S214035DE05443435F4952516E0053594E54485F49DA
S214035DF052516E004352594F54494D45525F4952D2
S214035E00516E00524653454E53455F4952516E00FC
S214035E1046505545485F4952516E00534D555F49AC
S214035E2052516E005754494D4552305F4952516E98
S214035E30005553415254325F52585F4952516E00D7
S214035E405553415254325F54585F4952516E00497C
S214035E503243315F4952516E0056444143305F49E5
S214035E6052516E004353454E5F4952516E004C45A6
S214035E7053454E53455F4952516E00435259505451
S214035E804F315F4952516E0054524E47305F49526C
S214035E90516E004941434356494F4C3A206174744E
S214035EA0656D7074656420696E7374727563746966
S214035EB06F6E2066657463682066726F6D2061205E
S214035EC06E6F2D65786563757465206164647265AD
S214035ED07373004441434356494F4C3A20617474EC
S214035EE0656D70746564206C6F6164206F722073D7
S214035EF0746F726520617420616E20696C6C6567CF
S214035F00616C2061646472657373004D554E53541F
S214035F104B4552523A20756E737461636B206672FA
S214035F206F6D20657863657074696F6E2072657433
S214035F3075726E2063617573656420616363657350
S214035F40732076696F6C6174696F6E004D53544BA2
S214035F504552523A20737461636B696E67206672AA
S214035F606F6D20657863657074696F6E2063617505
S214035F70736564206163636573732076696F6C6110
S214035F8074696F6E004D4D415256414C49443A2058
S214035F904D4D415220636F6E7461696E7320766156
S214035FA06C6964206661756C7420616464726573E1
S214035FB07300494255534552523A20696E737472C0
S214035FC0756374696F6E20707265666574636820A6
S214035FD063617573656420627573206661756C749E
S214035FE0005052454349534552523A2070726563F6
S214035FF069736520646174612062757320666175D8
S2140360006C7400494D5052454349534552523A2009
S214036010696D70726563697365206461746120627B
S2140360207573206661756C7400554E53544B455218
S214036030523A20756E737461636B696E67206F6E78
S21403604020657863657074696F6E20726574757207
S2140360506E20636175736564206461746120627584
S21403606073206661756C740053544B4552523A2044
S214036070737461636B696E67206F6E206578636502
S2140360807074696F6E20656E7472792063617573C0
S2140360906564206461746120627573206661756C43
S2140360A074004246415256414C49443A20424641C6
S2140360B05220636F6E7461696E732076616C6964D7
S2140360C0206661756C742061646472657373005531
S2140360D04E444546494E5354523A20747269656499
S2140360E020746F206578656375746520616E20750E
S2140360F06E646566696E656420696E737472756333
S21403610074696F6E00494E5653544154453A20699C
S2140361106E76616C69642045505352202D20652E9F
S214036120672E2C20747269656420746F20737769F8
S21403613074636820746F2041524D206D6F64650050
S214036140494E5650433A20657863657074696F6E9E
S2140361502072657475726E20696E746567726974F1
S2140361607920636865636B73206661696C65640098
S2140361704E4F43503A20617474656D7074656420A5
S214036180746F2065786563757465206120636F702E
S214036190726F636573736F7220696E73747275635F
S2140361A074696F6E00554E414C49474E45443A203C
S2140361B0617474656D7074656420616E20756E61BC
S2140361C06C69676E6564206D656D6F7279206163B7
S2140361D0636573730044495642595A45524F3A20F1
S2140361E0617474656D7074656420746F206578657A
S2140361F0637574652053444956206F72205544498D
S2140362005620776974682064697669736F72206FA5
S214036210662030007A5C0300835C0300905C030016
S2140362209B5C0300A65C0300AF5C0300BA5C030040
S214036230C75C0300D45C0300DE5C0300E85C030079
S214036240B05D0300F75C0300065D0300155D030005
S214036250205D03002A5D0300355D03003F5D0300F8
S2140362604D5D0300595D0300685D0300775D030021
S214036270845D03008F5D0300985D0300A15D03004A
S214036280AE5D0300BC5D0300C55D0300D35D030084
S214036290DF5D0300E95D0300F45D0300035E0300B6
S2140362A0105E03001B5E0300245E0300315E0300E2
S2140362B0405E03004F5E0300595E0300645E030006
S2140362C06E5E03007B5E0300885E0300935E03003E
S2140362D0D35E03000E5603000B5F03004C5F030000
S2140362E00E5603000E560300855F0300B25F0300DD
S2140362F0E15F030003600300296003006860030096
S2140363000E5603000E560300A2600300CF60030080
S2140363100561030040610300706103000E5603002D
S2140363200E5603000E5603000E560300A561030027
S214036330D56103000000E40C0A00000000CA9A3B83
S21403634000E1F5058096980040420F00A086010004
S21403635010270000E8030000640000000A000000A5
S21403636001041040010000000500000000020000C8
S21403637003000000DC650300D8650300C465030062
S214036380C0650300BC650300B8650300A66503008B
S214036390966503007C650300746503006A65030065
S2140363A068650300506503004D65030045650300FB
S2140363B0346503002465030012650300F8640300D4
S2140363C0F0640300E4640300E0640300DE64030097
S2140363D0D1640300C6640300AD6403005164030084
S2140363E05064030040640300186403000D64030054
S2140363F00C640300F86303000000000000000000C4
S2140364000000000000000000000000000F00000075
S2140364100000000000000000000000000000000074
S2140364200000000000000000000000000000000064
S2140364300000000000000000000000000000000054
S2140364400100000000000000000000000000000043
S2140364500F00000000000000000000000000000025
S2140364600000000000000000000000000000000024
S2140364700000000000000000000000000000000014
S2140364800000000000000000000000000000000004
S21403649000000000000000000000000000000000F4
S2140364A000000000000000000000000000000000E4
S2140364B000000000000000000000000000000000D4
S2140364C000000000000000000000000000000000C4
S2140364D000000000000000000000000000000000B4
S2140364E000000000FFFFFFFFFFFFFFFFFFFF0000AE
S2140364F00000000000000000000000000000000094
S2140365000000000000000000000000000000000083
S2140365100000000000000000000000000000000073
S2140365200000000000000000000000000000000063
S2140365300000000000000000000000000000000053
S2140365400000000000FFFFFFFFFFFFFFFF9C0000AF
S214036550FF00000000000000000000000000000034
S21403656000000000800000000000FFFFFFFFFFFFA9
S214036570FFFFFFFF00000000FFFF00000000000019
S2140365800000000000000000000000000000000003
S214036590000000000000FFFFFF00000000000000F6
S2140365A000000000000000000000000000000000E3
S2140365B000000000000000000000000000000000D3
S2140365C000000000000000000000000000000000C3
S2140365D0000000000000000000000000FC030101B2
S2140365E00101010101010101010101010100000096
S2140365F00000000100100000000001010000070277
S214036600041104040211101A080A021801081110D2
S214036610111A080A04020D0B195C0110280B011449
S2140366200000000000000000000000000000000161
S2140366300101010101000101010101010000010145
S214036640010001000101000000000000000000003E
S2140366500000000000000100000000000000000031
S2140366600000000001FF010023E1010075E40100C2
S21403667063E2010063E5010062E1010079EB0100DA
S21403668064EE010024E1010025E1010026E101009A
S21403669027E1010028E1010029E101002AE10100C8
S2140366A000000100800001000001010080010100DC
S2140366B0000201008002010020E201000003010045
S2140366C000050100800501000006010080060100A8
S2140366D00007010001E5010002E5010000080100D2
S2140366E08008010000400100433A2F55736572731A
S2140366F02F6B756B756C2F53696D706C696369745A
S2140367007953747564696F2F53444B732F676563AE
S2140367106B6F5F73646B2F706C6174666F726D2F33
S214036720736572766963652F746F6B656E5F6D61F3
S2140367306E616765722F7372632F736C5F746F6B12
S214036740656E5F6D616E616765722E6300433A2FF7
S21403675055736572732F6B756B756C2F53696D70FC
S2140367606C696369747953747564696F2F53444B0A
S214036770732F6765636B6F5F73646B2F706C6174E5
S214036780666F726D2F736572766963652F746F6BB0
S214036790656E5F6D616E616765722F7372632F73CB
S2140367A06C5F746F6B656E5F6D616E756661637447
S2140367B07572696E672E6300FFFFFFFFFFFFFFFF23
S2140367C034B6863284327032F6106F6E6C7920637C
S2140367D06F6F7264696E61746F72732063616E208B
S2140367E0666F726D0A006A6F696E203078253032E4
S2140367F0580A002573203078253032580A0025734E
S214036800203078253032780072656A6F696E446985
S21403681066664465766963655479706500257320FA
S21403682030782578006578742E2050414E204944F0
S2140368303A20004E574B206F70656E3A2025752020
S214036840736563004E574B20636C6F736564006615
S214036850696E64206A6F696E61626C653A2030788F
S214036860253032580066696E6420756E75736564EC
S2140368703A20307825303258004368616E67696E77
S2140368806720746F206368616E6E656C2025643ABA
S2140368902030782530325800696E76616C69642042
S2140368A06E6574776F726B20696E646578005368E3
S2140368B06F72742049443A203078253034582C209F
S2140368C045554936343A20002C2050616E20494401
S2140368D03A203078253034580053746172746564F6
S2140368E0206D756C74692D70687920696E74657295
S2140368F066616365004661696C656420746F202574
S2140369007320257320307825303258005465726D15
S214036910696E61746564202573203078253032589B
S214036920004B65657020616C6976652073757070C1
S2140369306F727420656E61626C65642E00666169B1
S2140369406C656420746F20736574206B65657020B6
S214036950616C697665206D6F64652E00737563637D
S21403696065737366756C6C792073657420746865DB
S214036970206368696C642074696D656F7574206F35
S2140369807074696F6E206D61736B2E006661696C3F
S214036990656420746F20736574207468652063686B
S2140369A0696C642074696D656F7574206F707469A3
S2140369B06F6E206D61736B2E00646973636F76650B
S2140369C072004D61746368202570792066726F6D5E
S2140369D0203078253034582C206570202564004EEE
S2140369E0574B204164647265737320726573706FCE
S2140369F06E73653A2030782530345800494545454E
S214036A00204164647265737320726573706F6E736E
S214036A10653A20005365727669636520257379208D
S214036A20646F6E652E002320207479706520202005
S214036A306E776B20206C6F6320202072656D20209C
S214036A4020636C75732020206E6F6465202020659C
S214036A5075690025643A2000202025642020202024
S214036A60307825303458202030782530345820208C
S214036A703078253034582030782530345820006557
S214036A806D62657247657442696E64696E67204518
S214036A9072726F723A2030782532580A00256420C5
S214036AA06F662025642062696E64696E677320755D
S214036AB073656400656E61626C6564207072696EEE
S214036AC0740064697361626C6564207072696E74C5
S214036AD000616464206C696E6B206B6579004552B7
S214036AE0523A2043616C63756C617465642043524B
S214036AF04320646F6573206E6F74206D61746368E2
S214036B00004552523A20496E7374616C6C20436F91
S214036B106465206D75737420626520382C203130CF
S214036B202C2031342C206F72203138206279746522
S214036B307320696E206C656E677468004552523A1E
S214036B40204145532D4D4D4F206861736820666183
S214036B50696C65643A203078257800536574206A3A
S214036B606F696E696E67206C696E6B206B65790062
S214036B707365742062696E642025643A2030782534
S214036B8030327800454D50545900554E4943410024
S214036B904D324F4E45004D554C5449003F20202062
S214036BA020000000846B03008A6B0300906B0300D5
S214036BB0966B03009C6B0300496E64657820494519
S214036BC0454520416464726573732020202020208D
S214036BD02020204E574B496E6465782020496E204E
S214036BE04643202020202054544C28732920466CEA
S214036BF06167202020204B65792020202000256413
S214036C002020202020002020256420202020202053
S214036C1020002020253038582020002030782530CA
S214036C203458202000496E64657820494545452040
S214036C304164647265737320202020202020202066
S214036C40496E20464320202020205479706520205A
S214036C504175746820204B6579002D202020202064
S214036C6000256320202020202563202020202000CC
S214036C70696573005741524E494E473A20205245A4
S214036C804144494E47204F46204B45592056414CD8
S214036C905545532044495341424C454420425920CC
S214036CA04D464720544F4B454E004E574B204B65A1
S214036CB079002573206F75742046433A20253038B3
S214036CC05800257320736571206E756D3A203078F1
S214036CD025780025733A20002573206F75742046A7
S214036CE0433A202530387800544320257320002566
S214036CF073205461626C650025642F256420656EDD
S214036D00747269657320757365642E005472616EC0
S214036D107369656E74204B657900256420656E740F
S214036D2072257320636F6E73756D696E67202564B5
S214036D30207061636B657420627566666572257381
S214036D402E0057494C4C0057494C4C204E4F54008C
S214036D5054727573742043656E74657220257020B3
S214036D60616C6C6F772074727573742063656E74D0
S214036D7065722072656A6F696E73207573696E67D4
S214036D802077656C6C2D6B6E6F776E206B65792E36
S214036D90005365742074696D656F757420666F7231
S214036DA02054727573742043656E74657220726521
S214036DB06A6F696E73207573696E672077656C6C8E
S214036DC02D6B6E6F776E206C696E6B206B6579200A
S214036DD0746F202564207365636F6E64732E00459D
S214036DE052524F523A20002570737461636B206DC4
S214036DF075737420626520646F776E2E00454D426E
S214036E0045525F00257353454355524954595F4CC9
S214036E104556454C3A202530325800257365726135
S214036E207365206B65792025643A203078253032E7
S214036E3058004572726F723A202045554936342001
S214036E40617267756D656E7420697320656D707405
S214036E507920616E64206C6F6F6B75702062792089
S214036E606E6F6465204944206661696C65642E0014
S214036E7047726F757000556E696361737400556E63
S214036E8062696E642025702025703078255800527C
S214036E906571756573743A20005A444F2073696DA3
S214036EA0706C6520646573632072657120253032CB
S214036EB078005A444F206E6F6465206465736320C0
S214036EC07265712025303278005573696E67206DC0
S214036ED079206C6F63616C20455549363420666FA4
S214036EE072206465737420455549363420696E20D4
S214036EF062696E64696E67005A444F2062696E6405
S214036F0020726571202530327800636C7573746562
S214036F1072206C696D6974207265616368656400CC
S214036F20696E76616C696420706167653A202564D2
S214036F30206F72206368616E6E656C3A202564006C
S214036F404368616E6765206368616E6E656C207367
S214036F5074617475733A203078253032780064751E
S214036F60726174696F6E206D757374206265206933
S214036F706E2072616E67652030202D203500636FAA
S214036F80756E74206D75737420626520696E207249
S214036F90616E67652031202D2038007363616E2093
S214036FA07374617475732030782578006E65747712
S214036FB06F726B20757064617465207365742073DB
S214036FC0746174757320307825780041637469762C
S214036FD065204550207265717565737420737461FE
S214036FE07475733A2030782558004C514920546103
S214036FF0626C6520726571756573743A2030782506
S214037000580042696E64696E67205461626C65203D
S214037010726571756573743A2030782558004C652F
S2140370206176652025703078255800506F77657235
S2140370302044657363726970746F722025703078AC
S2140370402558005573696E67206D79206C6F6361F0
S2140370506C20455549363420666F72206465737418
S21403706020455549363420696E20756E62696E6414
S214037070696E6700526F757465205461626C652093
S214037080257030782558005A444F206D6174636824
S2140370902064657363207265712025780000000004
S2140370A00000000000433A2F55736572732F6B750B
S2140370B06B756C2F53696D706C696369747953745F
S2140370C07564696F2F53444B732F6765636B6F5FEC
S2140370D073646B2F70726F746F636F6C2F7A69674C
S2140370E06265652F6170702F6672616D65776F726A
S2140370F06B2F636F6D6D6F6E2F7A69676265655F61
S2140371006170705F6672616D65776F726B5F636FD8
S2140371106D6D6F6E2E6300457874656E64656420CE
S214037120526573657420696E666F3A20307825322F
S21403713058202825732900433A2F55736572732FF9
S2140371406B756B756C2F53696D706C6963697479B5
S21403715053747564696F2F53444B732F6765636B62
S2140371606F5F73646B2F70726F746F636F6C2F7ABD
S21403717069676265652F6170702F6672616D6577EA
S2140371806F726B2F636F6D6D6F6E2F7A69676265B3
S214037190655F6170705F6672616D65776F726B5F56
S2140371A0736C6565702E6300537461792061776133
S2140371B06B65207768656E206E6F74206A6F696EE4
S2140371C065643A20257300466F72636564207374A2
S2140371D06179206177616B653A202020202020208A
S2140371E0202020257300466F7263696E67206465EE
S2140371F07669636520746F207374617920617761A3
S2140372006B6500416C6C6F77696E672064657669A1
S214037210636520746F20676F20746F20736C6565D9
S214037220700052583A205265736574546F46616312
S214037230746F727944656661756C747343616C6CC4
S2140372406261636B002575292025703A2025750039
S21403725053657474696E67205468726573686F6CDF
S2140372606420636F6D6D616E64003F3F3F004D6148
S21403727063205278204263617374004D6163205427
S21403728078204263617374004D6163205278205501
S21403729063617374004D6163205478205563617392
S2140372A074004D61632054782055636173742052D3
S2140372B065747279004D6163205478205563617359
S2140372C074204661696C0041505320527820426313
S2140372D06173740041505320547820426361737481
S2140372E00041505320527820556361737400415017
S2140372F05320547820556361737420537563636514
S214037300737300415053205478205563617374207F
S2140373105265747279004150532054782055636146
S2140373207374204661696C00526F757465204469F6
S214037330736320496E69746961746564004E656998
S2140373406768626F72204164646564004E656967AE
S21403735068626F722052656D6F766564004E65696C
S2140373606768626F72205374616C65004A6F696E5A
S21403737020496E6469636174696F6E004368696C63
S21403738064204D6F76656400415348204F766572DE
S214037390666C6F7700415348204672616D652045E1
S2140373A072726F7200415348204F76657272756E23
S2140373B0204572726F72004E574B2046432046613B
S2140373C0696C7572650041505320464320466169D7
S2140373D06C7572650041534820584F6666004150ED
S2140373E05320556E617574686F72697A6564204BB5
S2140373F06579004E574B2044656372797074204656
S21403740061696C75726573004150532044656372FD
S214037410797074204661696C757265730050616398
S2140374206B65742042756666657220416C6C6F638B
S214037430617465204661696C757265730052656C8C
S21403744061796564205563617374005068792074AC
S2140374506F204D4143207175657565206C696D69B4
S214037460742072656163686564005061636B65745C
S2140374702056616C69646174652064726F70206362
S2140374806F756E74004E574B207265747279206F59
S214037490766572666C6F7700434341204661696C7C
S2140374A0757265730042726F6164636173742074EE
S2140374B061626C652066756C6C00505441204C6F9D
S2140374C0205072692052657100505441204869204B
S2140374D05072692052657100505441204C6F205001
S2140374E072692044656E696564005054412048699A
S2140374F0205072692044656E6965640050544120CB
S2140375004C6F205072692054782041627274005088
S2140375105441204869205072692054782041627291
S21403752074004164647265737320436F6E666C699E
S21403753063742053656E74000D00656E61626C653E
S214037540640064697361626C6564004465627567B0
S214037550207072696E742067726F75702025730AC7
S2140375600057726F6E6720706172616D6574657225
S2140375700A005363686564756C65206D6F766520D5
S2140375806E776B0025732025643A202564004D61D1
S21403759078206D6F7665206C696D697420726561FD
S2140375A063686564206E776B2025643A2025640043
S2140375B05677777777777777777777777777777774
S2140375C05A6967426565416C6C69616E63653039FB
S2140375D0456E642044657669636520506F6C6C2045
S2140375E0496E666F726D6174696F6E00454D4245F4
S2140375F0525F454E445F4445564943455F54494DA3
S214037600454F55543A202020202020202564005042
S2140376106F6C6C20636F6D706C657465642063615A
S2140376206C6C6261636B3A202570005072696D6101
S2140376307279202870726F29006E776B202564207C
S2140376405B25705D00202043757272656E74205052
S2140376506F6C6C20496E74657276616C202871734A
S214037660293A202020256C0020204C6F6E6720507E
S2140376706F6C6C20496E74657276616C202871732A
S214037680293A202020202020256C00202053686FD4
S214037690727420506F6C6C20496E74657276616CE0
S2140376A020287173293A2020202020256C002020D2
S2140376B057616B652054696D656F75742028717307
S2140376C0293A202020202020202020202020256C3E
S2140376D000202057616B652054696D656F757420B3
S2140376E04269746D61736B3A20202020202020208D
S2140376F020307825347800202043757272656E74C6
S21403770020417070205461736B733A202020202030
S2140377102020202020202030782534780020204385
S214037720757272656E7420506F6C6C20436F6E7446
S214037730726F6C202020202020202020202570001F
S214037740202044656661756C7420506F6C6C204312
S2140377506F6E74726F6C2020202020202020202043
S214037760257000466F7263696E6720646576696389
S2140377706520746F2073686F727420706F6C6C0072
S214037780416C6C6F77696E67206465766963652004
S214037790746F206C6F6E6720706F6C6C00454D4283
S2140377A045525F41465F4C4F4E475F504F4C4C002F
S2140377B0454D4245525F41465F53484F52545F50D2
S2140377C04F4C4C00706F6C6C206E776B2025643AC0
S2140377D0203078257800747275650066616C736571
S2140377E000456E64706F696E742030782578206962
S2140377F073206964656E74696679696E673A2025D5
S21403780070004552523A2072656164696E6720695A
S21403781064656E746966792074696D6520257800E1
S2140378204552523A2077726974696E6720696465B7
S2140378306E746966792074696D65202578005258E0
S214037840206964656E746966793A4944454E5449BD
S2140378504659203078253278004964656E74696627
S214037860793A206661696C656420746F2073656E6F
S2140378706420257320726573706F6E73653A2030CB
S214037880782578005258206964656E746966793A7B
S21403789051554552590076007175657279004368F3
S2140378A0616E6E656C206E6F742076616C69643AE7
S2140378B0202564005072696D617279002570206D11
S2140378C061736B206E6F77203078253458005365CC
S2140378D0636F6E64617279004D61736B206E6F74B3
S2140378E02076616C69643A202564007072696D6164
S2140378F07279007365636F6E646172790025703AFE
S21403790020536574202570206D61736B20746F207F
S2140379103078253458005374617475730025703AB3
S2140379202025703A004368616E6E656C206D617346
S2140379306B3A00202020202831292030782534581F
S214037940205B002020202028322920307825345838
S214037950205B0053746174653A20307825582028DC
S2140379602573290043757272656E74206368616EB1
S2140379706E656C3A20256400546F74616C206265F2
S21403798061636F6E733A202564004A6F696E2061E7
S2140379907474656D7074733A202564004E6574774D
S2140379A06F726B2073746174653A203078255800C3
S2140379B025733A2025733A203078255800556E7380
S2140379C07570706F72746564206665617475726530
S2140379D0207768656E207573696E67206F707469AB
S2140379E06D697A6564207363616E732E20546F200D
S2140379F0757365206120636F6E666967757265646B
S214037A00206B6579207768656E206A6F696E696E8C
S214037A10672C2061646420746865206B6579207424
S214037A206F20746865207472616E7369656E742066
S214037A306B6579207461626C65207573696E672067
S214037A407468652077696C64636172642045554980
S214037A502028616C6C20464673292E00257020531F
S214037A60746F702E2020436C65616E696E67207597
S214037A70702E004B6579207665726966696361745A
S214037A80696F6E206661696C65642E204C6561764D
S214037A90696E67206E6574776F726B0025703A2087
S214037AA025700042726F616463617374696E672048
S214037AB07065726D6974206A6F696E0025703A206E
S214037AC025703A20307825580054727573742063F5
S214037AD0656E746572206C696E6B206B65792075B4
S214037AE07064617465207374617475730025733AEA
S214037AF0205741524E494E473A20656D6265725390
S214037B006574496E697469616C53656375726974EB
S214037B10795374617465206661696C65642E2043CD
S214037B206F6E74696E75696E6720776974686F75B2
S214037B307420696E7374616C6C20636F64652E00C9
S214037B404572726F723A20696E7374616C6C20634F
S214037B506F6465207365747570206661696C65640F
S214037B602E20497320616E20696E7374616C6C20DD
S214037B70636F646520666C6173686564206F6E74FA
S214037B806F20746865206465766963653F00D0D1AD
S214037B90D2D3D4D5D6D7D8D9DADBDCDDDEDF005AAC
S214037BA06967426565416C6C69616E63653039006F
S214037BB0FFFFFFFFFFFFFFFF0025733A2069737384
S214037BC075696E67207363616E206F6E2025732060
S214037BD06368616E6E656C7320286D61736B20300D
S214037BE0782534582900257320697320616C7265E3
S214037BF061647920696E2070726F677265737300B3
S214037C005374617274004578616D696E696E67209E
S214037C10626561636F6E206F6E206368616E6E656A
S214037C206C20256420776974682070616E4964202F
S214037C303078253258005468697320626561636F33
S214037C406E206973206E6F742070617274206F6685
S214037C50207468652063757272656E74206368614C
S214037C606E6E656C206D61736B20283078253458F2
S214037C70292E2047657474696E67206E65787420B4
S214037C80626561636F6E2077686F736520636861F2
S214037C906E6E656C206269746D61736B2069732008
S214037CA07365742E004572726F723A2025702063D6
S214037CB06F756C64206E6F7420617474656D707478
S214037CC0206A6F696E3A2030782558004E6F20621E
S214037CD06561636F6E73206C656674206F6E2063D8
S214037CE0757272656E74206D61736B2E204D6F76A0
S214037CF0696E6720746F206E657874207374617480
S214037D0065002570206A6F696E696E672030782576
S214037D103278206F6E206368616E6E656C20256412
S214037D200025702053746174653A202570004572EF
S214037D30726F723A20257020636F756C64206E6FC5
S214037D4074207365747570207365637572697479CE
S214037D503A2030782558004572726F723A20536382
S214037D60616E20636F6D706C6574652068616E6408
S214037D706C65722072657475726E65642030782542
S214037D8058002573207363616E20636F6D706C6596
S214037D9074652E20426561636F6E73206865617239
S214037DA0643A20256400257320737461636B207323
S214037DB074617475732030782558002570206E65BD
S214037DC074776F726B206A6F696E65642E00257018
S214037DD020747279696E67206E657874206E657498
S214037DE0776F726B2E005A6967426565416C6C69E2
S214037DF0616E636530394E574B20537465657269FF
S214037E006E67004E6F6E65005363616E2050726935
S214037E106D617279204368616E6E656C7320616E66
S214037E20642075736520496E7374616C6C20436FB0
S214037E306465005363616E205072696D61727920C8
S214037E404368616E6E656C7320616E64205573655E
S214037E502043656E7472616C697A6564204B65793C
S214037E60005363616E205072696D617279204368B6
S214037E70616E6E656C7320616E6420557365204475
S214037E8069737472696275746564204B657900530F
S214037E9063616E205365636F6E6461727920436815
S214037EA0616E6E656C7320616E6420757365204920
S214037EB06E7374616C6C20436F6465005363616E0C
S214037EC0205365636F6E64617279204368616E6EDA
S214037ED0656C7320616E64205573652043656E740C
S214037EE072616C697A6564204B6579005363616ED1
S214037EF0205365636F6E64617279204368616E6EAA
S214037F00656C7320616E64205573652044697374D1
S214037F1072696275746564204B6579005363616E9C
S214037F20205072696D617279204368616E6E656C6C
S214037F307320616E642055736520416C6C204B651D
S214037F4079732028696E7374616C6C20636F646543
S214037F502C2063656E7472616C697A65642C206488
S214037F606973747269627574656429005363616E1C
S214037F70205365636F6E64617279204368616E6E29
S214037F80656C7320616E642055736520416C6C20AC
S214037F904B6579732028696E7374616C6C20636F0C
S214037FA064652C2063656E7472616C697A65642CF3
S214037FB02064697374726962757465642900496E16
S214037FC07374616C6C656420547970652028426113
S214037FD07365293A20203078255800436170616222
S214037FE0696C69746965733A20202020202020205C
S214037FF0202020307825325800426F6F746C6F61F2
S2140380006465722056657273696F6E3A202020206D
S2140380102030782532580053656375726520426FA9
S2140380206F746C6F61646572204B65793A2020200B
S21403803020202000426F6F746C6F6164696E672046
S2140380406661696C656421002570696E67204F540C
S2140380504120636C69656E74207374617465206D6A
S214038060616368696E650073746F70700045727241
S2140380706F723A204E6F20696D61676520617420C8
S214038080696E646578202564004E6F74207375707E
S214038090706F727465642E00436C69656E74206934
S2140380A06D61676520717565727920696E666F000C
S2140380B04D616E75662049443A20202020202020FA
S2140380C02020307825325800496D61676520547941
S2140380D070652049443A2020202030782532580005
S2140380E043757272656E742056657273696F6E3A65
S2140380F020203078253458004861726477617265B1
S2140381002056657273696F6E3A20004E41005175B2
S2140381106572792044656C6179206D733A2020205E
S214038120202020202020202020256C0053657276F6
S214038130657220446973636F766572792044656C53
S2140381406179206D733A20256C00446F776E6C6FEF
S21403815061642044656C6179206D733A2020202089
S2140381602020202020256C0052756E2055706772E3
S2140381706164652044656C6179206D733A20202024
S214038180202020256C005665726966792044656C4C
S2140381906179206D733A2020202020202020202083
S2140381A020256C00446F776E6C6F61642045727295
S2140381B06F72205468726573686F6C643A2020256A
S2140381C06400557067726164652057616974205452
S2140381D068726573686F6C643A20202020256400FB
S2140381E04F544120446F776E6772616465733A201B
S2140381F044697361626C6564004F544120446F7731
S2140382006E6772616465733A20456E61626C65647D
S21403821000426F6F746C6F61642073746174653AA7
S2140382202025700025703A20696E76616C6964209B
S2140382306F66667365742063757272656E745469CF
S2140382406D6528307825345829203E20757067726E
S21403825061646554696D6528307825345829004F64
S214038260544120436C75737465723A207761697460
S21403827020666F722025642073005258656420744C
S214038280696D654F757420307825345820732C201B
S2140382904D41582074696D654F75742030782534C8
S2140382A058207300496E76616C696420455020251A
S2140382B064207768656E20747279696E6720746FC0
S2140382C02073656E64204F5441206D657373616738
S2140382D0652E0053656E64696E672055706772611C
S2140382E0646520456E6420726571756573742E002F
S2140382F025703A20696E76616C696420636D644903
S214038300642030782578004572726F723A202046D2
S21403831061696C656420746F2073656E64204F54C6
S2140383204120636F6D6D616E6420307825582C2074
S2140383307374617475733A203078255800536572E8
S21403834076657220756E6B6E6F776E2C2066616C29
S2140383506C696E67206261636B20746F2064697357
S214038360636F766572792E004D6178696D756D2041
S2140383707175657279206572726F7273206869749D
S21403838020282564292C207374617274696E672013
S21403839073656172636820666F72206E6577204F1F
S2140383A05441207365727665722E0A004170706CB4
S2140383B079696E672075706772616465004D6178D0
S2140383C0696D756D2075706772616465207265717D
S2140383D07565737473206D61646520282564292090
S2140383E0776974686F757420726573706F6E7365E2
S2140383F02066726F6D207365727665722E005570F7
S21403840067726164696E6720616E79776179004F80
S2140384105441205365727669636520646973636F9C
S214038420766572792070726576656E746564202D44
S21403843020616E6F7468657220697320616C726563
S21403844061647920696E2070726F6772657373005A
S2140384504661696C656420746F20696E697469612E
S2140384607465207365727669636520646973636FE8
S214038470766572792E004F54412053657276696390
S2140384806520446973636F7665727920696E207020
S214038490726F677265737300436C69656E742076DA
S2140384A06572696669636174696F6E206661696C7B
S2140384B065642E005369676E617475726500437553
S2140384C073746F6D004E6F207369676E6174757297
S2140384D06520766572696669636174696F6E207379
S2140384E07570706F72742C20617373756D696E6727
S2140384F020696D616765206973206F6B61792E0053
S214038500257020766572696669636174696F6E208B
S21403851025703A20307825580070617373656400BF
S2140385204D6178696D756D206E756D626572206F2D
S2140385306620646F776E6C6F6164206572726F720B
S2140385407320726561636820282564292C20616284
S2140385506F7274696E672E004F544120436C7573B7
S2140385607465723A2073657474696E67204945456D
S214038570452061646472657373206F66204F5441AF
S21403858020636C7573746572005061727469616CF4
S2140385902066696C6520646F776E6C6F6164206615
S2140385A06F756E642C20636F6E74696E75696E6783
S2140385B02066726F6D206F6666736574203078254B
S2140385C0345800466F756E642066756C6C7920644B
S2140385D06F776E6C6F616465642066696C6520698D
S2140385E06E2073746F72616765202876657273698F
S2140385F06F6E203078253458292E00466F756E64CA
S2140386002066696C6520696E2073746F7261676596
S214038610207769746820646966666572656E74207F
S21403862076657273696F6E20283078253458292052
S2140386307468616E2063757272656E7420766572F7
S21403864073696F6E20283078253458290046696C84
S2140386506520696E2073746F726167652069732085
S21403866073616D652061732063757272656E742025
S21403867072756E6E696E672076657273696F6E20AB
S21403868028307825345829004E6F20696D61676558
S21403869020666F756E6420696E2073746F726167EF
S2140386A0652E004F544120536572766963652044F6
S2140386B06973636F7665727920756E626C6F636B30
S2140386C065640049676E6F72696E672073657276BC
S2140386D065722066726F6D206C6F6F706261636B7C
S2140386E020616464726573730049676E6F72696EA6
S2140386F067203078253258204F54412073657276B0
S214038700657220696E20736561726368206F6620E8
S21403871054430053657474696E67204F5441205365
S214038720657276657220746F20307825325800544F
S214038730696D656F75742077616974696E67206605
S2140387406F72206D6573736167652E0042616420E6
S2140387504F544120636F6D6D616E643A2030782507
S21403876058004F544120636F6D6D616E64203078FE
S214038770255820746F6F2073686F727420286C6599
S2140387806E202564203C206D696E20256429004FE9
S214038790544120636F6D6D616E642066726F6D2049
S2140387A0756E7265636F676E697A6564207365724A
S2140387B07665722030782532582E20204D79204F4A
S2140387C05441207365727665723A203078253258A4
S2140387D000496D616765204E6F7469667900476F5F
S2140387E07420756E65787065637465642025702ED5
S2140387F02020537461727420646973636F766572A4
S214038800792E004F54413A206661696C6564207482
S2140388106F2073656E6420257320726573706F6EA8
S21403882073653A203078257800496D616765206E58
S2140388306F7469667900476F7420756E6578706526
S214038840637465642025702E202049676E6F7265F9
S214038850642E004F54413A2044656661756C74205B
S214038860726573706F6E736520666F7220496D61F3
S2140388706765206E6F746966792C207374617475EE
S21403888073203078255800496D616765206E6F74D4
S21403889069667920636F6D6D616E6400257020755F
S2140388A06E69636173742C207175657279696E677E
S2140388B000496E76616C696400257020257020700F
S2140388C061796C6F616420747970652030782558FF
S2140388D00025702025703A206F7574206F6620720D
S2140388E0616E6765206A6974746572202564002565
S2140388F0702025703A207061796C6F6164206C6516
S2140389006E67746820646F65736E2774206D617478
S214038910636820747970652030782558202825648C
S214038920203C202564290025702025702064756569
S21403893020746F206E6F6E2D6D61746368696E6749
S214038940206D616E75666163747572657220494445
S2140389500025702025702064756520746F206E6F67
S2140389606E2D6D61746368696E6720696D616765F6
S2140389702074797065204944002570202570206492
S214038980756520746F206D61746368696E67206611
S21403899069726D776172652076657273696F6E00B2
S2140389A025702025702C2052782764204A69747419
S2140389B06572202830782578292C205069636B65EA
S2140389C064204A69747465722028307825782900F3
S2140389D05175657279206E65787420696D61676577
S2140389E020726573706F6E736500257020726574F0
S2140389F075726E656420307825582E20204E6F20C1
S214038A006E657720696D61676520746F20646F7784
S214038A106E6C6F61642E00257020746F6F20736810
S214038A206F727420282564203C2025642900257055
S214038A303A204E657720696D61676520697320610A
S214038A407661696C61626C6520666F7220646F770D
S214038A506E6C6F61642E002570206973206E6F74D0
S214038A60207573696E67206D7920696D616765206F
S214038A70696E666F2E004552524F523A204E657805
S214038A807420496D61676520697320746F6F206277
S214038A90696720746F2073746F7265202830782599
S214038AA03458203E2030782534582900257020720B
S214038AB0657475726E65642073616D652046696CB6
S214038AC06556657273696F6E206173206375727283
S214038AD0656E746C7920696E7374616C6C65642E54
S214038AE0004F544120446F776E677261646573204C
S214038AF044697361626C65643A2046696C655665C1
S214038B007273696F6E20626568696E64206375723E
S214038B1072656E7420696E7374616C6C6174696FD0
S214038B206E005374617274696E6720646F776E6C3F
S214038B306F61642C2056657273696F6E20307825DA
S214038B403458004572726F723A204661696C6564E8
S214038B5020746F2064656C65746520696D61676554
S214038B602E004572726F723A204661696C65642006
S214038B70746F206572617365206F6C642074656D15
S214038B807020646174612E00496D61676520626CB4
S214038B906F636B20726573706F6E7365004F54411D
S214038BA03A20496D616765426C6F636B5265706FFF
S214038BB06E736520636F6E7461696E7320696E767B
S214038BC0616C6964206F7220696E636F6D706C658B
S214038BD074652064617461005570646174696E67BE
S214038BE0204D696E20426C6F636B2052657175650C
S214038BF0737420506572696F6420746F2025642037
S214038C006D7300446F776E6C6F61642064656C618E
S214038C107920627920736572766572202564206DEB
S214038C207300446F776E6C6F61642061626F727459
S214038C306564206279207365727665722E005365CB
S214038C407276657220646F65736E27742073757011
S214038C50706F7274207061676520726571756573D5
S214038C60742C206F6E6C79207573696E6720626C46
S214038C706F636B20726571756573742E005365722E
S214038C807665722072657475726E65642027756EDC
S214038C90737570706F7274656420636C7573746536
S214038CA07220636F6D6D616E64272E00556E6B6E5A
S214038CB06F776E2025702073746174757320636FED
S214038CC06465203078255800257020686173206419
S214038CD06174612073697A65202825642920736D81
S214038CE0616C6C6572207468616E20616374756173
S214038CF06C207061636B65742073697A6520282520
S214038D0064292E002570206572726F723A204578AA
S214038D10706563746564206F666673657420307867
S214038D202534582C2062757420676F74203078259C
S214038D3034582E202049676E6F72696E670025705F
S214038D4020696E666F20646964206E6F74206D619F
S214038D50746368206D792065787065637465642034
S214038D60696E666F2E202044726F7070696E672E70
S214038D70004661696C656420746F20777269746558
S214038D8020746F2073746F726167652064657669FB
S214038D9063652100446F776E6C6F6164005570677E
S214038DA07261646520656E6420726573706F6E739E
S214038DB065005365727665722061626F72746564CE
S214038DC020757067726164652C20737461747573A3
S214038DD03A2030782558004572726F723A20257013
S214038DE02068616420696E76616C69642025703A38
S214038DF0200066696C652076657273696F6E004144
S214038E006464696E67202564206D732E2064656C28
S214038E10617920666F7220696D6D6564696174653A
S214038E2020757067726164652E00436F756E746497
S214038E306F776E20746F20757067726164653A2071
S214038E402564206D73002053746174653A202020D6
S214038E502570002057616974696E6720666F7220FB
S214038E60726573706F6E73653A20257000204E65C9
S214038E707874204576656E742054696D65723A2061
S214038E802564206D73002043757272656E742044EA
S214038E906F776E6C6F6164204F66667365743A20F5
S214038EA03078253458202825642525290025703A4E
S214038EB0206661696C65642070617273696E6720F1
S214038EC04F544120636D642030782578004F544119
S214038ED02044656661756C7420726573706F6E737B
S214038EE06520746F20636F6D6D616E642049442046
S214038EF0307825582C207374617475732030782568
S214038F005800496D61676520626C6F636B207265FC
S214038F1071756573742074657374206F6E6C792035
S214038F20776F726B73207768656E207374617465F0
S214038F3020697320424F4F544C4F41445F53544172
S214038F4054455F4E4F4E45000095969595950507FB
S214038F50090D000000000000010203040652616EC2
S214038F60646F6D2044656C6179206265666F726517
S214038F7020737461727400446973636F76657269F3
S214038F806E67204F544120536572766572004765BD
S214038F9074204F54412053657276657220455549B7
S214038FA0004F627461696E206C696E6B206B657925
S214038FB0005175657279696E67204E65787420492D
S214038FC06D61676500446F776E6C6F6164696E6789
S214038FD020496D61676500566572696679696E67D3
S214038FE020496D6167650057616974696E6720661D
S214038FF06F722055706772616465206D6573736167
S214039000676500436F756E74646F776E20746F20A8
S214039010557067726164650057616974696E67208D
S214039020746F207570677261646520766961206F5E
S21403903075742D6F662D62616E64206D656368615D
S2140390406E69736D00000000037E03005D8F0300EE
S214039050778F03008E8F0300A18F0300B18F030069
S214039060C58F0300D78F0300E78F03000390030029
S21403907018900300446F776E6C6F616420666169B5
S2140390806C65642E00496D61676520646F657320A7
S2140390906E6F7420636F6E7461696E20616E205507
S2140390A070677261646520496D6167652054616706
S2140390B020283078253258292E20536B6970706922
S2140390C06E6720757067726164652E004578656308
S2140390D07574696E6720626F6F746C6F616420636A
S2140390E0616C6C6261636B2E005374617274696E9B
S2140390F0672045424C2076657269666963617469C8
S2140391006F6E0045424C206661696C656420766527
S21403911072696669636174696F6E2E0045424C20FE
S21403912070617373656420766572696669636174DA
S214039130696F6E2E0025703A202564252520636FFF
S2140391406D706C657465000208010D0D0101011256
S21403915001496D6167652025640020204552524F02
S214039160523A20436F756C64206E6F742067657483
S2140391702066756C6C20686561646572210020202A
S2140391804865616465722056657273696F6E3A202E
S2140391903078253258002020486561646572204C7B
S2140391A0656E6774683A2020256420627974657357
S2140391B00020204669656C6420436F6E74726F6C82
S2140391C03A202030782532580020204D616E75668F
S2140391D02049443A20202020202020307825325869
S2140391E0002020496D61676520547970653A202018
S2140391F02020203078253258002020566572736967
S2140392006F6E3A20202020202020203078253458E6
S2140392100020205A69676265652056657273696F18
S2140392206E3A203078253258002020486561646500
S2140392307220537472696E673A20202573002020CB
S214039240496D6167652053697A653A20202020209E
S214039250256C2062797465730020205365637572EC
S21403926069747920437265643A2020307825580063
S21403927020205570677261646520446573743A20D4
S21403928020200020204D696E2E20485720566572F8
S2140392903A2020202030782532580020204D61784F
S2140392A02E204857205665723A20202020307825F5
S2140392B03258002020546F74616C20546167733AEF
S2140392C020256400202020205461673A203078252A
S2140392D03258002020202020204C656E6774683AA0
S2140392E020256C004572726F723A20436F756C646A
S2140392F0206E6F74206F627461696E2074616720DC
S214039300696E666F2066726F6D20696D6167652E84
S214039310000A256420696D6167657320696E204FB6
S21403932054412073746F726167652E00496D6167DF
S214039330652064656C65746525702E004572726FD2
S214039340723A2020436F756C64206E6F74207265CA
S214039350616420626C6F636B3A20307825582E0A5E
S21403936000000000FFFFFFFFFFFFFFFF00000000FD
S21403937000000000656D62657241664F7461537448
S2140393806F7261676544726976657252656164439C
S214039390616C6C6261636B2829206661696C656425
S2140393A02100426164206D61676963206E756D629A
S2140393B0657220696E2066696C653A203078255898
S2140393C020307825582030782558203078255800C6
S2140393D04261642076657273696F6E20696E2066DB
S2140393E0696C65203078253258004572726F723A80
S2140393F02072656164416E6456616C69646174656C
S21403940053746F726564496D6167652829207472A9
S21403941069656420746F2072656164206D6F726580
S2140394202064617461207468616E20697420636FC0
S214039430756C6420686F6C642E00656D626572419E
S214039440664F746153746F726167654472697665BB
S214039450725265616443616C6C6261636B28292098
S2140394604641494C454421004C617374206F66663F
S21403947073657420646F776E6C6F616465643A20FD
S21403948030782534580053746F72616765204D6FCA
S21403949064756C653A204F54412053696D706C6552
S2140394A02053746F7261676520506C7567696E0030
S2140394B0496D616765732053746F7265643A202043
S2140394C02564206F6620310A001EF1EE0B5374618B
S2140394D07274696E672065726173652066726F6D5C
S2140394E0206F666673657420307825345820746F51
S2140394F020307825345800436F756C64206E6F7483
S21403950020737461727420455241534521202830DC
S2140395107825582900454550524F4D2045726173B2
S2140395206520636F6D706C65746500433A2F5573E1
S2140395306572732F6B756B756C2F53696D706C69E1
S2140395406369747953747564696F2F53444B732F2F
S2140395506765636B6F5F73646B2F70726F746F6393
S2140395606F6C2F7A69676265652F6170702F6672FC
S214039570616D65776F726B2F706C7567696E2F6F91
S21403958074612D73746F726167652D73696D706C8A
S214039590652D656570726F6D2F6F74612D73746FB3
S2140395A0726167652D656570726F6D2D7061676595
S2140395B02D65726173652E6300433A2F557365728A
S2140395C0732F6B756B756C2F53696D706C6963695C
S2140395D0747953747564696F2F53444B732F67659F
S2140395E0636B6F5F73646B2F70726F746F636F6CF4
S2140395F02F7A69676265652F6170702F6672616D79
S21403960065776F726B2F706C7567696E2F6F7461F9
S2140396102D73746F726167652D73696D706C652D3C
S214039620656570726F6D2F6F74612D73746F7261E1
S21403963067652D656570726F6D2E63004F5441200C
S21403964053696D706C652053746F7261676520454E
S2140396504550524F4D207761726E696E673A2063AC
S2140396606F756C64206E6F742067657420736C6FFF
S2140396707420696E666F20666F7220736C6F742039
S214039680256420286572726F722030782578292E1B
S2140396902044656661756C74696E6720746F207309
S2140396A07065636966696564206164647265737373
S2140396B0206F6666736574730053746F72616765B3
S2140396C0204472697665723A2020202020202020CC
S2140396D020202020204F54412053696D706C652054
S2140396E053746F7261676520454550524F4D205045
S2140396F06C7567696E0052656164204D6F646966B8
S2140397007920577269746520537570706F72743A56
S21403971020206E6F00534F4320426F6F746C6F614F
S21403972064696E6720537570706F72743A202020D8
S2140397302079657300426F6F746C6F616465722085
S21403974053746F7261676520537570706F72743AE5
S2140397502055736520666972737420736C6F74008A
S214039760536C6F7420746F207573653A2020202025
S2140397702020202020202020202020202564004395
S214039780757272656E7420446F776E6C6F616420B9
S2140397904F66667365743A20202020307825345847
S2140397A00045424C205374617274204F666673659D
S2140397B0743A2020202020202020202020307825C6
S2140397C0345800454550524F4D2053746172743AD5
S2140397D02020202020202020202020202020203071
S2140397E07825345800454550524F4D20456E643A0F
S2140397F02020202020202020202020202020202061
S21403980020307825345800496D61676520496E66B7
S2140398106F2053746172743A202020202020202069
S2140398202020203078253458005361766520526115
S21403983074652028627974657329202020202020EF
S21403984020202020203078253458004F6666736524
S21403985074206F6620646F776E6C6F6164206F662A
S214039860667365742020203078253458004F66666A
S214039870736574206F662045424C206F6666736579
S214039880743A202020202020203078253458004F9A
S2140398906666736574206F6620696D6167652073FD
S2140398A0746172743A2020202020203078253458A2
S2140398B000010905010002000000000003455252A2
S2140398C03A202570696E6720257020307825780049
S2140398D0636865636B20696E20696E746572766172
S2140398E06C0049676E6F72696E6720706F6C6C20D0
S2140398F0636F6E74726F6C20636C69656E74207729
S2140399006974682062696E64696E67496E64657817
S21403991020256420696E20736561726368206F6614
S214039920205443006C6F6E6720706F6C6C20696EFA
S21403993074657276616C0073686F727420706F6CF6
S2140399406C20696E74657276616C004552523A20DB
S214039950506F6C6C20636F6E74726F6C20636865F7
S214039960636B20696E206661696C757265202825B5
S21403997064206F6620256429004552523A205472AB
S2140399807573742043656E74657220636865636BD4
S21403999020696E206661696C7572652074687265ED
S2140399A073686F6C642072656163686564006C6FCE
S2140399B06E6720706F6C6C20696E74657276616C6E
S2140399C0206D696E006661737420706F6C6C207412
S2140399D0696D656F75740052583A2046617374500A
S2140399E06F6C6C53746F700052583A20436865630B
S2140399F06B496E526573706F6E7365203078257889
S214039A002C20307825327800506F6C6C20436F6EB4
S214039A1074726F6C3A2074727573742063656E7417
S214039A20657220726573706F6E64696E6720746FFB
S214039A3020636865636B696E732061667465722064
S214039A4025646661696C75726525730052583A2001
S214039A505365744C6F6E67506F6C6C496E746572A9
S214039A6076616C20307825347800777269740052FA
S214039A70583A2053657453686F7274506F6C6C4910
S214039A806E74657276616C2030782532780025789E
S214039A903A00657020257820636C7573202532782C
S214039AA020617474722025327820737672202563C1
S214039AB000206D666720257800207265706F7274CB
S214039AC0206D696E20253278206D617820253278E6
S214039AD0207270742D6368672025347800207265C1
S214039AE063656976652066726F6D2025327820651A
S214039AF0702025782074696D656F7574202532781B
S214039B0000636C656172696E67206C6173742072A2
S214039B1065706F72742074696D65206F6620616C62
S214039B206C2061747472696275746573007465730E
S214039B3074696E672074696D696E67206F66207638
S214039B406172696F7573207265706F7274696E6780
S214039B50206F7065726174696F6E73002D2D2D2DE5
S214039B602D2D2D2D2D2D2D2D2D2D2D2D2D2D2D2D1D
S214039B702D2D2D2D2D2D2D2D2D2D2D2D2D2D2D2D0D
S214039B802D2D2D2D2D2D2D2D2D2D2D002D2D7461AF
S214039B90626C65207265616473202D2066756C6C3B
S214039BA0207461626C652D2D00726573756C74206C
S214039BB03D202564206D73002D2D696E6974202F5A
S214039BC0207363686564756C65207469636B2D2DFB
S214039BD02D002D2D6C6F616420636F6E666967754B
S214039BE0726174696F6E2064656661756C74732D3B
S214039BF02D000000000101002000400000000000CE
S214039C000100FEFF000000000001010021004000EB
S214039C10000000000100FEFF000000005245414422
S214039C205F5250545F43464700726561645F7265D6
S214039C30706F7274696E675F636F6E66696775725D
S214039C406174696F6E005265706F7274696E673AFD
S214039C50206661696C656420746F2073656E64208A
S214039C60257320726573706F6E73653A203078259E
S214039C7078004552523A2072656164696E672063C4
S214039C806C7573746572203078253278206174742D
S214039C907269627574652030782532783A20307898
S214039CA02578004552523A207265706F7274696E59
S214039CB067206F66204C4F4E4720737472696E6739
S214039CC02061747472696275746520747970652096
S214039CD06E6F7420737570706F727465643A206368
S214039CE06C757374657220307825327820617474CD
S214039CF07269627574652030782532780052657013
S214039D006F7274696E6720456E7472792046756C3F
S214039D106C202D206372656174696E67206E6577AB
S214039D20207265706F7274004346475F525054004A
S214039D30202D20646972656374696F6E3A25782CEA
S214039D4020617474723A253278002020207479706A
S214039D50653A25782C206D696E3A2532782C206D6D
S214039D6061783A253278002020206368616E676543
S214039D703A0020202074696D656F75743A25327831
S214039D8000636F6E6669677572655F7265706F7282
S214039D9074696E67005374617274696E67207570B8
S214039DA0646174652074727573742063656E74657C
S214039DB072206C696E6B206B65792070726F6365B9
S214039DC0737300557064617465205443204C696E48
S214039DD06B204B657900204E6577206B657920658F
S214039DE0737461626C69736865643A0020457272C5
S214039DF06F723A00506172746E65723A20006E6F2D
S214039E007420004E4554574F524B5F002570257003
S214039E105550203078253258005472757374204399
S214039E20656E7465722045554920686173202573F5
S214039E306368616E6765642E0025702570444F570E
S214039E404E005F4641494C45440025704A4F494EF3
S214039E50257000454D4245525F4E4554574F524B71
S214039E605F4F50454E45443A202564207365630092
S214039E70454D4245525F4E4554574F524B5F434CF8
S214039E804F5345440025703A2025703A20307825F4
S214039E9078006469737472696275746564006365D7
S214039EA06E7472616C697A656400466F726D002524
S214039EB070696E67206F6E2063682025642C20709F
S214039EC0616E4964203078253258004572726F728D
S214039ED03A2044657669636520646F6573206E6F08
S214039EE07420737570706F7274202573206E65749A
S214039EF0776F726B20666F726D6174696F6E004A5E
S214039F006F696E00496E76616C696420536563758C
S214039F10726974792050726F66696C653A2030787E
S214039F20255800704A6F696E20666F72202564207C
S214039F307365633A2030782578004C696D697469D7
S214039F406E67206475726174696F6E206F66207029
S214039F5065726D6974206A6F696E2066726F6D2014
S214039F60666F726576657220283235352920746FE0
S214039F70203235340052583A205A444F2C20636F0F
S214039F806D6D616E642030782532782C2073746191
S214039F907475733A20307825580053696D706C6574
S214039FA00052583A20257020446573632052657327
S214039FB070004D61746368002C204D61746368659E
S214039FC0733A2025640044657669636520416E6EA6
S214039FD06F756E63653A2030782532780052583AAA
S214039FE02049454545204164647265737320526574
S214039FF073706F6E73650052583A204163746976C6
S21403A0006520455020526573706F6E73652C204330
S21403A0106F756E743A202564004E6F6465002C20BD
S21403A0204D6174636865733A203078253278005A38
S21403A030444F00534500484100436C757374657282
S21403A04000476C6F62616C00257074782025782C4D
S21403A050200050726F66696C653A202570202830A0
S21403A06078253258292C20436C75737465723A2010
S21403A07030782532582C2025642062797465732C39
S21403A08000205A434C20257020436D642049443AEF
S21403A09020256400FFFFFFFFFFFFFFFF0000000017
S21403A0A000000000000001526573657420696E6647
S21403A0B06F3A203078257820282570290064656C4F
S21403A0C06574652062696E64696E673A2025782038
S21403A0D0257800080109020A030B040C050D060E79
S21403A0E0070F081001180119021A031B041C051D8B
S21403A0F0061E071F08200121022203230424052528
S21403A1000626072708280129022A032B042C052DD7
S21403A110062E072F0830013102380239043A08E0C8
S21403A12004E104E204E802E902EA04F008F110009C
S21403A130000000000000040540A1030009002B00F6
S21403A14000000000F4A103000D0000004000000022
S21403A150000000000100000090A2030003000000BE
S21403A160400000000000000003000000B4A203004B
S21403A1700100020080000000000000000300000051
S21403A180C0A203000200040040000000000000001C
S21403A19006000000D8A203000100020080000000B1
S21403A1A00000000008000000E4A203000100020013
S21403A1B0800000000000000019000000F0A2030069
S21403A1C003000D00800000000000000020000000D7
S21403A1D014A3030006001200400000000000000065
S21403A1E0000300005CA303000100020080000000DF
S21403A1F0000000000000200120000000080000000E
S21403A20001002001200000000100000002002001E0
S21403A21020000000000000000300200120000000D2
S21403A2200100000004004221200000000CA40300EB
S21403A23005004221200000002DA403000600421161
S21403A240200000004EA40300070030012000000099
S21403A250030000000800300120000000FF0000009B
S21403A2600900300120000000FF0000000A00411131
S21403A27020000000000000000B0042412000000008
S21403A2800000000000404211200000005FA403000D
S21403A2902000200120000000000000002100200113
S21403A2A02000000000000000FDFF21022000000047
S21403A2B002000000FDFF2102400000000200000033
S21403A2C0000021020100000000000000FDFF210243
S21403A2D00000000002000000FDFF21024000000015
S21403A2E002000000FDFF2102400000000100000004
S21403A2F00000F0084000000070A4030001002304DF
S21403A3004000000078A4030006003001400000006F
S21403A3100000000000002304010000007CA40300EA
S21403A320010023040000000080A4030002002102B1
S21403A33000000000020000000300210201000000EC
S21403A34028000000050023040000000084A4030086
S21403A350FDFF21020000000003000000FDFF2102B4
S21403A360400000000300000000000008030000098E
S21403A3700300000603000109030040010600000174
S21403A38006000101060002010800000108000101A1
S21403A3900800020108000301080004010800050183
S21403A3A0080006010800070119000101190003014E
S21403A3B01900060120000002200000082000010802
S21403A3C0000307010003080100030901030041001D
S21403A3D065AD0200030042008BAD02001900810048
S21403A3E055AC00001900840065B60000200041004B
S21403A3F015C800002000600029C9000020004200A4
S21403A40051CA0000008000000000000009444959BA
S21403A4102D496D6D6178000000000000000000000B
S21403A420000000000000000000000000001F54535E
S21403A430313030315F54595A4230315F37716638A4
S21403A440317774795F456E68616E636564000832C0
S21403A450303236303732310000000000000000058D
S21403A460312E302E300000000000000000000000F7
S21403A470FFFFFFFFFFFFFFFFFFFFFFFF4038000068
S21403A480201C000014000000575249544520455232
S21403A490523A20002570657020257820636C75730A
S21403A4A020253278206174747220253278206E6FEE
S21403A4B07420737570706F72746564002570696EAE
S21403A4C076616C69642064617461207479706500D8
S21403A4D0257061747472206E6F742077726974616C
S21403A4E0626C650057524954453A206E6F20777266
S21403A4F06974652C206A757374206120746573749F
S21403A50000524541443A20617474726962757465F9
S21403A5102073697A6520746F6F206C61726765209B
S21403A520666F722063616C6C657200636C6E740098
S21403A5307372767200525700524F00202052414DDC
S21403A54020200020746F6B656E200065787465723A
S21403A5506E2000454E44504F494E542025780063E4
S21403A5606C7573202F2073696465202F20617474C3
S21403A57072202F206D666720202F74797065286CF3
S21403A580656E292F207277202F2073746F72616790
S21403A59065202F2064617461202872617729002565
S21403A5A03278202F202570202F20253278202F2048
S21403A5B000202F2025782028257829202F20257075
S21403A5C0202F202570202F2000556E737570706F16
S21403A5D072746564004F544120524541443A2065E5
S21403A5E0703A2578206369643A253278206174745A
S21403A5F069643A253278206D736B3A2578206D6648
S21403A600636F64653A25327800524541443A2063C5
S21403A6106C7573202532782C206174747220253271
S21403A62078206661696C656420257800524541444C
S21403A6303A20636C7573202532782C20617474720B
S21403A640202532782C20646174614C656E3A20258F
S21403A650782C204F4B002578200028256329255881
S21403A6602558255825582558255825582558002552
S21403A67070642C2064726F7070696E67206570203A
S21403A6803078257820636C757320307825327820EF
S21403A690636D6420307825780047656E6572617453
S21403A6A0656400526563656976656400446973632F
S21403A6B06F76657220436F6D6D616E64732072658D
S21403A6C073706F6E73652028636F6D706C65746549
S21403A6D03A202563292C202573204944733A200009
S21403A6E0307825582000524541445F415454520067
S21403A6F057524954453A20636C75732025327820A7
S21403A700617474722025327820004641494C202516
S21403A710780057524954453A20746F6F2073686F18
S21403A720727400444953435F4154545200257025C4
S21403A730703A20636C757320253278005F45585451
S21403A7400053766320446973633A2000257057618B
S21403A7506974696E672025642073656320666F726B
S21403A76020646973636F7665727920746F20636FF4
S21403A7706D706C65746500537461746520636F72E5
S21403A780726573706F6E64696E6720746F20746889
S21403A79065207468652072657175657374206E6FC5
S21403A7A07420666F756E640A002570636F6D706C37
S21403A7B06574652E0A002570536572766963652095
S21403A7C0446973636F766572792053746174652088
S21403A7D06C696D69747320726561636865640A00E9
S21403A7E02570496C6C6567616C2062726F61646387
S21403A7F061737420616464726573732C2072656D73
S21403A800617070696E6720746F2076616C6964206E
S21403A8106F6E652E0025704661696C656420746FE3
S21403A8202073656E64206D61746368206469736366
S21403A8306F766572793A20307825780025705374E0
S21403A840617274696E6720646973636F7665727983
S21403A85020666F7220636C7573746572203078257A
S21403A86032780025704661696C656420746F2073C6
S21403A870656E64204945454520616464726573735B
S21403A88020726571756573743A20307825780025D3
S21403A890704661696C656420746F2073656E64200E
S21403A8A04E574B20616464726573732072657175CD
S21403A8B06573743A2030782578004572726F723A61
S21403A8C0202570206261642073696D706C65206456
S21403A8D0657363726970746F72206C656E677468F3
S21403A8E02E0025704D65737361676520746F6F2046
S21403A8F073686F72740025704D65737361676520A6
S21403A900746F6F2073686F727420666F72206E7533
S21403A9106D2E20656E64706F696E74730025704DBE
S21403A92061746368257020666F756E642066726F47
S21403A9306D2030782532782E004572726F723A2079
S21403A940257020696E76616C6964206C656E677429
S21403A950682028256420213D2025642920666F72FF
S21403A9602041637469766520456E64706F696E7402
S21403A97020726573706F6E7365002570676F742041
S21403A98061637469766520455020726573706F6ED7
S21403A9907365005554432074696D653A2025642F0A
S21403A9A025642F25642025643A25643A25642028E7
S21403A9B025347829001F1C1F1E1F1E1F1F1E1F1E47
S21403A9C01F28556E6B6E6F776E20636C75732E2023
S21403A9D05B30782532785D29000D0A542534783AA1
S21403A9E0005258206C656E2025642C206570202547
S21403A9F0782C20636C7573203078253278200020FD
S21403AA006D66674964202532780020464320257802
S21403AA102073657120257820636D64202578207067
S21403AA2061796C6F61645B0007021F012F003701B9
S21403AA303F005701DF02E700FF02000000000000AE
S21403AA4000000000000000000000000000000000FE
S21403AA50000000000000000000000000426173696F
S21403AA606300436F6C6F7220436F6E74726F6C007B
S21403AA704964656E74696679004C6576656C204337
S21403AA806F6E74726F6C004F6E2F6F6666004F7634
S21403AA906572207468652041697220426F6F746C1A
S21403AAA06F6164696E6700506F6C6C20436F6E74E1
S21403AAB0726F6C00506F77657220436F6E666967BE
S21403AAC075726174696F6E00000000005CAA030073
S21403AAD00003000062AA03000300000070AA03003C
S21403AAE00800000079AA03000600000087AA0300F6
S21403AAF0190000008EAA030020000000A7AA030086
S21403AB0001000000B4AA0300FFFF000000000000DD
S21403AB102570525820706B7420746F6F2073686FA3
S21403AB2072743A202564203C202564002570525810
S21403AB3020706B74206D616C666F726D65643A206D
S21403AB402564203C20256400600900000080000086
S21403AB5000000000000000433A2F55736572732F00
S21403AB606B756B756C2F53696D706C69636974795B
S21403AB7053747564696F2F53444B732F6765636B08
S21403AB806F5F73646B2F70726F746F636F6C2F7A63
S21403AB9069676265652F737461636B2F736563758D
S21403ABA0726974792F7A69676265652D7365637553
S21403ABB0726974792D6D616E616765722D6E6F2D86
S21403ABC07661756C742E630000004572726F723A7C
S21403ABD020204661696C656420746F207265616429
S21403ABE02066726F6D20454550524F4D206174208C
S21403ABF030782534582C207374617475733A202585
S21403AC006400454550524F4D20496E697469616C26
S21403AC10697A65643A20256300454550524F4D20B6
S21403AC20427573793A202563005061727469616CCA
S21403AC3020576F72642053746F7261676520436F89
S21403AC40756E743A20256400416464726573733AC2
S21403AC502030782534582C205061727469616C203A
S21403AC60576F72643A203078255800636F6E6669B2
S21403AC70726D656400617373756D6564000A45459E
S21403AC8050524F4D20496E666F004E6F74206176AA
S21403AC9061696C61626C6520286F6C646572206202
S21403ACA06F6F746C6F6164657229005061727420F3
S21403ACB04465736372697074696F6E3A202020204E
S21403ACC02020202020202573004361706162696C78
S21403ACD069746965733A20202020202020202020D4
S21403ACE020202020307825325800506167652045A3
S21403ACF0726173652074696D65202873293A202074
S21403AD0020202020256400506172742045726173F0
S21403AD10652074696D65202873293A202020202039
S21403AD202025640050617274204572617365207437
S21403AD30696D6520286D73293A2020202020202560
S21403AD406400506167652073697A652028627974A8
S21403AD506573293A202020202020202020256C00FF
S21403AD60506172742073697A6520286279746573FA
S21403AD70293A202020202020202020256C00576FF1
S21403AD8072642073697A6520286279746573293A38
S21403AD9020202020202020202025642028257029FC
S21403ADA000454550524F4D20696E69743A203078FD
S21403ADB0255800433A2F55736572732F6B756B7561
S21403ADC06C2F53696D706C69636974795374756419
S21403ADD0696F2F53444B732F6765636B6F5F7364A1
S21403ADE06B2F7574696C2F706C7567696E2F706C3A
S21403ADF07567696E2D636F6D6D6F6E2F6565707207
S21403AE006F6D2F656570726F6D2E6300FFFFFFFF1A
S21403AE10FF00000000000000556E61626C65207440
S21403AE206F20626F6F7420696D616765206174209F
S21403AE30736C6F7420256C640A00536C6F74204D1A
S21403AE40616E61676572206661696C656420746F04
S21403AE5020657261736520736C6F740A004D6178A8
S21403AE602072656164206C696D6974207365742053
S21403AE70746F2025642062797465730A00416464E4
S21403AE807265737320202020202020202020446118
S21403AE9074610A00307825346C7820202020202026
S21403AEA020307825780A004661696C656420746FE3
S21403AEB020726561642066726F6D20666C617368CC
S21403AEC00A00536C6F7420256C640A202041646466
S21403AED07265737320202020203A20307825346C46
S21403AEE0580A20204C656E67746820202020202096
S21403AEF03A20307825346C582028256C64206279F3
S21403AF00746573290A002020547970652020202058
S21403AF10202020203A20004E6F2047424C2070729B
S21403AF206573656E740A005A69674265650A00545C
S21403AF3068726561640A00436F6E6E6563740A0027
S21403AF40426C7565746F6F74680A00426C7565743D
S21403AF506F6F7468206170706C69636174696F6E7B
S21403AF600A004D43550A004F7468657220283078EE
S21403AF70256C58290A00202056657273696F6E2067
S21403AF80202020203A203078256C580A00202043C1
S21403AF9061706162696C69746965733A20307825FB
S21403AFA0346C580A00202050726F6475637420490D
S21403AFB04420203A2000536C6F74204D616E616705
S21403AFC065723A206661696C656420746F20696EE9
S21403AFD0697469616C697A6520626F6F746C6F61FE
S21403AFE064657220286572726F7220307825347813
S21403AFF0290A0056657273696F6E20202020203A56
S21403B0002025640A0050617274202020202020200E
S21403B010203A2025730A004361706162696C697483
S21403B0206965733A20307825780A00506172742077
S21403B03073697A652020203A20256420420A00504E
S21403B0406167652073697A652020203A202564208D
S21403B050420A00576F72642073697A652020203A8B
S21403B06020256420420A00536C6F7473202020202E
S21403B0702020203A2025640A004661696C65642016
S21403B080746F20726561642066726F6D2073746FCF
S21403B0907261676520666C61736820286572726FDB
S21403B0A072202564290A00496E76616C69642073F0
S21403B0B06C6F7420256420286D617820736C6F7420
S21403B0C0202564290A004661696C656420746F2034
S21403B0D067657420696E666F20666F7220736C6F87
S21403B0E0742025640A00536C6F74204D616E61678B
S21403B0F065723A20736C6F74207772697465206684
S21403B10061696C7572652E20416464726573732081
S21403B1106F66667365742028256429202B20777252
S21403B120697465206C656E67746820282564292019
S21403B13067726561746572207468616E20746F74DB
S21403B140616C20736C6F74206C656E67746820285E
S21403B1502564290A00536C6F74204D616E61676520
S21403B16072207761726E696E673A20736C6F742013
S21403B1702564206C656E6774682028256429206E14
S21403B1806F7420616C69676E656420746F207061EC
S21403B19067652073697A6520282564292E205468FC
S21403B1A06520656E7469726520736C6F74207769A9
S21403B1B06C6C206E6F7420626520657261736564C3
S21403B1C02E0A0045726173656420256420627974D3
S21403B1D0657320696E20736C6F742025640A0053B0
S21403B1E06C6F74204D616E616765723A20666169A3
S21403B1F06C656420746F2065726173652025642016
S21403B200627974657320696E20736C6F742025648D
S21403B210206174206164647265737320307825340A
S21403B2207820286572726F722030782578290A0094
S21403B2304661696C656420746F2073657420736C53
S21403B2406F7420746F20626F6F7420286572726F3C
S21403B25072203078253478290A004661696C656463
S21403B26020746F20736574206C697374206F662076
S21403B270736C6F747320746F20626F6F742028650D
S21403B28072726F72203078253478290A0046616915
S21403B2906C656420746F20676574206E6577206C18
S21403B2A0697374206F6620736C6F747320746F20D9
S21403B2B0626F6F7420286572726F7220307825343F
S21403B2C078290A00426567696E6E696E6720696D44
S21403B2D061676520766572696669636174696F6E16
S21403B2E02E2E2E002E6661696C6564212028457219
S21403B2F0726F72203078253478290A002E706173B5
S21403B3007365642120426F6F74696E6720736C6F78
S21403B310742025640A00666E692B00666E69006EEB
S21403B320616E00666E692D00000000000000F03FAD
S21403B3300000000000002440000000000000594008
S21403B3400000000000408F40000000000088C3405B
S21403B35000000000006AF8400000000080842E41D0
S21403B36000000000D01263410000000084D797411C
S21403B3700000000065CDCD415465726D696E616C49
S21403B3800000000000000054545220524547474531
S21403B3905300020203000000000000004801000002
S21403B3A0901F00200000020800000000FFFFFFFFC0
S21403B3B0FFFFFFFFFFFFFFFF00000000000000008D
S21403B3C00000000000000000000000000000000075
S21403B3D05241494C00000000A000000089480100CB
S21403B3E05000000069490100FA04FA000033330AEA
S21403B3F00A0A030404080808080808400021000095
S21403B4000000000000000000000000010000010131
S21403B4100001010100000000000000009E0700007C
S21403B42048700C0E4470980D3070DC123C70DC16BD
S21403B4303870F40D34701A0E30706A0F2C706A0F61
S21403B4402870541124706C112070FE0D1C70F811B6
S21403B45018706A121470FA0DB110076001D80A71D9
S21403B46008B87F78020C7E78641000C6A01F0021FF
S21403B4708CB8707801B007680F305CB30F330111D6
S21403B480C048069846022FB006D80C7109DD08712D
S21403B49000B853A809BB1110076801682148076064
S21403B4A004100112FF3221500760514807600088DC
S21403B4B00698861300C43C1F002103DD087214BAE5
S21403B4C0281400A000BA03DF107109DF0672029881
S21403B4D0E8058CB8507800A0441328144115811051
S21403B4E0076002D8147110880698F81B00C00C7009
S21403B4F008400698521E009106985C020060B83019
S21403B50020D8067190BC637C084D5412F03240DE9E
S21403B5100472404804DB08720DDD0C72044BEF30F6
S21403B520144806989E0700C4E010084044120762B9
S21403B53001322140084C287C811140D91C72B1127B
S21403B5403032CF4A013AB1DA107208D8067104D8FD
S21403B5500871B04C237C3E70684C4412FF3287223D
S21403B560047580B8D84C81D8307140D90472237CD6
S21403B570084B06989E0704BA88B9767900C1186006
S21403B58008403579E049007906B904A901D86C72F8
S21403B590BC4C307C02982E0208D83C7100C14C008B
S21403B5A00840141110D93071104C00C11400084023
S21403B5B014111814076100C5206008405415FF35A0
S21403B5C0047110491814A84C44120762013206711C
S21403B5D002981201B84C08D80C7107BA24D8047123
S21403B5E006BA187004D80C7101BA40D80E7102BAA4
S21403B5F00A7005BA20D8047203BA604C4411404C52
S21403B6001814076118149111383111429111076902
S21403B61010D90472EF3200C10060084014111031D3
S21403B620016911422814A111076118140698381EDF
S21403B630181400C10060084014110769FF3118147C
S21403B64000C13C30084014111814076118143088E0
S21403B650024806984806009308DB047101F800A028
S21403B6605CB00F3000A01088B111076980D90A7149
S21403B67000C1800008400811009100A000C400012A
S21403B6800840441000A000C020300E4004110410EF
S21403B6901050F47200A05415504512710698A8076E
S21403B6A00698380718B8707800B8417806983C03AF
S21403B6B090BA5B7A5C7A5D7A00C21850084024120E
S21403B6C000C14C1F002128110698021C2088008800
S21403B6D000C5401F002154155112FF350762FF3283
S21403B6E006986602015951290475115900902129BB
S21403B6F020750698FA0406982A050698F60200921C
S21403B70003D80C728111076102D90472FF0FBA7055
S21403B71018B8727800F804D842710088308800C0E0
S21403B720FC1F0021041000C14C1F00211412012A23
S21403B730215A00C3185008403413312A1A7500C022
S21403B7400060084004100730FE200C76381108B855
S21403B7507F78020C7E780093009000A000C0F41F50
S21403B7600021041000BB1DB400A000C1DC1F002193
S21403B77014111088FF3100C5FFFF00003112076265
S21403B7800762513A513B0E720698140D1159011275
S21403B79001131E703114008831100698140D1159C8
S21403B7A0415C41280698160D513801130090012B71
S21403B7B000902088076001140760FF30215D411266
S21403B7C007620762312D0876FF34415C4128015D2C
S21403B7D031100698160DFF303088011300C0E01FA5
S21403B7E000210410512B0C76076801150768FF35F6
S21403B7F06070315BFF32212B0C7507600115076003
S21403B800FF354E7000C5E41F002154150765076514
S21403B8105112FF35FF30012B087521100760327077
S21403B82021100768FF30012B0A7521100760076097
S21403B830207000C2E81F0021241221100760076051
S21403B840FF30012B0875211007680670211007606A
S21403B850FF300093009200C10060084014142C4986
S21403B8600734FE242A761415F0BC076C513C07688F
S21403B87003680154107100C4FF0FFFFF513C0144DD
S21403B8804811311200C5E81F00215415FF35076221
S21403B89007622143544914122155FF35515228118A
S21403B8A000A000DF0672011314703111312B112B27
S21403B8B0016300C1FF070000113B012B00C278FEA5
S21403B8C0FFFF05B86EBD312A207505B8C8BDE8224E
S21403B8D01875DCBD06B8DC22107507B8F0220A75A9
S21403B8E008B8E822047509B800C1006008401412BD
S21403B8F02C490732FE2216760768036800C2FF0F3C
S21403B900FFFF1414213C0144481150BD544914123E
S21403B9102155FF355152281100A001D82C710088FB
S21403B92000C00470084004108020FF301A7100C164
S21403B930B01E00211411076120D9087106988204ED
S21403B940067006984A03009000A002D8047200A06E
S21403B9500088069838071DB428B9112C408800C300
S21403B960EC1F0021341440445A7144130698A8056A
S21403B970411500C00060084004100730FD204475E0
S21403B98000C20870084024100760FF3080DC347162
S21403B9900698500D01591C4A241007600260FF30B8
S21403B9A00698500D0158B2200129541331100698F9
S21403B9B0500D11280A75042554155045EE72069845
S21403B9C0A8050094009000A07FB9066100C01C6023
S21403B9D0084006988C1304155153113B31555810E3
S21403B9E002988613EBBD00C03C1F00210411113DD5
S21403B9F010D91271FF33076B00C190400846381107
S21403BA0018B97479581000A006985C028024E424C0
S21403BA100D300472044800C11C510840141100C3C1
S21403BA20D81E0021911504351A72181388BB08D83E
S21403BA3004716C7B04D804716A7B8CBB2F7C5B7BA4
S21403BA401670044B181388BB08D804716F7B04D890
S21403BA5004716D7B217C0C300160069824070698E0
S21403BA600A0C0698D40700B8B111076940D90672C4
S21403BA700298080701BC00C20060084000DC0A7197
S21403BA8024150165604A0A701C4A241507657C4A1A
S21403BA90043508D920712024512A241200C18000BD
S21403BAA00840320C28110762281107622811076222
S21403BAB02811500C00C1341F0021141200DC34710D
S21403BAC020D8067101B80C70F0DA0C720CDB087122
S21403BAD002B806982C07482400C330610840341384
S21403BAE0076380DB0E7102B9911308DB047203B996
S21403BAF006700C49141100C380000840FFB80120EB
S21403BB0011410871014118130824014200C12000A5
S21403BB10084014110141036D514191152035016D03
S21403BB20514118132813481300C37C0008403410EF
S21403BB3003D80C71073005DC0671084B227B8CB8E2
S21403BB40507800B800C1341F002114120368215036
S21403BB50F0300152281100A04024066400C0FFFF05
S21403BB600100013C1DB002200158402806751EAC9A
S21403BB7001EC00A0208800C01850084004121DB431
S21403BB80211304123052F871066C402400C3741F4C
S21403BB900021341014110698800D0669009211597D
S21403BBA02129067600BB11590698380D80B801582E
S21403BBB0013A0662313B0472215A412A00A000C2B0
S21403BBC000010840317A00A0308880B9076900C3B5
S21403BBD00000C0FF3110312800BC002D0C75115435
S21403BBE01EAC01EC312DF470066C51134155312C0B
S21403BBF0009300A000C028400E4004133151076193
S21403BC000C3107691153381000A00698EC0800C0E1
S21403BC10F41F002104110698D407217A237A00C35F
S21403BC20000010000698140800C0541F00211DB120
S21403BC30181000A000C0501F00211DB1181000C02E
S21403BC409C1F00210410002D067500B826A8069830
S21403BC50A80700C09C1F00210410012C0675069837
S21403BC60380728B010B9115911380EB9114028A851
S21403BC7080B800C144300840081100C1F01F0021FD
S21403BC801410303B06710760076000C40830084094
S21403BC9044111150FF30015118146FB8076826A8D5
S21403BCA0217A050C21102048267800C063EF000097
S21403BCB0314026A8050C20ECB11140D90872247A2D
S21403BCC020EC217A184826A828B00AB901510F316A
S21403BCD0115028A8050C207A20EC0F0C98B846784B
S21403BCE041780698660200C2401F002124100151C5
S21403BCF0FF311150081200A00698EC0800B826A8D9
S21403BD0000C0581F00211DB1181000A030B840789D
S21403BD100DB101D9FC72427800C074300E40041194
S21403BD204CBA407A1810144804115C7A1810A4BB55
S21403BD30707B4E7B4F7B00C20430084000A0069801
S21403BD40EC08217A227A00BB0698140800C0641F08
S21403BD5000211DB11810A4BB00C040300E400411D2
S21403BD60033101492872B112076207623048041191
S21403BD7021510F3118726E7B6F7B104804114CBA39
S21403BD807C7A181014480411607A1810B11002D87F
S21403BD901071707B30B8627860780DB001D8FC7192
S21403BDA000C0F8600840041101D90C7100C01800E7
S21403BDB0084002B9181008B86E780EB84EB110D9FC
S21403BDC00C723EA8140C0FB83EA8107044A8140CAE
S21403BDD001B800C1AC300E40081100C077801F00C8
S21403BDE03DB201423DAA00C0FFFFFFFC013A3DAA57
S21403BDF0140C00C077E01F0001423DAAFFB845209F
S21403BE007D7808B87E7800C1246008401411076165
S21403BE100631087100B90698D21006988C13B11132
S21403BE2001D90E7106985E1E02D906720698500C4A
S21403BE3006988613511406983807F4B845780A0C02
S21403BE4000C0601F00211DB118100298AC10FFB887
S21403BE5045205D7803B8076044A83EA800C1AC300F
S21403BE600E40081110B807683DB101393DA908B85E
S21403BE706F7800A046A800C0FFFF0000013B0763E1
S21403BE8056AB94BA437A01D91471013C47B300C048
S21403BE90FE20FFFF013B314447AC637AFFB8212005
S21403BEA0407802D90471607800A0C8BC066C415C77
S21403BEB0512C06750698380706982E0EB11007689B
S21403BEC005D8347140BA06985C1308B865789110A3
S21403BED004D8187188B86E78577800C06400084094
S21403BEE021780698FA1001400A728CB842780698B0
S21403BEF098130298E20B08B86C7820B859785B78E8
S21403BF0000C0F44008407878797800C1C81F002143
S21403BF10141040A8184914130449408814140C49F3
S21403BF2014118112076A006A01DA187188B8577803
S21403BF3000C0CC1F00210410016107630763076478
S21403BF4007640698540A00944EB010D842724DB156
S21403BF5061B80158113840B102D90A72604804BB6F
S21403BF6041540870204802BB02BC4DA8F8B870784C
S21403BF70190C3EB141413EA9F4B9737973787178CF
S21403BF8000C4F840084000C200410840227000C2C6
S21403BF900000010044AA230C00C200000B0044AAC0
S21403BFA000C41041084000C21841084004BB587C36
S21403BFB0050C597C0C240F0C2FAB050CB11008D8BC
S21403BFC01471647A657A1CB879787B7820B87978A6
S21403BFD07B78607CF424411306989E0751144044F2
S21403BFE0067506983807727BFFB84D20050C6878EF
S21403BFF040EC00C05C1F00211DB11810911004D83E
S21403C000147100C0B01E0021041080D806711CB83D
S21403C010737800F818B800C1D41E002100C2185067
S21403C020084024122811777800F800C0B86008404A
S21403C03004110761076180D9047240EC00C4F8401C
S21403C04008404EB010D80471182441130C23527CB8
S21403C050407B11512FA9050C797C0A0C00C0000007
S21403C06001020814787C050C507C08B86D7800A093
S21403C07000C0287008400411108800C10018004052
S21403C0801810444804111088784804111088008852
S21403C0904CBA757A18103DB11088F4B8427844202B
S21403C0A0727828487378F8B873784FB200C4FFFFE5
S21403C0B08080413A4FAA01BC01644113076300C064
S21403C0C06C70084003B918100110011001B918105C
S21403C0D0011001100110011068480411076101B82E
S21403C0E00160003A0471044904D90472415207609E
S21403C0F0003A0471084908D9047231520460003BBF
S21403C1000E7200630064314241424FAAB2704FAAD6
S21403C110F8B85378182053782848527800913DA9E8
S21403C1200090009118100091784818100091444828
S21403C130181000A0115910D906710760076008D9B6
S21403C1400471076004D90471036002D904710160A5
S21403C15001D90471006000A000BA01D80671014835
S21403C160112A0069006001D8F6720138F67200A041
S21403C1708020FF30FF48812000A002EC00CA02ECBA
S21403C18000C8076A014202EC00C8076A014202ECD3
S21403C19000C8076A014200A000C2185008402412D3
S21403C1A011592129127300210E7100C23050084024
S21403C1B024120121212900A00698EC0888B8577894
S21403C1C000C57C1F00215088044D88BC00C0BC1EDF
S21403C1D00021811101D91E71407C009501157C4D0B
S21403C1E05088044DFFBB076B315B04110698780D2E
S21403C1F03129F87506984C1D541506985E1E01D90C
S21403C200087206981E0906700698800988BB547B38
S21403C210009500F806982E0A0E7006980A0C0698E3
S21403C2202E0A0698D8110698D8089112211900C02C
S21403C230246008400A78097800F810B901BA06980D
S21403C24052130698AC1000C57C1F002100F891120B
S21403C250033288B900C3B01E0021341300C4A810EB
S21403C26008408CB84278707903DE067144786E70A5
S21403C2707179A11020D806710298760F80DB507171
S21403C28002D84C7205B830880763076302DB2A714D
S21403C29000C3AC0008403413066380DB0472804896
S21403C2A000C3102008403413315B04724048312821
S21403C2B0312802600814076800930814A110103090
S21403C2C00248081400B808149110076008148CB8C4
S21403C2D06278A11000DC0676517900BA80DB3A71E9
S21403C2E000C000000200003B307150884110344803
S21403C2F003DE04719048041508200411F820581032
S21403C3001C20217800C0A40008400E7810D90472BF
S21403C3102E780698A2160095911120310269911085
S21403C32004D80E7200C1481F0021141101D90A71E6
S21403C33020880698D210009200C1180008400533E2
S21403C340054B1872184C03DE0471904C441400C35A
S21403C350FF1F0000413BFF233811B84900C330617B
S21403C36008403413076380DB0E7103BA076A069826
S21403C3705E0F00BA0870076A06985E0F04490879CC
S21403C380097914102140081100A000BD0698400248
S21403C39010B903DC047100B901BA0698521302D926
S21403C3A0067100404E7201B107690F310698FA1004
S21403C3B0FFD82872811008D8187106DD0A7106980E
S21403C3C0400203DC0C7206984011069898130C7012
S21403C3D006DD107106984611487020B802A806DDDF
S21403C3E0107206982E0A0698D80801F840B802A8D4
S21403C3F000F800C0B01E00210413076301DB22719E
S21403C40091100111076911388CB910D80871447955
S21403C4100298760F02DBFA72A11328DBF47203BDCF
S21403C4200698A01006982E0A8CBA7F7A06989E075E
S21403C43000C5801F00210698400200BA03DC4A723A
S21403C440044DA11002D804710C4D00C0140008401E
S21403C4500410026800C3701F00213411112800C1A4
S21403C460306108401411076180D90C71911108D905
S21403C4700671FC230C4DFC2334110698380D00C1BD
S21403C4800C510840069854075415212D00C0F86037
S21403C4900840041101D9227100C0381F002104107E
S21403C4A0033001DC147200C0140008400411FB21A1
S21403C4B0087607BA076A212D0698EA0702988A0AB9
S21403C4C09110015503355150011900A000C1441FB6
S21403C4D00021141001D8427101480760FE200E7532
S21403C4E0811020D8087100C1481F0021141101D9FA
S21403C4F0287100C0246008400412215107610F31DF
S21403C50007691152281000C00060084004119112F8
S21403C510215120311152211900A0811380DB0672AC
S21403C52001B800A000C30C50084034100630307227
S21403C5307C4B34122C4B341007600760403020725B
S21403C540811080D8DC713410014A076203608030A2
S21403C55021508C480A717F2355233410013000A0E4
S21403C56000BD0698A01088B847784578437800B889
S21403C570447800A006982E0A0698401100C58C1F22
S21403C580002154150698EA0702988A0A00C3740025
S21403C5900840027B06988C1350BA06985C130698DC
S21403C5A0FA10FFD84A71911004D8487281100760B8
S21403C5B01CD8407220D938721112FF3221513471BF
S21403C5C080218021111400C0E01E00210413FFBA4D
S21403C5D03151113A215111538CB938107B794044AB
S21403C5E00E7200B900C2B81E00211812067008B8F1
S21403C5F060780698861300F800B900C29C100840BD
S21403C6001812244A0AB9181288BA507A517A577AF5
S21403C6108CB942795F7900A00698400207DC107255
S21403C620911000200A750698D8110298260E0698CF
S21403C630D80801B9911004D8047100B910BA069845
S21403C640521300BA00402A7100C0B01E0021041124
S21403C650076101D9127104D9E2728110076001D80B
S21403C660DA718CB8647800C11C51084006985407E8
S21403C6700698D81100C5901F00215415212D069841
S21403C6801E0900C5941F002100F800BC811108D9BB
S21403C690167280D9207201B910BA06985213004058
S21403C6A00E7101BC1070069840110698981320B8B6
S21403C6B002A800F80698D81181110231127100B948
S21403C6C000C20C1008401812244A02B91812069821
S21403C6D0401100C5981F002154150698D61D0298D0
S21403C6E08A0A04110121147188BA737A0420041289
S21403C6F02811042004110121F47200A006989E0755
S21403C70001F8911010D8347106983C030698FA0481
S21403C71006982A0500C51C51084054110698780D42
S21403C72000C5D01E002154155129E27518B8767835
S21403C7308CB8447801B802A800F8B110076810D87E
S21403C7402E7100C04810084000C300000840311492
S21403C750884C44113411076101D9FA714412281028
S21403C760076228100762281007622810E8700298EC
S21403C770760206985C0211380472016A00BB00C197
S21403C780E01E0021141120390C72911210DA067281
S21403C790417B00A006988C1300C2B01E0021241211
S21403C7A020DA0472617B88BA527A00A088BA727A59
S21403C7B0811204DAFC7200A088B86B78577800C040
S21403C7C0640008402F7800A00698E6100763076306
S21403C7D090B9637900B902DB227102EC00C909B88B
S21403C7E001D9507200C2AC0008400E7A10D9047208
S21403C7F02E7A0698A216E031076102EC00CD1145A9
S21403C80002EC00CC01DB087100BB0298001803B8E9
S21403C81041110731FA211C760621911210DA0871AC
S21403C82002DD10721E7020B80698140D303814728C
S21403C83008B80698240700C0240008402978207802
S21403C84000F8046020D8067102985A1502EC00CA54
S21403C85005B823DA187104DBDA7120DAD67110DA38
S21403C860D27290B8617800B801DA067202EC00C89A
S21403C870911110D9267100C1C01E00211411115048
S21403C880FF300C720661A110115002300A7180DB72
S21403C8900A720AB89E708CB97C79076891111140A8
S21403C8A02111C0311140011990B8411108D9047102
S21403C8B0667820D904726578A11002D80672C0DAA9
S21403C8C01E7190B8273123DD087210DB1072607872
S21403C8D025DD0A7121DD087208DB0471627803B86E
S21403C8E0411107310872A1152035AA7102DD327293
S21403C8F0A11120D9A07102D92872CCDA98724111FD
S21403C90040D9927206B802DB1071046500C110208C
S21403C91008401411112D112D054D5C720298E81371
S21403C92021114049C0D94E71A031411540350165EA
S21403C93051410361076308DA1E7204DA387210493C
S21403C940A1150235067110DB0E7201340A7108DB7D
S21403C950247190B86778CC3211101A300ADC08724A
S21403C960CCDE0471FD3100C00D0F0C0D0698160DBC
S21403C97001D8607207B80298121400BA411108D998
S21403C9800C7102EC00CA05B830DAEC720734F031E9
S21403C990026101DA0471014900C0F300A3E30698BB
S21403C9A0160D01D8D07100C0981440680698160D6D
S21403C9B04030014440DA0471204C04320162204ABC
S21403C9C011100630006801421831026911420298BC
S21403C9D03014204A00C0051708500698160D11306B
S21403C9E001422088FFBB0DDA507100C1DE1B250112
S21403C9F080BC04DA107208DA0A7200C120841000C0
S21403CA00E024A02407634143016401DA06711E494A
S21403CA10024B00C0281F002107633810BC2002DA2F
S21403CA20127101B91159A11380DB087100C100FC12
S21403CA30FF01181002988C1700C4B01E0021441082
S21403CA4080D87C710092D0DA06710DDA0C7190BD35
S21403CA50437DEFBD0698C60503620DDA8672A11103
S21403CA6005D95C7100C23810084024120C2428141F
S21403CA7001D9067202D9327140D91E7102EC00CA7E
S21403CA80211018320471FA2220D804720822FE22DA
S21403CA90087502EC00C8F87001D90E7102EC00C8E4
S21403CAA002D9067204DC187200C0B01E00210410FE
S21403CAB0026801D8067190B8647818B8737802983B
S21403CAC0001800C50020084000C00417000008D95D
S21403CAD004720A480815104D00B808D90472FF20DE
S21403CAE00815084D00C00884000008D9087200C065
S21403CAF02083B8ED0815104D207D00A000B8011A5C
S21403CB0000C074000840027891101030011905BA6D
S21403CB1006985C1302D9067101B802A800C0B01EBD
S21403CB200021041380DB06710298A81340DB06710C
S21403CB30029840198CBA7C7A01DB6C7100C22C1FF8
S21403CB40002124111114FF3402EC00C8FF24FA76E6
S21403CB5007610698240D036111380F300361111421
S21403CB60011141100698240D01D8087203B80298E3
S21403CB7012141C4A02DB24712410112811280412F3
S21403CB80023006710762076200C0FFFF000021380B
S21403CB9000C218000840FF200812411007600698DC
S21403CBA0240D01D87C7120BC1033767100BB00C104
S21403CBB0281F00211415C021112C5112076A0F32A9
S21403CBC00E7140885114069856184143009451122A
S21403CBD00765036A0F320E714111511406985618F1
S21403CBE0036C41430765513B00C1E41E0021141149
S21403CBF0111231100F30127100BA046101D804719A
S21403CC00114200600FD8F472311002601E300472B5
S21403CC1001B8003A087204B802981214029818165B
S21403CC2000C1306108401411076180D91A7102EC03
S21403CC301DB002EC1DB101581128A0B911591128D5
S21403CC4006758CBA637A00C0341F002104110F31B5
S21403CC5003DD1A7200C000600840041007D80E7285
S21403CC6000C01040084004B9181000F80698E610F3
S21403CC700698C40500F830885088FF34087102EC23
S21403CC80FF24F87002EC00CD141001BB5150FFD8FE
S21403CC90047131440760006B10DBF2710421FF223C
S21403CCA0E4720F4C0095009300A000C01860084083
S21403CCB004100560073000A00CB802983C1902EC7B
S21403CCC000CAFFBC80BD06988A180448187202EC96
S21403CCD000C92115F03500650F32076A114200C4FA
S21403CCE0FF0F000000C1C01E0021141031110113F4
S21403CCF0413B02EC10D90871211400CA2C70305243
S21403CD0006714052B472211407600760FF3055DC89
S21403CD10187100CA005212710ADE0E714ADE0A71D9
S21403CD2055DE06713052927200C1C41E002110886F
S21403CD300698381E0731114507650765414500C348
S21403CD400C70084034130763FF33076331450091C3
S21403CD5058110849281118B875780BB80298121498
S21403CD600763076302EC00CA02DB127155DE067224
S21403CD7002989E1854DE067202989E1801DB127102
S21403CD8006985E0D06985A0D02EC00CA0298001823
S21403CD9000C1BC1E002114147C4906985E0D405247
S21403CDA02E7204DBE07190B8637806988A180448FC
S21403CDB06E7200BA06985E0D2113141000C1FF0FA1
S21403CDC00000113A105254710152113A067104B818
S21403CDD08C7000BA06985E0D2111FF32076111149C
S21403CDE0911010D82271073103DD1C7200C1C81ED2
S21403CDF000211411FF31115206710AB8D4708CB990
S21403CE007C79029800184110813081DC0E72076A23
S21403CE10034A076A0F4A06981A1B0298001814104A
S21403CE20FFBC013C0698C01B02EC00CA02EC00C91A
S21403CE3002EC00CB076A3142076A21410F3302EC4A
S21403CE4000CD02EC00CA00400872211302EC00CAAF
S21403CE5007621142911110D92A7121110F3103DD96
S21403CE60227200C1C81E00211411FF31076A002375
S21403CE700C71115308710AB80298B0198CB97C79F1
S21403CE80147021110F31076A02DD5A7101DD067134
S21403CE9003DD4A7200880AB90698041B0090211124
S21403CEA0FF32FFDE387120543872FC25187202EC0C
S21403CEB000CA01DE107202EC00CA18DE087288B8D7
S21403CEC077781A70066100400472006180D90E718B
S21403CED04CBA477A06985C1B90B8437802980018B9
S21403CEE004B89670FF32FF24F8750BB90698041B36
S21403CEF02110E03001584128E875F83002601F32EF
S21403CF00215A0125212DDA75012AD67602EC00CAAC
S21403CF10FF20FA764111073101B80698140D003A3E
S21403CF20C071BA70004008710698941B0470022101
S21403CF3006B81159112DAC7500A000C5A8100840FD
S21403CF4031100360081501110760076007690F3089
S21403CF50F031114008150763036338152815076277
S21403CF602815076228157FBA281500BA28157FBA30
S21403CF70281590B8437818B8737800A00698D01B85
S21403CF8011140CB900400A7100640AB90698941B80
S21403CF9003BD514400C5A8100840202A047528156F
S21403CFA048150764481518150040047238150764B9
S21403CFB0481500A00088408800C0C81E0021041041
S21403CFC00760073000C4200008404414412C047254
S21403CFD0012441384050047201210094009000A0BF
S21403CFE000C0C81E0021041007600730074800A0D1
S21403CFF000C2C01E002124122114076AFF320CDE71
S21403D00012710DDE0E710FDE0A7110DE0671215AE3
S21403D01000A0FF34411200A000C1B41E0021141169
S21403D02000A0308806980E1E8111076102D9067289
S21403D0300298EA1C88BB557B076120D906710298C3
S21403D040DA1C0088A11007680698F81B0821141537
S21403D050FC2590BB5C7B5D7B00C10060084014111F
S21403D0600731FE21307608D82A725113FC23341375
S21403D07004DB2071076BFF33315B00C10870084087
S21403D0801411076180490C71FF313029607590BB1C
S21403D0907B7B1C707B7B7C7B00DD04717D7B01BB13
S21403D0A038158113076B4033067118BB717BEC256B
S21403D0B0541300DF5471042505DF547154152111F0
S21403D0C020880698780D009251293E7500C10060AD
S21403D0D00840141102DB0C710731315B31292A76C3
S21403D0E00C7004DF0872006180D91E720698F81B64
S21403D0F000C0087008400698521E0698F81B1411C4
S21403D100FFD960720298301D0090009300A054155A
S21403D110A111076910D9A672082508D8A071082599
S21403D12010D89A71208821110698780DFC25541280
S21403D130112AF82554110C2520D80871F02554110E
S21403D14010252029047621591815009202989C1C54
S21403D15018B97179811010D80A7188B8447800B864
S21403D160417888B9747908B9677900F88110A0D82E
S21403D170087188B9497900A0076002D8FA71069841
S21403D180F81B108806988C130762076210DA08717A
S21403D19008211415F025541100C20020FEFF202993
S21403D1A0127506985E1E01D90A7206982E0A06980C
S21403D1B0D80800941CBB41100C200698C2124111DB
S21403D1C0082114100698C21231284411111207615F
S21403D1D0FF31FF320122105210720769181404241B
S21403D1E04413042438140C700769214118140824C6
S21403D1F00814029886134044147100C1B81E002117
S21403D20014155113036B0FDB0C72066D0698A807F3
S21403D210411500A00698D80806988C1308BB51142D
S21403D2200698961D4415FC2554150298EA0788B9F6
S21403D23000C3B01E00213413076308DB1A71811381
S21403D240A0DB0671497910706979076302DB0872FF
S21403D25008B9677900F800A08111076102D9107137
S21403D26088B975790698F81B1411FF3100A0FFB929
S21403D27000A0041008211411F421081100A0811144
S21403D2800761076110310E710698F81B0821141107
S21403D290F821141100A00000B98601007186010070
S21403D2A07D860100518701009FE4020057E80200D3
S21403D2B05BE8020067E802005FE8020063E802003A
S21403D2C0C4D2030084D3030000000000DCD20300B2
S21403D2D0010000000000000000F0490200D3030034
S21403D2E04063598F404B4C000B000B001A00FF7F26
S21403D2F06412002000000000000000000000000090
S21403D300F81F010150D50300DC1F0401020062066A
S21403D31009C8056E0704DC0650070607F41F01015B
S21403D32001000000FC1F0101000000002060010056
S21403D330237000002C6002000050010F40B800402C
S21403D340786001005063820BE8600100590B00000F
S21403D3501470011000F8070014700130F500000087
S21403D36018700110FF00000018700130001800004C
S21403D37070700300030101000F9C030006E04900E0
S21403D380FFFFFFFFF01F01013F003700040002000C
S21403D390018014007F000000180002000000000057
S21403D3A00000000028000700000000000000000046
S21403D3B00000000000000000000000000000000065
S21403D3C0A00700004800010000000000540002000F
S21403D3D00000000000000000A00004000040000061
S21403D3E0FF4C000000410000FF4D0000002001003C
S21403D3F004070000102001000000000018200100B0
S21403D400088400000830010013AC0001303002002D
S21403D4102449100001000000403001000000000015
S21403D420A04001007A27000FB840010000C0A30007
S21403D430F440010020100000344102008008000080
S21403D440E6870000404102006D008800C0E6524DAA
S21403D4506041040000000000000000000600000019
S21403D46006000000146003001000000020F91304F7
S21403D4700B0072002460020000800000000000031E
S21403D48050600600FC00690041080000010000002F
S21403D490B0070700700A0000000000007C600B0065
S21403D4A09BC34A74F003000003800000BE0A00001A
S21403D4B00101103050707F7F000000000000000064
S21403D4C0000000000000000000000000E46001000F
S21403D4D08000D78BEC600500640483078813C83A82
S21403D4E09C20060000612000B756852004610300D7
S21403D4F0383E12002030000088BB00002061010087
S21403D500001E000030610800E853FA000000000027
S21403D5100000000000000000000000000000000003
S21403D52000000000010000001C70050060000505F7
S21403D530030050AB8200000000008001D50000000D
S21403D540487002003C3D0000BC190000FFFFFFFFCF
S21403D55010000000D754030000000000A8D5030005
S21403D560A0D5030000000000001A9A00005A6202C9
S21403D57080841E00042000002449000200000000EE
S21403D5800000000000000000000000000000000093
S21403D590D1841E0000000000000000000000000010
S21403D5A0ED17000000000000193F010604100100FB
S21403D5B0000101060010270000090000000000001B
S21403D5C000006C6F7765722D6D61632D7261696CF7
S21403D5D02D3830322E31352E342E63006C6962724C
S21403D5E061696C2E610000010304756E636C6169EA
S21403D5F06D6564006275666665722D6D616E616742
S21403D600656D656E742E63006C65676163792D7056
S21403D61061636B65742D6275666665722E6300655D
S21403D62076656E742D71756575652E63000007004B
S21403D630100008001A000600110002001100040082
S21403D640040001000400090008000A000A000B0099
S21403D650020000000000000031D80300D9D7030001
S21403D6600000000032D80300C8AB0300000000002F
S21403D67051AB030053AB03000000000055AB03009F
S21403D680B1D7030037D80300C9AB030052AB03007E
S21403D6900000000056AB0300ACD603004EAB0300FD
S21403D6A050AB030054AB03004FAB0300000203046C
S21403D6B00508090A0B0001020304051D20000000EB
S21403D6C0150A0300CDBB0100C5E60100157E020066
S21403D6D0BDE901009FF30200A1F30200A5F30200D7
S21403D6E0A7F30200A3F302008D4702002D220200D7
S21403D6F0A962020089B9010049D9010099F3020021
S21403D700C92402009BF3020031D001009DF30200FE
S21403D71041D102005578020053A802000000000021
S21403D7207A69676265652D75707065722D6D6163C4
S21403D7302E63006E65696768626F722E630061739D
S21403D740736F63696174696F6E2E63000013000064
S21403D7500000000000000000010000004528020051
S21403D7600200000051040300030000009D2702008E
S21403D77004000000CB030300050000003D27020061
S21403D78000000000000000000023001B2200FF0032
S21403D790000000000C090202000000001C1A0B0324
S21403D7A003FF06080402020204020A0B0303020331
S21403D7B00480FF0204FF01010101080000000000CD
S21403D7C00000003138323173005A6967426565419B
S21403D7D06C6C69616E63653039803131313100318B
S21403D7E03432323100313231003273003132323169
S21403D7F03132003132323131003238310038313192
S21403D8000031383231310031323131313231323256
S21403D810323173003132320031323131323231003B
S21403D820323238000000183810300000008F8E8C1B
S21403D83080808006080C10806D61632D6D756C7496
S21403D840692D6E6574776F726B2E6300FFFFFFFFA3
S21403D850FFFFFFFFFFFF00202020202020202020A6
S21403D8602828282828202020202020202020202088
S21403D87020202020202020881010101010101010B8
S21403D88010101010101010040404040404040404FC
S21403D8900410101010101010414141414141010184
S21403D8A00101010101010101010101010101010160
S21403D8B0010110101010101042424242424202026E
S21403D8C00202020202020202020202020202020230
S21403D8D002021010101020000000000000000000DC
S21403D8E00000000000000000000000000000000030
S21403D8F00000000000000000000000000000000020
S21403D900000000000000000000000000000000000F
S21403D91000000000000000000000000000000000FF
S21403D92000000000000000000000000000000000EF
S21403D93000000000000000000000000000000000DF
S21403D94000000000000000000000000000000000CF
S20C03D9500000000000000000C7
S20C03D958B831FC7F010000005A
S21003D9606CD9030098100020710300002F
S21403D96C0000000000000000A83E03004024002036
S21403D97CC0EA2101C0EA21010080000000F0490240
S21403D98CBC10002000700700009000007C2A0020CA
S21403D99CC8000000FE00000000000000CC5203008C
S21403D9AC881E0020C0EA210100000000A5A3020087
S21403D9BC8FA302003463030033000000CD8A0000FB
S21403D9CC6A7203006E7203007B7203008872030094
S21403D9DC95720300A2720300B5720300C7720300AC
S21403D9ECD4720300E1720300EE72030003730300A8
S21403D9FC16730300287303003D7303004C73030074
S21403DA0C5D7303006C7303007C730300887303005D
S21403DA1C95730300A5730300B7730300C673030063
S21403DA2CD5730300DE730300F3730300087403005B
S21403DA3C1D7403003D7403004B7403006A740300E7
S21403DA4C8574030098740300A5740300BA7403006A
S21403DA5CC9740300D8740300EA740300FC7403004F
S21403DA6C0F75030022750300000000000F00000072
S21403DA7C9D770300B07703000030E70400C8180353
S21403DA8C037E0300087E0300337E0300617E0300DF
S21403DA9C8F7E0300BC7E0300EC7E03001C7F03001A
S21403DAAC6C7F0300FFFFFFFF00680700FFFFFFFF0D
S21403DABC007007000000040000700300005C2605DD
S21403DACCFC110020040000002C5203000000000090
S21403DADC0100030000000000E434002001001900DC
S21403DAEC01000000C43400200100200000000000E8
S21403DAFCA434002059DF020098B30300FFFFFFFF96
S21403DB0C17E2020013E20200FFFFFFFFC15C0100F5
S21403DB1CFFFFFFFFFFFFFFFFFFFFFFFFFFFFFFFF01
S21403DB2CFFFFFFFFD1E3020047E80200FFFFFFFF02
S21403DB3C000000006400000020A1070000000000A5
S21403DB4C89A4010000000000E35000200000000040
S21403DB5C4048002005A20100DDCD01000E5603004F
S21403DB6C00000000000000000000000000000000A1
S21403DB7C4048002061AF0100000000000E56030071
S21403DB8C0000000000000000000000000000000081
S21403DB9C31EE020040480020F1B90100DDCD010052
S21403DBAC0E560300000000000000000000000000FA
S21403DBBC0000000040480020D9C20100DDCD010062
S21403DBCC0E560300000000000000000000000000DA
S21403DBDC00000000EAD503004048002039DE0100AF
S21403DBEC000000000E5603000000000000000000BA
S21403DBFC00000000000000004048002091E50100F2
S21403DC0C000000000E560300000000000000000099
S21403DC1C000000000000000040480020F1F4010062
S21403DC2C000000000E560300000000000000000079
S21403DC3C0000000000000000B80B00004048002065
S21403DC4C71F80100000000000E56030000000000EF
S21403DC5C0000000000000000000000004048002008
S21403DC6C59010200000000000E56030000000000DD
S21403DC7C00000000000000000000000040480020E8
S21403DC8CC1020200000000000E5603000000000054
S21403DC9C00000000000000000000000040480020C8
S21403DCACD1030200000000000E5603000000000023
S21403DCBC00000000000000000000000040480020A8
S21403DCCCD5050200000000000E56030000000000FD
S21403DCDC0000000000000000000000004048002088
S21403DCEC350A0200000000000E5603000000000078
S21403DCFC0000000000000000000000004048002068
S21403DD0C75060300000000000E560300000000001A
S21403DD1C0000000000000000000000004048002047
S21403DD2C59620200000000000E56030000000000BB
S21403DD3C0000000000000000000000004048002027
S21403DD4CA17E0200000000000E5603000000000037
S21403DD5C00000000000000000000000098140020E3
S21403DD6C0000000084480020EC48002054490020A2
S21403DD7C000000000000000000000000000000008F
S21403DD8C000000000000000000000000000000007F
S21403DD9C000000000000000000000000000000006F
S21403DDAC000000000000000000000000FFFFCEFA99
S21403DDBCEFBEFDFFFDFF03002C01001E2C014006E9
S21403DDCCFFFF0E000000000004F8FFFFFDFF2C0110
S21403DDDC9C000000FFFFFDFFFFFFFFFF60EA8000D3
S21403DDEC800010C1CDAB000040000101FFFFFFFF18
S21403DDFCFFFFFFFFFFFFFFFFFFFFFFFFFFFFFFFF1F
S21403DE0CFFFFFFFFFFFFFFFFFFFFFFFFFFFFFF010C
S21403DE1CFFFF02FF0F0208031E050216010A0C057C
S21403DE2C10051001010F0801010104FF0301FF0E89
S21403DE3CFE01FF7F0150403000FFFFFF0B03FF6422
S21403DE4CFF01FF050B01030105020201FFFFFFFFA4
S21403DE5CFFFFFFFF010102FFFFFF0000044AD2F899
S21403DE6C4C3143F0004330BFC2F84C31704700BF0F
S21403DE7C00300E40ED0A0000C50A0000000000004A
S21403DE8C000000000000000000000000000000007E
S21403DE9C000000000000000000000000000000006E
S21403DEAC000000000000000000000000000000005E
S21403DEBC000000000000000000000000000000004E
S21403DECC000000000000000000000000000000003E
S21403DEDC000000000000000000000000000000002E
S21403DEEC000000000000000000000000000000001E
S21403DEFC000000000000000000000000000000000E
S21403DF0C00000000000000000000000000000000FD
S21403DF1C00000000000000000000000000000000ED
S21403DF2C00000000000000000000000000000000DD
S21403DF3C00000000000000000000000000000000CD
S21403DF4C00000000000000000000000000000000BD
S21403DF5C00000000000000000000000000000000AD
S21403DF6C000000000000000000000000000000009D
S21403DF7C000000000000000000000000000000008D
S21403DF8C000000000000000000000000000000007D
S21403DF9C000000000000000000000000000000006D
S21403DFAC000000000000000000000000000000005D
S21403DFBC000000000000000000000000000000004D
S21403DFCC000000000000000000000000000000003D
S21403DFDC000000000000000000000000000000002D
S21403DFEC000000000000000000000000000000001D
S21403DFFC000000000000000000000000000000000D
S21403E00C00000000000000000000000000000000FC
S21403E01C00000000000000000000000000000000EC
S21403E02C00000000000000000000000000000000DC
S21403E03C00000000000000000000000000000000CC
S21403E04C00000000000000000000000000000000BC
S21403E05C00000000000000000000000000000000AC
S21403E06C000000000000000000000000000000009C
S21403E07C000000000000000000000000000000008C
S21403E08C000000000000000000000000000000007C
S21403E09C000000000000000000000000000000006C
S21403E0AC000000000000000000000000000000005C
S21403E0BC000000000000000000000000000000004C
S21403E0CC000000000000000000000000000000003C
S21403E0DC000000000000000000000000000000002C
S21403E0EC000000000000000000000000000000001C
S21403E0FC000000000000000000000000000000000C
S21403E10C00000000000000000000000000000000FB
S21403E11C00000000000000000000000000000000EB
S21403E12C00000000000000000000000000000000DB
S21403E13C00000000000000000000000000000000CB
S21403E14C00000000000000000000000000000000BB
S21403E15C00000000000000000000000000000000AB
S21403E16C000000000000000000000000000000009B
S21403E17C000000000000000000000000000000008B
S21403E18C000000000000000000000000000000007B
S21403E19C000000000000000000000000000000006B
S21403E1AC000000000000000000000000000000005B
S21403E1BC000000000000000000000000000000004B
S21403E1CC000000000000000000000000000000003B
S21403E1DC000000000000000000000000000000002B
S21403E1EC000000000000000000000000000000001B
S21403E1FC000000000000000000000000000000000B
S21403E20C00000000000000000000000000000000FA
S21403E21C00000000000000000000000000000000EA
S21403E22C00000000000000000000000000000000DA
S21403E23C00000000000000000000000000000000CA
S21403E24C00000000000000000000000000000000BA
S21403E25C00000000000000000000000000000000AA
S21403E26C000000000000000000000000000000009A
S21403E27C000000000000000000000000000000008A
S21403E28C000000000000000000000000000000007A
S21403E29C000000000000000000000000000000006A
S21403E2AC000000000000000000000000000000005A
S21403E2BC000000000000000000000000000000004A
S21403E2CC000000000000000000000000000000003A
S21403E2DC000000000000000000000000000000002A
S21403E2EC000000000000000000000000000000001A
S21403E2FC000000000000000000000000000000000A
S21403E30C00000000000000000000000000000000F9
S21403E31C00000000000000000000000000000000E9
S21403E32C00000000000000000000000000000000D9
S21403E33C00000000000000000000000000000000C9
S21403E34C00000000000000000000000000000000B9
S21403E35C00000000000000000000000000000000A9
S21403E36C0000000000000000000000000000000099
S21403E37C0000000000000000000000000000000089
S21403E38C0000000000000000000000000000000079
S21403E39C0000000000000000000000000000000069
S21403E3AC0000000000000000000000000000000059
S21403E3BC0000000000000000000000000000000049
S21403E3CC0000000000000000000000000000000039
S21403E3DC0000000000000000000000000000000029
S21403E3EC0000000000000000000000000000000019
S21403E3FC0000000000000000000000000000000009
S21403E40C00000000000000000000000000000000F8
S21403E41C00000000000000000000000000000000E8
S21403E42C00000000000000000000000000000000D8
S21403E43C00000000000000000000000000000000C8
S21403E44C00000000000000000000000000000000B8
S21403E45C00000000000000000000000000000000A8
S21403E46C0000000000000000000000000000000098
S21403E47C0000000000000000000000000000000088
S21403E48C0000000000000000000000000000000078
S21403E49C0000000000000000000000000000000068
S21403E4AC0000000000000000000000000000000058
S21403E4BC0000000000000000000000000000000048
S21403E4CC0000000000000000000000000000000038
S21403E4DC0000000000000000000000000000000028
S21403E4EC0000000000000000000000000000000018
S21403E4FC0000000000000000000000000000000008
S21403E50C00000000000000000000000000000000F7
S21403E51C00000000000000000000000000000000E7
S21403E52C00000000000000000000000000000000D7
S21403E53C00000000000000000000000000000000C7
S21403E54C00000000000000000000000000000000B7
S21403E55C00000000000000000000000000000000A7
S21403E56C0000000000000000000000000000000097
S21403E57C0000000000000000000000000000000087
S21403E58C0000000000000000000000000000000077
S21403E59C0000000000000000000000000000000067
S21403E5AC0000000000000000000000000000000057
S21403E5BC0000000000000000000000000000000047
S21403E5CC0000000000000000000000000000000037
S21403E5DC0000000000000000000000000000000027
S21403E5EC0000000000000000000000000000000017
S21403E5FC0000000000000000000000000000000007
S21403E60C00000000000000000000000000000000F6
S21403E61C00000000000000000000000000000000E6
S21403E62C00000000000000000000000000000000D6
S21403E63C00000000000000000000000000000000C6
S21403E64C00000000000000000000000000000000B6
S21403E65C00000000000000000000000000000000A6
S21403E66C0000000000000000000000000000000096
S21403E67C0000000000000000000000000000000086
S21403E68C0000000000000000000000000000000076
S21403E69C0000000000000000000000000000000066
S21403E6AC0000000000000000000000000000000056
S21403E6BC0000000000000000000000000000000046
S21403E6CC0000000000000000000000000000000036
S21403E6DC0000000000000000000000000000000026
S21403E6EC0000000000000000000000000000000016
S21403E6FC0000000000000000000000000000000006
S21403E70C00000000000000000000000000000000F5
S21403E71C00000000000000000000000000000000E5
S20803E72C00000000E1
S804002119C1
